<?xml version="1.0" standalone="yes"?>
<kml><Document><name>GHAT  LAY-OUT WORK 27.dwg</name><Style id="s1"><LineStyle><color>FFFFFFFF</color><width>2</width></LineStyle><IconStyle><scale>0.5</scale><Icon><href>http://maps.google.com/mapfiles/kml/shapes/placemark_circle.png</href></Icon></IconStyle><LabelStyle><scale>0</scale></LabelStyle></Style><Style id="s2"><LineStyle><color>FFFFFFFF</color><width>2</width></LineStyle><IconStyle><scale>0.5</scale><Icon><href>http://maps.google.com/mapfiles/kml/shapes/placemark_circle.png</href></Icon></IconStyle><LabelStyle><scale>0</scale></LabelStyle></Style><Style id="s3"><LineStyle><color>FFFFFFFF</color><width>2</width></LineStyle><IconStyle><scale>0.5</scale><Icon><href>http://maps.google.com/mapfiles/kml/shapes/placemark_circle.png</href></Icon></IconStyle><LabelStyle><scale>0</scale></LabelStyle></Style><Style id="s4"><LineStyle><color>FF0000FF</color><width>2</width></LineStyle><IconStyle><scale>0.5</scale><Icon><href>http://maps.google.com/mapfiles/kml/shapes/placemark_circle.png</href></Icon></IconStyle><LabelStyle><scale>0</scale></LabelStyle></Style><Style id="s5"><LineStyle><color>FF333333</color><width>2</width></LineStyle><IconStyle><scale>0.5</scale><Icon><href>http://maps.google.com/mapfiles/kml/shapes/placemark_circle.png</href></Icon></IconStyle><LabelStyle><scale>0</scale></LabelStyle></Style><Style id="s6"><LineStyle><color>FFFFFFFF</color><width>2</width></LineStyle><IconStyle><scale>0.5</scale><Icon><href>http://maps.google.com/mapfiles/kml/shapes/placemark_circle.png</href></Icon></IconStyle><LabelStyle><scale>0</scale></LabelStyle></Style><Style id="s7"><LineStyle><color>FFFF0000</color><width>2</width></LineStyle><IconStyle><scale>0.5</scale><Icon><href>http://maps.google.com/mapfiles/kml/shapes/placemark_circle.png</href></Icon></IconStyle><LabelStyle><scale>0</scale></LabelStyle></Style><Style id="s8"><LineStyle><color>FF333333</color><width>2</width></LineStyle><IconStyle><scale>0.5</scale><Icon><href>http://maps.google.com/mapfiles/kml/shapes/placemark_circle.png</href></Icon></IconStyle><LabelStyle><scale>0</scale></LabelStyle></Style><Style id="s9"><LineStyle><color>FFFF0000</color><width>2</width></LineStyle><IconStyle><scale>0.5</scale><Icon><href>http://maps.google.com/mapfiles/kml/shapes/placemark_circle.png</href></Icon></IconStyle><LabelStyle><scale>0</scale></LabelStyle></Style><Style id="s10"><LineStyle><color>FF333333</color><width>2</width></LineStyle><IconStyle><scale>0.5</scale><Icon><href>http://maps.google.com/mapfiles/kml/shapes/placemark_circle.png</href></Icon></IconStyle><LabelStyle><scale>0</scale></LabelStyle></Style><Style id="s11"><LineStyle><color>FF0000FF</color><width>2</width></LineStyle><IconStyle><scale>0.5</scale><Icon><href>http://maps.google.com/mapfiles/kml/shapes/placemark_circle.png</href></Icon></IconStyle><LabelStyle><scale>0</scale></LabelStyle></Style><Style id="s12"><LineStyle><color>FFFFFFFF</color><width>2</width></LineStyle><IconStyle><scale>0.5</scale><Icon><href>http://maps.google.com/mapfiles/kml/shapes/placemark_circle.png</href></Icon></IconStyle><LabelStyle><scale>0</scale></LabelStyle></Style><Style id="s13"><LineStyle><color>FF0000FF</color><width>2</width></LineStyle><IconStyle><scale>0.5</scale><Icon><href>http://maps.google.com/mapfiles/kml/shapes/placemark_circle.png</href></Icon></IconStyle><LabelStyle><scale>0</scale></LabelStyle></Style><Style id="s14"><LineStyle><color>FFFFFFFF</color><width>2</width></LineStyle><IconStyle><scale>0.5</scale><Icon><href>http://maps.google.com/mapfiles/kml/shapes/placemark_circle.png</href></Icon></IconStyle><LabelStyle><scale>0</scale></LabelStyle></Style><Style id="s15"><LineStyle><color>FFCC00CC</color><width>2</width></LineStyle><IconStyle><scale>0.5</scale><Icon><href>http://maps.google.com/mapfiles/kml/shapes/placemark_circle.png</href></Icon></IconStyle><LabelStyle><scale>0</scale></LabelStyle></Style><Style id="s16"><LineStyle><color>FFFFFFFF</color><width>2</width></LineStyle><IconStyle><scale>0.5</scale><Icon><href>http://maps.google.com/mapfiles/kml/shapes/placemark_circle.png</href></Icon></IconStyle><LabelStyle><scale>0</scale></LabelStyle></Style><Folder><name>Layers</name><Placemark><name>GSB STOCK LAND</name><styleUrl>#s1</styleUrl><MultiGeometry><Point><coordinates>73.547993523976,19.945980175381,641.819700000808</coordinates></Point><Point><coordinates>73.548401765944,19.946354123660,642.944799999707</coordinates></Point><Point><coordinates>73.548526022288,19.946513319953,641.672100000084</coordinates></Point><Point><coordinates>73.548590220287,19.946667303856,642.274500001222</coordinates></Point><Point><coordinates>73.548692855454,19.947014284358,640.833999998868</coordinates></Point><Point><coordinates>73.548904234402,19.946873870203,641.318299999461</coordinates></Point><Point><coordinates>73.549037875194,19.946781368399,641.834200001322</coordinates></Point><Point><coordinates>73.548523487591,19.945707267942,644.931200000458</coordinates></Point><Point><coordinates>73.548453609888,19.945728577438,644.828099999577</coordinates></Point><Point><coordinates>73.548377813491,19.945699084490,644.603099999949</coordinates></Point><Point><coordinates>73.548013780403,19.945457466484,644.008600000292</coordinates></Point><Point><coordinates>73.547918148406,19.945697693425,642.932800000534</coordinates></Point><Point><coordinates>73.547918138013,19.945697680692,642.932500001043</coordinates></Point><Point><coordinates>73.547841714890,19.945940660255,641.444500000216</coordinates></Point></MultiGeometry></Placemark><Placemark><name>sas n l</name><styleUrl>#s2</styleUrl><MultiGeometry><LineString><coordinates>73.540491693313,19.945520521044 73.540341039352,19.945482699291 73.540047679260,19.945409643318 73.539882368587,19.945380577800 73.539790270234,19.945364584843</coordinates></LineString><LineString><coordinates>73.540689076714,19.944558106977 73.540638121001,19.944974789544 73.540548666701,19.945317593254 73.540405764407,19.945826581430</coordinates></LineString><LineString><coordinates>73.540491693313,19.945520521044 73.540341039352,19.945482699291 73.540047679260,19.945409643318 73.539882368587,19.945380577800 73.539790270234,19.945364584843</coordinates></LineString><LineString><coordinates>73.540689076714,19.944558106977 73.540638121001,19.944974789544 73.540548666701,19.945317593254 73.540405764407,19.945826581430</coordinates></LineString><Point><coordinates>73.539880602280,19.945020083269,641.642366001383</coordinates></Point><Point><coordinates>73.539882368587,19.945380577800,643.692114999518</coordinates></Point><Point><coordinates>73.540047679260,19.945409643318,643.728632002138</coordinates></Point><Point><coordinates>73.540341039352,19.945482699291,644.222514000721</coordinates></Point><Point><coordinates>73.539743173998,19.945639753994,642.477565001696</coordinates></Point><Point><coordinates>73.540238378263,19.945790177609,642.804774000310</coordinates></Point><Point><coordinates>73.540010984547,19.945727901264,642.634649001062</coordinates></Point><Point><coordinates>73.539836202372,19.945718176629,642.677968000062</coordinates></Point><Point><coordinates>73.539825587273,19.945131026725,643.385110001080</coordinates></Point><Point><coordinates>73.539860849571,19.945000451298,641.880432000384</coordinates></Point><Point><coordinates>73.539959376039,19.944535346539,644.468747999519</coordinates></Point><Point><coordinates>73.540405764407,19.945826581430,643.298913000152</coordinates></Point><Point><coordinates>73.540521553364,19.945317463192,645.223398000002</coordinates></Point><Point><coordinates>73.540638121001,19.944974789544,643.474165000953</coordinates></Point></MultiGeometry></Placemark><Placemark><name>SAS DP ROAD</name><styleUrl>#s3</styleUrl><MultiGeometry><Point><coordinates>73.544991461543,19.945996972852,709.584999999963</coordinates></Point><Point><coordinates>73.543357389372,19.946619723510,100.000000000931</coordinates></Point><Point><coordinates>73.543353793997,19.946529445816,100.000000000000</coordinates></Point><Point><coordinates>73.543350197667,19.946439168113,100.000000000000</coordinates></Point><Point><coordinates>73.538980568152,19.944997075018,99.999999999069</coordinates></Point><Point><coordinates>73.538976007062,19.944906836392,99.999999999069</coordinates></Point><Point><coordinates>73.538971445010,19.944816598660,99.999999999069</coordinates></Point><Point><coordinates>73.538966883923,19.944726360033,100.000000000000</coordinates></Point></MultiGeometry></Placemark><Placemark><name>text</name><styleUrl>#s4</styleUrl><MultiGeometry><Point><coordinates>73.537955941932,19.940497079758,1284.457900001668</coordinates></Point></MultiGeometry></Placemark><Placemark><name>HATCH</name><styleUrl>#s5</styleUrl><MultiGeometry><LineString><coordinates>73.550316963414,19.948615965682,640.035900000483 73.550054209814,19.948534692538,640.035899999552</coordinates></LineString><LineString><coordinates>73.548588766210,19.947757830628,640.035900000483 73.549306771503,19.948290456213,640.035899999552</coordinates></LineString><LineString><coordinates>73.549336998434,19.948312878893,640.035899999552 73.549306771503,19.948290456211,640.035899999552</coordinates></LineString><LineString><coordinates>73.549336998434,19.948312878893,640.035899999552 73.549373340777,19.948324120261,640.035899999552</coordinates></LineString><LineString><coordinates>73.548445909388,19.947651895278,640.035899998620 73.548425615834,19.947621048958,640.035900000483</coordinates></LineString><LineString><coordinates>73.548445909388,19.947651895278,640.035899998620 73.548475993798,19.947674212457,640.035899999552</coordinates></LineString><LineString><coordinates>73.548476013522,19.947674188662,640.035899999552 73.548588766210,19.947757830628,640.035899999552</coordinates></LineString><LineString><coordinates>73.546970400259,19.946355848468,640.035900000483 73.547083151198,19.946439491295,640.035900000483</coordinates></LineString><LineString><coordinates>73.546827545793,19.946249911933,640.035899999552 73.546807252729,19.946219065452,640.035899999552</coordinates></LineString><LineString><coordinates>73.546827545793,19.946249911933,640.035899999552 73.546857629703,19.946272229361,640.035899999552</coordinates></LineString><LineString><coordinates>73.546731554789,19.946104001164,640.035899999552 73.546807252731,19.946219065455,640.035900000483</coordinates></LineString><LineString><coordinates>73.546655856953,19.945988936845,640.035899999552 73.546731554789,19.946104001164,640.035899999552</coordinates></LineString><LineString><coordinates>73.546559988730,19.945843157217,640.035900000483 73.546529762635,19.945820734153,640.035900000483</coordinates></LineString><LineString><coordinates>73.546559988730,19.945843157217,640.035900000483 73.546580186136,19.945873858490,640.035900000483</coordinates></LineString><LineString><coordinates>73.546580158699,19.945873874022,640.035900000483 73.546655856429,19.945988938367,640.035900000483</coordinates></LineString><LineString><coordinates>73.546857649440,19.946272205576,640.035899999552 73.546970400259,19.946355848468,640.035900000483</coordinates></LineString><LineString><coordinates>73.545679975447,19.945610488554,640.035900000483 73.545645710342,19.945626916341,640.035900000483</coordinates></LineString><LineString><coordinates>73.545679975447,19.945610488554,640.035900000483 73.545717936315,19.945606154051,640.035900000483</coordinates></LineString><LineString><coordinates>73.546170841135,19.945554469618,640.035899999552 73.546529762206,19.945820733834,640.035900000483</coordinates></LineString><LineString><coordinates>73.545645710342,19.945626916341,640.035900000483 73.545517893481,19.945688195434,640.035899999552</coordinates></LineString><LineString><coordinates>73.546170841135,19.945554469618,640.035899999552 73.545717940148,19.945606184067,640.035899998620</coordinates></LineString><LineString><coordinates>73.550054384545,19.948534746584,640.035899999552 73.549918177611,19.948492615806,640.035899999552</coordinates></LineString><LineString><coordinates>73.549509557335,19.948366222708,640.035899999552 73.549373350716,19.948324091529,640.035900000483</coordinates></LineString></MultiGeometry></Placemark><Placemark><name>Defpoints</name><styleUrl>#s6</styleUrl><MultiGeometry><LineString><coordinates>73.550226593607,19.948588013164,640.035899999552 73.550054064710,19.948534647655,640.035899999552</coordinates></LineString><LineString><coordinates>73.541189253640,19.944319922828,1356.755900001153 73.541009931199,19.944346546600,1356.755900002085</coordinates></LineString><LineString><coordinates>73.540977080867,19.944104581194,1356.755900003016 73.540969932902,19.944105642440,1356.755900003016</coordinates></LineString><LineString><coordinates>73.541142107108,19.944080079945,1356.755900001153 73.541149255072,19.944079018692,1356.755900002085</coordinates></LineString><LineString><coordinates>73.541057077579,19.944586389503,1356.755900002085 73.541049929592,19.944587450751,1356.755900002085</coordinates></LineString><LineString><coordinates>73.541222104320,19.944561888211,1356.755900002085 73.541229252304,19.944560826956,1356.755900001153</coordinates></LineString><LineString><coordinates>73.541049929592,19.944587450751,1356.755900002085 73.540969932902,19.944105642440,1356.755900003016</coordinates></LineString><LineString><coordinates>73.541038983163,19.943968194636,1356.755900002085 73.541157150564,19.944679897146,1356.755900002085</coordinates></LineString><LineString><coordinates>73.541149255072,19.944079018692,1356.755900002085 73.541229252304,19.944560826956,1356.755900001153</coordinates></LineString></MultiGeometry></Placemark><Placemark><name>PROPOSED DP ROAD</name><styleUrl>#s7</styleUrl><MultiGeometry><LineString><coordinates>73.539671907141,19.945012013865 73.539681207602,19.945009954376 73.539690508063,19.945007894886 73.539699808524,19.945005835396 73.539709108984,19.945003775905 73.539718409444,19.945001716414 73.539727709904,19.944999656922 73.539737010364,19.944997597430 73.539746310824,19.944995537937 73.539755611283,19.944993478443 73.539764911742,19.944991418950 73.539774212201,19.944989359455 73.539783512660,19.944987299960 73.539792813119,19.944985240465 73.539802113577,19.944983180969 73.539811414035,19.944981121473 73.539820714493,19.944979061976 73.539830014951,19.944977002479 73.539839315409,19.944974942981 73.539848615866,19.944972883482 73.539857916323,19.944970823983 73.539867216780,19.944968764484 73.539876517237,19.944966704984 73.539885817693,19.944964645484 73.539895118149,19.944962585983 73.539904418605,19.944960526481 73.539913719061,19.944958466980 73.539923019517,19.944956407477 73.539932319972,19.944954347974 73.539941620428,19.944952288471 73.539950920883,19.944950228967 73.539960221337,19.944948169462 73.539969521792,19.944946109958 73.539978822246,19.944944050452 73.539988122700,19.944941990946 73.539997423154,19.944939931440 73.540006723608,19.944937871933 73.540016024062,19.944935812425 73.540025324515,19.944933752918 73.540034624968,19.944931693409 73.540043925421,19.944929633900 73.540053225874,19.944927574391 73.540062526326,19.944925514881 73.540071826779,19.944923455370 73.540081127231,19.944921395859 73.540090365478,19.944919115627 73.540099516387,19.944916525471 73.540108667385,19.944913935597 73.540117818480,19.944911346027 73.540126969677,19.944908756785 73.540136120986,19.944906167892 73.540145272412,19.944903579371 73.540154423962,19.944900991244 73.540163575643,19.944898403534 73.540172727463,19.944895816263 73.540181879429,19.944893229452 73.540191031546,19.944890643124 73.540200183823,19.944888057301 73.540209336265,19.944885472003 73.540218488880,19.944882887254 73.540227641676,19.944880303074 73.540236794659,19.944877719483 73.540245947835,19.944875136505 73.540255101210,19.944872554158 73.540264254790,19.944869972466 73.540273408585,19.944867391447 73.540282562597,19.944864811123 73.540291716835,19.944862231513 73.540300871303,19.944859652640 73.540310026010,19.944857074521 73.540319180960,19.944854497177 73.540328336161,19.944851920628 73.540337491619,19.944849344893 73.540346647338,19.944846769991 73.540355803305,19.944844195877 73.540364959687,19.944841623079 73.540374117107,19.944839053579 73.540383276250,19.944836489584 73.540392437871,19.944833933526 73.540401602719,19.944831387829 73.540410771554,19.944828855013 73.540419945140,19.944826337622 73.540429124205,19.944823838160 73.540438309498,19.944821359238 73.540447501779,19.944818903591 73.540456701827,19.944816474091 73.540465910510,19.944814074036 73.540475128576,19.944811706409 73.540484356662,19.944809373951 73.540493595415,19.944807079566 73.540502845486,19.944804826331 73.540512107531,19.944802617519 73.540521382204,19.944800456616 73.540530670158,19.944798347342 73.540539972035,19.944796293671 73.540549288465,19.944794299864 73.540558620052,19.944792370493 73.540567967369,19.944790510466 73.540577330813,19.944788724470 73.540586710571,19.944787016776 73.540596106774,19.944785391947 73.540605519478,19.944783854916 73.540614948653,19.944782411022 73.540624394171,19.944781066055 73.540633855768,19.944779826308 73.540643333024,19.944778698626 73.540652825321,19.944777690473 73.540662331791,19.944776809855</coordinates></LineString><LineString><coordinates>73.538361945618,19.940033606176 73.538362924757,19.940042586393 73.538363828222,19.940051573709 73.538364659208,19.940060567280 73.538365418508,19.940069566516 73.538366106915,19.940078570850 73.538366725259,19.940087579731 73.538367274406,19.940096592621 73.538367755260,19.940105608999 73.538368168760,19.940114628365 73.538368515879,19.940123650234 73.538368797625,19.940132674140 73.538369015040,19.940141699637 73.538369169197,19.940150726299 73.538369261202,19.940159753719 73.538369292191,19.940168781511 73.538369263332,19.940177809310 73.538369175822,19.940186836771 73.538369030886,19.940195863571 73.538368829779,19.940204889408 73.538368573783,19.940213914002 73.538368264207,19.940222937096 73.538367902388,19.940231958451 73.538367489688,19.940240977853 73.538367027489,19.940249995108 73.538366517155,19.940259010044 73.538365960065,19.940268022509 73.538365357623,19.940277032365 73.538364711264,19.940286039499 73.538364022447,19.940295043818 73.538363292660,19.940304045253 73.538362523417,19.940313043749 73.538361716259,19.940322039275 73.538360872754,19.940331031819 73.538359994495,19.940340021387 73.538359083102,19.940349008006 73.538358140221,19.940357991720 73.538357167515,19.940366972590 73.538356166582,19.940375950686 73.538355138992,19.940384926089 73.538354086340,19.940393898896 73.538353010246,19.940402869216 73.538351912358,19.940411837175 73.538350794346,19.940420802910 73.538349657910,19.940429766574 73.538348504776,19.940438728330 73.538347336694,19.940447688356 73.538346155448,19.940456646838 73.538344962846,19.940465603975 73.538343760728,19.940474559976 73.538342550962,19.940483515055 73.538341335448,19.940492469438 73.538340116116,19.940501423356 73.538338894841,19.940510377038 73.538337673421,19.940519330703 73.538336453679,19.940528284571 73.538335237467,19.940537238869 73.538334026673,19.940546193824 73.538332823215,19.940555149663 73.538331629049,19.940564106614 73.538330446164,19.940573064903 73.538329276586,19.940582024754 73.538328122377,19.940590986387 73.538326985639,19.940599950016 73.538325868511,19.940608915850 73.538324773173,19.940617884087 73.538323701847,19.940626854916 73.538322656792,19.940635828516 73.538321640230,19.940644805043 73.538320654257,19.940653784619 73.538319700991,19.940662767352 73.538318782586,19.940671753332 73.538317901237,19.940680742628 73.538317059175,19.940689735291 73.538316258670,19.940698731346 73.538315502031,19.940707730794 73.538314791604,19.940716733608 73.538314129773,19.940725739734 73.538313518958,19.940734749082 73.538312961616,19.940743761528 73.538312460239,19.940752776911 73.538312017349,19.940761795032 73.538311635465,19.940770815647 73.538311317064,19.940779838465 73.538311064624,19.940788863147 73.538310880623,19.940797889306 73.538310767532,19.940806916506 73.538310727812,19.940815944259 73.538310763906,19.940824972023 73.538310878235,19.940833999201 73.538311073187,19.940843025141 73.538311351117,19.940852049134 73.538311714331,19.940861070413 73.538312164760,19.940870088178 73.538312701730,19.940879101714 73.538313322823,19.940888110418 73.538314024868,19.940897113799 73.538314803810,19.940906111535 73.538315654403,19.940915103471 73.538316571401,19.940924089570 73.538317549828,19.940933069876 73.538318584957,19.940942044498 73.538319672289,19.940951013600 73.538320807536,19.940959977393 73.538321986606,19.940968936128 73.538323205574,19.940977890083 73.538324460457,19.940986839599 73.538325747152,19.940995785076 73.538327061683,19.941004726932 73.538328400208,19.941013665613 73.538329759012,19.941022601564 73.538331134494,19.941031535230 73.538332523164,19.941040467068 73.538333921638,19.941049397534 73.538335326624,19.941058327083 73.538336734809,19.941067256185 73.538338142689,19.941076185332 73.538339546811,19.941085115007 73.538340943807,19.941094045683 73.538342330387,19.941102977811 73.538343703332,19.941111911824 73.538345059495,19.941120848129 73.538346395792,19.941129787111 73.538347709200,19.941138729126 73.538348996755,19.941147674503 73.538350255544,19.941156623537 73.538351482691,19.941165576494 73.538352675115,19.941174533647 73.538353829588,19.941183495244 73.538354942931,19.941192461490 73.538356012015,19.941201432553 73.538357033759,19.941210408547 73.538358005135,19.941219389541 73.538358923160,19.941228375549 73.538359784897,19.941237366540 73.538360587461,19.941246362426 73.538361328012,19.941255363064 73.538362003758,19.941264368255 73.538362611960,19.941273377751 73.538363149828,19.941282391245 73.538363614272,19.941291408386 73.538364002188,19.941300428761 73.538364310543,19.941309451879 73.538364536376,19.941318477179 73.538364676804,19.941327504026 73.538364729028,19.941336531715 73.538364690331,19.941345559460 73.538364558090,19.941354586411 73.538364329775,19.941363611644 73.538364002957,19.941372634164 73.538363575314,19.941381652911 73.538363044643,19.941390666765 73.538362408931,19.941399674537 73.538361666088,19.941408674976 73.538360813772,19.941417666735 73.538359849379,19.941426648357 73.538358770982,19.941435618378 73.538357580431,19.941444575710 73.538356280339,19.941453519417 73.538354872995,19.941462448594 73.538353360348,19.941471362362 73.538351744131,19.941480259861 73.538350026121,19.941489140290 73.538348208163,19.941498002907 73.538346292164,19.941506847042 73.538344280091,19.941515672077 73.538342173964,19.941524477469 73.538339975837,19.941533262732 73.538337687716,19.941542027425 73.538335311577,19.941550771151 73.538332849386,19.941559493561 73.538330303097,19.941568194353 73.538327674561,19.941576873246 73.538324965552,19.941585529982 73.538322177853,19.941594164349 73.538319313252,19.941602776178 73.538316373543,19.941611365343 73.538313360524,19.941619931762 73.538310275992,19.941628475397 73.538307121748,19.941636996244 73.538303899592,19.941645494340 73.538300611322,19.941653969764 73.538297258735,19.941662422621 73.538293843624,19.941670853066 73.538290367774,19.941679261289 73.538286832969,19.941687647508 73.538283240913,19.941696011943 73.538279593199,19.941704354811 73.538275891406,19.941712676353 73.538272137106,19.941720976831 73.538268331863,19.941729256540 73.538264477232,19.941737515796 73.538260574764,19.941745754938 73.538256626000,19.941753974334 73.538252632480,19.941762174373 73.538248595738,19.941770355467 73.538244517306,19.941778518052 73.538240398712,19.941786662587 73.538236241485,19.941794789552 73.538232047151,19.941802899450 73.538227817038,19.941810992709 73.538223552207,19.941819069656 73.538219253723,19.941827130634 73.538214922677,19.941835176013 73.538210560184,19.941843206184 73.538206167381,19.941851221566 73.538201745429,19.941859222602 73.538197295512,19.941867209761 73.538192818831,19.941875183537 73.538188316614,19.941883144445 73.538183790106,19.941891093025 73.538179240571,19.941899029840 73.538174669278,19.941906955468 73.538170077382,19.941914870438 73.538165465989,19.941922775265 73.538160836222,19.941930670482 73.538156189220,19.941938556644 73.538151526142,19.941946434312 73.538146848159,19.941954304076 73.538142156457,19.941962166534 73.538137452235,19.941970022300 73.538132736704,19.941977872001 73.538128011085,19.941985716275 73.538123276610,19.941993555773 73.538118534520,19.942001391153 73.538113786062,19.942009223085 73.538109032483,19.942017052237 73.538104274683,19.942024879100 73.538099513049,19.942032703886 73.538094747942,19.942040526780 73.538089979719,19.942048347974 73.538085208703,19.942056167643 73.538080435183,19.942063985948 73.538075659444,19.942071803039 73.538070881771,19.942079619073 73.538066102447,19.942087434204 73.538061321756,19.942095248585 73.538056539975,19.942103062370 73.538051757386,19.942110875712 73.538046974267,19.942118688763 73.538042190896,19.942126501677 73.538037407550,19.942134314604 73.538032624506,19.942142127695 73.538027842032,19.942149941114 73.538023060410,19.942157754998 73.538018279916,19.942165569498 73.538013500822,19.942173384765 73.538008723404,19.942181200946 73.538003947936,19.942189018192 73.537999174690,19.942196836650 73.537994403940,19.942204656470 73.537989635960,19.942212477800 73.537984871022,19.942220300787 73.537980109401,19.942228125579 73.537975351369,19.942235952323 73.537970597202,19.942243781166 73.537965847173,19.942251612253 73.537961101557,19.942259445733 73.537956360630,19.942267281751 73.537951624668,19.942275120447 73.537946893939,19.942282961976 73.537942168715,19.942290806469 73.537937449264,19.942298654074 73.537932735858,19.942306504924 73.537928028772,19.942314359158 73.537923328275,19.942322216920 73.537918634640,19.942330078349 73.537913948140,19.942337943586 73.537909269053,19.942345812768 73.537904597654,19.942353686034 73.537899934221,19.942361563522 73.537895279034,19.942369445372 73.537890632373,19.942377331719 73.537885994521,19.942385222703 73.537881365760,19.942393118460 73.537876746375,19.942401019126 73.537872136654,19.942408924839 73.537867536885,19.942416835734 73.537862947358,19.942424751948 73.537858368366,19.942432673615 73.537853800202,19.942440600870 73.537849243157,19.942448533845 73.537844697523,19.942456472672 73.537840163589,19.942464417480 73.537835641651,19.942472368401 73.537831132005,19.942480325561 73.537826634949,19.942488289092 73.537822150784,19.942496259121 73.537817679816,19.942504235777 73.537813222349,19.942512219188 73.537808778692,19.942520209482 73.537804349158,19.942528206785 73.537799934060,19.942536211225 73.537795533717,19.942544222926 73.537791148448,19.942552242016 73.537786778577,19.942560268619 73.537782424430,19.942568302861 73.537778086336,19.942576344865 73.537773764633,19.942584394748 73.537769459653,19.942592452640 73.537765171735,19.942600518662 73.537760901222,19.942608592939 73.537756648461,19.942616675590 73.537752413801,19.942624766737 73.537748197599,19.942632866497 73.537744000209,19.942640974991 73.537739821995,19.942649092337 73.537735663322,19.942657218651 73.537731524553,19.942665354042 73.537727406043,19.942673498623 73.537723308154,19.942681652499 73.537719231251,19.942689815778 73.537715175703,19.942697988564 73.537711141887,19.942706170960 73.537707130177,19.942714363071 73.537703140959,19.942722564997 73.537699174617,19.942730776840 73.537695231546,19.942738998697 73.537691312139,19.942747230667 73.537687416799,19.942755472845 73.537683545930,19.942763725327 73.537679699943,19.942771988206 73.537675879254,19.942780261571 73.537672084284,19.942788545509 73.537668315457,19.942796840113 73.537664573203,19.942805145469 73.537660857957,19.942813461662 73.537657170160,19.942821788773 73.537653510258,19.942830126881 73.537649878702,19.942838476066 73.537646275948,19.942846836403 73.537642702460,19.942855207963 73.537639158704,19.942863590818 73.537635645153,19.942871985036 73.537632162288,19.942880390682 73.537628710592,19.942888807816 73.537625290555,19.942897236500 73.537621902674,19.942905676789 73.537618547450,19.942914128735 73.537615225391,19.942922592388 73.537611937005,19.942931067791 73.537608682781,19.942939554975 73.537605463208,19.942948053968 73.537602278780,19.942956564792 73.537599129996,19.942965087468 73.537596017361,19.942973622011 73.537592941387,19.942982168431 73.537589902590,19.942990726736 73.537586901492,19.942999296928 73.537583938620,19.943007879006 73.537581014508,19.943016472963 73.537578129694,19.943025078789 73.537575284724,19.943033696466 73.537572480144,19.943042325975 73.537569716513,19.943050967285 73.537566994391,19.943059620365 73.537564314340,19.943068285182 73.537561676935,19.943076961690 73.537559082748,19.943085649842 73.537556532363,19.943094349582 73.537554026364,19.943103060851 73.537551565344,19.943111783576 73.537549149898,19.943120517687 73.537546780625,19.943129263100 73.537544458132,19.943138019726 73.537542183027,19.943146787469 73.537539955924,19.943155566226 73.537537777443,19.943164355886 73.537535648203,19.943173156331 73.537533568829,19.943181967431 73.537531539942,19.943190789049 73.537529562163,19.943199621040 73.537527636114,19.943208463249 73.537525762413,19.943217315509 73.537523941680,19.943226177648 73.537522174530,19.943235049480 73.537520461577,19.943243930811 73.537518803432,19.943252821439 73.537517200701,19.943261721150 73.537515653990,19.943270629719 73.537514163898,19.943279546912 73.537512731018,19.943288472487 73.537511355941,19.943297406187 73.537510039250,19.943306347749 73.537508781521,19.943315296898 73.537507583326,19.943324253347 73.537506445228,19.943333216801 73.537505367781,19.943342186955 73.537504351531,19.943351163492 73.537503397017,19.943360146086 73.537502504765,19.943369134401 73.537501675294,19.943378128089 73.537500909111,19.943387126796 73.537500206710,19.943396130153 73.537499568575,19.943405137784 73.537498995177,19.943414149306 73.537498486975,19.943423164324 73.537498044412,19.943432182436 73.537497667919,19.943441203228 73.537497357895,19.943450226281 73.537497114760,19.943459251179 73.537496939050,19.943468277483 73.537496831419,19.943477304741 73.537496792644,19.943486332500 73.537496823633,19.943495360287 73.537496925425,19.943504387609 73.537497099203,19.943513413950 73.537497347709,19.943522438727 73.537497677922,19.943531461151 73.537498097943,19.943540480225 73.537498616381,19.943549494712 73.537499242420,19.943558503082 73.537499985898,19.943567503458 73.537500856773,19.943576493604 73.537501863199,19.943585471075 73.537503012850,19.943594433138 73.537504313346,19.943603376733 73.537505772183,19.943612298447 73.537507396999,19.943621194462 73.537509198030,19.943630060064 73.537511188044,19.943638889440 73.537513378939,19.943647676171 73.537515777814,19.943656414166 73.537518402917,19.943665093766 73.537521272131,19.943673703954 73.537524400600,19.943682232981 73.537527802391,19.943690667858 73.537531504586,19.943698988735 73.537535531239,19.943707173671 73.537539898484,19.943715200852 73.537544640161,19.943723035544 73.537549783240,19.943730640225 73.537555352083,19.943737971603 73.537561331385,19.943745008365 73.537567638262,19.943751784999 73.537574202683,19.943758339522 73.537580967675,19.943764709305 73.537587885874,19.943770930330 73.537594926718,19.943777027155 73.537602061936,19.943783025124 73.537609265093,19.943788950099 73.537616514801,19.943794824107 73.537623794424,19.943800664930 73.537631089049,19.943806489027 73.537638384673,19.943812312009 73.537645671672,19.943818144629 73.537652950351,19.943823986516 73.537660221045,19.943829837285 73.537667483891,19.943835696766 73.537674739019,19.943841564784 73.537681986583,19.943847441180 73.537689226699,19.943853325766 73.537696459512,19.943859218375 73.537703685161,19.943865118836 73.537710903788,19.943871026978 73.537718115533,19.943876942630 73.537725320538,19.943882865619 73.537732518947,19.943888795776 73.537739710903,19.943894732928 73.537746896552,19.943900676905 73.537754076039,19.943906627536 73.537761249510,19.943912584649 73.537768417114,19.943918548073 73.537775578997,19.943924517638 73.537782735312,19.943930493173 73.537789886206,19.943936474506 73.537797031831,19.943942461467 73.537804172338,19.943948453884 73.537811307882,19.943954451589 73.537818438619,19.943960454412 73.537825564700,19.943966462180 73.537832686280,19.943972474721 73.537839803515,19.943978491865 73.537846916559,19.943984513440 73.537854025572,19.943990539275 73.537861130710,19.943996569197 73.537868232133,19.944002603037 73.537875329997,19.944008640620 73.537882424465,19.944014681775 73.537889515686,19.944020726322 73.537896603828,19.944026774095 73.537903689057,19.944032824922 73.537910771535,19.944038878632 73.537917851425,19.944044935051 73.537924928891,19.944050994007 73.537932004098,19.944057055326 73.537939077210,19.944063118834 73.537946148392,19.944069184355 73.537953217807,19.944075251714 73.537960285622,19.944081320735 73.537967352006,19.944087391245 73.537974417127,19.944093463068 73.537981481152,19.944099536028 73.537988544252,19.944105609951 73.537995606590,19.944111684662 73.538002668331,19.944117759996 73.538009729638,19.944123835784 73.538016790677,19.944129911857 73.538023851609,19.944135988045 73.538030912601,19.944142064180 73.538037973814,19.944148140087 73.538045035407,19.944154215590 73.538052097548,19.944160290517 73.538059160401,19.944166364697 73.538066224132,19.944172437956 73.538073288915,19.944178510125 73.538080354926,19.944184581039 73.538087422330,19.944190650521 73.538094491280,19.944196718380 73.538101561941,19.944202784441 73.538108634484,19.944208848526 73.538115709082,19.944214910463 73.538122785918,19.944220970084 73.538129865152,19.944227027202 73.538136946950,19.944233081636 73.538144031486,19.944239133205 73.538151118929,19.944245181729 73.538158209450,19.944251227025 73.538165303217,19.944257268908 73.538172400414,19.944263307204 73.538179501202,19.944269341720 73.538186605753,19.944275372270 73.538193714248,19.944281398675 73.538200826850,19.944287420741 73.538207943726,19.944293438273 73.538215065057,19.944299451089 73.538222191025,19.944305459007 73.538229321798,19.944311461831 73.538236457543,19.944317459364 73.538243598435,19.944323451413 73.538250744645,19.944329437781 73.538257896350,19.944335418277 73.538265053729,19.944341392708 73.538272216948,19.944347360869 73.538279386187,19.944353322567 73.538286561627,19.944359277607 73.538293743434,19.944365225782 73.538300931777,19.944371166884 73.538308126834,19.944377100715 73.538315328780,19.944383027069 73.538322537788,19.944388945739 73.538329754033,19.944394856520 73.538336977688,19.944400759201 73.538344208926,19.944406653574 73.538351447922,19.944412539426 73.538358694849,19.944418416545 73.538365949879,19.944424284717 73.538373213185,19.944430143729 73.538380484931,19.944435993371 73.538387765279,19.944441833437 73.538395054392,19.944447663717 73.538402352432,19.944453484004 73.538409659561,19.944459294084 73.538416975941,19.944465093746 73.538424301732,19.944470882775 73.538431637095,19.944476660955 73.538438982192,19.944482428069 73.538446337181,19.944488183899 73.538453702221,19.944493928223 73.538461077473,19.944499660821 73.538468463095,19.944505381469 73.538475859244,19.944511089942 73.538483266077,19.944516786014 73.538490683753,19.944522469457 73.538498112426,19.944528140041 73.538505552251,19.944533797535 73.538513003384,19.944539441707 73.538520465980,19.944545072322 73.538527940191,19.944550689146 73.538535426169,19.944556291938 73.538542924066,19.944561880461 73.538550434032,19.944567454474 73.538557956218,19.944573013734 73.538565490771,19.944578557998 73.538573037841,19.944584087019 73.538580597572,19.944589600551 73.538588170112,19.944595098343 73.538595755603,19.944600580147 73.538603354190,19.944606045708 73.538610966016,19.944611494775 73.538618591219,19.944616927090 73.538626229939,19.944622342397 73.538633882315,19.944627740437 73.538641548483,19.944633120949 73.538649228578,19.944638483672 73.538656922734,19.944643828341 73.538664631083,19.944649154693 73.538672353755,19.944654462459 73.538680090879,19.944659751372 73.538687842582,19.944665021161 73.538695608989,19.944670271556 73.538703390222,19.944675502283 73.538711186405,19.944680713068 73.538718997653,19.944685903634 73.538726824087,19.944691073704 73.538734665821,19.944696223001 73.538742522970,19.944701351244 73.538750395636,19.944706458161 73.538758283915,19.944711543490 73.538766187901,19.944716606972 73.538774107676,19.944721648345 73.538782043323,19.944726667351 73.538789994919,19.944731663734 73.538797962540,19.944736637239 73.538805946254,19.944741587612 73.538813946127,19.944746514602 73.538821962221,19.944751417961 73.538829994593,19.944756297441 73.538838043296,19.944761152800 73.538846108377,19.944765983793 73.538854189882,19.944770790183 73.538862287849,19.944775571731 73.538870402313,19.944780328205 73.538878533305,19.944785059373 73.538886680849,19.944789765007 73.538894844969,19.944794444883 73.538903025679,19.944799098779 73.538911222992,19.944803726476 73.538919436911,19.944808327769 73.538927667268,19.944812902720 73.538935913693,19.944817451722 73.538944175806,19.944821975210 73.538952453216,19.944826473626 73.538960745530,19.944830947431 73.538969052357,19.944835397099 73.538977373300,19.944839823116 73.538985707968,19.944844225983 73.538994055965,19.944848606209 73.539002416898,19.944852964316 73.539010790375,19.944857300834 73.539019176004,19.944861616301 73.539027573396,19.944865911263 73.539035982166,19.944870186274 73.539044401929,19.944874441891 73.539052832304,19.944878678676 73.539061272915,19.944882897196 73.539069723391,19.944887098017 73.539078183475,19.944891281508 73.539086653106,19.944895447690 73.539095132293,19.944899596481 73.539103621112,19.944903727627 73.539112120746,19.944907838846 73.539120633589,19.944911925560 73.539129162152,19.944915982843 73.539137709029,19.944920005511 73.539146276596,19.944923988635 73.539154867018,19.944927927490 73.539163482531,19.944931817019 73.539172125466,19.944935651753 73.539180798244,19.944939425752 73.539189503364,19.944943132563 73.539198243292,19.944946765387 73.539207020418,19.944950317083 73.539215837048,19.944953780161 73.539224695350,19.944957146786 73.539233597309,19.944960408790 73.539242544040,19.944963559350 73.539251599033,19.944966416812 73.539260807726,19.944968794818 73.539270143921,19.944970675190 73.539279584560,19.944972010155 73.539289091152,19.944972827927 73.539298631270,19.944973137971 73.539308175171,19.944972951656 73.539317697331,19.944972312398 73.539327178913,19.944971263282 73.539336607132,19.944969846921 73.539345976601,19.944968116029 73.539355286086,19.944966116072</coordinates></LineString><LineString><coordinates>73.538363924444,19.940062115822 73.538363051748,19.940053090905 73.538362280643,19.940044057793 73.538361689552,19.940035012655 73.538361342871,19.940025956311 73.538361296522,19.940016894270 73.538361599635,19.940007836795 73.538362295191,19.939998798824 73.538363420999,19.939989799828 73.538365008955,19.939980863487 73.538367084310,19.939972017057 73.538369666140,19.939963290765 73.538372767857,19.939954717301 73.538376396381,19.939946330869 73.538380552724,19.939938166521 73.538385232634,19.939930259652 73.538390426061,19.939922644945 73.538396118601,19.939915356294 73.538402291360,19.939908426000 73.538408920084,19.939901883164 73.538415979708,19.939895756654 73.538423438628,19.939890068888 73.538431263656,19.939884839398 73.538439415588,19.939880077266 73.538447857368,19.939875790260 73.538456551568,19.939871980883 73.538465463355,19.939868651249 73.538474559650,19.939865802349 73.538483809453,19.939863436291 73.538493182769,19.939861554377 73.538502650887,19.939860160066 73.538512186002,19.939859262528 73.538521758978,19.939858865390 73.538531340573,19.939858971957 73.538540901575,19.939859572942 73.538550415424,19.939860653488 73.538559858915,19.939862190673 73.538569213186,19.939864156912 73.538578466690,19.939866513478 73.538587616077,19.939869208022 73.538596670889,19.939872173721 73.538605316399,19.939876077739 73.538613843286,19.939880214149 73.538622345705,19.939884395477 73.538630836708,19.939888597536</coordinates></LineString><LineString><coordinates>73.546228106488,19.944962052498 73.546237225316,19.944959803546 73.546246442189,19.944957946056 73.546255738323,19.944956483813 73.546265094774,19.944955419798 73.546274492474,19.944954756178 73.546283912271,19.944954494307 73.546293334968,19.944954634718 73.546302741362,19.944955177125 73.546312112284,19.944956120422 73.546321428636,19.944957462687 73.546330671432,19.944959201185 73.546339821835,19.944961332372 73.546348861199,19.944963851906 73.546357771101,19.944966754652 73.546366533384,19.944970034694 73.546375130190,19.944973685348 73.546383544000,19.944977699174 73.546391757666,19.944982067992 73.546399754451,19.944986782898 73.546407518057,19.944991834285 73.546415032662,19.944997211856 73.546422282952,19.945002904655 73.546429254151,19.945008901078 73.546435932052,19.945015188906 73.546442303047,19.945021755324 73.546598903737,19.945190034827 73.546892480236,19.945494407089 73.547251161028,19.945938743611 73.547404498474,19.946004013150 73.547462344251,19.946018898581 73.547553135622,19.946029150485 73.547681395004,19.946033202125 73.547818432943,19.946044001140 73.547960858921,19.946086416667 73.548038392869,19.946132479374 73.548101560629,19.946193529044 73.548248235011,19.946344202606 73.548365382768,19.946492419023 73.548404485746,19.946550274621 73.548430846544,19.946594665206 73.548457310775,19.946646709101 73.548480427210,19.946703449698 73.548502214292,19.946774349458 73.548527308701,19.946880056693 73.548546659973,19.946958796508 73.548565696682,19.947017292024 73.548584508232,19.947059321989 73.548607639729,19.947099585398 73.548646525173,19.947156597329 73.548668113309,19.947185787656 73.549158608194,19.947503018440 73.549658532564,19.947802222814 73.550736230366,19.948061999280</coordinates></LineString><LineString><coordinates>73.540446315613,19.943762093846 73.540480002115,19.943758947178 73.540547375115,19.943752653823 73.540708294943,19.943737622092 73.541202666762,19.943909630309 73.541640699647,19.944049892574 73.541968579851,19.944154870040 73.542395582840,19.944303998698 73.543042697381,19.944755954450 73.543485939532,19.945218075485 73.543919179688,19.945552091894 73.544322792830,19.945753646781 73.544695774698,19.945590235928 73.545231200204,19.945406059774 73.545332270130,19.945361123678 73.545555353921,19.945257098149 73.545963649617,19.945048573553 73.546228106488,19.944962052498</coordinates></LineString><LineString><coordinates>73.538807289081,19.943290369187 73.538859072720,19.943332769292 73.539066207555,19.943502369576 73.539117991334,19.943544769612 73.539131546849,19.943555868726 73.539375659750,19.943761497297 73.539385806195,19.943770048431 73.539402293978,19.943780529642 73.539443643648,19.943806815433 73.539526343031,19.943859386988 73.539609042470,19.943911958508 73.539646330734,19.943935662402 73.539799730580,19.943941202993 73.539878235725,19.943944038439 73.540068463458,19.943840132713 73.540109503495,19.943817715879 73.540130023509,19.943806507458 73.540142074853,19.943799924783 73.540165131027,19.943788359328 73.540188741619,19.943786153878 73.540190983502,19.943785944464 73.540195467268,19.943785525638 73.540267207528,19.943778824403 73.540410688030,19.943765421846 73.540446315542,19.943762093853</coordinates></LineString><LineString><coordinates>73.550736230366,19.948061999280 73.550745462025,19.948064397888 73.550754593200,19.948067118774 73.550763611310,19.948070158191 73.550772503936,19.948073511953 73.550781258827,19.948077175438 73.550789863923,19.948081143602 73.550798307373,19.948085410978 73.550806577544,19.948089971688 73.550814663046,19.948094819450 73.550822552741,19.948099947586 73.550830235761,19.948105349033 73.550837701523,19.948111016349 73.550844939743,19.948116941730 73.550851940451,19.948123117012 73.550858694004,19.948129533690 73.550865191099,19.948136182924 73.550871422785,19.948143055556 73.550877380480,19.948150142119 73.550883055977,19.948157432852 73.550888441458,19.948164917711 73.550893529505,19.948172586387 73.550898313108,19.948180428316 73.550902785680,19.948188432697 73.550906941058,19.948196588504 73.550910773519,19.948204884502 73.550914277784,19.948213309263 73.550917449026,19.948221851184 73.550920282877,19.948230498498 73.550922775432,19.948239239293 73.550924923259,19.948248061530 73.550926723398,19.948256953056 73.550928173371,19.948265901624 73.550929271179,19.948274894907 73.550930015311,19.948283920516 73.550930404742,19.948292966021 73.550930438934,19.948302018960 73.550930117842,19.948311066864 73.550929441906,19.948320097269 73.550928412058,19.948329097737 73.550927029717,19.948338055870 73.550925296787,19.948346959328 73.550923215654,19.948355795846 73.550920789186,19.948364553254 73.550918020724,19.948373219487 73.550914914082,19.948381782609 73.550911473540,19.948390230824 73.550907703835,19.948398552494 73.550903610162,19.948406736158 73.550899198159,19.948414770542 73.550894473903,19.948422644579 73.550889443902,19.948430347423 73.550884115084,19.948437868464 73.550878494790,19.948445197341 73.550872590761,19.948452323959 73.550866411130,19.948459238502 73.550859964409,19.948465931445 73.550853259478,19.948472393568 73.550846305574,19.948478615971 73.550839112274,19.948484590082 73.550831689487,19.948490307672 73.550824047439,19.948495760865 73.550816196655,19.948500942149 73.550808147950,19.948505844388 73.550799912411,19.948510460829</coordinates></LineString><LineString><coordinates>73.544091116394,19.946633869021 73.544607745854,19.946613393444 73.544643338010,19.946599249968 73.544659767599,19.946592702885 73.544675994771,19.946586218189 73.544692021300,19.946579795481 73.544707848962,19.946573434362 73.544723479531,19.946567134430 73.544738914784,19.946560895287 73.544754156499,19.946554716530 73.544769206453,19.946548597760 73.544784066424,19.946542538575 73.544798738175,19.946536538579 73.544813223547,19.946530597340 73.544827524346,19.946524714444 73.544841642322,19.946518889504 73.544855579216,19.946513122138 73.544869336769,19.946507411960 73.544882916726,19.946501758587 73.544896320831,19.946496161633 73.544909550830,19.946490620713 73.544922608469,19.946485135439 73.544935495499,19.946479705425 73.544948213670,19.946474330283 73.544960764733,19.946469009623 73.544973150443,19.946463743057 73.544985372554,19.946458530193 73.544997432825,19.946453370641 73.545009333013,19.946448264007 73.545021074881,19.946443209898 73.545032660191,19.946438207921 73.545044060724,19.946433270663 73.545066494722,19.946423510625 73.545088300589,19.946413965864 73.545109522658,19.946404620079 73.545130174405,19.946395470472 73.545150269171,19.946386514299 73.545169820337,19.946377748794 73.545188841339,19.946369171162 73.545207345660,19.946360778577 73.545225346846,19.946352568181 73.545242858497,19.946344537082 73.545259894281,19.946336682352 73.545276468089,19.946329000950 73.545292593885,19.946321489852 73.545308284513,19.946314146626 73.545323552400,19.946306969023 73.545338410071,19.946299954740 73.545352870140,19.946293101426 73.545366945314,19.946286406682 73.545380648397,19.946279868063 73.545393992297,19.946273483071 73.545406990024,19.946267249161 73.545419654803,19.946261163690 73.545432001112,19.946255223453 73.545444039685,19.946249427407 73.545455780306,19.946243774394 73.545467235416,19.946238261791 73.545478418290,19.946232886598 73.545489342300,19.946227645802 73.545500020911,19.946222536384 73.545510467673,19.946217555335 73.545520696214,19.946212699669 73.545530720219,19.946207966436 73.545540552796,19.946203353042 73.545550202724,19.946198858852 73.545559681728,19.946194480932 73.545569006402,19.946190214277 73.545578315610,19.946185998686 73.545596221255,19.946178032104 73.545613920068,19.946170357408 73.545631302480,19.946163020181 73.545648368276,19.946156016946 73.545665118848,19.946149343671 73.545681554346,19.946142997005 73.545697667489,19.946136976291 73.545713453298,19.946131279192 73.545728910234,19.946125902215 73.545744038339,19.946120841610 73.545758836222,19.946116094637 73.545773293165,19.946111661081 73.545787398528,19.946107538337 73.545801150595,19.946103721189 73.545814549565,19.946100204374 73.545827597286,19.946096982817 73.545840298439,19.946094051537 73.545852643649,19.946091409716 73.545864603715,19.946089057346 73.545876163159,19.946086987731 73.545887325360,19.946085191182 73.545898098404,19.946083658584 73.545908496407,19.946082381809 73.545918518770,19.946081356647 73.545928122400,19.946080580559 73.545937288200,19.946080041652 73.545946034062,19.946079727922 73.545954360147,19.946079629112 73.545962292022,19.946079732499 73.545969850359,19.946080027115 73.545977031952,19.946080500243 73.545983820043,19.946081135033 73.545990298851,19.946081922743 73.545996562764,19.946082871448 73.546002557743,19.946083968019 73.546008152500,19.946085169901 73.546013444247,19.946086469010 73.546019667244,19.946088197297 73.546028867197,19.946091247563 73.546038410407,19.946095083149 73.546047018974,19.946099181680 73.546052389231,19.946102047045 73.546056921173,19.946104628322 73.546061558879,19.946107443248 73.546066256361,19.946110474087 73.546070977056,19.946113699480 73.546075736717,19.946117128599 73.546080567431,19.946120786064 73.546085475262,19.946124679587 73.546090463133,19.946128813355 73.546095526977,19.946133185091 73.546100662358,19.946137790950 73.546105864743,19.946142628890 73.546111142679,19.946147706779 73.546116513464,19.946153041183 73.546121977359,19.946158633569 73.546127528863,19.946164474158 73.546133182427,19.946170573335 73.546138954841,19.946176945766 73.546144859324,19.946183603735 73.546150895449,19.946190544705 73.546157056245,19.946197754033 73.546163348820,19.946205230579 73.546169787073,19.946212982219 73.546176383001,19.946221015573 73.546183144720,19.946229333281 73.546190072517,19.946237927654 73.546197169731,19.946246791313 73.546204447101,19.946255926131 73.546211915114,19.946265334109 73.546219583334,19.946275016425 73.546227458614,19.946284971054 73.546235546846,19.946295193692 73.546243856918,19.946305683089 73.546252398744,19.946316439606 73.546261180504,19.946327461522 73.546270214635,19.946338751808 73.546279487290,19.946350284416 73.546288950691,19.946361998886 73.546298581577,19.946373869460 73.546308330430,19.946385838668 73.546328209424,19.946410118517 73.546368726301,19.946459181964 73.546388833433,19.946483361880 73.546398774304,19.946495281598 73.546408625330,19.946507072915 73.546418343263,19.946518686062 73.546427902513,19.946530092439 73.546437277533,19.946541263507 73.546446442829,19.946552170788 73.546455372912,19.946562785814 73.546464041882,19.946573079603 73.546472423154,19.946583022306 73.546480490686,19.946592584766 73.546488218423,19.946601737807 73.546495581670,19.946610453864 73.546499114446,19.946614634146 73.546502548151,19.946618696396 73.546505877021,19.946622634002 73.546509097785,19.946626443297 73.546512207473,19.946630120999 73.546515202962,19.946633663588 73.546520906278,19.946640404188 73.546526272996,19.946646732819 73.546531269356,19.946652599372 73.546540800072,19.946663661315 73.546550040213,19.946674101806 73.546554352217,19.946678832465 73.546558847050,19.946683638060 73.546563416636,19.946688379045 73.546568109594,19.946693083860 73.546572924097,19.946697734793 73.546577826958,19.946702286220 73.546582839172,19.946706746872 73.546587950697,19.946711113697 73.546593087139,19.946715330966 73.546598236145,19.946719400501 73.546603420518,19.946723361054 73.546608631879,19.946727225528 73.546613887857,19.946731026398 73.546619112420,19.946734727109 73.546630562448,19.946742662883 73.546636379634,19.946746637590 73.546642645289,19.946750897354 73.546649280618,19.946755397142 73.546656364504,19.946760199009 73.546663928955,19.946765328003 73.546671927747,19.946770754413 73.546680322848,19.946776454082 73.546689076685,19.946782403170 73.546698152050,19.946788578085 73.546707510391,19.946794954332 73.546717109936,19.946801505203 73.546726934234,19.946808221270 73.546746956712,19.946821950904 73.546767319305,19.946835981287 73.546787632647,19.946850060221 73.546797738769,19.946857101054 73.546807683319,19.946864056797 73.546817461728,19.946870926680 73.546827029916,19.946877682306 73.546836339078,19.946884291220 73.546845344120,19.946890723647 73.546854002365,19.946896951738 73.546862269585,19.946902946780 73.546870029036,19.946908626138 73.546873810744,19.946911416031 73.546877405404,19.946914083496 73.546880859477,19.946916662911 73.546884166799,19.946919149825 73.546887309038,19.946921530664 73.546890388638,19.946923883262 73.546895955598,19.946928188073 73.546901333910,19.946932407198 73.546910967563,19.946940079119 73.546915719885,19.946943887736 73.546920426282,19.946947646094 73.546922707839,19.946949452602 73.546925104607,19.946951334658 73.546927590372,19.946953267935 73.546930114787,19.946955208453 73.546932660123,19.946957132829 73.546935292299,19.946959081897 73.546938081154,19.946961098039 73.546941060534,19.946963195998 73.546944186779,19.946965333792 73.546947442141,19.946967483250 73.546950880870,19.946969664790 73.546954525390,19.946971876672 73.546958376596,19.946974101206 73.546962431828,19.946976318628 73.546966675323,19.946978502981 73.546971101178,19.946980633755 73.546975736709,19.946982707506 73.546980550389,19.946984698561 73.546985444690,19.946986556680 73.546990428444,19.946988276581 73.546995535357,19.946989868308 73.547000676628,19.946991305937 73.547005763890,19.946992568082 73.547010817835,19.946993666831 73.547015846403,19.946994615555 73.547020781642,19.946995412863 73.547025597328,19.946996066686 73.547030296128,19.946996591751 73.547034875420,19.946997001096 73.547039346581,19.946997308443 73.547043701577,19.946997525998 73.547047924927,19.946997664213 73.547052043623,19.946997733538 73.547056100361,19.946997744099 73.547060079385,19.946997704688 73.547063972144,19.946997621514 73.547067827971,19.946997499344 73.547071469623,19.946997351613 73.547079087045,19.946996958124 73.547095053113,19.946995867375 73.547111507100,19.946994510602 73.547129001168,19.946992929922 73.547147487373,19.946991192920 73.547166847389,19.946989365612 73.547186948246,19.946987514475 73.547207598613,19.946985706832 73.547228614111,19.946984009877 73.547249780168,19.946982489682 73.547270655826,19.946981225403 73.547281293350,19.946980688207 73.547291626355,19.946980243996 73.547301824733,19.946979889845 73.547311856790,19.946979633529 73.547321677292,19.946979481379 73.547331252195,19.946979438104 73.547340544198,19.946979508716 73.547349590299,19.946979695333 73.547358429887,19.946979997167 73.547367050526,19.946980411944 73.547375446617,19.946980937658 73.547383608676,19.946981571044 73.547391537226,19.946982309148 73.547399244291,19.946983150926 73.547406721350,19.946984094563 73.547413935518,19.946985132260 73.547420875834,19.946986256152 73.547427554417,19.946987462614 73.547433989483,19.946988750794 73.547440203412,19.946990123020 73.547446169774,19.946991572351 73.547451844597,19.946993081207 73.547457240514,19.946994644395 73.547513283815,19.947012287683 73.547533571172,19.947064275283 73.547535123049,19.947068454164 73.547536680237,19.947072852851 73.547538249223,19.947077497889 73.547539832018,19.947082407480 73.547541423452,19.947087580054 73.547543013188,19.947092990904 73.547544598727,19.947098631617 73.547546183535,19.947104516096 73.547547769666,19.947110656301 73.547549357424,19.947117059924 73.547550942841,19.947123717842 73.547552523417,19.947130619154 73.547554107334,19.947137795906 73.547555700589,19.947145268154 73.547557303112,19.947153018101 73.547558917620,19.947161040286 73.547560544374,19.947169320391 73.547562183802,19.947177837861 73.547563839455,19.947186583463 73.547565515563,19.947195552884 73.547567215852,19.947204740256 73.547568943662,19.947214138465 73.547570702022,19.947223739359 73.547572493045,19.947233530193 73.547574319248,19.947243496611 73.547576184995,19.947253630916 73.547578094975,19.947263928278 73.547580053622,19.947274382798 73.547582065252,19.947284988205 73.547584134078,19.947295737902 73.547586264221,19.947306625001 73.547588459523,19.947317641359 73.547590723864,19.947328778060 73.547593061848,19.947340027927 73.547595478434,19.947351385538 73.547597978558,19.947362845521 73.547600567093,19.947374402370 73.547603248858,19.947386050464 73.547606028625,19.947397784123 73.547608910872,19.947409596634 73.547611899849,19.947421479561 73.547615000589,19.947433425584 73.547618218734,19.947445429804 73.547621559939,19.947457487524 73.547625029810,19.947469594009 73.547628633911,19.947481744503 73.547632377470,19.947493933276 73.547636265495,19.947506153302 73.547640304951,19.947518401342 73.547644499337,19.947530665600 73.547648851812,19.947542933537 73.547653366323,19.947555197365 73.547658045857,19.947567453140 73.547662894543,19.947579700045 73.547667916319,19.947591936733 73.547673116482,19.947604164585 73.547678500292,19.947616386498 73.547684071544,19.947628602460 73.547689833579,19.947640811326 73.547695789774,19.947653011972 73.547701943545,19.947665203296 73.547708298498,19.947677384498 73.547714859636,19.947689557449 73.547721631945,19.947701725366 73.547728618816,19.947713889212 73.547735822794,19.947726048335 73.547743246436,19.947738202051 73.547750892326,19.947750349662 73.547758763101,19.947762490502 73.547766862610,19.947774625698 73.547775195506,19.947786758394 73.547783765373,19.947798890911 73.547792574758,19.947811023962 73.547801626214,19.947823158225 73.547810922285,19.947835294328 73.547820465507,19.947847432854 73.547830258820,19.947859574856 73.547840306222,19.947871722899 73.547850611459,19.947883879885 73.547861177553,19.947896047672 73.547872007678,19.947908228277 73.547883104980,19.947920423663 73.547894472564,19.947932635738 73.547906113524,19.947944866387 73.547918031343,19.947957117910 73.547930229938,19.947969393265 73.547942714029,19.947981696121 73.547955482096,19.947994024737 73.547968537013,19.948006380409 73.547982107566,19.948018962200 73.547988908281,19.948025166869 73.547995945128,19.948031515190 73.548003120322,19.948037914318 73.548010441190,19.948044367269 73.548017916748,19.948050878390 73.548025558483,19.948057454806 73.548033376336,19.948064102566 73.548041378962,19.948070826557 73.548049574961,19.948077631576 73.548057972866,19.948084522331 73.548066581150,19.948091503440 73.548075408307,19.948098579513 73.548084464789,19.948105756713 73.548093761891,19.948113042463 73.548103309883,19.948120443344 73.548113119117,19.948127965840 73.548123200313,19.948135616714 73.548133564084,19.948143402643 73.548144220937,19.948151330220 73.548155181280,19.948159405970 73.548166455490,19.948167636397 73.548178054184,19.948176028207 73.548189988588,19.948184588626 73.548202269829,19.948193324619 73.548214909426,19.948202243414 73.548227918902,19.948211352256 73.548241309715,19.948220658354 73.548255093265,19.948230168888 73.548269280899,19.948239891015 73.548283884010,19.948249831936 73.548298913982,19.948259998900 73.548314382013,19.948270398979 73.548330299145,19.948281038908 73.548346676928,19.948291925764 73.548363526917,19.948303066636 73.548380860649,19.948314468611 73.548398689650,19.948326138777 73.548417025434,19.948338084223 73.548435879510,19.948350312042 73.548455285717,19.948362843756 73.548465156807,19.948369198292 73.548475187786,19.948375642748 73.548485356966,19.948382163125 73.548495665782,19.948388760313 73.548506115674,19.948395435200 73.548516708079,19.948402188678 73.548527444437,19.948409021637 73.548538326184,19.948415934969 73.548549354761,19.948422929565 73.548560531607,19.948430006318 73.548571858160,19.948437166120 73.548583335862,19.948444409865 73.548594966151,19.948451738447 73.548606750397,19.948459152714 73.548618689906,19.948466653452 73.548630786132,19.948474241517 73.548643040577,19.948481917822 73.548655454651,19.948489683227 73.548668029763,19.948497538589 73.548680767323,19.948505484768 73.548693668741,19.948513522623 73.548706735429,19.948521653012 73.548719968798,19.948529876797 73.548733370259,19.948538194838 73.548746941225,19.948546607995 73.548760683108,19.948555117129 73.548774597322,19.948563723104 73.548788685280,19.948572426780 73.548802948397,19.948581229021 73.548817388086,19.948590130689 73.548832005763,19.948599132647 73.548846802843,19.948608235760 73.548861780743,19.948617440892 73.548876940878,19.948626748907 73.548892284665,19.948636160670 73.548907813522,19.948645677046 73.548923528866,19.948655298901 73.548939432116,19.948665027100 73.548955524689,19.948674862511 73.548971808004,19.948684805999 73.548988283482,19.948694858431 73.549004952541,19.948705020675 73.549021816602,19.948715293599 73.549038877086,19.948725678069 73.549056135412,19.948736174954 73.549073593003,19.948746785123 73.549091251278,19.948757509442 73.549109111627,19.948768348761 73.549127175400,19.948779303891 73.549145444005,19.948790375686 73.549163918848,19.948801565002 73.549182601331,19.948812872692 73.549201492855,19.948824299610 73.549220594823,19.948835846608 73.549239908636,19.948847514540 73.549259435698,19.948859304261 73.549279177410,19.948871216624 73.549299135176,19.948883252483 73.549319310399,19.948895412693 73.549339704483,19.948907698110 73.549360318832,19.948920109586 73.549381154850,19.948932647978 73.549402213942,19.948945314141 73.549423497512,19.948958108930 73.549445006965,19.948971033201 73.549466743707,19.948984087810 73.549488709143,19.948997273612 73.549559806506,19.949039933711</coordinates></LineString><LineString><coordinates>73.539342647112,19.944968742032 73.540053682619,19.944816336723</coordinates></LineString><LineString><coordinates>73.540053682619,19.944816336723 73.540062826532,19.944813748418 73.540071970527,19.944811160370 73.540081114610,19.944808572604 73.540090258790,19.944805985145 73.540099403075,19.944803398019 73.540108547474,19.944800811248 73.540117691993,19.944798224860 73.540126836640,19.944795638877 73.540135981422,19.944793053325 73.540145126348,19.944790468227 73.540154271425,19.944787883609 73.540163416662,19.944785299494 73.540172562064,19.944782715906 73.540181707640,19.944780132870 73.540190853398,19.944777550409 73.540199999344,19.944774968547 73.540209145487,19.944772387307 73.540218291833,19.944769806714 73.540227438389,19.944767226791 73.540236585164,19.944764647560 73.540245732165,19.944762069045 73.540254879397,19.944759491269 73.540264026869,19.944756914254 73.540273174588,19.944754338024 73.540282322561,19.944751762601 73.540291470794,19.944749188008 73.540300619294,19.944746614266 73.540309768069,19.944744041398 73.540318917125,19.944741469425 73.540328066471,19.944738898370 73.540337216295,19.944736328820 73.540346367310,19.944733763063 73.540355520338,19.944731203726 73.540364676211,19.944728653497 73.540373835753,19.944726115103 73.540382999690,19.944723590933 73.540392168681,19.944721083236 73.540401343381,19.944718594285 73.540410524436,19.944716126374 73.540419712511,19.944713681931 73.540428908289,19.944711263539 73.540438112460,19.944708873863 73.540447325696,19.944706515636 73.540456548606,19.944704191476 73.540465781760,19.944701903980 73.540475025716,19.944699655835 73.540484281017,19.944697449823 73.540493548185,19.944695288827 73.540502827725,19.944693175840 73.540512120113,19.944691113966 73.540521425797,19.944689106435 73.540530745190,19.944687156605 73.540540078665,19.944685267972 73.540549426547,19.944683444175 73.540558789100,19.944681688977 73.540568166456,19.944680005957 73.540577558649,19.944678398637 73.540586965643,19.944676870685 73.540596387321,19.944675425920 73.540605823481,19.944674068318 73.540615273823,19.944672802018 73.540624737936,19.944671631328 73.540634215290,19.944670560728 73.540643705217,19.944669594873 73.540653206895,19.944668738597 73.540662719328,19.944667996808 73.540672241308,19.944667374188 73.540681771437,19.944666875443 73.540691308116,19.944666505378 73.540700849539,19.944666268876 73.540710393669,19.944666170884 73.540719938233,19.944666216398 73.540729480705,19.944666410434 73.540739018293,19.944666757981 73.540748548002,19.944667263022 73.540758066842,19.944667926481 73.540767572196,19.944668744906 73.540777061748,19.944669713592 73.540786533362,19.944670828277 73.540795985102,19.944672084840 73.540805415204,19.944673479263 73.540814822093,19.944675007489 73.540824204381,19.944676665466 73.540833560840,19.944678449216 73.540842890396,19.944680354827 73.540852192143,19.944682378378 73.540861465305,19.944684516040 73.540870709219,19.944686764140 73.540879923318,19.944689119162 73.540889107122,19.944691577733 73.540898260274,19.944694136487 73.540907382549,19.944696792024 73.540916473795,19.944699541072 73.540925533928,19.944702380495 73.540934562920,19.944705307284 73.540943560793,19.944708318557 73.540952527615,19.944711411548 73.540961463495,19.944714583611 73.540970368575,19.944717832206 73.540979243030,19.944721154899 73.540988087062,19.944724549357 73.540996900922,19.944728013280 73.541005684974,19.944731544268 73.541014439609,19.944735139995 73.541023165239,19.944738798235 73.541031862276,19.944742516862 73.541040531151,19.944746293839 73.541049172299,19.944750127221 73.541057786150,19.944754015135 73.541066373155,19.944757955797 73.541074933760,19.944761947492 73.541083468415,19.944765988573 73.541091977571,19.944770077460 73.541100461679,19.944774212623 73.541108921299,19.944778392410 73.541117357090,19.944782615047 73.541125769739,19.944786878774 73.541134159956,19.944791181853 73.541142528470,19.944795522561 73.541150876031,19.944799899201 73.541159203409,19.944804310095 73.541167511379,19.944808753581 73.541175800744,19.944813228026 73.541184072322,19.944817731810 73.541192327051,19.944822263154 73.541200566027,19.944826820065 73.541208790367,19.944831400554 73.541217001204,19.944836002658 73.541225199676,19.944840624432 73.541233386928,19.944845263955 73.541241564112,19.944849919331 73.541249732378,19.944854588685 73.541257892881,19.944859270166 73.541266046769,19.944863961944 73.541274195223,19.944868662157 73.541282339461,19.944873368902 73.541290480689,19.944878080297 73.541298620107,19.944882794488 73.541306758896,19.944887509646 73.541314898222,19.944892223975 73.541323039227,19.944896935707 73.541331183030,19.944901643112 73.541339330731,19.944906344504 73.541347483345,19.944911038272 73.541355641871,19.944915722846 73.541363807297,19.944920396658 73.541371980603,19.944925058136 73.541380162771,19.944929705694 73.541388354781,19.944934337724 73.541396557608,19.944938952597 73.541404771793,19.944943549351 73.541412997207,19.944948128115 73.541421233656,19.944952689111 73.541429480946,19.944957232565 73.541437738882,19.944961758700 73.541446007272,19.944966267744 73.541454285924,19.944970759925 73.541462574650,19.944975235472 73.541470873248,19.944979694610 73.541479181540,19.944984137577 73.541487499341,19.944988564608 73.541495826467,19.944992975936 73.541504162734,19.944997371800 73.541512507961,19.945001752437 73.541520861966,19.945006118086 73.541529224572,19.945010468988 73.541537595600,19.945014805384 73.541545974873,19.945019127517 73.541554362216,19.945023435631 73.541562757455,19.945027729971 73.541571160417,19.945032010782 73.541579570931,19.945036278313 73.541587988827,19.945040532810 73.541596413934,19.945044774523 73.541604846086,19.945049003702 73.541613285114,19.945053220597 73.541621730855,19.945057425461 73.541630183142,19.945061618546 73.541638641813,19.945065800104 73.541647106704,19.945069970392 73.541655577656,19.945074129662 73.541664054506,19.945078278172 73.541672537097,19.945082416178 73.541681025269,19.945086543936 73.541689518866,19.945090661706 73.541698017731,19.945094769744 73.541706521713,19.945098868303 73.541715030662,19.945102957635 73.541723544428,19.945107037991 73.541732062863,19.945111109625 73.541740585818,19.945115172790 73.541749113148,19.945119227743 73.541757644705,19.945123274738 73.541766180343,19.945127314032 73.541774719917,19.945131345882 73.541783263281,19.945135370545 73.541791810292,19.945139388279 73.541800360805,19.945143399344 73.541808914677,19.945147403999 73.541817471769,19.945151402505 73.541826031934,19.945155395120 73.541834595033,19.945159382107 73.541843160924,19.945163363726 73.541851729468,19.945167340239 73.541860300524,19.945171311909 73.541868873952,19.945175278997 73.541877449614,19.945179241767 73.541886027370,19.945183200480 73.541894607083,19.945187155400 73.541903188615,19.945191106791 73.541911771828,19.945195054916 73.541920356586,19.945199000038 73.541928942750,19.945202942421 73.541937530185,19.945206882329 73.541946118755,19.945210820024 73.541954708323,19.945214755772 73.541963298755,19.945218689835 73.541971889898,19.945222622508 73.541980481267,19.945226554742 73.541989072059,19.945230488107 73.541997661447,19.945234424216 73.542006248552,19.945238364769 73.542014832244,19.945242311966 73.542023411241,19.945246268278 73.542031984220,19.945250236232 73.542040549821,19.945254218415 73.542049106631,19.945258217470 73.542057653181,19.945262236103 73.542066187933,19.945266277080 73.542074709300,19.945270343237 73.542083215651,19.945274437410 73.542091705435,19.945278562215 73.542100177062,19.945282720265 73.542108628857,19.945286914251 73.542117059045,19.945291146942 73.542125465749,19.945295421194 73.542133846976,19.945299739951 73.542142200607,19.945304106246 73.542150524390,19.945308523215 73.542158815921,19.945312994091 73.542167072638,19.945317522211 73.542175291818,19.945322110982 73.542183470778,19.945326763566 73.542191606781,19.945331483014 73.542199696910,19.945336272457 73.542207738055,19.945341135099 73.542215726898,19.945346074219 73.542223659903,19.945351093164 73.542231533298,19.945356195344 73.542239343060,19.945361384226 73.542247084904,19.945366663322 73.542254754272,19.945372036172 73.542262346400,19.945377506224 73.542269856393,19.945383076731 73.542277279212,19.945388750743 73.542284610274,19.945394530438 73.542291847651,19.945400414767 73.542298991514,19.945406400406 73.542306043454,19.945412482755 73.542313005344,19.945418657177 73.542319879023,19.945424919358 73.542326666306,19.945431265250 73.542333369216,19.945437690840 73.542339989962,19.945444192159 73.542346530853,19.945450765372 73.542352994338,19.945457406705 73.542359383020,19.945464112441 73.542365699532,19.945470879040 73.542371946506,19.945477703130 73.542378126556,19.945484581497 73.542384242284,19.945491511084 73.542390296268,19.945498488988 73.542396291057,19.945505512444 73.542402229164,19.945512578827 73.542408113072,19.945519685640 73.542413945256,19.945526830477 73.542419728409,19.945534010869 73.542425465266,19.945541224396 73.542431158502,19.945548468758 73.542436810741,19.945555741775 73.542442424542,19.945563041364 73.542448002408,19.945570365545 73.542453546788,19.945577712429 73.542459060071,19.945585080211 73.542464544592,19.945592467163 73.542470002634,19.945599871634 73.542475436442,19.945607292022 73.542480848389,19.945614726683 73.542486240891,19.945622173969 73.542491616309,19.945629632291 73.542496976955,19.945637100116 73.542502325091,19.945644575957 73.542507662928,19.945652058379 73.542512992633,19.945659545985 73.542518316327,19.945667037415 73.542523636084,19.945674531348 73.542528953939,19.945682026488 73.542534271883,19.945689521573 73.542539591875,19.945697015356 73.542544915950,19.945704506538 73.542550246220,19.945711993780 73.542555584758,19.945719475755 73.542560933592,19.945726951149 73.542566294715,19.945734418670 73.542571670076,19.945741877033 73.542577061589,19.945749324965 73.542582471127,19.945756761203 73.542587900526,19.945764184487 73.542593351584,19.945771593564 73.542598826064,19.945778987184 73.542604325689,19.945786364099 73.542609852163,19.945793723041 73.542615407301,19.945801062658 73.542620992939,19.945808381548 73.542626610870,19.945815678301 73.542632262855,19.945822951502 73.542637950614,19.945830199722 73.542643675833,19.945837421523 73.542649440157,19.945844615455 73.542655245195,19.945851780054 73.542661092514,19.945858913840 73.542666983645,19.945866015322 73.542672920052,19.945873083008 73.542678902129,19.945880116173 73.542684929049,19.945887115024 73.542691000125,19.945894079663 73.542697114625,19.945901010251 73.542703271738,19.945907907024 73.542709470642,19.945914770244 73.542715710503,19.945921600197 73.542721990481,19.945928397192 73.542728309726,19.945935161567 73.542734667383,19.945941893681 73.542741062588,19.945948593918 73.542747494473,19.945955262684 73.542753962165,19.945961900412 73.542760464789,19.945968507558 73.542767001458,19.945975084596 73.542773571288,19.945981632022 73.542780173390,19.945988150359 73.542786806872,19.945994640146 73.542793470836,19.946001101952 73.542800164375,19.946007536365 73.542806886592,19.946013943990 73.542813636598,19.946020325438 73.542820413512,19.946026681333 73.542827216464,19.946033012307 73.542834044587,19.946039319004 73.542840897025,19.946045602076 73.542847772926,19.946051862187 73.542854671444,19.946058100009 73.542861591741,19.946064316228 73.542868532994,19.946070511516 73.542875494493,19.946076686460 73.542882475555,19.946082841621 73.542889475493,19.946088977588 73.542896493603,19.946095094964 73.542903529179,19.946101194376 73.542910581503,19.946107276470 73.542917649849,19.946113341910 73.542924733487,19.946119391377 73.542931831680,19.946125425571 73.542938943685,19.946131445206 73.542946068754,19.946137451010 73.542953206137,19.946143443729 73.542960355076,19.946149424116 73.542967514815,19.946155392939 73.542974684594,19.946161350976 73.542981863675,19.946167298991 73.542989051920,19.946173237102 73.542996249848,19.946179164712 73.543003458008,19.946185081193 73.543010676938,19.946190985916 73.543017907174,19.946196878255 73.543025149241,19.946202757584 73.543032403657,19.946208623281 73.543039670932,19.946214474726 73.543046951574,19.946220311306 73.543054246070,19.946226132406 73.543061554897,19.946231937410 73.543068878524,19.946237725711 73.543076217409,19.946243496706 73.543083571998,19.946249249797 73.543090942725,19.946254984389 73.543098330013,19.946260699894 73.543105734273,19.946266395731 73.543113155903,19.946272071316 73.543120595294,19.946277726068 73.543128052831,19.946283359406 73.543135528889,19.946288970747 73.543143023837,19.946294559509 73.543150538033,19.946300125109 73.543158071830,19.946305666965 73.543165625574,19.946311184497 73.543173199595,19.946316677118 73.543180794218,19.946322144244 73.543188409758,19.946327585291 73.543196046521,19.946332999674 73.543203704804,19.946338386808 73.543211384896,19.946343746108 73.543219087076,19.946349076992 73.543226811610,19.946354378873 73.543234558757,19.946359651168 73.543242328767,19.946364893293 73.543250121877,19.946370104665 73.543257938317,19.946375284702 73.543265778304,19.946380432821 73.543273642044,19.946385548442 73.543281529735,19.946390630986 73.543289441568,19.946395679865 73.543297377725,19.946400694489 73.543305338382,19.946405674271 73.543313323695,19.946410618624 73.543321333815,19.946415526969 73.543329368874,19.946420398727 73.543337428994,19.946425233326 73.543345514285,19.946430030199 73.543353624842,19.946434788780 73.543361760746,19.946439508510 73.543369922068,19.946444188839 73.543378108862,19.946448829217 73.543386321170,19.946453429103 73.543394559023,19.946457987967 73.543402822414,19.946462505312 73.543411111320,19.946466980660 73.543419425720,19.946471413525 73.543427765582,19.946475803408 73.543436130875,19.946480149808 73.543444521567,19.946484452212 73.543452937616,19.946488710100 73.543461378983,19.946492922936 73.543469845633,19.946497090159 73.543478337530,19.946501211190 73.543486854633,19.946505285446 73.543495396890,19.946509312334 73.543503964250,19.946513291253 73.543512556648,19.946517221596 73.543521174019,19.946521102744 73.543529816285,19.946524934076 73.543538483362,19.946528714957 73.543547175160,19.946532444750 73.543555891582,19.946536122806 73.543564632523,19.946539748453 73.543573397887,19.946543320987 73.543582187569,19.946546839695 73.543591001451,19.946550303853 73.543599839402,19.946553712729 73.543608701287,19.946557065584 73.543617586956,19.946560361673 73.543626496248,19.946563600240 73.543635428988,19.946566780522 73.543644384993,19.946569901752 73.543653364064,19.946572963153 73.543662365987,19.946575963943 73.543671390538,19.946578903332 73.543680437476,19.946581780527 73.543689506547,19.946584594727 73.543698597481,19.946587345128 73.543707709993,19.946590030919 73.543716843781,19.946592651289 73.543725998541,19.946595205382 73.543735173972,19.946597692260 73.543744369759,19.946600110967 73.543753585567,19.946602460548 73.543762821037,19.946604740045 73.543772075791,19.946606948503 73.543781349424,19.946609084965 73.543790641513,19.946611148479 73.543799951610,19.946613138092 73.543809279240,19.946615052858 73.543818623910,19.946616891835 73.543827985097,19.946618654086 73.543837362258,19.946620338684 73.543846754824,19.946621944707 73.543856162201,19.946623471245 73.543865583769,19.946624917398 73.543875018886,19.946626282280 73.543884466882,19.946627565015 73.543893927066,19.946628764753 73.543903398715,19.946629880696 73.543912881081,19.946630912050 73.543922373398,19.946631858002 73.543931874883,19.946632717722 73.543941384730,19.946633490361 73.543950902111,19.946634175053 73.543960426171,19.946634770914 73.543969956035,19.946635277048 73.543979490799,19.946635692542 73.543989029533,19.946636016471 73.543998571277,19.946636247896 73.544008115043,19.946636385868 73.544017659812,19.946636429429 73.544027204532,19.946636377612 73.544036748146,19.946636230286 73.544046289770,19.946635993567 73.544055828740,19.946635675514 73.544065364610,19.946635283060 73.544074897061,19.946634822293 73.544084425967,19.946634299898 73.544093951386,19.946633723393</coordinates></LineString><LineString><coordinates>73.538630836708,19.939888597536 73.539374072603,19.940408900852 73.539401795784,19.940463154544 73.539417154410,19.940493211042 73.539432513042,19.940523267539 73.539447871680,19.940553324036 73.539463230323,19.940583380531 73.539478587803,19.940613434739 73.539493949152,19.940643500100 73.539509307011,19.940673558630 73.539526052963,19.940706333932 73.539536760280,19.940730659073 73.539543310746,19.940747822117 73.539549600946,19.940764303229 73.539557075852,19.940786244141 73.539564882160,19.940811690705 73.539572469727,19.940836424222 73.539581041537,19.940866090572 73.539588087068,19.940900683593 73.539594303369,19.940931205147 73.539600520945,19.940961732953 73.539604873409,19.940983089693 73.539608913594,19.941002910876 73.539613293044,19.941024396491 73.539618149728,19.941052993685 73.539623007041,19.941084671323 73.539627867591,19.941116370057 73.539632205501,19.941148151806 73.539633700435,19.941170493533 73.539634959385,19.941189308486 73.539636453290,19.941211634830 73.539636422328,19.941228897268 73.539636395961,19.941242659801 73.539636366564,19.941258002261 73.539635901580,19.941272043818 73.539635332196,19.941283634652 73.539634720829,19.941296080108 73.539633217607,19.941314428961 73.539630826799,19.941337554905 73.539628500446,19.941360057381 73.539625249698,19.941388940208 73.539620877818,19.941404259599 73.539618863905,19.941411316498 73.539615642451,19.941422604706 73.539607585407,19.941443845778 73.539600028842,19.941462937018 73.539593415755,19.941479185041 73.539558075769,19.941577946401 73.539500365579,19.941741360602 73.539442369677,19.941905583435 73.539391154724,19.942045124802 73.539347333062,19.942094342469 73.539226410204,19.942221616052 73.539092760991,19.942341637032 73.539040028765,19.942407391341 73.538784298876,19.942697754361 73.538773797941,19.942711070467 73.538763050488,19.942725397886 73.538753077997,19.942739420730 73.538743848076,19.942753159744 73.538735327067,19.942766638121 73.538727480336,19.942779881816 73.538720272677,19.942792919793 73.538713668798,19.942805784153 73.538707633883,19.942818510128 73.538702134186,19.942831135905 73.538697137619,19.942843702282 73.538692614280,19.942856252151 73.538688536872,19.942868829855 73.538684880986,19.942881480430 73.538680730128,19.942897759100 73.538677731820,19.942911949549 73.538677210144,19.942914426443 73.538676711936,19.942916803396 73.538676190154,19.942919308051 73.538675665489,19.942921846340 73.538675139405,19.942924416085 73.538674612785,19.942927017582 73.538674086505,19.942929651728 73.538673561548,19.942932318510 73.538673039235,19.942935016888 73.538672520285,19.942937748923 73.538672006089,19.942940513044 73.538671497952,19.942943308915 73.538670996502,19.942946139810 73.538670503352,19.942949003071 73.538670007710,19.942951971864 73.538669780631,19.942953366345 73.538669545661,19.942954835491 73.538669313645,19.942956313309 73.538669084856,19.942957799568 73.538668859249,19.942959295356 73.538668637280,19.942960798987 73.538668419044,19.942962310974 73.538668204703,19.942963831572 73.538667994422,19.942965360797 73.538667788306,19.942966899325 73.538667586634,19.942968446341 73.538667389762,19.942970000710 73.538667197588,19.942971564937 73.538667010427,19.942973137637 73.538666828384,19.942974720089 73.538666651782,19.942976310547 73.538666480914,19.942977909006 73.538666315759,19.942979516959 73.538666156692,19.942981133208 73.538666003818,19.942982758574 73.538665857367,19.942984392997 73.538665717510,19.942986036862 73.538665584565,19.942987688938 73.538665458817,19.942989348529 73.538665340325,19.942991018120 73.538665229288,19.942992697336 73.538665126054,19.942994384810 73.538665030832,19.942996080638 73.538664943880,19.942997784752 73.538664865355,19.942999498364 73.538664795485,19.943001221556 73.538664734566,19.943002952650 73.538664682852,19.943004691865 73.538664640535,19.943006440663 73.538664607858,19.943008198085 73.538664585105,19.943009963879 73.538664572489,19.943011737718 73.538664570307,19.943013520200 73.538664578754,19.943015312034 73.538664598114,19.943017112766 73.538664628544,19.943018918615 73.538664669755,19.943020714844 73.538664721514,19.943022502910 73.538664785148,19.943024326981 73.538664855471,19.943026047406 73.538664937836,19.943027817562 73.538665029499,19.943029572430 73.538665130595,19.943031319284 73.538665240809,19.943033057257 73.538665359967,19.943034786147 73.538665487984,19.943036508680 73.538665624464,19.943038222533 73.538665769129,19.943039926683 73.538665921823,19.943041621927 73.538666082479,19.943043309724 73.538666250731,19.943044988964 73.538666426423,19.943046659662 73.538666609399,19.943048322852 73.538666799274,19.943049976642 73.538666995817,19.943051620884 73.538667199144,19.943053258011 73.538667408873,19.943054887139 73.538667624527,19.943056505617 73.538667846354,19.943058116897 73.538668074109,19.943059720837 73.538668307243,19.943061314860 73.538668545884,19.943062900972 73.538668789832,19.943064479410 73.538669038682,19.943066048574 73.538669292462,19.943067609871 73.538669550845,19.943069162473 73.538669798551,19.943070617595 73.538670353699,19.943073776108 73.538670908136,19.943076807192 73.538671477273,19.943079806628 73.538672059507,19.943082773086 73.538672653559,19.943085706671 73.538673258325,19.943088608347 73.538673872768,19.943091479154 73.538674492839,19.943094306478 73.538675465148,19.943098636303 73.538678243269,19.943112167679 73.538680837690,19.943122779781 73.538683822562,19.943133281529 73.538687193512,19.943143663903 73.538690946147,19.943153917744 73.538695076047,19.943164033796 73.538699578763,19.943174002733 73.538704449822,19.943183815199 73.538709684739,19.943193461839 73.538715279035,19.943202933328 73.538721228259,19.943212220401 73.538734751061,19.943231740087 73.538753651223,19.943246758413 73.538764514935,19.943255390864 73.538765193918,19.943255930392 73.538765533409,19.943256200157 73.538766344387,19.943256844571 73.538768426785,19.943258548974 73.538781397283,19.943269169138 73.538807289081,19.943290369187</coordinates></LineString><LineString><coordinates>73.544095917105,19.946742183728 73.544633150272,19.946720891557 73.544687806498,19.946699172477 73.544704342499,19.946692582989 73.544720676803,19.946686055481 73.544736811177,19.946679589554 73.544752747387,19.946673184809 73.544768487202,19.946666840846 73.544784032388,19.946660557267 73.544799384713,19.946654333670 73.544814545943,19.946648169659 73.544829517847,19.946642064833 73.544844302194,19.946636018791 73.544858900814,19.946630031103 73.544873315467,19.946624101372 73.544887547876,19.946618229218 73.544901599767,19.946612414263 73.544915472864,19.946606656128 73.544929168890,19.946600954435 73.544942689570,19.946595308805 73.544956036628,19.946589718858 73.544969211789,19.946584184216 73.544982216775,19.946578704500 73.544995053313,19.946573279332 73.545007723125,19.946567908333 73.545020227936,19.946562591123 73.545032569470,19.946557327324 73.545044749451,19.946552116558 73.545056769604,19.946546958444 73.545068631653,19.946541852606 73.545080337321,19.946536798663 73.545091888333,19.946531796237 73.545114533286,19.946521944422 73.545136580386,19.946512294070 73.545158043033,19.946502842338 73.545178934077,19.946493586712 73.545199266359,19.946484524679 73.545219052718,19.946475653728 73.545238305997,19.946466971349 73.545257039037,19.946458475029 73.545275264678,19.946450162258 73.545292995762,19.946442030524 73.545310245129,19.946434077316 73.545327025622,19.946426300122 73.545343349858,19.946418696594 73.545359229436,19.946411264940 73.545374675679,19.946404003489 73.545389699915,19.946396910570 73.545404313469,19.946389984512 73.545418527668,19.946383223642 73.545432353838,19.946376626290 73.545445803303,19.946370190785 73.545458887392,19.946363915454 73.545471617428,19.946357798627 73.545484004633,19.946351838714 73.545496058527,19.946346035291 73.545507789663,19.946340386845 73.545519209197,19.946334891362 73.545530328287,19.946329546827 73.545541158088,19.946324351227 73.545551709758,19.946319302547 73.545561994454,19.946314398772 73.545572023332,19.946309637888 73.545581807550,19.946305017881 73.545591358263,19.946300536735 73.545600686881,19.946296192187 73.545609807109,19.946291979969 73.545618733179,19.946287895701 73.545627479222,19.946283935135 73.545644520828,19.946276352980 73.545661180872,19.946269128723 73.545677489517,19.946262244740 73.545693445427,19.946255696966 73.545709047264,19.946249481337 73.545724292745,19.946243594202 73.545739174211,19.946238033708 73.545753685288,19.946232796660 73.545767820025,19.946227879635 73.545781572469,19.946223279211 73.545794936767,19.946218992115 73.545807906351,19.946215014692 73.545820473010,19.946211341684 73.545832628427,19.946207967717 73.545844364285,19.946204887418 73.545855672269,19.946202095412 73.545866544062,19.946199586327 73.545876971056,19.946197354997 73.545886942602,19.946195393740 73.545896447194,19.946193692029 73.545905473322,19.946192239279 73.545914009477,19.946191024907 73.545922044148,19.946190038326 73.545929565826,19.946189268954 73.545936561817,19.946188703594 73.545943019298,19.946188323924 73.545948926845,19.946188112010 73.545954289410,19.946188048370 73.545959140482,19.946188111601 73.545963504201,19.946188281694 73.545967404582,19.946188538654 73.545970865803,19.946188862331 73.545973919176,19.946189233568 73.545976605506,19.946189640428 73.545978966237,19.946190072241 73.545981042810,19.946190518337 73.545982878812,19.946190969070 73.545984524001,19.946191425981 73.545987434601,19.946192390998 73.545990159423,19.946193486153 73.545993041360,19.946194858240 73.545994631655,19.946195706762 73.545996368247,19.946196695880 73.545998274223,19.946197852741 73.546000364725,19.946199201544 73.546002654747,19.946200766192 73.546005159268,19.946202570585 73.546007887690,19.946204636349 73.546010841757,19.946206979896 73.546014023670,19.946209616952 73.546017422936,19.946212551620 73.546021014994,19.946215773294 73.546024783610,19.946219277907 73.546028739332,19.946223083700 73.546032888696,19.946227204958 73.546037236598,19.946231655111 73.546041785549,19.946236440942 73.546046537652,19.946241567608 73.546051495009,19.946247040264 73.546056659723,19.946252864066 73.546062033662,19.946259043589 73.546067618024,19.946265578381 73.546073415194,19.946272466315 73.546079427704,19.946279705367 73.546085658085,19.946287293517 73.546092108868,19.946295228743 73.546098782819,19.946303508210 73.546105684182,19.946312127279 73.546112817770,19.946321081623 73.546120188397,19.946330366926 73.546127800879,19.946339978871 73.546135660042,19.946349913134 73.546143771533,19.946360165177 73.546152141922,19.946370730718 73.546160777757,19.946381605628 73.546169685584,19.946392785778 73.546178871164,19.946404265344 73.546188303273,19.946415996278 73.546197918092,19.946427898192 73.546207687226,19.946439939174 73.546217590039,19.946452097415 73.546237703388,19.946476663520 73.546278486050,19.946526048853 73.546298762772,19.946550432728 73.546308784046,19.946562448862 73.546318693388,19.946574309991 73.546328465393,19.946585987763 73.546338074654,19.946597453824 73.546347495766,19.946608679822 73.546356703323,19.946619637404 73.546365671920,19.946630298218 73.546374375780,19.946640633444 73.546382788274,19.946650613193 73.546390883145,19.946660208065 73.546398634092,19.946669388604 73.546406014350,19.946678124803 73.546409557046,19.946682316827 73.546412996944,19.946686386407 73.546416330555,19.946690329622 73.546419554353,19.946694142508 73.546422665349,19.946697821760 73.546425672439,19.946701378072 73.546431426125,19.946708178208 73.546436907387,19.946714641918 73.546442182813,19.946720836145 73.546452395757,19.946732689932 73.546462655955,19.946744282999 73.546467990714,19.946750135718 73.546473538062,19.946756066599 73.546479344359,19.946762090686 73.546485438687,19.946768200416 73.546491794351,19.946774340152 73.546498373964,19.946780448147 73.546505116709,19.946786448899 73.546511933079,19.946792272193 73.546518736723,19.946797858317 73.546525446265,19.946803161229 73.546532020412,19.946808183489 73.546538434160,19.946812939593 73.546544697642,19.946817469044 73.546550857073,19.946821831950 73.546563101984,19.946830318643 73.546569344543,19.946834583996 73.546575775982,19.946838956472 73.546582476374,19.946843500384 73.546589564053,19.946848304825 73.546597110742,19.946853421777 73.546605080630,19.946858828580 73.546613436930,19.946864501908 73.546622142853,19.946870418436 73.546631161611,19.946876554838 73.546640454856,19.946882886735 73.546649980891,19.946889387443 73.546659698878,19.946896030837 73.546679547476,19.946909641243 73.546699674068,19.946923509022 73.546719743631,19.946937419000 73.546729648321,19.946944319499 73.546739408096,19.946951146003 73.546748979678,19.946957870582 73.546758317742,19.946964463730 73.546767370772,19.946970890809 73.546776086769,19.946977116771 73.546784413732,19.946983106565 73.546792299377,19.946988824905 73.546799681659,19.946994228206 73.546803162003,19.946996795773 73.546806489861,19.946999265256 73.546809654557,19.947001628572 73.546812644731,19.947003877009 73.546815441686,19.947005996232 73.546818077176,19.947008009562 73.546823067044,19.947011868122 73.546827807512,19.947015586879 73.546836979647,19.947022891265 73.546841672595,19.947026652301 73.546846639988,19.947030619081 73.546849285327,19.947032713630 73.546852070069,19.947034900341 73.546855018316,19.947037193309 73.546858158457,19.947039607138 73.546861520209,19.947042148758 73.546865133066,19.947044823999 73.546869026522,19.947047638690 73.546873230069,19.947050598658 73.546877773896,19.947053705827 73.546882682468,19.947056946871 73.546887975782,19.947060304967 73.546893673917,19.947063763200 73.546899791176,19.947067296655 73.546906320349,19.947070866841 73.546913250197,19.947074434005 73.546920568262,19.947077957198 73.546928239700,19.947081389094 73.546936210133,19.947084685859 73.546944424526,19.947087804450 73.546952822226,19.947090702510 73.546961327496,19.947093353439 73.546969866621,19.947095741194 73.546978365957,19.947097849873 73.546986752737,19.947099673195 73.546994972817,19.947101224052 73.547002978058,19.947102517332 73.547010720984,19.947103568584 73.547018172457,19.947104401245 73.547025323394,19.947105040472 73.547032165723,19.947105510813 73.547038694382,19.947105836954 73.547044921827,19.947106040755 73.547050865553,19.947106140799 73.547056542964,19.947106155579 73.547061974747,19.947106101779 73.547067186787,19.947105990418 73.547072204634,19.947105831430 73.547077053501,19.947105634726 73.547086344987,19.947105154762 73.547104164003,19.947103937426 73.547121939578,19.947102471677 73.547140121830,19.947100828817 73.547158848869,19.947099069187 73.547178097193,19.947097252422 73.547197788543,19.947095438998 73.547217759796,19.947093690802 73.547237832907,19.947092069944 73.547257785638,19.947090636894 73.547277376797,19.947089450408 73.547286953766,19.947088966770 73.547296333489,19.947088563541 73.547305476779,19.947088246030 73.547314344195,19.947088019470 73.547322890380,19.947087887064 73.547331065514,19.947087850116 73.547338833187,19.947087909144 73.547346271272,19.947088062589 73.547353448098,19.947088307647 73.547360349792,19.947088639718 73.547366970238,19.947089054252 73.547373303278,19.947089545704 73.547379342765,19.947090107947 73.547385082554,19.947090734856 73.547390516131,19.947091420597 73.547395637562,19.947092157272 73.547400441823,19.947092935258 73.547404923896,19.947093744929 73.547409078764,19.947094576656 73.547412901407,19.947095420813 73.547416386937,19.947096267508 73.547419532577,19.947097103890 73.547422337049,19.947097916341 73.547424799077,19.947098691425 73.547425700879,19.947101002352 73.547426673901,19.947103622504 73.547427711603,19.947106553772 73.547428807443,19.947109798050 73.547429954878,19.947113357229 73.547431147371,19.947117233148 73.547432379183,19.947121425771 73.547433646356,19.947125933880 73.547434945172,19.947130756467 73.547436271909,19.947135892524 73.547437622847,19.947141341042 73.547438993865,19.947147098611 73.547440383516,19.947153166302 73.547441799767,19.947159583378 73.547443249714,19.947166383545 73.547444732353,19.947173553744 73.547446246009,19.947181074842 73.547447788767,19.947188927445 73.547449360999,19.947197095832 73.547450964739,19.947205567249 73.547452602022,19.947214328939 73.547454274885,19.947223368148 73.547455985363,19.947232672121 73.547457735491,19.947242228104 73.547459527316,19.947252023359 73.547461364055,19.947262047313 73.547463250065,19.947272291725 73.547465189535,19.947282748116 73.547467186650,19.947293408010 73.547469245600,19.947304262928 73.547471370570,19.947315304394 73.547473565749,19.947326523930 73.547475835335,19.947337913100 73.547478184011,19.947349464626 73.547480617080,19.947361172063 73.547483139879,19.947373028897 73.547485757743,19.947385028616 73.547488476011,19.947397164707 73.547491300017,19.947409430658 73.547494235099,19.947421819956 73.547497286597,19.947434326151 73.547500460295,19.947446943490 73.547503762679,19.947459666409 73.547507200288,19.947472489300 73.547510779662,19.947485406556 73.547514507339,19.947498412569 73.547518389861,19.947511501732 73.547522433765,19.947524668438 73.547526646404,19.947537908753 73.547531036310,19.947551219423 73.547535607822,19.947564586408 73.547540364908,19.947577994814 73.547545309093,19.947591425894 73.547550441200,19.947604866988 73.547555765932,19.947618316324 73.547561288037,19.947631772201 73.547567012436,19.947645232779 73.547572943055,19.947658696039 73.547579083448,19.947672159962 73.547585437164,19.947685622529 73.547592007755,19.947699081722 73.547598798772,19.947712535521 73.547605813767,19.947725981909 73.547613056120,19.947739418744 73.547620528251,19.947752844058 73.547628232331,19.947766256551 73.547636170539,19.947779654949 73.547644345053,19.947793037978 73.547652758052,19.947806404366 73.547661411713,19.947819752837 73.547670308191,19.947833082117 73.547679449132,19.947846391338 73.547688836138,19.947859680706 73.547698470924,19.947872950581 73.547708355201,19.947886201326 73.547718490685,19.947899433300 73.547728879087,19.947912646866 73.547739522121,19.947925842383 73.547750421421,19.947939020444 73.547761578823,19.947952182730 73.547772996509,19.947965331210 73.547784676666,19.947978467851 73.547796621480,19.947991594620 73.547808833140,19.948004713485 73.547821313832,19.948017826411 73.547834065780,19.948030935428 73.547847091739,19.948044043360 73.547860394561,19.948057153068 73.547873973086,19.948070264255 73.547887850968,19.948083398821 73.547902171962,19.948096676381 73.547909535813,19.948103394834 73.547917043747,19.948110168152 73.547924702283,19.948116998346 73.547932517933,19.948123887426 73.547940496541,19.948130836700 73.547948644809,19.948137849037 73.547956970269,19.948144928434 73.547965480451,19.948152078889 73.547974182887,19.948159304399 73.547983085107,19.948166608963 73.547992194641,19.948173996578 73.548001519022,19.948181471242 73.548011065793,19.948189036996 73.548020843431,19.948196699325 73.548030861859,19.948204464855 73.548041131119,19.948212340139 73.548051661256,19.948220331729 73.548062462313,19.948228446178 73.548073544335,19.948236690040 73.548084917363,19.948245069866 73.548096591444,19.948253592210 73.548108576749,19.948262263743 73.548120884668,19.948271092083 73.548133526768,19.948280084768 73.548146514539,19.948289249247 73.548159859471,19.948298592969 73.548173573055,19.948308123383 73.548187666781,19.948317847940 73.548202152140,19.948327774087 73.548217040621,19.948337909275 73.548232343878,19.948348261104 73.548248074011,19.948358837414 73.548264242839,19.948369645594 73.548280862156,19.948380693010 73.548297943757,19.948391987023 73.548315499438,19.948403534998 73.548333540994,19.948415344298 73.548352080219,19.948427422286 73.548371128908,19.948439776326 73.548390698856,19.948452413781 73.548400682988,19.948458841091 73.548410801858,19.948465342015 73.548421056941,19.948471917474 73.548431449710,19.948478568390 73.548441981640,19.948485295682 73.548452654206,19.948492100270 73.548463468881,19.948498983076 73.548474427141,19.948505945019 73.548485530459,19.948512987020 73.548496780310,19.948520110000 73.548508178168,19.948527314878 73.548519725508,19.948534602576 73.548531423805,19.948541974013 73.548543274531,19.948549430110 73.548555279169,19.948556971766 73.548567439178,19.948564599845 73.548579755999,19.948572315225 73.548592231068,19.948580118787 73.548604865824,19.948588011411 73.548617661705,19.948595993975 73.548630620150,19.948604067360 73.548643742596,19.948612232446 73.548657030481,19.948620490113 73.548670485244,19.948628841239 73.548684108323,19.948637286706 73.548697901155,19.948645827391 73.548711865179,19.948654464177 73.548726001834,19.948663197941 73.548740312557,19.948672029564 73.548754798786,19.948680959925 73.548769461960,19.948689989905 73.548784303517,19.948699120382 73.548799324894,19.948708352238 73.548814527531,19.948717686351 73.548829912865,19.948727123601 73.548845482333,19.948736664868 73.548861237376,19.948746311031 73.548877179430,19.948756062971 73.548893309934,19.948765921567 73.548909630325,19.948775887699 73.548926142043,19.948785962246 73.548942846525,19.948796146089 73.548959745209,19.948806440106 73.548976839534,19.948816845178 73.548994130937,19.948827362185 73.549011620858,19.948837992006 73.549029310733,19.948848735520 73.549047201997,19.948859593605 73.549065296026,19.948870567088 73.549083594222,19.948881656820 73.549102098001,19.948892863664 73.549120808778,19.948904188483 73.549139727970,19.948915632139 73.549158856991,19.948927195494 73.549178197258,19.948938879412 73.549197750186,19.948950684753 73.549217517191,19.948962612382 73.549237499689,19.948974663160 73.549257699095,19.948986837950 73.549278116825,19.948999137614 73.549298754295,19.949011563015 73.549319612920,19.949024115015 73.549340694117,19.949036794478 73.549361999301,19.949049602264 73.549383529887,19.949062539237 73.549405287292,19.949075606259 73.549427272931,19.949088804193 73.549547002738,19.949160644901</coordinates></LineString><LinearRing><coordinates>73.548018393552,19.946268165591 73.548159914162,19.946413544950 73.548018393552,19.946268165591</coordinates></LinearRing><LineString><coordinates>73.546190621849,19.944859601167 73.546199757946,19.944857084848 73.546208968449,19.944854824056 73.546218245369,19.944852820753 73.546227580657,19.944851076677 73.546236966214,19.944849593340 73.546246393898,19.944848372031 73.546255855530,19.944847413807 73.546265342902,19.944846719501 73.546274847782,19.944846289715 73.546284361924,19.944846124822 73.546293877075,19.944846224965 73.546303384980,19.944846590057 73.546312877390,19.944847219781 73.546322346070,19.944848113590 73.546331782805,19.944849270711 73.546341179408,19.944850690138 73.546350527728,19.944852370640 73.546359819654,19.944854310759 73.546369047126,19.944856508813 73.546378202136,19.944858962893 73.546387276744,19.944861670872 73.546396263077,19.944864630400 73.546405153337,19.944867838909 73.546413939814,19.944871293616 73.546422614883,19.944874991523 73.546431171019,19.944878929423 73.546439600799,19.944883103899 73.546447896909,19.944887511330 73.546456052152,19.944892147891 73.546464059454,19.944897009561 73.546471911867,19.944902092122 73.546479602578,19.944907391164 73.546487124917,19.944912902090 73.546494472356,19.944918620119 73.546501638521,19.944924540290 73.546508617196,19.944930657467 73.546515402325,19.944936966344 73.546521988023,19.944943461447 73.546528368576,19.944950137141 73.546684295358,19.945117692373 73.546980565571,19.945424857209 73.547324682505,19.945851151671 73.547443319150,19.945901650465 73.547484310983,19.945912198875 73.547561862115,19.945920955725 73.547688073510,19.945924942662 73.547840685604,19.945936968958 73.548009362397,19.945987202164 73.548110859642,19.946047501382 73.548184727627,19.946118892453 73.548336555783,19.946274860213 73.548459725328,19.946430695330 73.548502848217,19.946494498608 73.548532591530,19.946544585165 73.548562632858,19.946603663611 73.548589159919,19.946668775672 73.548613297911,19.946747325610 73.548639076306,19.946855913729 73.548657418812,19.946930548685 73.548673553162,19.946980125797 73.548687912506,19.947012208313 73.548706321998,19.947044252414 73.548741706860,19.947096131915 73.548750086768,19.947107462771 73.549221646480,19.947412446967 73.549704477381,19.947701420857 73.550764549524,19.947956948587</coordinates></LineString><LineString><coordinates>73.540435045847,19.943654209250 73.540468732326,19.943651062583 73.540536105280,19.943644769229 73.540723198818,19.943627292555 73.541240851755,19.943807401049 73.541677467517,19.943947209507 73.542006829329,19.944052661317 73.542450586530,19.944207641246 73.543119966642,19.944675147494 73.543565066116,19.945139204732 73.543982792577,19.945461260375 73.544326118675,19.945632709349 73.544652002457,19.945489933040 73.545187124069,19.945305861427 73.545282523627,19.945263446399 73.545502743584,19.945160756300 73.545917363729,19.944949001681 73.546190621849,19.944859601167</coordinates></LineString><LineString><coordinates>73.538882332825,19.943208412994 73.538934116460,19.943250813076 73.539141251280,19.943420413272 73.539193035055,19.943462813287 73.539207200135,19.943474411501 73.539451925780,19.943680556121 73.539456250106,19.943684200538 73.539466253754,19.943690559811 73.539507603414,19.943716845587 73.539590302775,19.943769417111 73.539673002193,19.943821988600 73.539683256898,19.943828507446 73.539804106193,19.943832872339 73.539849546249,19.943834513544 73.540011121262,19.943746258422 73.540052161281,19.943723841600 73.540072681287,19.943712633184 73.540086523962,19.943705072051 73.540131371736,19.943682575475 73.540177471948,19.943678269284 73.540179713830,19.943678059871 73.540184197593,19.943677641045 73.540255937803,19.943670939811 73.540399418212,19.943657537256 73.540435045704,19.943654209264</coordinates></LineString><LineString><coordinates>73.539289802142,19.941990638166 73.539260822926,19.942023185732 73.539144169547,19.942145965549 73.539007051918,19.942269101213 73.538950263184,19.942339913733 73.538694236732,19.942630613304</coordinates></LineString><LineString><coordinates>73.538558006910,19.943095634044 73.538558697102,19.943099271471 73.538559401278,19.943102859229 73.538560114784,19.943106382725 73.538560835900,19.943109842666 73.538561562880,19.943113239278 73.538562294068,19.943116573270 73.538563114802,19.943120228120 73.538566089053,19.943134714842 73.538569597764,19.943149066753 73.538573634598,19.943163269681 73.538578193556,19.943177311097 73.538583268641,19.943191178476 73.538588853853,19.943204859290 73.538594943196,19.943218341011 73.538601530669,19.943231611113 73.538608610276,19.943244657068 73.538616176017,19.943257466350 73.538624221894,19.943270026430 73.538632741909,19.943282324782 73.538641730064,19.943294348879 73.538651180360,19.943306086193 73.538652393842,19.943307532569 73.538653003252,19.943308253996 73.538653418024,19.943308714227 73.538654097006,19.943309253756 73.538655454970,19.943310332813 73.538658170897,19.943312490927 73.538679898320,19.943329755841 73.538690762033,19.943338388296 73.538691441016,19.943338927825 73.538691780507,19.943339197589 73.538691950252,19.943339332471 73.538693407546,19.943340525240 73.538706353449,19.943351125275 73.538732245260,19.943372325344 73.538784028902,19.943414725471 73.538991163752,19.943584325842 73.539042947534,19.943626725901 73.539055893484,19.943637325913 73.539299414987,19.943842456414 73.539308385231,19.943850016302 73.539312870353,19.943853796245 73.539317659292,19.943857356537 73.539338334127,19.943870499444 73.539379683808,19.943896785250 73.539462383212,19.943949356836 73.539545082673,19.944001928387 73.539586432424,19.944028214149 73.539607107305,19.944041357027 73.539609695062,19.944042827841 73.539612309990,19.944042922291 73.539617539846,19.944043111189 73.539627999557,19.944043488985 73.539795354956,19.944049533645 73.539879032665,19.944052555916 73.539899952093,19.944053311478 73.539905181950,19.944053500368 73.539906489414,19.944053547590 73.539907780238,19.944053096315 73.539910345245,19.944051695266 73.539920605275,19.944046091068 73.539961645386,19.944023674273 73.540125805718,19.943934006990 73.540166845773,19.943911590143 73.540187365797,19.943900381716 73.540197625807,19.943894777501 73.540198890358,19.943894143177 73.540200011300,19.943894038470 73.540202253185,19.943893829057 73.540206736954,19.943893410231 73.540278477262,19.943886708994 73.540421957866,19.943873306433 73.540457585390,19.943869978441 73.540491271914,19.943866831773 73.540558644960,19.943860538416 73.540693391042,19.943847951624 73.541164481717,19.944011859557 73.541603927950,19.944152574420 73.541930330319,19.944257078751 73.542340579081,19.944400356128 73.542965428040,19.944836761367 73.543406812870,19.945296946198 73.543855566725,19.945642923385 73.544319466974,19.945874584212 73.544739546991,19.945690538808 73.545275276390,19.945506258112 73.545382016692,19.945458800945 73.545607964318,19.945353439984 73.546009935559,19.945148145416 73.546265591171,19.945064503824 73.546275496219,19.945063117148 73.546285500347,19.945062718408 73.546295493663,19.945063311984 73.546305366394,19.945064891356 73.546315010092,19.945067439175 73.546324318824,19.945070927454 73.546333190338,19.945075317875 73.546341527184,19.945080562213 73.546349237785,19.945086602859 73.546356237441,19.945093373459 73.546513512038,19.945262377234 73.546804394824,19.945563956921 73.547177639469,19.946026335515 73.547365677743,19.946106375822 73.547440377484,19.946125598281 73.547544409111,19.946137345242 73.547674716485,19.946141461586 73.547796180247,19.946151033316 73.547912355381,19.946185631152 73.547965926018,19.946217457330 73.548018393552,19.946268165591 73.548159914162,19.946413544950 73.548271040137,19.946554142662 73.548306123209,19.946606050576 73.548329101497,19.946644745185 73.548351988639,19.946689754526 73.548371694458,19.946738123656 73.548391130639,19.946801373234 73.548415541067,19.946904199584 73.548435901099,19.946987044259 73.548457840157,19.947054458181 73.548481103900,19.947106435602 73.548508957393,19.947154918322 73.548551343415,19.947217062688 73.548586139769,19.947264112497 73.549095569834,19.947593589886 73.549612587684,19.947903024755 73.550707911165,19.948167049965</coordinates></LineString><LineString><coordinates>73.538694236732,19.942630613304 73.538681080451,19.942647296611 73.538668716958,19.942663778361 73.538657112483,19.942680096010 73.538646247024,19.942696269558 73.538636100579,19.942712319004 73.538626653145,19.942728264347 73.538617884719,19.942744125586 73.538609775300,19.942759922722 73.538602304883,19.942775675752 73.538595453468,19.942791404676 73.538589201051,19.942807129494 73.538583527629,19.942822870204 73.538578413200,19.942838646805 73.538573837762,19.942854479298 73.538568752173,19.942874423701 73.538565318158,19.942890676220 73.538564786933,19.942893198240 73.538564244892,19.942895783791 73.538563693019,19.942898432880 73.538563132265,19.942901145755 73.538562563769,19.942903922664 73.538561988673,19.942906763616 73.538561408180,19.942909669101 73.538560823527,19.942912639126 73.538560236042,19.942915674183 73.538559647086,19.942918774762 73.538559058152,19.942921940634 73.538558470723,19.942925172770 73.538557886415,19.942928471423 73.538557306815,19.942931836604 73.538556733723,19.942935269287 73.538556450123,19.942937010856 73.538556168853,19.942938769485 73.538555890108,19.942940544937 73.538555614136,19.942942337693 73.538555341162,19.942944147515 73.538555071472,19.942945974405 73.538554805285,19.942947818605 73.538554542887,19.942949680116 73.538554284566,19.942951558702 73.538554030539,19.942953454843 73.538553781094,19.942955368303 73.538553536516,19.942957299322 73.538553297120,19.942959247903 73.538553063164,19.942961213809 73.538552834959,19.942963197522 73.538552612765,19.942965198563 73.538552396958,19.942967217416 73.538552187793,19.942969253842 73.538551985617,19.942971308085 73.538551790751,19.942973379905 73.538551603509,19.942975469547 73.538551424208,19.942977577012 73.538551253200,19.942979702062 73.538551090832,19.942981844941 73.538550937483,19.942984005651 73.538550793443,19.942986183955 73.538550659089,19.942988380095 73.538550534771,19.942990594074 73.538550420903,19.942992825655 73.538550317834,19.942995074841 73.538550302257,19.942995459011</coordinates></LineString><LineString><coordinates>73.538699047018,19.939801465424 73.539464997723,19.940337669977 73.539505017211,19.940415987198 73.539520375854,19.940446043688 73.539535734502,19.940476100178 73.539551093156,19.940506156666 73.539566451815,19.940536213153 73.539581810480,19.940566269639 73.539597173016,19.940596337286 73.539612530895,19.940626395814 73.539630664962,19.940661887899 73.539643657497,19.940691404608 73.539651143549,19.940711018967 73.539658109067,19.940729269464 73.539666709345,19.940754513599 73.539674983923,19.940781486545 73.539682821017,19.940807033397 73.539692784562,19.940841516345 73.539700659352,19.940880180828 73.539706875674,19.940910702380 73.539713091998,19.940941223931 73.539717442872,19.940962572793 73.539721482740,19.940982392350 73.539726200474,19.941005537509 73.539731479122,19.941036619183 73.539736461837,19.941069114493 73.539741451023,19.941101651997 73.539746382055,19.941137779067 73.539748112992,19.941163647568 73.539749371955,19.941182462521 73.539751100834,19.941208300256 73.539751063566,19.941229087373 73.539751037196,19.941242856181 73.539751004749,19.941259797406 73.539750459740,19.941276255886 73.539749850159,19.941288665184 73.539749156615,19.941302783726 73.539747427450,19.941323890701 73.539744924353,19.941348102963 73.539742550166,19.941371068290 73.539738289598,19.941408923582 73.539731559765,19.941432505472 73.539729545856,19.941439562372 73.539725116872,19.941455081891 73.539715228854,19.941481150071 73.539707209988,19.941501409324 73.539701253180,19.941516044926 73.539666741937,19.941612490455 73.539609104036,19.941775700266 73.539550894842,19.941940527371 73.539492507378,19.942099611384 73.539433843276,19.942165499168 73.539308650939,19.942297266521 73.539178470142,19.942414172814 73.539129794423,19.942474868908 73.538874361096,19.942764895376 73.538866515507,19.942774844278 73.538857384094,19.942787017365 73.538849043585,19.942798745401 73.538841449201,19.942810049881 73.538834553624,19.942820957187 73.538828307595,19.942831499232 73.538822660701,19.942841713945 73.538817562360,19.942851645528 73.538812962942,19.942861344445 73.538808814961,19.942870867074 73.538805074241,19.942880275007 73.538801700981,19.942889634035 73.538798660591,19.942899012838 73.538795924253,19.942908481495 73.538792708120,19.942921094430 73.538790159277,19.942933157684 73.538789654824,19.942935552811 73.538789179862,19.942937818862 73.538788687323,19.942940183153 73.538788198747,19.942942546856 73.538787715076,19.942944909437 73.538787236931,19.942947271478 73.538786764863,19.942949634286 73.538786299601,19.942951997824 73.538785842459,19.942954359522 73.538785393517,19.942956723013 73.538784954058,19.942959085385 73.538784525211,19.942961444990 73.538784106620,19.942963808126 73.538783699919,19.942966169467 73.538783281725,19.942968674370 73.538783111167,19.942969721764 73.538782922497,19.942970901425 73.538782737210,19.942972081611 73.538782555603,19.942973261372 73.538782377362,19.942974443126 73.538782203114,19.942975623498 73.538782032830,19.942976803272 73.538781866544,19.942977982955 73.538781704304,19.942979162820 73.538781546098,19.942980343734 73.538781392197,19.942981524307 73.538781243031,19.942982702026 73.538781098078,19.942983881898 73.538780957712,19.942985061391 73.538780821830,19.942986242583 73.538780690819,19.942987422459 73.538780564891,19.942988600523 73.538780443746,19.942989780003 73.538780327785,19.942990958259 73.538780216904,19.942992137170 73.538780111243,19.942993316374 73.538780010829,19.942994496639 73.538779915946,19.942995675741 73.538779826817,19.942996852045 73.538779743182,19.942998030516 73.538779665147,19.942999210644 73.538779593033,19.943000389452 73.538779526906,19.943001567130 73.538779466869,19.943002743776 73.538779412887,19.943003921813 73.538779365069,19.943005101164 73.538779323622,19.943006278950 73.538779288643,19.943007455363 73.538779260134,19.943008633567 73.538779238235,19.943009811399 73.538779223064,19.943010988835 73.538779214700,19.943012164974 73.538779213261,19.943013341251 73.538779218816,19.943014519323 73.538779231488,19.943015698036 73.538779251393,19.943016879190 73.538779278391,19.943018055877 73.538779312450,19.943019232458 73.538779354790,19.943020446105 73.538779400771,19.943021571008 73.538779456128,19.943022760676 73.538779517532,19.943023936237 73.538779585606,19.943025112484 73.538779660102,19.943026287202 73.538779740983,19.943027460711 73.538779828496,19.943028638224 73.538779922196,19.943029814860 73.538780021874,19.943030989058 73.538780127540,19.943032162170 73.538780239403,19.943033337356 73.538780357113,19.943034512163 73.538780480646,19.943035686861 73.538780610071,19.943036863281 73.538780744903,19.943038037641 73.538780885027,19.943039209889 73.538781030960,19.943040384892 73.538781182293,19.943041560403 73.538781338350,19.943042731604 73.538781499950,19.943043905402 73.538781666887,19.943045081033 73.538781838380,19.943046253588 73.538782014940,19.943047427079 73.538782196486,19.943048601742 73.538782382491,19.943049774621 73.538782573265,19.943050948292 73.538782768443,19.943052121099 73.538782937717,19.943053115474 73.538783383172,19.943055649880 73.538783812153,19.943057995087 73.538784257422,19.943060341713 73.538784717713,19.943062686869 73.538785192309,19.943065030543 73.538785680724,19.943067373955 73.538786182630,19.943069718957 73.538786691583,19.943072039613 73.538787815469,19.943077044412 73.538790397457,19.943089620443 73.538792077584,19.943096492738 73.538794010489,19.943103293307 73.538796193425,19.943110016638 73.538798623606,19.943116656944 73.538801298190,19.943123208235 73.538804214275,19.943129664389 73.538807368916,19.943136019221 73.538810759140,19.943142266547 73.538814381988,19.943148400246 73.538818234555,19.943154414314 73.538821410072,19.943158998056 73.538827404048,19.943163760949 73.538838267759,19.943172393395 73.538838946742,19.943172932923 73.538839286233,19.943173202687 73.538840738444,19.943174356633 73.538843462322,19.943176586076 73.538856441017,19.943187212947 73.538882332825,19.943208412994</coordinates></LineString><LineString><coordinates>73.539283215693,19.940480265319 73.539298574298,19.940510321826 73.539313932908,19.940540378332 73.539329291524,19.940570434837 73.539344650146,19.940600491341 73.539360008772,19.940630547844 73.539375367405,19.940660604346 73.539390725235,19.940690662862 73.539406083069,19.940720721381 73.539421440909,19.940750779900 73.539429863014,19.940769913471 73.539435477897,19.940784625198 73.539441092781,19.940799336924 73.539447442321,19.940817974612 73.539454780359,19.940841894794 73.539462118400,19.940865814976 73.539469298482,19.940890664727 73.539475514760,19.940921186284 73.539481731039,19.940951707841 73.539487947321,19.940982229398 73.539492303257,19.941003603256 73.539496344424,19.941023429328 73.539500385591,19.941043255399 73.539504820316,19.941069368113 73.539509552228,19.941100228078 73.539514284142,19.941131088044 73.539518028937,19.941158524470 73.539519287873,19.941177339423 73.539520546809,19.941196154376 73.539521805746,19.941214969329 73.539521781073,19.941228719628 73.539521754730,19.941242463335 73.539521728387,19.941256207042 73.539521343431,19.941267831676 73.539520814245,19.941278604047 73.539520285059,19.941289376417 73.539519007783,19.941304967149 73.539516729266,19.941327006774 73.539514450747,19.941349046399 73.539512209831,19.941368956763 73.539510195914,19.941376013660 73.539508181997,19.941383070558 73.539506168079,19.941390127455 73.539499942014,19.941406541423 73.539492847753,19.941424464650 73.539485578384,19.941442325093 73.539449409653,19.941543402284 73.539391627173,19.941707020875 73.539333844563,19.941870639436 73.539289802142,19.941990638166</coordinates></LineString><LineString><coordinates>73.544582341548,19.946505895326 73.544591150611,19.946502397102 73.544599957699,19.946498894438 73.544608762790,19.946495387287 73.544617565860,19.946491875603 73.544626366887,19.946488359340 73.544635165844,19.946484838452 73.544643962708,19.946481312889 73.544652757452,19.946477782604 73.544661550053,19.946474247547 73.544670340483,19.946470707668 73.544679128716,19.946467162915 73.544687914726,19.946463613238 73.544696698484,19.946460058584 73.544705479964,19.946456498900 73.544714259136,19.946452934131 73.544723035972,19.946449364224 73.544731810442,19.946445789122 73.544740582517,19.946442208768 73.544749352166,19.946438623107 73.544758119358,19.946435032079 73.544766884063,19.946431435625 73.544775646247,19.946427833687 73.544784405878,19.946424226202 73.544793162924,19.946420613111 73.544801917350,19.946416994350 73.544810669122,19.946413369856 73.544819418207,19.946409739564 73.544828164567,19.946406103411 73.544836908168,19.946402461331 73.544845648973,19.946398813255 73.544854386944,19.946395159118 73.544863122045,19.946391498850 73.544871854236,19.946387832383 73.544880583479,19.946384159646 73.544889309735,19.946380480568 73.544898032963,19.946376795078 73.544906753123,19.946373103104 73.544915470173,19.946369404572 73.544924184071,19.946365699408 73.544932894776,19.946361987539 73.544941602245,19.946358268888 73.544950306433,19.946354543380 73.544959007298,19.946350810939 73.544967704795,19.946347071489 73.544976398879,19.946343324951 73.544985089505,19.946339571249 73.544993776627,19.946335810306 73.545002460200,19.946332042043 73.545011140177,19.946328266382 73.545019816511,19.946324483247 73.545028489537,19.946320692393 73.545037158470,19.946316894067 73.545045823621,19.946313088034 73.545054484946,19.946309274220 73.545063142396,19.946305452551 73.545071795926,19.946301622952 73.545080445491,19.946297785353 73.545089091045,19.946293939683 73.545097732545,19.946290085875 73.545106369947,19.946286223863 73.545115003210,19.946282353586 73.545123632293,19.946278474983 73.545132257157,19.946274588001 73.545140877765,19.946270692588 73.545149494083,19.946266788698 73.545158106079,19.946262876292 73.545166713725,19.946258955336 73.545175316994,19.946255025803 73.545183915866,19.946251087676 73.545192510325,19.946247140945 73.545201100358,19.946243185611 73.545209685960,19.946239221687 73.545218267133,19.946235249197 73.545226843885,19.946231268182 73.545235416233,19.946227278696 73.545243984202,19.946223280813 73.545252547831,19.946219274624 73.545261107167,19.946215260244 73.545269662273,19.946211237810 73.545278213224,19.946207207488 73.545286760112,19.946203169472 73.545295303048,19.946199123987 73.545303842163,19.946195071297 73.545312377607,19.946191011703 73.545320909557,19.946186945551 73.545329438216,19.946182873234 73.545337963816,19.946178795198 73.545346486621,19.946174711946 73.545355006930,19.946170624043 73.545363525080,19.946166532124 73.545372041450,19.946162436898 73.545380556462,19.946158339154 73.545389070588,19.946154239769 73.545397584351,19.946150139716 73.545406098328,19.946146040067 73.545414613155,19.946141942004 73.545423129529,19.946137846823 73.545431648210,19.946133755943 73.545440170418,19.946129670722 73.545448696291,19.946125593205 73.545457227153,19.946121525033 73.545465764032,19.946117468168 73.545474308019,19.946113424710 73.545482860267,19.946109396904 73.545491421984,19.946105387130 73.545499994424,19.946101397902 73.545508578880,19.946097431853 73.545517176671,19.946093491725 73.545525789127,19.946089580348 73.545534417574,19.946085700620 73.545543063299,19.946081855440 73.545551727071,19.946078046737 73.545560409115,19.946074275436 73.545569109647,19.946070542440 73.545577828884,19.946066848688 73.545586567050,19.946063195162 73.545595324368,19.946059582885 73.545604101068,19.946056012925 73.545612897423,19.946052486380 73.545621713633,19.946049004430 73.545630549923,19.946045568299 73.545639406528,19.946042179265 73.545648283686,19.946038838666 73.545657181635,19.946035547906 73.545666100615,19.946032308457 73.545675040862,19.946029121867 73.545684002613,19.946025989761 73.545692986102,19.946022913850 73.545701991560,19.946019895937 73.545711019212,19.946016937919 73.545720069279,19.946014041802 73.545729141972,19.946011209702 73.545738237491,19.946008443855 73.545747356025,19.946005746632 73.545756497746,19.946003120541 73.545765662807,19.946000568243 73.545774851338,19.945998092566 73.545784063441,19.945995696515 73.545793299185,19.945993383289 73.545802558597,19.945991156297 73.545811841660,19.945989019178 73.545821148296,19.945986975818 73.545830478364,19.945985030377 73.545839831641,19.945983187311 73.545849207809,19.945981451400 73.545858606440,19.945979827776 73.545868026970,19.945978321963 73.545877468681,19.945976939908 73.545886930664,19.945975688024 73.545896411397,19.945974573281 73.545905910295,19.945973603071 73.545915425231,19.945972785549 73.545924954121,19.945972129491 73.545934494433,19.945971644413 73.545944043102,19.945971340640 73.545953596420,19.945971229156 73.545963149954,19.945971320885 73.545972698480,19.945971626874 73.545982235915,19.945972158314 73.545991755271,19.945972926369 73.546001248617,19.945973941988 73.546010707065,19.945975215663 73.546020120794,19.945976757159 73.546029479133,19.945978575211 73.546038770686,19.945980677207 73.546047983533,19.945983068871 73.546057105479,19.945985753970 73.546066124800,19.945988734211 73.546075028894,19.945992008496 73.546083807146,19.945995573652 73.546092449653,19.945999423931 73.546100948395,19.946003551478 73.546109295815,19.946007945732 73.546117487389,19.946012594876 73.546125520214,19.946017485492 73.546133393382,19.946022603118 73.546141107810,19.946027932579 73.546148666190,19.946033458410 73.546156072754,19.946039165147 73.546163333045,19.946045037598 73.546170453681,19.946051061049 73.546177441769,19.946057221776 73.546184303500,19.946063508242 73.546191045347,19.946069909712 73.546197674316,19.946076415805 73.546204197762,19.946083016592 73.546210623277,19.946089702721 73.546216958518,19.946096465438 73.546223211086,19.946103296602 73.546229388426,19.946110188684 73.546235497747,19.946117134754 73.546241545970,19.946124128452 73.546247539685,19.946131163966 73.546253485124,19.946138235988 73.546259388149,19.946145339683 73.546265254520,19.946152470983 73.546271088627,19.946159625012 73.546276896212,19.946166799349 73.546282680891,19.946173989737 73.546288446955,19.946181193468 73.546294198191,19.946188407883 73.546299937995,19.946195630467 73.546305669485,19.946202858938 73.546311395535,19.946210091250 73.546317118767,19.946217325544 73.546322841605,19.946224560168 73.546328566211,19.946231793562 73.546334294546,19.946239024312 73.546340028404,19.946246251141 73.546345769408,19.946253472892 73.546351519024,19.946260688510 73.546357278574,19.946267897034 73.546363049270,19.946275097621 73.546368831770,19.946282289794 73.546374625112,19.946289473616 73.546380428997,19.946296650250 73.546386242503,19.946303819916 73.546392065274,19.946310983383 73.546397896244,19.946318140421 73.546403735149,19.946325291680 73.546409581531,19.946332437478 73.546415435037,19.946339578178 73.546421295243,19.946346713988 73.546427161795,19.946353845139 73.546433034377,19.946360971852 73.546438912698,19.946368094335 73.546444796492,19.946375212778 73.546450685510,19.946382327356 73.546456579524,19.946389438236 73.546462478318,19.946396545569 73.546468381694,19.946403649499 73.546474289464,19.946410750161 73.546480201452,19.946417847681 73.546486117494,19.946424942177 73.546492037432,19.946432033764 73.546497961118,19.946439122548 73.546503888411,19.946446208631 73.546509818929,19.946453291820 73.546515753063,19.946460372830 73.546521690127,19.946467451085 73.546527630564,19.946474527352 73.546533573927,19.946481601330 73.546539520122,19.946488673138 73.546545469041,19.946495742882 73.546551420601,19.946502810703 73.546557374684,19.946509876708 73.546563331094,19.946516940929 73.546569289683,19.946524003477 73.546575250282,19.946531064475 73.546581212701,19.946538124072 73.546587176708,19.946545182441 73.546593142015,19.946552239806 73.546599108240,19.946559296459 73.546605074924,19.946566352749 73.546611044301,19.946573406978 73.546617023847,19.946580453508 73.546623025476,19.946587483222 73.546629067781,19.946594481686 73.546635179439,19.946601426029 73.546641403146,19.946608280671 73.546647797051,19.946614993435 73.546654426201,19.946621498394 73.546661336631,19.946627735804 73.546668525401,19.946633685963 73.546675939625,19.946639383361 73.546683509709,19.946644894775 73.546691176078,19.946650286035 73.546698897270,19.946655606914 73.546706646961,19.946660890578 73.546714409023,19.946666157890 73.546722174071,19.946671421485 73.546729938801,19.946676686022 73.546737702611,19.946681952615 73.546745464035,19.946687221300 73.546753223028,19.946692492846 73.546760979697,19.946697767994 73.546768733955,19.946703047276 73.546776484794,19.946708330552 73.546784232167,19.946713618318 73.546791975744,19.946718910875 73.546799715239,19.946724208565 73.546807450414,19.946729511785 73.546815181063,19.946734820987 73.546822906955,19.946740136649 73.546830627619,19.946745459141 73.546838342420,19.946750788782 73.546846050796,19.946756126025 73.546853752121,19.946761471371 73.546861446708,19.946766826094 73.546869133842,19.946772190900 73.546876812768,19.946777566635 73.546884482691,19.946782954336 73.546892142469,19.946788355059 73.546899790879,19.946793770136 73.546907426953,19.946799201510 73.546915048980,19.946804651156 73.546922654888,19.946810121533 73.546930240725,19.946815614749 73.546937804306,19.946821135608 73.546945340580,19.946826688905 73.546952844029,19.946832282257 73.546960304602,19.946837925043 73.546967712417,19.946843629184 73.546975069695,19.946849394766 73.546982382904,19.946855208524 73.546989673545,19.946861047364 73.546996984619,19.946866863471 73.547004399794,19.946872560222 73.547012070635,19.946877944180 73.547020217396,19.946882653657 73.547028997353,19.946886189153 73.547038281014,19.946888282935 73.547047782956,19.946889182911 73.547057334072,19.946889323174 73.547066882704,19.946889026781 73.547076419952,19.946888484928 73.547085946922,19.946887802446 73.547095466218,19.946887032734 73.547104979792,19.946886206762 73.547114490365,19.946885344529 73.547123998664,19.946884460145 73.547133505322,19.946883564084 73.547143011897,19.946882664403 73.547152518768,19.946881767723 73.547162027228,19.946880879527 73.547171536998,19.946880004713 73.547181048879,19.946879147572 73.547190562670,19.946878312139 73.547200078523,19.946877502186 73.547209597107,19.946876721308 73.547219118220,19.946875973114 73.547228642748,19.946875261139 73.547238170520,19.946874589067 73.547247701620,19.946873960684 73.547257235769,19.946873379975 73.547266773684,19.946872851102 73.547276314841,19.946872378593 73.547285859083,19.946871967318 73.547295406695,19.946871622570 73.547304956489,19.946871350224 73.547314508505,19.946871156746 73.547324062148,19.946871049387 73.547333616629,19.946871036323 73.547343170417,19.946871126773 73.547352723114,19.946871328533 73.547362271856,19.946871646580 73.547371815820,19.946872086052 73.547381352065,19.946872652365 73.547390878016,19.946873351317 73.547400391339,19.946874189146 73.547409888931,19.946875172501 73.547419368065,19.946876308589 73.547428823267,19.946877604838 73.547438251037,19.946879069504 73.547447645849,19.946880711218 73.547457002569,19.946882539392 73.547466313854,19.946884563790 73.547475572028,19.946886794896 73.547484768293,19.946889243798 73.547493893032,19.946891922315 73.547502933777,19.946894842383 73.547511878251,19.946898016961 73.547520711270,19.946901459012 73.547529416094,19.946905181838 73.547537973435,19.946909198509 73.547546361913,19.946913521782 73.547554557314,19.946918163341 73.547562534354,19.946923134299 73.547570263469,19.946928444022 73.547577710624,19.946934102398 73.547584842645,19.946940112841 73.547591630664,19.946946469215 73.547598053318,19.946953156670 73.547604097758,19.946960152308 73.547609760801,19.946967427815 73.547615048305,19.946974951911 73.547619973523,19.946982692368 73.547624556036,19.946990619260 73.547628818535,19.946998704345 73.547632785911,19.947006923130 73.547636483204,19.947015253875 73.547639934924,19.947023678053 73.547643164607,19.947032180709 73.547646194014,19.947040749115 73.547649043104,19.947049372720 73.547651730000,19.947058042794 73.547654271046,19.947066752110 73.547656680942,19.947075494792 73.547658972775,19.947084265709 73.547661158205,19.947093060391 73.547663247946,19.947101876329 73.547665251241,19.947110710136 73.547667177806,19.947119559129 73.547669039376,19.947128420494 73.547670846537,19.947137291876 73.547672608541,19.947146171625 73.547674333398,19.947155057899 73.547676028234,19.947163949354 73.547677699404,19.947172844841 73.547679352609,19.947181743367 73.547680992930,19.947190643630 73.547682625177,19.947199545462 73.547684253603,19.947208447888 73.547685882176,19.947217350254 73.547687514680,19.947226252527 73.547689154506,19.947235153906 73.547690804744,19.947244053159 73.547692468475,19.947252950010 73.547694148589,19.947261844058 73.547695847822,19.947270734800 73.547697568716,19.947279621377 73.547699313929,19.947288504056 73.547701085900,19.947297382417 73.547702886756,19.947306254875 73.547704718993,19.947315122006 73.547706584737,19.947323982819 73.547708486159,19.947332836775 73.547710425388,19.947341683308 73.547712404528,19.947350521881 73.547714425655,19.947359351911 73.547716490820,19.947368172790 73.547718602069,19.947376983927 73.547720761436,19.947385784699 73.547722970932,19.947394574381 73.547725232568,19.947403352238 73.547727548358,19.947412117504 73.547729920318,19.947420869375 73.547732350549,19.947429607295 73.547734840898,19.947438329719 73.547737393370,19.947447035625 73.547740010248,19.947455724819 73.547742693500,19.947464395929 73.547745445206,19.947473047865 73.547748267466,19.947481679483 73.547751162397,19.947490289580 73.547754132131,19.947498876887 73.547757178766,19.947507440090 73.547760303721,19.947515977924 73.547763507986,19.947524489352 73.547766792467,19.947532973384 73.547770157939,19.947541428970 73.547773605075,19.947549855065 73.547777134437,19.947558250637 73.547780746481,19.947566614669 73.547784441727,19.947574946553 73.547788220149,19.947583244713 73.547792081991,19.947591508457 73.547796027279,19.947599736874 73.547800055931,19.947607929080 73.547804167564,19.947616083836 73.547808362254,19.947624201049 73.547812639462,19.947632279639 73.547816998718,19.947640318887 73.547821439539,19.947648318263 73.547825961232,19.947656277047 73.547830563211,19.947664194901 73.547835244352,19.947672070742 73.547840004019,19.947679904493 73.547844841274,19.947687695722 73.547849755116,19.947695444040 73.547854744489,19.947703149111 73.547859807456,19.947710809405 73.547864943596,19.947718425833 73.547870151550,19.947725997968 73.547875430376,19.947733526094 73.547880778731,19.947741009990 73.547886195332,19.947748449608 73.547891678874,19.947755844941 73.547897227817,19.947763195736 73.547902843189,19.947770505130 73.547908521783,19.947777770730 73.547914262282,19.947784992710 73.547920063371,19.947792171279 73.547925923737,19.947799306677 73.547931842072,19.947806399174 73.547937817075,19.947813449069 73.547943847457,19.947820456685 73.547949931942,19.947827422369 73.547956069267,19.947834346491 73.547962258185,19.947841229437 73.547968497467,19.947848071615 73.547974785904,19.947854873448 73.547981122304,19.947861635372 73.547987505500,19.947868357837 73.547993934342,19.947875041304 73.548000407707,19.947881686244 73.548006924492,19.947888293136 73.548013483619,19.947894862467 73.548020083723,19.947901394424 73.548026724350,19.947907890076 73.548033404208,19.947914349641 73.548040122313,19.947920773621 73.548046878014,19.947927162808 73.548053670085,19.947933516278 73.548060500436,19.947939833512 73.548067369652,19.947946112959 73.548074278547,19.947952353936 73.548081226706,19.947958555266 73.548088214294,19.947964716862 73.548095240914,19.947970838645 73.548102305945,19.947976920776 73.548109408570,19.947982963635 73.548116547824,19.947988967780 73.548123722622,19.947994933926 73.548130931792,19.948000862915 73.548138174099,19.948006755685 73.548145448279,19.948012613253 73.548152753046,19.948018436689 73.548160087119,19.948024227101 73.548167449228,19.948029985616 73.548174838130,19.948035713370 73.548182252610,19.948041411494 73.548189691497,19.948047081108 73.548197153658,19.948052723311 73.548204638007,19.948058339177 73.548212143504,19.948063929752 73.548219669157,19.948069496048 73.548227214022,19.948075039044 73.548234777200,19.948080559681 73.548242357838,19.948086058866 73.548249955128,19.948091537466 73.548257568304,19.948096996314 73.548265196642,19.948102436206 73.548272839454,19.948107857902 73.548280496091,19.948113262130 73.548288165941,19.948118649581 73.548295848422,19.948124020917 73.548303542985,19.948129376768 73.548311249112,19.948134717735 73.548318966310,19.948140044389 73.548326694116,19.948145357275 73.548334432413,19.948150657136 73.548342180122,19.948155944011 73.548349937187,19.948161218606 73.548357703236,19.948166481371 73.548365477914,19.948171732733 73.548373260886,19.948176973102 73.548381051831,19.948182202867 73.548388850448,19.948187422400 73.548396656449,19.948192632057 73.548404469560,19.948197832175 73.548412289523,19.948203023079 73.548420116091,19.948208205077 73.548427949027,19.948213378465 73.548435788108,19.948218543525 73.548443633122,19.948223700527 73.548451483864,19.948228849730 73.548459340141,19.948233991381 73.548467201768,19.948239125716 73.548475068568,19.948244252963 73.548482940373,19.948249373339 73.548490817021,19.948254487052 73.548498698358,19.948259594301 73.548506584237,19.948264695280 73.548514474518,19.948269790172 73.548522369064,19.948274879152 73.548530267745,19.948279962392 73.548538170439,19.948285040054 73.548546077026,19.948290112295 73.548553987392,19.948295179266 73.548561901428,19.948300241111 73.548569819028,19.948305297971 73.548577740093,19.948310349979 73.548585664523,19.948315397266 73.548593592227,19.948320439955 73.548601523114,19.948325478167 73.548609457099,19.948330512018 73.548617394098,19.948335541619 73.548625334031,19.948340567079 73.548633276821,19.948345588501 73.548641222394,19.948350605985 73.548649170678,19.948355619630 73.548657121605,19.948360629528 73.548665075107,19.948365635769 73.548673031120,19.948370638443 73.548680989583,19.948375637632 73.548688950435,19.948380633419 73.548696913618,19.948385625884 73.548704879077,19.948390615102 73.548712846758,19.948395601149 73.548720816608,19.948400584095 73.548728788576,19.948405564011 73.548736762614,19.948410540964 73.548744738674,19.948415515020 73.548752716711,19.948420486241 73.548760696680,19.948425454689 73.548768678538,19.948430420424 73.548776662243,19.948435383504 73.548784647754,19.948440343985 73.548792635033,19.948445301921 73.548800624042,19.948450257365 73.548808614744,19.948455210369 73.548816607103,19.948460160983 73.548824601085,19.948465109254 73.548832596655,19.948470055231 73.548840593780,19.948474998959 73.548848592430,19.948479940482 73.548856592573,19.948484879844 73.548864594178,19.948489817088 73.548872597218,19.948494752253 73.548880601666,19.948499685382 73.548888607509,19.948504616523 73.548896614704,19.948509545703 73.548904623224,19.948514472958 73.548912633043,19.948519398325 73.548920644137,19.948524321838 73.548928656481,19.948529243531 73.548936670053,19.948534163438 73.548944684829,19.948539081591 73.548952700787,19.948543998022 73.548960718243,19.948548912967 73.548968736488,19.948553826036 73.548976755852,19.948558737473 73.548984776315,19.948563647306 73.548992797857,19.948568555563 73.549000820459,19.948573462272 73.549008844103,19.948578367458 73.549016868771,19.948583271148 73.549024894444,19.948588173368 73.549032921106,19.948593074141 73.549040948739,19.948597973492 73.549048977327,19.948602871445 73.549057006854,19.948607768023 73.549065037304,19.948612663247 73.549073068661,19.948617557141 73.549081100912,19.948622449725 73.549089134041,19.948627341021 73.549097168033,19.948632231049 73.549105202875,19.948637119830 73.549113238553,19.948642007383 73.549121275054,19.948646893727 73.549129312365,19.948651778882 73.549137350471,19.948656662865 73.549145389362,19.948661545694 73.549153429025,19.948666427388 73.549161469448,19.948671307963 73.549169510618,19.948676187437 73.549177552526,19.948681065826 73.549185595159,19.948685943146 73.549193638506,19.948690819414 73.549201682557,19.948695694644 73.549209727301,19.948700568852 73.549217772728,19.948705442053 73.549225818827,19.948710314262 73.549233865589,19.948715185493 73.549241913004,19.948720055760 73.549249961062,19.948724925077 73.549258009754,19.948729793457 73.549266059072,19.948734660914 73.549274109005,19.948739527460 73.549282159545,19.948744393109 73.549290210684,19.948749257872 73.549298262413,19.948754121763 73.549306314724,19.948758984793 73.549314367609,19.948763846974 73.549322421059,19.948768708318 73.549330475067,19.948773568835 73.549338529626,19.948778428538 73.549346584727,19.948783287437 73.549354640363,19.948788145543 73.549362696527,19.948793002866 73.549370753213,19.948797859417 73.549378810412,19.948802715205 73.549386868118,19.948807570242 73.549394926325,19.948812424537 73.549402985025,19.948817278099 73.549411044213,19.948822130938 73.549419103881,19.948826983063 73.549427164024,19.948831834483 73.549435224636,19.948836685208 73.549443285709,19.948841535246 73.549451347240,19.948846384605 73.549459409220,19.948851233296 73.549467471646,19.948856081324 73.549475534511,19.948860928700 73.549483597810,19.948865775431 73.549491661536,19.948870621525 73.549499725686,19.948875466990 73.549507789897,19.948880311620 73.549515854886,19.948885155855 73.549523920283,19.948889999484 73.549531986081,19.948894842514 73.549540052276,19.948899684951 73.549548118864,19.948904526804 73.549556185839,19.948909368079 73.549564253198,19.948914208783 73.549572320949,19.948919048931</coordinates></LineString><LineString><coordinates>73.544582341548,19.946505895326,640.035900000483 73.544086315685,19.946525554312,640.035899998620</coordinates></LineString><LineString><coordinates>73.538478067709,19.940052029626 73.538477222273,19.940043277325 73.538476494946,19.940034515655 73.538476017512,19.940025738928 73.538475952071,19.940016951441 73.538476513563,19.940008181133 73.538477998082,19.939999510534 73.538480798524,19.939991141811 73.538485328344,19.939983490594 73.538491736131,19.939977160840 73.538499612050,19.939972529348 73.538508292831,19.939969420542 73.538517391276,19.939967671191 73.538526666487,19.939967291817 73.538535899133,19.939968237665 73.538544953224,19.939970205664 73.538553820394,19.939972834086 73.538562576227,19.939975780385</coordinates></LineString><LineString><coordinates>73.538562582913,19.939975785066,640.035900000483 73.539283215693,19.940480265319,640.035900000483</coordinates></LineString><LineString><coordinates>73.538810819427,19.944872811493 73.538810852094,19.944872830610 73.538810884763,19.944872849729 73.538810917435,19.944872868850 73.538810950111,19.944872887972 73.538810982789,19.944872907097 73.538811015471,19.944872926223 73.538811048156,19.944872945351 73.538811080844,19.944872964480 73.538811113535,19.944872983612 73.538811146236,19.944873002750 73.538811178926,19.944873021880 73.538811211627,19.944873041017 73.538811244330,19.944873060156 73.538811277037,19.944873079296 73.538811309747,19.944873098439 73.538811342461,19.944873117583 73.538811375177,19.944873136729 73.538811407910,19.944873155885 73.538811440620,19.944873175027 73.538811473360,19.944873194187 73.538811506075,19.944873213332 73.538811538824,19.944873232496 73.538811571543,19.944873251644 73.538811604318,19.944873270824 73.538811637080,19.944873289996 73.538811669790,19.944873309138 73.538811702520,19.944873328291 73.538811735272,19.944873347458 73.538811768028,19.944873366626 73.538811800853,19.944873385835 73.538811833549,19.944873404969 73.538811866338,19.944873424157 73.538811899083,19.944873443319 73.538811931855,19.944873462497 73.538811964631,19.944873481677 73.538811997436,19.944873500874 73.538812030220,19.944873520058 73.538812062978,19.944873539228 73.538812095796,19.944873558432 73.538812128648,19.944873577657 73.538812161356,19.944873596797 73.538812194186,19.944873616008 73.538812226990,19.944873635204 73.538812259765,19.944873654383 73.538812292574,19.944873673583 73.538812325421,19.944873692804 73.538812358204,19.944873711988 73.538812391025,19.944873731193 73.538812423848,19.944873750400 73.538812456676,19.944873769610 73.538812489506,19.944873788821 73.538812522341,19.944873808035 73.538812555295,19.944873827319 73.538812588139,19.944873846537 73.538812620865,19.944873865687 73.538812653713,19.944873884909 73.538812686565,19.944873904132 73.538812719464,19.944873923383 73.538812752324,19.944873942611 73.538812785143,19.944873961816 73.538812818009,19.944873981047 73.538812850880,19.944874000281 73.538812883753,19.944874019517 73.538812916631,19.944874038756 73.538812949512,19.944874057996 73.538812982397,19.944874077238 73.538813015285,19.944874096483 73.538813048177,19.944874115729 73.538813081073,19.944874134978 73.538813113972,19.944874154228 73.538813146928,19.944874173512 73.538813179836,19.944874192768 73.538813212693,19.944874211994 73.538813245608,19.944874231253 73.538813278526,19.944874250515 73.538813311448,19.944874269778 73.538813344374,19.944874289044 73.538813377361,19.944874308346 73.538813410354,19.944874327650 73.538813443233,19.944874346889 73.538813476235,19.944874366199 73.538813509061,19.944874385406 73.538813542009,19.944874404685 73.538813574962,19.944874423966 73.538813607919,19.944874443250 73.538813640879,19.944874462535 73.538813673844,19.944874481823 73.538813706812,19.944874501113 73.538813739784,19.944874520406 73.538813772827,19.944874539739 73.538813805741,19.944874558997 73.538813838725,19.944874578297 73.538813871713,19.944874597598 73.538813904705,19.944874616902 73.538813937701,19.944874636208 73.538813970701,19.944874655516 73.538814003705,19.944874674827 73.538814036786,19.944874694182 73.538814069799,19.944874713498 73.538814102816,19.944874732816 73.538814135762,19.944874752092 73.538814168787,19.944874771415 73.538814201891,19.944874790784 73.538814234848,19.944874810066 73.538814267885,19.944874829396 73.538814300926,19.944874848727 73.538814334050,19.944874868108 73.538814367020,19.944874887398 73.538814400154,19.944874906784 73.538814433131,19.944874926078 73.538814466275,19.944874945470 73.538814499259,19.944874964768 73.538814532329,19.944874984116 73.538814565404,19.944875003467 73.538814598483,19.944875022820 73.538814631651,19.944875042226 73.538814664653,19.944875061534 73.538814697919,19.944875080997 73.538814730841,19.944875100258 73.538814764030,19.944875119676 73.538814797225,19.944875139097 73.538814830155,19.944875158363 73.538814863268,19.944875177736 73.538814896386,19.944875197112 73.538814929508,19.944875216490 73.538814962635,19.944875235870 73.538814995766,19.944875255254 73.538815028901,19.944875274639 73.538815062041,19.944875294028 73.538815095185,19.944875313419 73.538815128334,19.944875332812 73.538815161585,19.944875352265 73.538815194744,19.944875371664 73.538815227808,19.944875391008 73.538815261075,19.944875410470 73.538815294146,19.944875429818 73.538815327525,19.944875449346 73.538815360605,19.944875468698 73.538815393688,19.944875488053 73.538815426878,19.944875507470 73.538815460073,19.944875526889 73.538815493272,19.944875546312 73.538815526476,19.944875565737 73.538815559791,19.944875585227 73.538815592898,19.944875604594 73.538815626116,19.944875624027 73.538815659447,19.944875643527 73.538815692566,19.944875662902 73.538815725798,19.944875682343 73.538815759035,19.944875701786 73.538815792277,19.944875721233 73.538815825636,19.944875740748 73.538815858775,19.944875760135 73.538815892031,19.944875779589 73.538815925292,19.944875799047 73.538815958558,19.944875818508 73.538815991829,19.944875837971 73.538816025105,19.944875857437 73.538816058385,19.944875876906 73.538816091671,19.944875896377 73.538816125081,19.944875915922 73.538816158257,19.944875935329 73.538816191558,19.944875954810 73.538816225107,19.944875974435 73.538816258174,19.944875993779 73.538816291490,19.944876013268 73.538816324811,19.944876032759 73.538816358261,19.944876052327 73.538816392094,19.944876072118 73.538816424804,19.944876091252 73.538816458272,19.944876110830 73.538816491491,19.944876130262 73.538816524843,19.944876149772 73.538816558329,19.944876169359 73.538816591562,19.944876188799 73.538816624929,19.944876208318 73.538816658301,19.944876227839 73.538816691679,19.944876247363 73.538816725062,19.944876266891 73.538816758450,19.944876286421 73.538816791844,19.944876305955 73.538816825378,19.944876325570 73.538816858647,19.944876345031 73.538816892057,19.944876364574 73.538816925472,19.944876384119 73.538816958893,19.944876403668 73.538816992319,19.944876423220 73.538817025750,19.944876442775 73.538817059327,19.944876462416 73.538817092630,19.944876481895 73.538817126079,19.944876501461 73.538817159677,19.944876521113 73.538817193281,19.944876540769 73.538817226457,19.944876560174 73.538817259927,19.944876579751 73.538817293403,19.944876599331 73.538817326885,19.944876618915 73.538817360372,19.944876638502 73.538817393865,19.944876658093 73.538817427364,19.944876677686 73.538817461019,19.944876697371 73.538817494379,19.944876716883 73.538817527895,19.944876736487 73.538817561416,19.944876756094 73.538817594944,19.944876775704 73.538817628787,19.944876795498 73.538817662017,19.944876814934 73.538817695718,19.944876834646 73.538817729113,19.944876854178 73.538817762670,19.944876873805 73.538817796233,19.944876893435 73.538817829962,19.944876913162 73.538817863378,19.944876932706 73.538817896959,19.944876952347 73.538817930546,19.944876971991 73.538817964139,19.944876991639 73.538817997738,19.944877011290 73.538818031344,19.944877030945 73.538818064955,19.944877050603 73.538818098573,19.944877070265 73.538818132197,19.944877089930 73.538818165827,19.944877109599 73.538818199464,19.944877129271 73.538818233107,19.944877148947 73.538818266756,19.944877168627 73.538818300411,19.944877188310 73.538818334073,19.944877207997 73.538818367741,19.944877227687 73.538818401415,19.944877247381 73.538818435096,19.944877267079 73.538818468784,19.944877286781 73.538818502653,19.944877306588 73.538818536178,19.944877326195 73.538818569885,19.944877345907 73.538818603598,19.944877365624 73.538818637319,19.944877385344 73.538818671045,19.944877405068 73.538818704779,19.944877424796 73.538818738519,19.944877444528 73.538818772265,19.944877464263 73.538818806019,19.944877484002 73.538818839779,19.944877503745 73.538818873546,19.944877523493 73.538818907320,19.944877543243 73.538818941100,19.944877562998 73.538818974888,19.944877582757 73.538819008682,19.944877602520 73.538819042483,19.944877622286 73.538819076292,19.944877642057 73.538819110107,19.944877661832 73.538819143929,19.944877681610 73.538819177759,19.944877701393 73.538819211595,19.944877721180 73.538819245439,19.944877740971 73.538819279289,19.944877760766 73.538819313147,19.944877780565 73.538819347012,19.944877800368 73.538819380884,19.944877820175 73.538819414764,19.944877839986 73.538819448651,19.944877859802 73.538819482545,19.944877879622 73.538819516645,19.944877899562 73.538819550555,19.944877919391 73.538819584272,19.944877939107 73.538819618396,19.944877959061 73.538819652127,19.944877978784 73.538819686268,19.944877998748 73.538819720012,19.944878018479 73.538819753966,19.944878038333 73.538819787927,19.944878058192 73.538819821896,19.944878078054 73.538819855873,19.944878097922 73.538819889858,19.944878117793 73.538819923851,19.944878137669 73.538819957851,19.944878157550 73.538819991859,19.944878177435 73.538820025875,19.944878197324 73.538820059899,19.944878217218 73.538820093930,19.944878237116 73.538820127970,19.944878257020 73.538820162018,19.944878276927 73.538820196074,19.944878296840 73.538820230138,19.944878316756 73.538820264210,19.944878336678 73.538820298290,19.944878356604 73.538820332379,19.944878376535 73.538820366475,19.944878396471 73.538820400580,19.944878416411 73.538820434694,19.944878436356 73.538820468815,19.944878456306 73.538820502946,19.944878476261 73.538820537084,19.944878496221 73.538820571231,19.944878516185 73.538820605387,19.944878536154 73.538820639551,19.944878556129 73.538820673724,19.944878576108 73.538820707905,19.944878596092 73.538820742095,19.944878616081 73.538820776294,19.944878636075 73.538820810502,19.944878656074 73.538820844718,19.944878676078 73.538820878943,19.944878696087 73.538820913177,19.944878716102 73.538820947421,19.944878736121 73.538820981673,19.944878756146 73.538821015934,19.944878776175 73.538821050439,19.944878796348 73.538821084484,19.944878816250 73.538821118772,19.944878836296 73.538821153070,19.944878856346 73.538821187377,19.944878876402 73.538821221694,19.944878896464 73.538821256019,19.944878916530 73.538821290355,19.944878936603 73.538821324699,19.944878956680 73.538821359053,19.944878976763 73.538821393417,19.944878996851 73.538821427791,19.944879016945 73.538821462174,19.944879037045 73.538821496566,19.944879057149 73.538821530969,19.944879077260 73.538821565381,19.944879097376 73.538821599803,19.944879117498 73.538821634235,19.944879137625 73.538821668677,19.944879157759 73.538821703129,19.944879177897 73.538821737592,19.944879198042 73.538821772064,19.944879218193 73.538821806546,19.944879238349 73.538821841039,19.944879258511 73.538821875542,19.944879278679 73.538821910055,19.944879298853 73.538821944579,19.944879319033 73.538821979113,19.944879339219 73.538822013658,19.944879359410 73.538822048213,19.944879379608 73.538822082779,19.944879399812 73.538822117356,19.944879420023 73.538822151943,19.944879440239 73.538822186541,19.944879460461 73.538822221150,19.944879480690 73.538822255770,19.944879500925 73.538822290401,19.944879521166 73.538822325043,19.944879541414 73.538822359696,19.944879561668 73.538822394361,19.944879581928 73.538822429036,19.944879602195 73.538822463723,19.944879622468 73.538822498421,19.944879642747 73.538822533131,19.944879663034 73.538822567852,19.944879683326 73.538822602585,19.944879703626 73.538822637329,19.944879723932 73.538822672086,19.944879744245 73.538822706853,19.944879764564 73.538822741633,19.944879784890 73.538822776425,19.944879805224 73.538822811228,19.944879825564 73.538822846044,19.944879845910 73.538822880872,19.944879866264 73.538822915712,19.944879886625 73.538822950564,19.944879906993 73.538822985429,19.944879927367 73.538823020306,19.944879947749 73.538823055195,19.944879968138 73.538823090097,19.944879988535 73.538823125012,19.944880008938 73.538823159940,19.944880029349 73.538823194880,19.944880049767 73.538823229833,19.944880070193 73.538823264799,19.944880090625 73.538823299778,19.944880111066 73.538823334771,19.944880131514 73.538823369776,19.944880151969 73.538823404795,19.944880172432 73.538823439827,19.944880192903 73.538823474873,19.944880213381 73.538823509932,19.944880233867 73.538823545005,19.944880254361 73.538823580091,19.944880274863 73.538823615191,19.944880295372 73.538823650306,19.944880315890 73.538823685434,19.944880336415 73.538823720576,19.944880356949 73.538823755732,19.944880377491 73.538823790903,19.944880398040 73.538823826088,19.944880418598 73.538823861288,19.944880439165 73.538823896502,19.944880459739 73.538823931730,19.944880480322 73.538823966974,19.944880500914 73.538824002232,19.944880521514 73.538824037505,19.944880542122 73.538824072793,19.944880562739 73.538824108096,19.944880583365 73.538824143415,19.944880603999 73.538824178749,19.944880624643 73.538824214098,19.944880645295 73.538824249463,19.944880665956 73.538824284844,19.944880686625 73.538824320240,19.944880707304 73.538824355653,19.944880727992 73.538824391081,19.944880748690 73.538824426525,19.944880769396 73.538824461986,19.944880790112 73.538824497463,19.944880810837 73.538824532956,19.944880831571 73.538824568466,19.944880852315 73.538824603993,19.944880873068 73.538824639536,19.944880893831 73.538824675097,19.944880914604 73.538824710674,19.944880935386 73.538824746269,19.944880956179 73.538824781881,19.944880976981 73.538824817510,19.944880997793 73.538824853157,19.944881018615 73.538824888822,19.944881039448 73.538824924505,19.944881060290 73.538824960205,19.944881081143 73.538824995924,19.944881102006 73.538825031661,19.944881122880 73.538825067416,19.944881143764 73.538825103190,19.944881164659 73.538825138982,19.944881185564 73.538825174793,19.944881206480 73.538825210623,19.944881227407 73.538825246473,19.944881248345 73.538825282341,19.944881269294 73.538825318229,19.944881290254 73.538825354137,19.944881311225 73.538825390064,19.944881332208 73.538825426011,19.944881353201 73.538825461978,19.944881374207 73.538825497966,19.944881395224 73.538825533973,19.944881416252 73.538825570002,19.944881437292 73.538825606050,19.944881458344 73.538825642120,19.944881479408 73.538825678211,19.944881500484 73.538825714323,19.944881521572 73.538825750457,19.944881542673 73.538825786612,19.944881563785 73.538825822788,19.944881584911 73.538825858987,19.944881606048 73.538825895208,19.944881627198 73.538825931451,19.944881648362 73.538825967717,19.944881669537 73.538826004005,19.944881690726 73.538826040316,19.944881711928 73.538826076650,19.944881733144 73.538826113008,19.944881754372 73.538826149389,19.944881775614 73.538826185794,19.944881796870 73.538826222223,19.944881818139 73.538826258676,19.944881839422 73.538826295153,19.944881860719 73.538826331655,19.944881882030 73.538826368182,19.944881903355 73.538826404733,19.944881924695 73.538826441310,19.944881946049 73.538826477913,19.944881967417 73.538826514541,19.944881988800 73.538826551195,19.944882010198 73.538826587876,19.944882031611 73.538826624583,19.944882053040 73.538826661316,19.944882074483 73.538826698077,19.944882095942 73.538826734865,19.944882117417 73.538826771680,19.944882138907 73.538826808523,19.944882160413 73.538826845395,19.944882181935 73.538826882294,19.944882203474 73.538826919222,19.944882225029 73.538826956180,19.944882246600 73.538826993167,19.944882268189 73.538827030183,19.944882289794 73.538827067229,19.944882311415 73.538827104305,19.944882333054 73.538827141411,19.944882354711 73.538827178548,19.944882376385 73.538827215716,19.944882398077 73.538827252915,19.944882419787 73.538827290146,19.944882441514 73.538827327409,19.944882463261 73.538827364704,19.944882485025 73.538827402032,19.944882506809 73.538827439394,19.944882528611 73.538827476788,19.944882550432 73.538827514217,19.944882572273 73.538827551680,19.944882594134 73.538827589177,19.944882616014 73.538827626709,19.944882637914 73.538827664277,19.944882659834 73.538827701880,19.944882681775 73.538827739520,19.944882703736 73.538827777196,19.944882725719 73.538827814910,19.944882747722 73.538827852660,19.944882769747 73.538827890449,19.944882791794 73.538827928276,19.944882813862 73.538827966142,19.944882835953 73.538828004047,19.944882858066 73.538828041991,19.944882880202 73.538828079976,19.944882902361 73.538828118002,19.944882924543 73.538828156069,19.944882946749 73.538828194178,19.944882968979 73.538828232329,19.944882991232 73.538828270523,19.944883013511 73.538828308760,19.944883035814 73.538828347041,19.944883058142 73.538828385367,19.944883080495 73.538828423737,19.944883102875 73.538828462154,19.944883125280 73.538828500616,19.944883147712 73.538828539126,19.944883170171 73.538828577683,19.944883192657 73.538828616288,19.944883215170 73.538828654942,19.944883237712 73.538828693646,19.944883260281 73.538828732400,19.944883282880 73.538828771205,19.944883305507 73.538828810061,19.944883328164 73.538828848970,19.944883350851 73.538828887932,19.944883373568 73.538828926947,19.944883396316 73.538828966018,19.944883419096 73.538829005144,19.944883441907 73.538829044326,19.944883464750 73.538829083566,19.944883487626 73.538829122864,19.944883510535 73.538829162220,19.944883533478 73.538829201637,19.944883556456 73.538829241114,19.944883579467 73.538829280653,19.944883602515 73.538829320255,19.944883625598 73.538829359921,19.944883648717 73.538829399651,19.944883671874 73.538829439448,19.944883695068 73.538829479311,19.944883718301 73.538829519242,19.944883741572 73.538829559243,19.944883764883 73.538829599314,19.944883788234 73.538829639457,19.944883811627 73.538829679673,19.944883835061 73.538829719963,19.944883858537 73.538829760328,19.944883882057 73.538829800771,19.944883905620 73.538829841291,19.944883929228 73.538829881892,19.944883952882 73.538829922573,19.944883976582 73.538829963338,19.944884000330 73.538830004186,19.944884024126 73.538830045121,19.944884047970 73.538830086143,19.944884071865 73.538830127255,19.944884095811 73.538830168458,19.944884119810 73.538830209754,19.944884143861 73.538830251145,19.944884167966 73.538830292633,19.944884192127 73.538830334219,19.944884216345 73.538830375907,19.944884240620 73.538830417698,19.944884264954 73.538830459594,19.944884289349 73.538830501598,19.944884313805 73.538830543713,19.944884338324 73.538830585940,19.944884362907 73.538830628282,19.944884387556 73.538830670743,19.944884412273 73.538830713324,19.944884437059 73.538830756029,19.944884461916 73.538830798860,19.944884486845 73.538830841822,19.944884511848 73.538830884917,19.944884536927 73.538830928148,19.944884562084 73.538830971519,19.944884587321 73.538831015034,19.944884612641 73.538831058697,19.944884638045 73.538831102511,19.944884663535 73.538831146481,19.944884689115 73.538831190611,19.944884714786 73.538831234906,19.944884740551 73.538831279371,19.944884766413 73.538831324010,19.944884792374 73.538831368828,19.944884818439 73.538831413833,19.944884844609 73.538831459028,19.944884870889 73.538831504420,19.944884897281 73.538831550016,19.944884923790 73.538831595823,19.944884950418 73.538831641847,19.944884977171 73.538831688095,19.944885004053 73.538831734577,19.944885031068 73.538831781300,19.944885058220 73.538831828273,19.944885085516 73.538831875506,19.944885112959 73.538831923008,19.944885140557 73.538831970791,19.944885168315 73.538832018864,19.944885196239 73.538832067241,19.944885224337 73.538832115935,19.944885252615 73.538832164959,19.944885281082 73.538832214327,19.944885309746 73.538832264056,19.944885338616 73.538832314163,19.944885367702 73.538832364666,19.944885397014 73.538832415584,19.944885426564 73.538832466940,19.944885456363 73.538832518757,19.944885486425 73.538832571059,19.944885516765 73.538832623874,19.944885547399 73.538832677236,19.944885578344 73.538832731172,19.944885609618 73.538832785722,19.944885641242 73.538832840925,19.944885673239 73.538832896827,19.944885705635 73.538832953477,19.944885738459 73.538833010931,19.944885771743 73.538833069253,19.944885805521 73.538833128513,19.944885839836 73.538833188792,19.944885874733 73.538833250183,19.944885910265 73.538833312792,19.944885946493 73.538833376746,19.944885983488 73.538833442189,19.944886021335 73.538833509294,19.944886060131 73.538833578272,19.944886099996 73.538833649373,19.944886141075 73.538833722912,19.944886183545 73.538833799283,19.944886227633 73.538833878992,19.944886273628 73.538833962710,19.944886321912 73.538834051351,19.944886373008 73.538834146221,19.944886427660 73.538834249280,19.944886486990 73.538834363722,19.944886552819 73.538834495357,19.944886628466 73.538834656998,19.944886721246 73.538834891171,19.944886855438 73.538838064552,19.944888665329 73.538846261377,19.944893315266 73.538854474722,19.944897940104 73.538862704164,19.944902540091 73.538870948453,19.944907115024 73.538879207931,19.944911665593 73.538887482285,19.944916192128 73.538895771098,19.944920694907 73.538904074061,19.944925174270 73.538912390864,19.944929630565 73.538920720937,19.944934064007 73.538929064542,19.944938475388 73.538937420936,19.944942864936 73.538945789791,19.944947233062 73.538954170779,19.944951580181 73.538962563552,19.944955906700 73.538970968036,19.944960213169 73.538979383963,19.944964500040 73.538987810829,19.944968767645 73.538996248322,19.944973016418 73.539004696136,19.944977246806 73.539013153705,19.944981459720 73.539021620790,19.944985655495 73.539030097404,19.944989834020 73.539038583552,19.944993995191 73.539047079231,19.944998138920 73.539055584454,19.945002265093 73.539064100977,19.945006370360 73.539072631409,19.945010449704 73.539081177832,19.945014498993 73.539089742289,19.945018514049 73.539098326790,19.945022490627 73.539106933309,19.945026424395 73.539115563994,19.945030310501 73.539124220699,19.945034144488 73.539132905085,19.945037922062 73.539141618835,19.945041638660 73.539150363655,19.945045289399 73.539159141261,19.945048869043 73.539167953014,19.945052372823 73.539176800240,19.945055795700 73.539185684442,19.945059131795 73.539194606756,19.945062374642 73.539203570892,19.945065513729 73.539212609823,19.945068454065 73.539221742830,19.945071121393 73.539230965766,19.945073495723 73.539240269911,19.945075567570 73.539249643479,19.945077337410 73.539259077292,19.945078792757 73.539268558629,19.945079939343 73.539278075770,19.945080779746 73.539287617844,19.945081309273 73.539297173291,19.945081537106 73.539306731499,19.945081468598 73.539316282446,19.945081109267 73.539325817149,19.945080469119 73.539335327580,19.945079559481 73.539344806611,19.945078392876 73.539354248683,19.945076983261 73.539363650280,19.945075349485 73.539373008205,19.945073504892 73.539382201011,19.945071495757</coordinates></LineString><LineString><coordinates>73.537384106787,19.943554929731 73.537384716349,19.943563926005 73.537385426379,19.943572915682 73.537386242527,19.943581897296 73.537387169962,19.943590869242 73.537388213772,19.943599829741 73.537389378941,19.943608776850 73.537390670069,19.943617708479 73.537392092196,19.943626622290 73.537393649868,19.943635515814 73.537395348304,19.943644386258 73.537397192654,19.943653230600 73.537399189470,19.943662045282 73.537401343567,19.943670826790 73.537403661979,19.943679570781 73.537406149691,19.943688273049 73.537408813360,19.943696928604 73.537411658858,19.943705532252 73.537414695516,19.943714077247 73.537417931503,19.943722556562 73.537421373103,19.943730963143 73.537425025083,19.943739289959 73.537428895493,19.943747528040 73.537432990509,19.943755668432 73.537437319128,19.943763699981 73.537441888265,19.943771611456 73.537446704393,19.943779390813 73.537451771131,19.943787026469 73.537457093722,19.943794504824 73.537462675695,19.943801812084 73.537468512467,19.943808939181 73.537474581537,19.943815890654 73.537480858797,19.943822674862 73.537487322490,19.943829300748 73.537493949097,19.943835781189 73.537500715544,19.943842131166 73.537507603924,19.943848362852 73.537514597939,19.943854488496 73.537521680119,19.943860522879 73.537528831336,19.943866484050 73.537536036164,19.943872387226 73.537543282173,19.943878245174 73.537550555036,19.943884073295 73.537557839768,19.943889888163 73.537565123463,19.943895704204 73.537572399109,19.943901529238 73.537579666343,19.943907363655 73.537586925532,19.943913207020 73.537594176761,19.943919059217 73.537601420176,19.943924920062 73.537608655921,19.943930789372 73.537615884144,19.943936666965 73.537623104991,19.943942552660 73.537630318611,19.943948446275 73.537637525152,19.943954347629 73.537644724763,19.943960256541 73.537651917596,19.943966172832 73.537659103800,19.943972096321 73.537666283528,19.943978026829 73.537673456930,19.943983964179 73.537680624157,19.943989908193 73.537687785362,19.943995858695 73.537694940700,19.944001815505 73.537702090326,19.944007778444 73.537709234396,19.944013747337 73.537716373065,19.944019722004 73.537723506491,19.944025702269 73.537730634831,19.944031687956 73.537737758242,19.944037678888 73.537744876882,19.944043674889 73.537751990909,19.944049675781 73.537759100484,19.944055681392 73.537766205766,19.944061691545 73.537773306913,19.944067706067 73.537780404074,19.944073724794 73.537787497410,19.944079747552 73.537794587081,19.944085774168 73.537801673250,19.944091804467 73.537808756079,19.944097838274 73.537815835729,19.944103875416 73.537822912365,19.944109915718 73.537829986149,19.944115959007 73.537837057244,19.944122005110 73.537844125814,19.944128053850 73.537851192024,19.944134105057 73.537858256038,19.944140158557 73.537865318022,19.944146214176 73.537872378139,19.944152271741 73.537879436555,19.944158331078 73.537886493436,19.944164392014 73.537893548948,19.944170454377 73.537900603257,19.944176517991 73.537907656528,19.944182582685 73.537914708929,19.944188648284 73.537921760626,19.944194714615 73.537928811786,19.944200781505 73.537935862577,19.944206848779 73.537942913165,19.944212916264 73.537949963718,19.944218983786 73.537957014403,19.944225051170 73.537964065389,19.944231118243 73.537971116844,19.944237184829 73.537978168935,19.944243250754 73.537985221830,19.944249315843 73.537992275697,19.944255379920 73.537999330668,19.944261442849 73.538006386895,19.944267504471 73.538013444548,19.944273564609 73.538020503797,19.944279623085 73.538027564811,19.944285679721 73.538034627761,19.944291734340 73.538041692816,19.944297786761 73.538048760147,19.944303836807 73.538055829923,19.944309884298 73.538062902316,19.944315929053 73.538069977493,19.944321970893 73.538077055627,19.944328009638 73.538084136885,19.944334045105 73.538091221439,19.944340077112 73.538098309457,19.944346105480 73.538105401111,19.944352130024 73.538112496569,19.944358150562 73.538119596000,19.944364166910 73.538126699574,19.944370178884 73.538133807460,19.944376186299 73.538140919827,19.944382188971 73.538148036843,19.944388186713 73.538155158677,19.944394179339 73.538162285498,19.944400166663 73.538169417472,19.944406148496 73.538176554769,19.944412124651 73.538183697555,19.944418094939 73.538190845997,19.944424059170 73.538198000263,19.944430017155 73.538205160518,19.944435968702 73.538212326930,19.944441913620 73.538219499656,19.944447851726 73.538226678855,19.944453782832 73.538233864691,19.944459706747 73.538241057327,19.944465623279 73.538248256927,19.944471532232 73.538255463652,19.944477433413 73.538262677666,19.944483326626 73.538269899130,19.944489211674 73.538277128204,19.944495088361 73.538284365051,19.944500956489 73.538291609829,19.944506815859 73.538298862698,19.944512666271 73.538306123819,19.944518507526 73.538313393348,19.944524339421 73.538320671443,19.944530161754 73.538327958262,19.944535974322 73.538335253961,19.944541776922 73.538342558695,19.944547569347 73.538349872620,19.944553351393 73.538357195890,19.944559122853 73.538364528659,19.944564883519 73.538371871078,19.944570633183 73.538379223299,19.944576371635 73.538386585474,19.944582098665 73.538393957752,19.944587814061 73.538401340283,19.944593517612 73.538408733213,19.944599209105 73.538416136691,19.944604888325 73.538423550862,19.944610555057 73.538430975871,19.944616209086 73.538438411861,19.944621850195 73.538445858977,19.944627478167 73.538453317358,19.944633092782 73.538460787146,19.944638693822 73.538468268479,19.944644281065 73.538475761496,19.944649854292 73.538483266332,19.944655413279 73.538490783123,19.944660957804 73.538498312002,19.944666487643 73.538505853104,19.944672002572 73.538513406560,19.944677502365 73.538520972522,19.944682986764 73.538528551132,19.944688455526 73.538536142517,19.944693908421 73.538543746804,19.944699345218 73.538551364118,19.944704765685 73.538558994581,19.944710169588 73.538566638317,19.944715556694 73.538574295442,19.944720926768 73.538581966077,19.944726279575 73.538589650338,19.944731614879 73.538597348338,19.944736932442 73.538605060190,19.944742232027 73.538612786006,19.944747513395 73.538620525894,19.944752776307 73.538628279960,19.944758020524 73.538636048309,19.944763245804 73.538643831045,19.944768451907 73.538651628267,19.944773638591 73.538659440073,19.944778805613 73.538667266561,19.944783952732 73.538675107823,19.944789079703 73.538682963953,19.944794186282 73.538690835037,19.944799272227 73.538698721165,19.944804337291 73.538706622420,19.944809381230 73.538714538884,19.944814403799 73.538722470637,19.944819404751 73.538730417757,19.944824383843 73.538738380316,19.944829340826 73.538746358388,19.944834275456 73.538754352045,19.944839187487 73.538762361576,19.944844076342 73.538770388089,19.944848940227 73.538778432864,19.944853777058 73.538786497159,19.944858584732 73.538794582213,19.944863361129 73.538802689240,19.944868104104 73.538810819427,19.944872811493</coordinates></LineString><LineString><coordinates>73.538247962758,19.940045201467 73.538248942189,19.940054188658 73.538249837729,19.940063183671 73.538250650994,19.940072185673 73.538251383713,19.940081193857 73.538252037731,19.940090207457 73.538252614995,19.940099225744 73.538253117557,19.940108248029 73.538253547449,19.940117273674 73.538253904980,19.940126302144 73.538254190994,19.940135332894 73.538254406853,19.940144365388 73.538254553965,19.940153399118 73.538254633782,19.940162433604 73.538254647804,19.940171468395 73.538254597567,19.940180503072 73.538254484617,19.940189537244 73.538254310427,19.940198570547 73.538254076527,19.940207602645 73.538253784482,19.940216633230 73.538253435889,19.940225662021 73.538253032379,19.940234688767 73.538252575610,19.940243713243 73.538252067266,19.940252735253 73.538251509058,19.940261754628 73.538250902716,19.940270771223 73.538250249995,19.940279784922 73.538249552667,19.940288795634 73.538248812520,19.940297803291 73.538248031360,19.940306807850 73.538247211006,19.940315809291 73.538246353345,19.940324807623 73.538245460208,19.940333802875 73.538244533326,19.940342795073 73.538243574446,19.940351784271 73.538242585325,19.940360770539 73.538241567736,19.940369753964 73.538240523461,19.940378734651 73.538239454293,19.940387712717 73.538238362034,19.940396688298 73.538237248494,19.940405661540 73.538236115492,19.940414632604 73.538234964853,19.940423601659 73.538233798420,19.940432568890 73.538232618436,19.940441534535 73.538231426923,19.940450498819 73.538230225721,19.940459461948 73.538229016670,19.940468424133 73.538227801606,19.940477385591 73.538226582371,19.940486346542 73.538225360810,19.940495307211 73.538224138775,19.940504267823 73.538222918007,19.940513228589 73.538221700199,19.940522189716 73.538220487300,19.940531151436 73.538219281268,19.940540113984 73.538218084065,19.940549077590 73.538216897657,19.940558042480 73.538215724010,19.940567008871 73.538214565089,19.940575976974 73.538213422926,19.940584946999 73.538212299874,19.940593919182 73.538211197861,19.940602893696 73.538210118747,19.940611870700 73.538209064408,19.940620850336 73.538208036741,19.940629832735 73.538207037669,19.940638818019 73.538206069118,19.940647806290 73.538205132830,19.940656797618 73.538204230759,19.940665792073 73.538203364938,19.940674789712 73.538202537391,19.940683790569 73.538201750132,19.940692794657 73.538201005160,19.940701801963 73.538200304466,19.940710812442 73.538199650342,19.940719826052 73.538199044869,19.940728842700 73.538198489972,19.940737862256 73.538197987609,19.940746884566 73.538197539772,19.940755909442 73.538197148466,19.940764936667 73.538196815491,19.940773965984 73.538196542753,19.940782997106 73.538196332195,19.940792029716 73.538196185743,19.940801063456 73.538196105307,19.940810097938 73.538196092731,19.940819132729 73.538196149759,19.940828167367 73.538196278280,19.940837201347 73.538196480162,19.940846234126 73.538196757236,19.940855265121 73.538197111288,19.940864293710 73.538197544370,19.940873319215 73.538198056918,19.940882340998 73.538198647217,19.940891358530 73.538199313245,19.940900371341 73.538200051672,19.940909379117 73.538200858002,19.940918381687 73.538201728246,19.940927378933 73.538202658349,19.940936370820 73.538203644405,19.940945357378 73.538204682921,19.940954338654 73.538205770472,19.940963314740 73.538206903665,19.940972285775 73.538208079117,19.940981251948 73.538209293160,19.940990213524 73.538210542138,19.940999170806 73.538211822435,19.941008124134 73.538213130418,19.941017073882 73.538214462553,19.941026020447 73.538215815875,19.941034964170 73.538217187020,19.941043905464 73.538218572569,19.941052844773 73.538219969134,19.941061782550 73.538221373346,19.941070719255 73.538222781852,19.941079655356 73.538224191298,19.941088591324 73.538225598325,19.941097527633 73.538226999344,19.941106464785 73.538228390763,19.941115403278 73.538229769368,19.941124343549 73.538231131954,19.941133286017 73.538232475319,19.941142231085 73.538233796299,19.941151179132 73.538235092037,19.941160130476 73.538236359145,19.941169085482 73.538237593975,19.941178044520 73.538238792783,19.941187007933 73.538239951702,19.941195976031 73.538241066895,19.941204949081 73.538242134710,19.941213927283 73.538243151511,19.941222910777 73.538244113673,19.941231899652 73.538245017771,19.941240893917 73.538245860486,19.941249893508 73.538246638326,19.941258898318 73.538247347686,19.941267908182 73.538247984839,19.941276922869 73.538248545925,19.941285942073 73.538249026878,19.941294965407 73.538249423266,19.941303992413 73.538249730986,19.941313022508 73.538249946051,19.941322055000 73.538250064544,19.941331089085 73.538250082639,19.941340123845 73.538249996613,19.941349158253 73.538249802901,19.941358191169 73.538249497945,19.941367221334 73.538249078089,19.941376247370 73.538248539633,19.941385267770 73.538247878832,19.941394280888 73.538247091905,19.941403284940 73.538246175042,19.941412277986 73.538245125798,19.941421258084 73.538243946702,19.941430223767 73.538242640601,19.941439173701 73.538241209964,19.941448106594 73.538239657813,19.941457021329 73.538237987109,19.941465916882 73.538236200765,19.941474792322 73.538234301567,19.941483646783 73.538232292340,19.941492479506 73.538230175968,19.941501289828 73.538227955377,19.941510077186 73.538225633521,19.941518841107 73.538223213346,19.941527581212 73.538220697502,19.941536297128 73.538218088444,19.941544988507 73.538215388644,19.941553655071 73.538212600583,19.941562296610 73.538209726748,19.941570912985 73.538206769626,19.941579504124 73.538203731703,19.941588070015 73.538200615452,19.941596610713 73.538197423345,19.941605126326 73.538194157840,19.941613617018 73.538190821281,19.941622082974 73.538187415954,19.941630524408 73.538183944092,19.941638941572 73.538180407879,19.941647334747 73.538176809450,19.941655704244 73.538173150898,19.941664050400 73.538169434267,19.941672373580 73.538165661561,19.941680674170 73.538161834739,19.941688952580 73.538157955725,19.941697209240 73.538154026402,19.941705444600 73.538150048618,19.941713659132 73.538146024186,19.941721853322 73.538141954889,19.941730027675 73.538137842478,19.941738182713 73.538133688678,19.941746318973 73.538129495186,19.941754437007 73.538125263609,19.941762537347 73.538120995253,19.941770620414 73.538116691384,19.941778686628 73.538112353314,19.941786736442 73.538107982388,19.941794770350 73.538103579988,19.941802788877 73.538099147524,19.941810792581 73.538094686491,19.941818782083 73.538090198472,19.941826758065 73.538085684775,19.941834721067 73.538081146644,19.941842671639 73.538076585299,19.941850610324 73.538072001912,19.941858537646 73.538067397527,19.941866454076 73.538062773381,19.941874360197 73.538058130749,19.941882256626 73.538053470916,19.941890143987 73.538048795171,19.941898022925 73.538044104807,19.941905894090 73.538039401122,19.941913758144 73.538034685411,19.941921615755 73.538029959323,19.941929467793 73.538025224702,19.941937315237 73.538020482378,19.941945158519 73.538015733135,19.941952998056 73.538010977755,19.941960834265 73.538006217015,19.941968667561 73.538001451687,19.941976498361 73.537996682538,19.941984327079 73.537991910332,19.941992154131 73.537987135826,19.941999979926 73.537982359312,19.942007804632 73.537977580476,19.942015628071 73.537972799599,19.942023450395 73.537968016973,19.942031271763 73.537963232889,19.942039092334 73.537958447637,19.942046912263 73.537953661502,19.942054731710 73.537948874770,19.942062550832 73.537944087726,19.942070369781 73.537939300652,19.942078188714 73.537934513821,19.942086007780 73.537929727501,19.942093827126 73.537924941967,19.942101646903 73.537920157494,19.942109467261 73.537915374358,19.942117288351 73.537910592832,19.942125110321 73.537905813189,19.942132933318 73.537901035700,19.942140757494 73.537896260635,19.942148582993 73.537891488266,19.942156409964 73.537886718862,19.942164238550 73.537881952693,19.942172068897 73.537877190026,19.942179901149 73.537872431131,19.942187735451 73.537867676274,19.942195571946 73.537862925724,19.942203410777 73.537858179747,19.942211252083 73.537853438611,19.942219096008 73.537848702582,19.942226942692 73.537843971927,19.942234792275 73.537839246919,19.942242644898 73.537834527851,19.942250500714 73.537829814990,19.942258359863 73.537825108600,19.942266222478 73.537820408946,19.942274088697 73.537815716295,19.942281958652 73.537811030909,19.942289832480 73.537806353057,19.942297710311 73.537801683005,19.942305592280 73.537797021019,19.942313478519 73.537792367368,19.942321369160 73.537787722321,19.942329264331 73.537783086149,19.942337164163 73.537778459120,19.942345068788 73.537773841506,19.942352978333 73.537769233578,19.942360892929 73.537764635609,19.942368812704 73.537760047875,19.942376737782 73.537755470650,19.942384668293 73.537750904210,19.942392604363 73.537746348834,19.942400546117 73.537741804800,19.942408493679 73.537737272388,19.942416447173 73.537732751880,19.942424406724 73.537728243559,19.942432372453 73.537723747710,19.942440344484 73.537719264619,19.942448322937 73.537714794574,19.942456307933 73.537710337863,19.942464299592 73.537705894846,19.942472298065 73.537701465869,19.942480303499 73.537697051226,19.942488316011 73.537692651211,19.942496335715 73.537688266121,19.942504362726 73.537683896257,19.942512397159 73.537679541919,19.942520439127 73.537675203411,19.942528488742 73.537670881039,19.942536546117 73.537666575113,19.942544611362 73.537662285942,19.942552684588 73.537658013842,19.942560765902 73.537653759130,19.942568855410 73.537649522122,19.942576953223 73.537645303141,19.942585059449 73.537641102510,19.942593174192 73.537636920557,19.942601297557 73.537632757612,19.942609429647 73.537628614008,19.942617570566 73.537624490080,19.942625720414 73.537620386168,19.942633879293 73.537616302614,19.942642047301 73.537612239763,19.942650224536 73.537608197902,19.942658411066 73.537604177341,19.942666606971 73.537600178443,19.942674812347 73.537596201574,19.942683027293 73.537592247105,19.942691251902 73.537588315408,19.942699486269 73.537584406858,19.942707730484 73.537580521834,19.942715984637 73.537576660717,19.942724248815 73.537572823892,19.942732523105 73.537569011745,19.942740807588 73.537565224668,19.942749102348 73.537561463056,19.942757407458 73.537557727304,19.942765723000 73.537554017811,19.942774049047 73.537550334982,19.942782385672 73.537546679223,19.942790732944 73.537543050941,19.942799090930 73.537539450551,19.942807459695 73.537535878469,19.942815839299 73.537532335111,19.942824229802 73.537528820901,19.942832631260 73.537525336260,19.942841043724 73.537521881563,19.942849467225 73.537518457218,19.942857901801 73.537515063656,19.942866347494 73.537511701310,19.942874804346 73.537508370616,19.942883272390 73.537505072013,19.942891751659 73.537501805942,19.942900242181 73.537498572849,19.942908743982 73.537495373179,19.942917257083 73.537492207381,19.942925781502 73.537489075910,19.942934317249 73.537485979219,19.942942864336 73.537482917765,19.942951422766 73.537479892007,19.942959992539 73.537476902408,19.942968573653 73.537473949430,19.942977166098 73.537471033540,19.942985769862 73.537468155206,19.942994384926 73.537465314896,19.943003011268 73.537462513083,19.943011648860 73.537459750239,19.943020297670 73.537457026839,19.943028957659 73.537454343417,19.943037628803 73.537451700551,19.943046311076 73.537449098733,19.943055004428 73.537446538454,19.943063708802 73.537444020208,19.943072424133 73.537441544490,19.943081150352 73.537439111797,19.943089887386 73.537436722627,19.943098635151 73.537434377478,19.943107393562 73.537432076852,19.943116162525 73.537429821249,19.943124941941 73.537427611172,19.943133731704 73.537425447122,19.943142531701 73.537423329602,19.943151341815 73.537421259115,19.943160161920 73.537419236163,19.943168991884 73.537417261249,19.943177831567 73.537415334875,19.943186680822 73.537413457540,19.943195539496 73.537411629746,19.943204407430 73.537409851990,19.943213284455 73.537408124770,19.943222170397 73.537406448591,19.943231065076 73.537404823980,19.943239968306 73.537403251430,19.943248879892 73.537401731434,19.943257799626 73.537400264478,19.943266727299 73.537398851049,19.943275662689 73.537397491629,19.943284605569 73.537396186694,19.943293555703 73.537394936720,19.943302512849 73.537393742175,19.943311476753 73.537392603525,19.943320447161 73.537391521230,19.943329423804 73.537390495744,19.943338406409 73.537389527517,19.943347394692 73.537388616991,19.943356388366 73.537387764603,19.943365387137 73.537386970781,19.943374390697 73.537386235951,19.943383398735 73.537385560525,19.943392410929 73.537384944912,19.943401426953 73.537384389511,19.943410446473 73.537383894712,19.943419469147 73.537383460901,19.943428494629 73.537383088455,19.943437522562 73.537382777727,19.943446552582 73.537382529060,19.943455584320 73.537382342787,19.943464617401 73.537382219234,19.943473651443 73.537382158717,19.943482686058 73.537382161536,19.943491720854 73.537382226452,19.943500755442 73.537382355230,19.943509789414 73.537382551841,19.943518822292 73.537382820173,19.943527853516 73.537383177859,19.943536881583 73.537383638830,19.943545905782 73.537384106787,19.943554929731</coordinates></LineString><LineString><coordinates>73.537850844504,19.942681142941 73.537846652244,19.942689246342 73.537842479679,19.942697358828 73.537838327183,19.942705480517 73.537834195135,19.942713611527 73.537830083920,19.942721751974 73.537825993931,19.942729901976 73.537821925562,19.942738061650 73.537817879216,19.942746231110 73.537813855303,19.942754410473 73.537809854237,19.942762599852 73.537805876440,19.942770799360 73.537801922339,19.942779009112 73.537797992368,19.942787229218 73.537794086969,19.942795459790 73.537790206589,19.942803700937 73.537786351684,19.942811952768 73.537782522717,19.942820215391 73.537778720156,19.942828488911 73.537774944479,19.942836773435 73.537771196170,19.942845069064 73.537767475723,19.942853375902 73.537763783637,19.942861694047 73.537760120422,19.942870023599 73.537756486594,19.942878364654 73.537752882678,19.942886717305 73.537749309209,19.942895081646 73.537745766728,19.942903457767 73.537742255788,19.942911845754 73.537738776928,19.942920245684 73.537735330645,19.942928657611 73.537731917457,19.942937081594 73.537728537891,19.942945517691 73.537725192484,19.942953965953 73.537721881778,19.942962426431 73.537718606326,19.942970899170 73.537715366689,19.942979384214 73.537712163437,19.942987881601 73.537708997147,19.942996391365 73.537705868407,19.943004913541 73.537702777812,19.943013448154 73.537699725966,19.943021995226 73.537696713484,19.943030554777 73.537693740988,19.943039126819 73.537690809110,19.943047711361 73.537687918492,19.943056308406 73.537685069783,19.943064917951 73.537682263644,19.943073539988 73.537679500743,19.943082174502 73.537676781759,19.943090821473 73.537674107381,19.943099480875 73.537671478305,19.943108152672 73.537668895238,19.943116836825 73.537666358897,19.943125533284 73.537663870007,19.943134241994 73.537661429263,19.943142962880 73.537659037308,19.943151695846 73.537656694841,19.943160440798 73.537654402567,19.943169197636 73.537652161196,19.943177966250 73.537649971445,19.943186746518 73.537647834032,19.943195538310 73.537645749682,19.943204341487 73.537643719124,19.943213155900 73.537641743090,19.943221981386 73.537639822316,19.943230817774 73.537637957541,19.943239664881 73.537636149505,19.943248522513 73.537634398953,19.943257390465 73.537632706630,19.943266268517 73.537631073282,19.943275156440 73.537629499656,19.943284053993 73.537627986499,19.943292960919 73.537626534559,19.943301876953 73.537625144582,19.943310801812 73.537623817312,19.943319735201 73.537622553491,19.943328676814 73.537621353859,19.943337626330 73.537620219152,19.943346583413 73.537619150100,19.943355547714 73.537618147379,19.943364518867 73.537617211671,19.943373496489 73.537616343672,19.943382480191 73.537615544064,19.943391469568 73.537614813517,19.943400464196 73.537614152681,19.943409463647 73.537613562179,19.943418467475 73.537613042664,19.943427475214 73.537612594776,19.943436486391 73.537612219135,19.943445500520 73.537611916336,19.943454517098 73.537611686955,19.943463535612 73.537611531541,19.943472555538 73.537611450621,19.943481576337 73.537611444694,19.943490597457 73.537611514234,19.943499618341 73.537611659793,19.943508638413 73.537611885886,19.943517656997 73.537612202720,19.943526673129 73.537612622252,19.943535685499 73.537613157558,19.943544692370 73.537613821343,19.943553691573 73.537614627161,19.943562680383 73.537615589505,19.943571655394 73.537616722601,19.943580612545 73.537618041025,19.943589546965 73.537619561401,19.943598452619 73.537621301781,19.943607322146 73.537623285174,19.943616145882 73.537625542624,19.943624910456 73.537628103921,19.943633599907 73.537631014478,19.943642190258 73.537634346752,19.943650642124 73.537638183841,19.943658899711 73.537642685159,19.943666849735 73.537648175416,19.943674216244 73.537654532076,19.943680940225 73.537661263456,19.943687331848 73.537668209649,19.943693514966 73.537675297846,19.943699552496 73.537682474636,19.943705495801 73.537689709871,19.943711375430 73.537696981996,19.943717214228 73.537704270520,19.943723034720 73.537711560402,19.943728853744 73.537718843174,19.943734680720 73.537726117751,19.943740516835 73.537733384419,19.943746361745 73.537740643304,19.943752215278 73.537747894548,19.943758077274 73.537755138289,19.943763947568 73.537762374659,19.943769825991 73.537769603793,19.943775712378 73.537776825821,19.943781606555 73.537784040877,19.943787508355 73.537791249104,19.943793417614 73.537798450640,19.943799334161 73.537805645630,19.943805257833 73.537812834204,19.943811188456 73.537820016510,19.943817125872 73.537827192686,19.943823069912 73.537834362872,19.943829020410 73.537841527215,19.943834977201 73.537848685857,19.943840940117 73.537855838944,19.943846908994 73.537862986619,19.943852883661 73.537870129030,19.943858863952 73.537877266330,19.943864849702 73.537884398668,19.943870840745 73.537891526197,19.943876836906 73.537898649065,19.943882838012 73.537905767412,19.943888843890 73.537912881416,19.943894854404 73.537919991204,19.943900869372 73.537927096925,19.943906888628 73.537934198735,19.943912912011 73.537941296785,19.943918939357 73.537948391228,19.943924970498 73.537955482217,19.943931005271 73.537962569909,19.943937043507 73.537969654456,19.943943085041 73.537976736018,19.943949129705 73.537983814751,19.943955177332 73.537990890813,19.943961227753 73.537997964364,19.943967280800 73.538005035564,19.943973336303 73.538012104574,19.943979394093 73.538019171556,19.943985453998 73.538026236672,19.943991515849 73.538033300087,19.943997579473 73.538040361964,19.944003644698 73.538047422470,19.944009711352 73.538054481771,19.944015779260 73.538061540034,19.944021848248 73.538068597445,19.944027918122 73.538075654178,19.944033988700 73.538082710392,19.944040059817 73.538089766248,19.944046131307 73.538096821906,19.944052203003 73.538103877526,19.944058274738 73.538110933272,19.944064346344 73.538117989306,19.944070417651 73.538125045792,19.944076488488 73.538132102894,19.944082558687 73.538139160775,19.944088628072 73.538146219604,19.944094696475 73.538153279545,19.944100763719 73.538160340767,19.944106829631 73.538167403439,19.944112894037 73.538174467726,19.944118956758 73.538181533800,19.944125017618 73.538188601830,19.944131076437 73.538195671988,19.944137133038 73.538202744444,19.944143187238 73.538209819371,19.944149238857 73.538216896942,19.944155287712 73.538223977330,19.944161333618 73.538231060709,19.944167376391 73.538238147254,19.944173415844 73.538245237140,19.944179451789 73.538252330543,19.944185484038 73.538259427640,19.944191512401 73.538266528608,19.944197536685 73.538273633625,19.944203556700 73.538280742871,19.944209572250 73.538287856523,19.944215583140 73.538294974762,19.944221589173 73.538302097767,19.944227590151 73.538309225719,19.944233585873 73.538316358800,19.944239576140 73.538323497191,19.944245560748 73.538330641076,19.944251539492 73.538337790636,19.944257512167 73.538344946055,19.944263478566 73.538352107516,19.944269438478 73.538359275204,19.944275391693 73.538366449304,19.944281337999 73.538373629999,19.944287277182 73.538380817467,19.944293209035 73.538388011876,19.944299133359 73.538395213397,19.944305049952 73.538402422200,19.944310958610 73.538409638456,19.944316859128 73.538416862336,19.944322751298 73.538424094011,19.944328634913 73.538431333652,19.944334509760 73.538438581432,19.944340375629 73.538445837521,19.944346232304 73.538453102093,19.944352079569 73.538460375318,19.944357917208 73.538467657371,19.944363744999 73.538474948421,19.944369562721 73.538482248642,19.944375370150 73.538489558206,19.944381167061 73.538496877287,19.944386953225 73.538504206055,19.944392728414 73.538511544685,19.944398492396 73.538518893347,19.944404244936 73.538526252214,19.944409985800 73.538533621458,19.944415714748 73.538541001252,19.944421431541 73.538548391767,19.944427135938 73.538555793172,19.944432827691 73.538563205640,19.944438506557 73.538570629342,19.944444172285 73.538578064448,19.944449824626 73.538585511129,19.944455463326 73.538592969554,19.944461088129 73.538600439892,19.944466698778 73.538607922312,19.944472295013 73.538615416981,19.944477876572 73.538622924068,19.944483443189 73.538630443738,19.944488994599 73.538637976157,19.944494530531 73.538645521491,19.944500050714 73.538653079905,19.944505554875 73.538660651561,19.944511042736 73.538668236622,19.944516514020 73.538675835248,19.944521968446 73.538683447564,19.944527405779 73.538691073700,19.944532825767 73.538698713803,19.944538228138 73.538706368018,19.944543612616 73.538714036490,19.944548978923 73.538721719362,19.944554326782 73.538729416777,19.944559655910 73.538737128875,19.944564966023 73.538744855791,19.944570256836 73.538752597664,19.944575528061 73.538760354630,19.944580779407 73.538768126821,19.944586010585 73.538775914370,19.944591221300 73.538783717405,19.944596411256 73.538791536051,19.944601580162 73.538799370429,19.944606727724 73.538807220657,19.944611853646 73.538815086855,19.944616957631 73.538822969135,19.944622039381 73.538830867611,19.944627098594 73.538838782394,19.944632134970 73.538846713588,19.944637148204 73.538854661300,19.944642137991 73.538862625633,19.944647104026 73.538870606683,19.944652046002 73.538878604548,19.944656963615 73.538886619317,19.944661856558 73.538894651077,19.944666724523 73.538902699914,19.944671567200 73.538910765910,19.944676384283 73.538918849142,19.944681175459 73.538926949686,19.944685940419 73.538935067613,19.944690678851 73.538943203062,19.944695390337 73.538951356158,19.944700074463 73.538959526779,19.944704731207 73.538967714751,19.944709360615 73.538975919865,19.944713962801 73.538984141873,19.944718537941 73.538992380454,19.944723086348 73.539000635087,19.944727608669 73.539008905342,19.944732105395 73.539017190814,19.944736577003 73.539025491102,19.944741023974 73.539033805806,19.944745446794 73.539042134535,19.944749845956 73.539050476908,19.944754221946 73.539058832530,19.944758575271 73.539067201017,19.944762906444 73.539075581987,19.944767215979 73.539083975064,19.944771504394 73.539092379879,19.944775772205 73.539100796066,19.944780019926 73.539109223268,19.944784248075 73.539117661131,19.944788457164 73.539126109311,19.944792647709 73.539134567469,19.944796820219 73.539143035268,19.944800975204 73.539151512388,19.944805113169 73.539159999642,19.944809232526 73.539168499427,19.944813328715 73.539177014411,19.944817396574 73.539185547293,19.944821430751 73.539194100962,19.944825425359 73.539202678197,19.944829374509 73.539211281849,19.944833271925 73.539219915021,19.944837110513 73.539228581251,19.944840881899 73.539237283907,19.944844577504 73.539246025728,19.944848189492 73.539254809761,19.944851708694 73.539263639441,19.944855124191 73.539272518653,19.944858422826 73.539281453037,19.944861585299 73.539290629398,19.944864010357 73.539300125279,19.944864727730 73.539309636889,19.944864101971 73.539319053454,19.944862668443 73.539328371191,19.944860736385</coordinates></LineString><LineString><coordinates>73.538475928465,19.940022010809 73.538476910754,19.940030984320 73.538477823559,19.940039964382 73.538478670115,19.940048950259 73.538479450798,19.940057941468 73.538480166212,19.940066937532 73.538480816987,19.940075937985 73.538481403788,19.940084942370 73.538481927306,19.940093950244 73.538482388255,19.940102961174 73.538482787384,19.940111974744 73.538483125467,19.940120990546 73.538483403300,19.940130008189 73.538483621708,19.940139027294 73.538483781543,19.940148047497 73.538483883684,19.940157068451 73.538483929039,19.940166089820 73.538483918542,19.940175111286 73.538483853257,19.940184132547 73.538483734239,19.940193153317 73.538483562425,19.940202173326 73.538483338782,19.940211192320 73.538483064307,19.940220210059 73.538482740029,19.940229226319 73.538482367008,19.940238240895 73.538481946335,19.940247253595 73.538481479132,19.940256264245 73.538480966555,19.940265272689 73.538480409789,19.940274278788 73.538479810053,19.940283282420 73.538479168600,19.940292283480 73.538478486714,19.940301281882 73.538477765715,19.940310277558 73.538477006956,19.940319270457 73.538476211828,19.940328260545 73.538475381754,19.940337247809 73.538474518213,19.940346232253 73.538473622566,19.940355213886 73.538472696088,19.940364192722 73.538471740091,19.940373168791 73.538470755921,19.940382142137 73.538469744964,19.940391112821 73.538468708643,19.940400080917 73.538467648420,19.940409046514 73.538466565798,19.940418009717 73.538465462323,19.940426970646 73.538464339583,19.940435929436 73.538463199212,19.940444886233 73.538462042890,19.940453841202 73.538460872346,19.940462794520 73.538459689358,19.940471746375 73.538458495759,19.940480696970 73.538457293434,19.940489646520 73.538456084240,19.940498595243 73.538454869825,19.940507543334 73.538453651841,19.940516490991 73.538452431990,19.940525438420 73.538451212028,19.940534385836 73.538449993769,19.940543333460 73.538448779083,19.940552281519 73.538447569903,19.940561230243 73.538446368227,19.940570179868 73.538445176117,19.940579130640 73.538443995708,19.940588082799 73.538442829206,19.940597036587 73.538441678895,19.940605992249 73.538440547140,19.940614950023 73.538439436389,19.940623910148 73.538438349139,19.940632872850 73.538437287645,19.940641838313 73.538436254076,19.940650806691 73.538435250673,19.940659778131 73.538434279760,19.940668752766 73.538433343745,19.940677730717 73.538432445119,19.940686712082 73.538431586468,19.940695696943 73.538430770465,19.940704685356 73.538429999884,19.940713677351 73.538429277594,19.940722672930 73.538428606567,19.940731672056 73.538427989881,19.940740674656 73.538427430720,19.940749680613 73.538426932232,19.940758689753 73.538426497042,19.940767701830 73.538426128103,19.940776716546 73.538425828493,19.940785733560 73.538425601368,19.940794752464 73.538425449957,19.940803772786 73.538425377534,19.940812793982 73.538425387282,19.940821815433 73.538425482402,19.940830836436 73.538425666129,19.940839856214 73.538425941713,19.940848873895 73.538426312700,19.940857888513 73.538426782307,19.940866899017 73.538427350090,19.940875904463 73.538428012038,19.940884904150 73.538428761392,19.940893897701 73.538429590778,19.940902885001 73.538430493381,19.940911865995 73.538431462956,19.940920840746 73.538432493760,19.940929809397 73.538433580503,19.940938772144 73.538434718299,19.940947729227 73.538435902490,19.940956680934 73.538437127998,19.940965627667 73.538438389844,19.940974569883 73.538439683384,19.940983508048 73.538441004281,19.940992442638 73.538442348471,19.941001374122 73.538443712142,19.941010302967 73.538445091707,19.941019229626 73.538446483836,19.941028154539 73.538447885100,19.941037078176 73.538449291606,19.941046001076 73.538450699622,19.941054923763 73.538452105607,19.941063846737 73.538453506193,19.941072770470 73.538454898170,19.941081695410 73.538456278479,19.941090621969 73.538457644197,19.941099550529 73.538458992533,19.941108481474 73.538460320807,19.941117415101 73.538461626453,19.941126351700 73.538462907007,19.941135291534 73.538464159758,19.941144234879 73.538465381627,19.941153182036 73.538466569626,19.941162133291 73.538467720878,19.941171088839 73.538468832616,19.941180048847 73.538469902178,19.941189013443 73.538470927003,19.941197982714 73.538471904625,19.941206956695 73.538472832670,19.941215935380 73.538473708854,19.941224918723 73.538474530978,19.941233906633 73.538475296928,19.941242898980 73.538476004669,19.941251895590 73.538476651971,19.941260896267 73.538477236267,19.941269900794 73.538477755042,19.941278908908 73.538478205873,19.941287920291 73.538478586424,19.941296934570 73.538478894445,19.941305951324 73.538479127770,19.941314970082 73.538479284322,19.941323990322 73.538479362104,19.941333011480 73.538479359207,19.941342032935 73.538479273804,19.941351054030 73.538479104156,19.941360074058 73.538478848606,19.941369092270 73.538478505585,19.941378107885 73.538478073305,19.941387120066 73.538477549690,19.941396127914 73.538476933075,19.941405130494 73.538476221869,19.941414126834 73.538475414557,19.941423115918 73.538474509699,19.941432096689 73.538473505959,19.941441068063 73.538472403967,19.941450029119 73.538471205052,19.941458979042 73.538469910286,19.941467917016 73.538468520844,19.941476842268 73.538467038117,19.941485754090 73.538465463415,19.941494651794 73.538463798080,19.941503534729 73.538462043508,19.941512402289 73.538460201034,19.941521253892 73.538458271985,19.941530088989 73.538456257723,19.941538907065 73.538454159638,19.941547707646 73.538451979149,19.941556490297 73.538449717701,19.941565254622 73.538447376818,19.941574000279 73.538444958170,19.941582726993 73.538442463050,19.941591434433 73.538439892728,19.941600122292 73.538437248496,19.941608790294 73.538434531674,19.941617438199 73.538431743602,19.941626065802 73.538428885646,19.941634672932 73.538425959187,19.941643259460 73.538422965633,19.941651825279 73.538419906407,19.941660370325 73.538416782951,19.941668894567 73.538413596724,19.941677398011 73.538410349204,19.941685880695 73.538407041883,19.941694342693 73.538403676268,19.941702784115 73.538400253841,19.941711205084 73.538396775834,19.941719605666 73.538393243443,19.941727985932 73.538389657883,19.941736345982 73.538386020378,19.941744685940 73.538382332166,19.941753005961 73.538378594498,19.941761306220 73.538374808637,19.941769586926 73.538370975856,19.941777848313 73.538367097446,19.941786090635 73.538363174709,19.941794314179 73.538359208962,19.941802519256 73.538355201536,19.941810706205 73.538351153778,19.941818875392 73.538347067052,19.941827027210 73.538342942867,19.941835162144 73.538338782816,19.941843280735 73.538334587792,19.941851383219 73.538330358674,19.941859469836 73.538326096373,19.941867540856 73.538321801838,19.941875596580 73.538317476050,19.941883637340 73.538313120030,19.941891663492 73.538308734832,19.941899675422 73.538304321545,19.941907673547 73.538299881292,19.941915658315 73.538295415231,19.941923630203 73.538290924554,19.941931589713 73.538286410486,19.941939537382 73.538281874203,19.941947473730 73.538277316330,19.941955399013 73.538272737777,19.941963313626 73.538268139555,19.941971218037 73.538263522700,19.941979112737 73.538258888277,19.941986998228 73.538254237373,19.941994875037 73.538249571097,19.942002743713 73.538244890584,19.942010604823 73.538240196992,19.942018458955 73.538235491498,19.942026306716 73.538230775306,19.942034148733 73.538226049641,19.942041985647 73.538221315750,19.942049818120 73.538216575026,19.942057646896 73.538211828501,19.942065472528 73.538207076917,19.942073295412 73.538202321036,19.942081115960 73.538197561635,19.942088934599 73.538192799175,19.942096751576 73.538188033700,19.942104566906 73.538183265493,19.942112380743 73.538178494838,19.942120193242 73.538173722017,19.942128004563 73.538168947315,19.942135814859 73.538164171017,19.942143624282 73.538159393406,19.942151432987 73.538154614765,19.942159241129 73.538149835376,19.942167048862 73.538145055522,19.942174856341 73.538140275489,19.942182663724 73.538135495567,19.942190471166 73.538130716025,19.942198278819 73.538125937136,19.942206086829 73.538121159172,19.942213895346 73.538116382401,19.942221704520 73.538111607098,19.942229514497 73.538106833535,19.942237325424 73.538102061984,19.942245137449 73.538097292720,19.942252950722 73.538092526015,19.942260765391 73.538087762144,19.942268581603 73.538083001381,19.942276399509 73.538078244003,19.942284219255 73.538073490286,19.942292040992 73.538068740508,19.942299864867 73.538063994946,19.942307691029 73.538059253881,19.942315519627 73.538054517594,19.942323350809 73.538049786365,19.942331184726 73.538045060478,19.942339021526 73.538040340219,19.942346861356 73.538035625871,19.942354704376 73.538030917757,19.942362550749 73.538026216157,19.942370400611 73.538021521343,19.942378254101 73.538016833584,19.942386111359 73.538012153156,19.942393972523 73.538007480334,19.942401837732 73.538002815396,19.942409707123 73.537998158620,19.942417580836 73.537993510289,19.942425459009 73.537988870686,19.942433341782 73.537984240097,19.942441229292 73.537979618812,19.942449121680 73.537975007120,19.942457019083 73.537970405315,19.942464921643 73.537965813694,19.942472829497 73.537961232553,19.942480742785 73.537956662193,19.942488661651 73.537952102918,19.942496586233 73.537947555037,19.942504516668 73.537943018862,19.942512453092 73.537938494705,19.942520395647 73.537933982883,19.942528344472 73.537929483716,19.942536299706 73.537924997524,19.942544261495 73.537920524635,19.942552229976 73.537916065380,19.942560205287 73.537911620092,19.942568187569 73.537907189111,19.942576176961 73.537902772777,19.942584173603 73.537898371436,19.942592177634 73.537893985438,19.942600189193 73.537889615135,19.942608208425</coordinates></LineString><LineString><coordinates>73.539671907141,19.945012013865 73.539681216421,19.945009952423 73.539690525700,19.945007890981 73.539699834979,19.945005829538 73.539709144258,19.945003768094 73.539718453537,19.945001706650 73.539727762816,19.944999645205 73.539737072094,19.944997583760 73.539746381372,19.944995522315 73.539755690650,19.944993460868 73.539764999928,19.944991399422 73.539774309206,19.944989337975 73.539783618483,19.944987276527 73.539792927760,19.944985215079 73.539802237037,19.944983153630 73.539811546314,19.944981092181 73.539820855590,19.944979030731 73.539830164866,19.944976969281 73.539839474143,19.944974907831 73.539848783418,19.944972846379 73.539858092694,19.944970784928 73.539867401970,19.944968723475 73.539876711245,19.944966662023 73.539886020520,19.944964600570 73.539895329795,19.944962539116 73.539904639069,19.944960477662 73.539913948344,19.944958416207 73.539923257618,19.944956354752 73.539932566892,19.944954293296 73.539941876166,19.944952231840 73.539951185439,19.944950170383 73.539960494712,19.944948108926 73.539969803986,19.944946047468 73.539979113259,19.944943986010 73.539988422531,19.944941924551 73.539997731804,19.944939863092 73.540007041076,19.944937801632 73.540016350348,19.944935740172 73.540025659620,19.944933678711 73.540034968892,19.944931617250 73.540044278163,19.944929555788 73.540053587435,19.944927494326 73.540062896706,19.944925432863 73.540072205976,19.944923371400 73.540081515247,19.944921309936 73.540090755930,19.944919005104 73.540099915520,19.944916412503 73.540109075199,19.944913820187 73.540118234975,19.944911228176 73.540127394854,19.944908636494 73.540136554846,19.944906045163 73.540145714954,19.944903454206 73.540154875188,19.944900863645 73.540164035554,19.944898273503 73.540173196059,19.944895683801 73.540182356709,19.944893094562 73.540191517513,19.944890505808 73.540200678476,19.944887917561 73.540209839606,19.944885329841 73.540219000909,19.944882742672 73.540228162394,19.944880156074 73.540237324067,19.944877570069 73.540246485933,19.944874984677 73.540255647999,19.944872399921 73.540264810272,19.944869815820 73.540273972759,19.944867232396 73.540283135465,19.944864649669 73.540292298397,19.944862067660 73.540301461561,19.944859486388 73.540310624963,19.944856905875 73.540319788610,19.944854326139 73.540328952509,19.944851747201 73.540338116665,19.944849169079 73.540347281084,19.944846591794 73.540356445749,19.944844015291 73.540365610864,19.944841440218 73.540374777068,19.944838868600 73.540383945049,19.944836302668 73.540393115570,19.944833744865 73.540402289377,19.944831197626 73.540411467240,19.944828663486 73.540420649916,19.944826144988 73.540429838140,19.944823644649 73.540439032661,19.944821165099 73.540448234246,19.944818709091 73.540457443675,19.944816279518 73.540466661828,19.944813879720 73.540475889433,19.944811512630 73.540485127130,19.944809181010 73.540494375568,19.944806887784 73.540503635402,19.944804636057 73.540512907288,19.944802429126 73.540522191883,19.944800270507 73.540531489840,19.944798163951 73.540540801804,19.944796113469 73.540550128402,19.944794123359 73.540559470240,19.944792198237 73.540568827885,19.944790343046 73.540578201711,19.944788562420 73.540587591895,19.944786860655 73.540596998564,19.944785242360 73.540606421767,19.944783712518 73.540615861465,19.944782276526 73.540625317517,19.944780940236 73.540634789645,19.944779710009 73.540644277409,19.944778592769 73.540653780170,19.944777596065 73.540663297017,19.944776727910 73.540672826580,19.944775995130 73.540682367221,19.944775405316 73.540691916964,19.944774966809 73.540701473412,19.944774688484 73.540711033679,19.944774579308 73.540720594347,19.944774648483 73.540730151412,19.944774905496 73.540739700235,19.944775359938 73.540749235925,19.944776016173 73.540758754412,19.944776867176 73.540768252178,19.944777904850 73.540777726219,19.944779121191 73.540787173967,19.944780508462 73.540796593219,19.944782059416 73.540805982204,19.944783766665 73.540815339491,19.944785623087 73.540824663877,19.944787622057 73.540833954402,19.944789757420 73.540843210249,19.944792023464 73.540852430708,19.944794415064 73.540861615504,19.944796926401 73.540870764561,19.944799551827 73.540879877885,19.944802286137 73.540888955559,19.944805124532 73.540897997711,19.944808062576 73.540907004516,19.944811096168 73.540915976177,19.944814221509 73.540924912919,19.944817435075 73.540933814979,19.944820733593 73.540942682662,19.944824113894 73.540951516552,19.944827572418 73.540960317284,19.944831105720 73.540969085500,19.944834710593 73.540977821835,19.944838384038 73.540986526913,19.944842123253 73.540995201356,19.944845925610 73.541003845768,19.944849788649 73.541012460743,19.944853710059 73.541021046862,19.944857687669 73.541029604690,19.944861719436 73.541038134778,19.944865803411 73.541046637920,19.944869937338 73.541055114879,19.944874119072 73.541063566366,19.944878346666 73.541071993063,19.944882618264 73.541080395654,19.944886932103 73.541088774783,19.944891286561 73.541097131299,19.944895679707 73.541105466338,19.944900109194 73.541113781056,19.944904572705 73.541122076621,19.944909067974 73.541130354208,19.944913592786 73.541138614992,19.944918144977 73.541146860148,19.944922722435 73.541155090850,19.944927323105 73.541163308259,19.944931944983 73.541171513615,19.944936585975 73.541179708214,19.944941243925 73.541187893334,19.944945916743 73.541196070237,19.944950602407 73.541204240156,19.944955298952 73.541212404298,19.944960004476 73.541220563837,19.944964717132 73.541228719925,19.944969435133 73.541236873684,19.944974156739 73.541245026292,19.944978880118 73.541253178974,19.944983603383 73.541261332915,19.944988324702 73.541269489263,19.944993042299 73.541277649130,19.944997754451 73.541285813586,19.945002459483 73.541293983670,19.945007155773 73.541302160379,19.945011841740 73.541310344759,19.945016515725 73.541318537834,19.945021176071 73.541326740575,19.945025821190 73.541334953914,19.945030449528 73.541343178359,19.945035060201 73.541351413775,19.945039653327 73.541359659984,19.945044229101 73.541367916812,19.945048787724 73.541376184079,19.945053329396 73.541384461610,19.945057854320 73.541392749233,19.945062362699 73.541401046772,19.945066854740 73.541409354053,19.945071330651 73.541417670905,19.945075790643 73.541425997154,19.945080234928 73.541434332629,19.945084663723 73.541442677155,19.945089077249 73.541451030566,19.945093475722 73.541459392693,19.945097859359 73.541467763373,19.945102228379 73.541476142438,19.945106583000 73.541484529725,19.945110923448 73.541492925070,19.945115249946 73.541501328307,19.945119562720 73.541509739274,19.945123861999 73.541518157808,19.945128148015 73.541526583747,19.945132420998 73.541535016930,19.945136681185 73.541543457196,19.945140928811 73.541551904385,19.945145164114 73.541560358337,19.945149387334 73.541568818889,19.945153598718 73.541577285873,19.945157798532 73.541585759135,19.945161987009 73.541594238525,19.945166164383 73.541602723893,19.945170330889 73.541611215089,19.945174486763 73.541619711966,19.945178632243 73.541628214375,19.945182767569 73.541636722168,19.945186892983 73.541645235198,19.945191008725 73.541653753316,19.945195115039 73.541662276378,19.945199212172 73.541670804237,19.945203300370 73.541679336748,19.945207379881 73.541687873764,19.945211450954 73.541696415141,19.945215513839 73.541704960734,19.945219568789 73.541713510400,19.945223616057 73.541722063996,19.945227655897 73.541730621375,19.945231688564 73.541739182396,19.945235714315 73.541747746915,19.945239733408 73.541756314790,19.945243746100 73.541764885878,19.945247752652 73.541773460037,19.945251753326 73.541782037125,19.945255748382 73.541790617000,19.945259738082 73.541799199521,19.945263722692 73.541807784545,19.945267702476 73.541816371933,19.945271677699 73.541824961542,19.945275648627 73.541833553235,19.945279615525 73.541842146889,19.945283578622 73.541850742375,19.945287538165 73.541859339558,19.945291494413 73.541867938304,19.945295447621 73.541876538480,19.945299398049 73.541885139949,19.945303345956 73.541893742580,19.945307291600 73.541902346238,19.945311235244 73.541910950786,19.945315177146 73.541919556289,19.945319117191 73.541928162415,19.945323056018 73.541936768473,19.945326994989 73.541945373753,19.945330935496 73.541953977132,19.945334879687 73.541962577124,19.945338830472 73.541971172469,19.945342790294 73.541979761835,19.945346761701 73.541988343815,19.945350747360 73.541996916919,19.945354750065 73.542005479562,19.945358772744 73.542014030017,19.945362818539 73.542022566426,19.945366890761 73.542031087194,19.945370992168 73.542039590643,19.945375125593 73.542048074955,19.945379294027 73.542056538153,19.945383500643 73.542064978110,19.945387748818 73.542073392492,19.945392042138 73.542081778736,19.945396384419 73.542090134013,19.945400779722 73.542098455245,19.945405232403 73.542106739027,19.945409747087 73.542114982045,19.945414327992 73.542123181082,19.945418978931 73.542131332593,19.945423703971 73.542139432650,19.945428507474 73.542147476881,19.945433394130 73.542155460411,19.945438368983 73.542163377796,19.945443437468 73.542171222920,19.945448605434 73.542178988908,19.945453879180 73.542186668991,19.945459264229 73.542194256233,19.945464765683 73.542201742552,19.945470389389 73.542209119124,19.945476141283 73.542216380130,19.945482023203 73.542223527259,19.945488028573 73.542230563603,19.945494149807 73.542237492539,19.945500379666 73.542244317694,19.945506711146 73.542251042774,19.945513137678 73.542257671334,19.945519653275 73.542264206967,19.945526252287 73.542270654039,19.945532928757 73.542277016781,19.945539677189 73.542283299250,19.945546492548 73.542289505326,19.945553370212 73.542295638718,19.945560305941 73.542301702964,19.945567295832 73.542307701433,19.945574336295 73.542313637345,19.945581424016 73.542319514124,19.945588555669 73.542325335588,19.945595727776 73.542331105401,19.945602937114 73.542336827036,19.945610180710 73.542342503793,19.945617455834 73.542348138771,19.945624759920 73.542353734940,19.945632090629 73.542359295125,19.945639445796 73.542364821994,19.945646823383 73.542370318091,19.945654221500 73.542375785940,19.945661638313 73.542381228408,19.945669071800 73.542386648345,19.945676519994 73.542392048473,19.945683981043 73.542397431396,19.945691453204 73.542402799603,19.945698934829 73.542408155476,19.945706424355 73.542413501295,19.945713920298 73.542418839251,19.945721421250 73.542424171443,19.945728925866 73.542429499886,19.945736432862 73.542434826518,19.945743941006 73.542440153365,19.945751449016 73.542445482653,19.945758955476 73.542450816553,19.945766459006 73.542456157155,19.945773958271 73.542461506469,19.945781451982 73.542466866435,19.945788938884 73.542472238916,19.945796417761 73.542477625711,19.945803887427 73.542483028550,19.945811346723 73.542488449101,19.945818794520 73.542493888971,19.945826229711 73.542499349708,19.945833651212 73.542504832818,19.945841057950 73.542510339969,19.945848448720 73.542515872925,19.945855822236 73.542521433388,19.945863177227 73.542527022990,19.945870512436 73.542532643303,19.945877826628 73.542538295837,19.945885118584 73.542543982039,19.945892387095 73.542549703295,19.945899630968 73.542555460933,19.945906849020 73.542561256220,19.945914040080 73.542567090368,19.945921202987 73.542572964531,19.945928336593 73.542578879879,19.945935439704 73.542584837911,19.945942510847 73.542590838489,19.945949549744 73.542596881450,19.945956556135 73.542602966057,19.945963530223 73.542609091488,19.945970472283 73.542615257001,19.945977382543 73.542621461853,19.945984261246 73.542627705307,19.945991108647 73.542633986621,19.945997925018 73.542640305048,19.946004710651 73.542646659838,19.946011465853 73.542653050228,19.946018190958 73.542659475462,19.946024886312 73.542665934810,19.946031552251 73.542672427535,19.946038189128 73.542678952903,19.946044797318 73.542685510173,19.946051377213 73.542692098599,19.946057929220 73.542698717433,19.946064453764 73.542705365922,19.946070951291 73.542712043314,19.946077422263 73.542718748850,19.946083867160 73.542725481774,19.946090286476 73.542732241353,19.946096680694 73.542739026870,19.946103050299 73.542745837603,19.946109395794 73.542752672823,19.946115717694 73.542759531812,19.946122016546 73.542766413833,19.946128292899 73.542773318142,19.946134547317 73.542780244005,19.946140780394 73.542787190674,19.946146992730 73.542794157405,19.946153184948 73.542801143479,19.946159357648 73.542808148196,19.946165511428 73.542815170851,19.946171646902 73.542822210732,19.946177764699 73.542829267123,19.946183865464 73.542836339304,19.946189949858 73.542843426546,19.946196018560 73.542850528121,19.946202072267 73.542857643285,19.946208111687 73.542864771295,19.946214137546 73.542871911444,19.946220150542 73.542879063028,19.946226151374 73.542886225325,19.946232140771 73.542893397606,19.946238119476 73.542900579170,19.946244088210 73.542907769944,19.946250047021 73.542914970385,19.946255995385 73.542922180961,19.946261932760 73.542929402130,19.946267858611 73.542936634346,19.946273772407 73.542943878049,19.946279673616 73.542951133675,19.946285561713 73.542958401650,19.946291436176 73.542965682393,19.946297296487 73.542972976287,19.946303142155 73.542980283747,19.946308972654 73.542987605202,19.946314787433 73.542994941071,19.946320585945 73.543002291765,19.946326367645 73.543009657685,19.946332131992 73.543017039223,19.946337878447 73.543024436761,19.946343606473 73.543031850675,19.946349315538 73.543039281327,19.946355005111 73.543046729074,19.946360674663 73.543054194259,19.946366323669 73.543061677219,19.946371951606 73.543069178281,19.946377557955 73.543076697761,19.946383142199 73.543084235966,19.946388703823 73.543091793193,19.946394242314 73.543099369730,19.946399757166 73.543106965855,19.946405247870 73.543114581847,19.946410713912 73.543122218004,19.946416154739 73.543129874606,19.946421569817 73.543137551919,19.946426958608 73.543145250203,19.946432320581 73.543152969705,19.946437655207 73.543160710665,19.946442961959 73.543168473307,19.946448240311 73.543176257849,19.946453489745 73.543184064498,19.946458709740 73.543191893451,19.946463899782 73.543199744891,19.946469059358 73.543207618993,19.946474187960 73.543215515921,19.946479285082 73.543223435829,19.946484350221 73.543231378859,19.946489382881 73.543239345143,19.946494382567 73.543247334802,19.946499348788 73.543255347946,19.946504281057 73.543263384675,19.946509178893 73.543271445102,19.946514041792 73.543279529339,19.946518869223 73.543287637449,19.946523660718 73.543295769488,19.946528415813 73.543303925503,19.946533134047 73.543312105534,19.946537814957 73.543320309612,19.946542458085 73.543328537759,19.946547062972 73.543336789988,19.946551629161 73.543345066306,19.946556156197 73.543353366711,19.946560643627 73.543361691190,19.946565091000 73.543370039681,19.946569497944 73.543378412120,19.946573864073 73.543386808478,19.946578188937 73.543395228721,19.946582472079 73.543403672804,19.946586713039 73.543412140685,19.946590911359 73.543420632313,19.946595066571 73.543429147631,19.946599178209 73.543437686573,19.946603245802 73.543446249071,19.946607268874 73.543454835048,19.946611246950 73.543463444422,19.946615179550 73.543472077070,19.946619066259 73.543480732901,19.946622906589 73.543489411858,19.946626699957 73.543498113880,19.946630445782 73.543506838891,19.946634143477 73.543515586809,19.946637792452 73.543524357545,19.946641392118 73.543533150998,19.946644941883 73.543541967056,19.946648441152 73.543550805600,19.946651889330 73.543559666500,19.946655285819 73.543568549613,19.946658630021 73.543577454788,19.946661921337 73.543586381865,19.946665159169 73.543595330670,19.946668342916 73.543604301017,19.946671471979 73.543613292714,19.946674545759 73.543622305555,19.946677563659 73.543631339324,19.946680525082 73.543640393790,19.946683429433 73.543649468714,19.946686276118 73.543658563860,19.946689064500 73.543667679005,19.946691793860 73.543676813919,19.946694463470 73.543685968353,19.946697072600 73.543695142049,19.946699620526 73.543704334727,19.946702106519 73.543713546098,19.946704529856 73.543722775852,19.946706889816 73.543732023668,19.946709185677 73.543741289207,19.946711416726 73.543750572117,19.946713582250 73.543759872024,19.946715681542 73.543769188544,19.946717713901 73.543778521274,19.946719678630 73.543787869796,19.946721575041 73.543797233674,19.946723402452 73.543806612456,19.946725160189 73.543816005674,19.946726847587 73.543825412845,19.946728463990 73.543834833466,19.946730008754 73.543844267024,19.946731481244 73.543853712998,19.946732880743 73.543863170876,19.946734206403 73.543872640102,19.946735457524 73.543882120102,19.946736633422 73.543891610282,19.946737733422 73.543901110039,19.946738756859 73.543910618742,19.946739703074 73.543920135751,19.946740571410 73.543929660410,19.946741361220 73.543939192041,19.946742071868 73.543948729948,19.946742702725 73.543958273423,19.946743253177 73.543967821736,19.946743722621 73.543977374144,19.946744110465 73.543986929888,19.946744416135 73.543996488189,19.946744639070 73.544006048258,19.946744778725 73.544015609284,19.946744834554 73.544025170445,19.946744806073 73.544034730909,19.946744693142 73.544044289907,19.946744498617 73.544053846810,19.946744227180 73.544063401123,19.946743883564 73.544072952470,19.946743472750 73.544082500630,19.946743000236 73.544092045499,19.946742471547 73.544101587092,19.946741892472</coordinates></LineString><LineString><coordinates>73.540020804755,19.944712480741 73.540029961298,19.944709888869 73.540039117926,19.944707297270 73.540048274648,19.944704705967 73.540057431469,19.944702114981 73.540066588400,19.944699524335 73.540075745444,19.944696934052 73.540084902609,19.944694344154 73.540094059904,19.944691754664 73.540103217333,19.944689165603 73.540112374906,19.944686576993 73.540121532627,19.944683988858 73.540130690505,19.944681401217 73.540139848545,19.944678814093 73.540149006755,19.944676227508 73.540158165142,19.944673641483 73.540167323712,19.944671056040 73.540176482471,19.944668471198 73.540185641427,19.944665886980 73.540194800585,19.944663303407 73.540203959953,19.944660720498 73.540213119536,19.944658138275 73.540222279340,19.944655556757 73.540231439373,19.944652975966 73.540240599641,19.944650395921 73.540249760149,19.944647816641 73.540258920903,19.944645238147 73.540268081910,19.944642660458 73.540277243176,19.944640083594 73.540286404706,19.944637507573 73.540295566536,19.944634932481 73.540304729057,19.944632359583 73.540313892971,19.944629791120 73.540323058980,19.944627229357 73.540332227783,19.944624676550 73.540341400070,19.944622134955 73.540350576518,19.944619606828 73.540359757795,19.944617094426 73.540368944556,19.944614600016 73.540378137445,19.944612125872 73.540387337087,19.944609674277 73.540396544095,19.944607247531 73.540405759061,19.944604847950 73.540414982562,19.944602477866 73.540424215150,19.944600139637 73.540433457358,19.944597835640 73.540442709693,19.944595568280 73.540451972637,19.944593339988 73.540461246642,19.944591153227 73.540470532133,19.944589010489 73.540479829498,19.944586914301 73.540489139092,19.944584867224 73.540498461232,19.944582871854 73.540507796194,19.944580930827 73.540517144208,19.944579046814 73.540526505461,19.944577222528 73.540535880085,19.944575460719 73.540545268162,19.944573764178 73.540554669713,19.944572135736 73.540564084699,19.944570578262 73.540573513017,19.944569094663 73.540582954491,19.944567687884 73.540592408872,19.944566360903 73.540601875834,19.944565116733 73.540611354967,19.944563958415 73.540620845774,19.944562889018 73.540630347335,19.944561911666 73.540639859615,19.944561029399 73.540649381509,19.944560245372 73.540658912126,19.944559562712 73.540668450465,19.944558984546 73.540677995413,19.944558513991 73.540687545741,19.944558154147 73.540697100100,19.944557908089 73.540706657019,19.944557778855 73.540716214905,19.944557769436 73.540725772039,19.944557882765 73.540735326579,19.944558121702 73.540744876559,19.944558489027 73.540754419904,19.944558987366 73.540763954555,19.944559617197 73.540773478671,19.944560376335 73.540782990524,19.944561262379 73.540792488493,19.944562272883 73.540801971062,19.944563405370 73.540811436820,19.944564657337 73.540820884454,19.944566026266 73.540830312753,19.944567509628 73.540839720602,19.944569104890 73.540849106976,19.944570809526 73.540858470944,19.944572621017 73.540867811660,19.944574536858 73.540877128361,19.944576554564 73.540886420364,19.944578671672 73.540895687062,19.944580885747 73.540904927919,19.944583194383 73.540914142472,19.944585595208 73.540923330318,19.944588085882 73.540932491118,19.944590664106 73.540941624594,19.944593327617 73.540950730518,19.944596074192 73.540959808718,19.944598901651 73.540968859069,19.944601807855 73.540977881492,19.944604790707 73.540986875950,19.944607848152 73.540995842449,19.944610978179 73.541004781031,19.944614178819 73.541013691772,19.944617448147 73.541022574784,19.944620784279 73.541031430207,19.944624185371 73.541040258211,19.944627649623 73.541049058995,19.944631175273 73.541057832779,19.944634760600 73.541066579809,19.944638403921 73.541075300354,19.944642103590 73.541083994701,19.944645857998 73.541092663157,19.944649665573 73.541101306049,19.944653524775 73.541109923717,19.944657434099 73.541118516521,19.944661392072 73.541127084834,19.944665397252 73.541135629043,19.944669448227 73.541144149548,19.944673543611 73.541152646521,19.944677681930 73.541161120835,19.944681862071 73.541169572719,19.944686082626 73.541178002622,19.944690342314 73.541186411002,19.944694639872 73.541194798317,19.944698974053 73.541203165074,19.944703343618 73.541211511944,19.944707747065 73.541219839719,19.944712182726 73.541228149224,19.944716648919 73.541236441319,19.944721143956 73.541244716890,19.944725666140 73.541252976855,19.944730213768 73.541261222156,19.944734785130 73.541269453762,19.944739378509 73.541277672665,19.944743992183 73.541285879881,19.944748624425 73.541294076443,19.944753273504 73.541302263408,19.944757937681 73.541310441846,19.944762615215 73.541318612845,19.944767304359 73.541326777507,19.944772003363 73.541334936946,19.944776710471 73.541343092289,19.944781423924 73.541351244668,19.944786141957 73.541359395228,19.944790862800 73.541367545115,19.944795584680 73.541375695481,19.944800305819 73.541383847482,19.944805024434 73.541392002272,19.944809738734 73.541400161006,19.944814446928 73.541408324834,19.944819147216 73.541416494905,19.944823837794 73.541424672357,19.944828516853 73.541432858323,19.944833182578 73.541441053934,19.944837833156 73.541449260299,19.944842466761 73.541457478299,19.944847081888 73.541465707953,19.944851678409 73.541473949052,19.944856256558 73.541482201390,19.944860816568 73.541490464763,19.944865358676 73.541498738966,19.944869883120 73.541507023796,19.944874390140 73.541515319053,19.944878879979 73.541523624536,19.944883352881 73.541531940048,19.944887809091 73.541540265391,19.944892248857 73.541548600369,19.944896672427 73.541556944790,19.944901080052 73.541565298459,19.944905471983 73.541573661186,19.944909848474 73.541582032780,19.944914209779 73.541590413053,19.944918556155 73.541598801819,19.944922887857 73.541607198890,19.944927205145 73.541615604083,19.944931508277 73.541624017216,19.944935797515 73.541632438106,19.944940073118 73.541640866573,19.944944335350 73.541649302439,19.944948584473 73.541657745526,19.944952820753 73.541666195658,19.944957044452 73.541674652661,19.944961255837 73.541683116361,19.944965455175 73.541691586587,19.944969642731 73.541700063167,19.944973818773 73.541708545933,19.944977983570 73.541717034716,19.944982137389 73.541725529350,19.944986280499 73.541734029668,19.944990413170 73.541742535507,19.944994535671 73.541751046704,19.944998648273 73.541759563097,19.945002751245 73.541768084526,19.945006844857 73.541776610830,19.945010929382 73.541785141851,19.945015005088 73.541793677433,19.945019072248 73.541802217420,19.945023131131 73.541810761656,19.945027182010 73.541819309987,19.945031225155 73.541827862262,19.945035260837 73.541836418327,19.945039289326 73.541844978033,19.945043310895 73.541853541230,19.945047325813 73.541862107768,19.945051334351 73.541870677501,19.945055336779 73.541879250281,19.945059333367 73.541887825963,19.945063324386 73.541896404400,19.945067310104 73.541904985450,19.945071290790 73.541913568969,19.945075266714 73.541922154814,19.945079238143 73.541930742844,19.945083205347 73.541939332917,19.945087168592 73.541947924894,19.945091128145 73.541956518635,19.945095084273 73.541965114002,19.945099037243 73.541973710855,19.945102987319 73.541982309059,19.945106934767 73.541990908475,19.945110879850 73.541999508969,19.945114822834 73.542008110404,19.945118763980 73.542016712656,19.945122703555 73.542025315584,19.945126641820 73.542033918988,19.945130579158 73.542042522013,19.945134517233 73.542051123433,19.945138458445 73.542059722011,19.945142405200 73.542068316506,19.945146359900 73.542076905670,19.945150324943 73.542085488244,19.945154302729 73.542094062953,19.945158295653 73.542102628504,19.945162306117 73.542111183582,19.945166336520 73.542119726848,19.945170389268 73.542128256932,19.945174466769 73.542136772434,19.945178571436 73.542145271916,19.945182705686 73.542153753902,19.945186871943 73.542162216872,19.945191072637 73.542170659260,19.945195310203 73.542179079449,19.945199587080 73.542187475769,19.945203905715 73.542195846492,19.945208268555 73.542204189826,19.945212678055 73.542212503920,19.945217136667 73.542220786848,19.945221646846 73.542229036616,19.945226211044 73.542237251155,19.945230831708 73.542245428315,19.945235511278 73.542253565865,19.945240252182 73.542261661490,19.945245056834 73.542269712789,19.945249927627 73.542277717269,19.945254866933 73.542285672347,19.945259877090 73.542293575347,19.945264960403 73.542301423498,19.945270119133 73.542309213935,19.945275355491 73.542316943701,19.945280671631 73.542324609741,19.945286069640 73.542332208914,19.945291551530 73.542339737990,19.945297119230 73.542347193662,19.945302774581 73.542354572523,19.945308519302 73.542361871768,19.945314354266 73.542369091235,19.945320277317 73.542376231547,19.945326285559 73.542383293458,19.945332376097 73.542390277851,19.945338546051 73.542397185727,19.945344792561 73.542404018203,19.945351112793 73.542410776499,19.945357503948 73.542417461935,19.945363963264 73.542424075923,19.945370488023 73.542430619959,19.945377075553 73.542437095615,19.945383723235 73.542443504534,19.945390428501 73.542449848425,19.945397188839 73.542456129054,19.945404001794 73.542462348237,19.945410864969 73.542468507838,19.945417776027 73.542474609764,19.945424732687 73.542480655955,19.945431732728 73.542486648385,19.945438773987 73.542492589054,19.945445854360 73.542498479987,19.945452971796 73.542504323229,19.945460124301 73.542510120840,19.945467309935 73.542515874898,19.945474526808 73.542521587487,19.945481773081 73.542527260705,19.945489046962 73.542532896653,19.945496346706 73.542538497440,19.945503670612 73.542544065176,19.945511017019 73.542549601976,19.945518384306 73.542555109953,19.945525770888 73.542560591221,19.945533175218 73.542566047893,19.945540595776 73.542571482080,19.945548031077 73.542576895891,19.945555479659 73.542582291433,19.945562940087 73.542587670808,19.945570410949 73.542593036117,19.945577890853 73.542598389455,19.945585378425 73.542603732917,19.945592872304 73.542609068591,19.945600371145 73.542614398565,19.945607873613 73.542619724919,19.945615378380 73.542625049734,19.945622884126 73.542630375087,19.945630389532 73.542635703050,19.945637893284 73.542641035693,19.945645394063 73.542646375085,19.945652890549 73.542651723352,19.945660381504 73.542657082425,19.945667865409 73.542662454433,19.945675341017 73.542667841432,19.945682806973 73.542673245476,19.945690261905 73.542678668618,19.945697704426 73.542684112904,19.945705133130 73.542689580379,19.945712546589 73.542695073083,19.945719943353 73.542700593052,19.945727321944 73.542706142315,19.945734680860 73.542711722898,19.945742018566 73.542717336815,19.945749333497 73.542722986077,19.945756624055 73.542728672680,19.945763888607 73.542734398612,19.945771125479 73.542740165847,19.945778332963 73.542745976344,19.945785509307 73.542751832045,19.945792652719 73.542757734873,19.945799761363 73.542763686707,19.945806833371 73.542769688305,19.945813867674 73.542775738715,19.945820864486 73.542781836843,19.945827824158 73.542787981597,19.945834747063 73.542794171886,19.945841633598 73.542800406622,19.945848484187 73.542806684722,19.945855299271 73.542813005107,19.945862079318 73.542819366703,19.945868824814 73.542825768441,19.945875536265 73.542832209260,19.945882214199 73.542838688104,19.945888859161 73.542845203926,19.945895471713 73.542851755686,19.945902052438 73.542858342351,19.945908601932 73.542864962899,19.945915120807 73.542871616313,19.945921609694 73.542878301587,19.945928069233 73.542885017724,19.945934500081 73.542891763735,19.945940902909 73.542898538641,19.945947278398 73.542905341473,19.945953627243 73.542912171270,19.945959950149 73.542919027080,19.945966247831 73.542925907961,19.945972521018 73.542932812980,19.945978770443 73.542939741213,19.945984996854 73.542946691745,19.945991201003 73.542953663669,19.945997383653 73.542960656088,19.946003545573 73.542967668111,19.946009687541 73.542974698856,19.946015810341 73.542981747452,19.946021914764 73.542988813030,19.946028001607 73.542995894733,19.946034071671 73.543002991708,19.946040125766 73.543010103111,19.946046164705 73.543017228101,19.946052189307 73.543024365847,19.946058200393 73.543031515523,19.946064198793 73.543038676306,19.946070185338 73.543045847376,19.946076160861 73.543053028004,19.946082126112 73.543060218259,19.946088080987 73.543067418652,19.946094024896 73.543074629702,19.946099957243 73.543081851919,19.946105877430 73.543089085814,19.946111784853 73.543096331896,19.946117678910 73.543103590663,19.946123558990 73.543110862616,19.946129424484 73.543118148251,19.946135274776 73.543125448058,19.946141109251 73.543132762523,19.946146927286 73.543140092129,19.946152728259 73.543147437351,19.946158511542 73.543154798661,19.946164276504 73.543162176526,19.946170022512 73.543169571406,19.946175748929 73.543176983755,19.946181455113 73.543184414022,19.946187140422 73.543191862648,19.946192804208 73.543199330069,19.946198445821 73.543206816712,19.946204064607 73.543214322997,19.946209659909 73.543221849338,19.946215231069 73.543229396139,19.946220777423 73.543236963798,19.946226298305 73.543244552702,19.946231793049 73.543252163230,19.946237260982 73.543259795753,19.946242701432 73.543267450631,19.946248113724 73.543275128214,19.946253497178 73.543282828845,19.946258851117 73.543290552851,19.946264174859 73.543298300554,19.946269467721 73.543306072262,19.946274729018 73.543313868270,19.946279958067 73.543321688866,19.946285154181 73.543329534321,19.946290316674 73.543337404896,19.946295444860 73.543345300841,19.946300538053 73.543353222390,19.946305595567 73.543361169765,19.946310616717 73.543369143176,19.946315600820 73.543377142816,19.946320547194 73.543385168867,19.946325455159 73.543393221496,19.946330324038 73.543401300853,19.946335153155 73.543409407077,19.946339941840 73.543417540290,19.946344689425 73.543425700599,19.946349395246 73.543433888121,19.946354058660 73.543442102918,19.946358679003 73.543450345041,19.946363255624 73.543458614535,19.946367787879 73.543466911418,19.946372275153 73.543475235675,19.946376716863 73.543483587286,19.946381112419 73.543491966231,19.946385461214 73.543500372485,19.946389762623 73.543508806024,19.946394016009 73.543517266818,19.946398220716 73.543525754836,19.946402376073 73.543534270042,19.946406481392 73.543542812396,19.946410535967 73.543551381852,19.946414539076 73.543559978361,19.946418489982 73.543568601868,19.946422387926 73.543577252309,19.946426232136 73.543585929615,19.946430021819 73.543594633711,19.946433756166 73.543603364513,19.946437434349 73.543612121926,19.946441055522 73.543620905849,19.946444618821 73.543629716169,19.946448123363 73.543638552764,19.946451568247 73.543647415499,19.946454952552 73.543656304229,19.946458275341 73.543665218793,19.946461535654 73.543674159021,19.946464732518 73.543683124725,19.946467864937 73.543692115703,19.946470931896 73.543701131737,19.946473932364 73.543710172591,19.946476865290 73.543719238013,19.946479729605 73.543728327730,19.946482524223 73.543737441452,19.946485248037 73.543746578866,19.946487899925 73.543755739637,19.946490478748 73.543764923409,19.946492983350 73.543774129802,19.946495412557 73.543783358409,19.946497765181 73.543792608799,19.946500040019 73.543801880514,19.946502235854 73.543811172691,19.946504351369 73.543820485551,19.946506385490 73.543829818188,19.946508336877 73.543839170024,19.946510204263 73.543848540448,19.946511986372 73.543857928818,19.946513681922 73.543867334454,19.946515289621 73.543876756642,19.946516808173 73.543886194633,19.946518236278 73.543895647637,19.946519572635 73.543905114828,19.946520815942 73.543914595340,19.946521964897 73.543924088265,19.946523018206 73.543933592657,19.946523974577 73.543943107527,19.946524832728 73.543952631843,19.946525591388 73.543962164532,19.946526249299 73.543971704478,19.946526805219 73.543981250522,19.946527257924 73.543990801469,19.946527606214 73.544000356069,19.946527848911 73.544009913032,19.946527984864 73.544019471030,19.946528012955 73.544029028692,19.946527932213 73.544038584715,19.946527746027 73.544048138099,19.946527463357 73.544057688162,19.946527093540 73.544067234507,19.946526645899 73.544076776989,19.946526129734 73.544086315685,19.946525554312</coordinates></LineString><LineString><coordinates>73.550707911165,19.948167049965 73.550716990623,19.948169542849 73.550725876493,19.948172596408 73.550734530101,19.948176197354 73.550742913784,19.948180330013 73.550750991051,19.948184976399 73.550758726749,19.948190116288 73.550766087208,19.948195727311 73.550773040392,19.948201785045 73.550779556039,19.948208263125 73.550785605789,19.948215133356 73.550791163313,19.948222365837 73.550796204421,19.948229929088 73.550800707173,19.948237790191 73.550804651971,19.948245914932 73.550808021645,19.948254267950 73.550810801529,19.948262812887 73.550812979525,19.948271512554 73.550814546152,19.948280329086 73.550815494591,19.948289224111 73.550815820715,19.948298158913 73.550815523104,19.948307094605 73.550814603054,19.948315992295 73.550813064568,19.948324813257 73.550810914343,19.948333519099 73.550808161737,19.948342071930 73.550804818731,19.948350434523 73.550800899874,19.948358570483 73.550796422223,19.948366444397 73.550791405266,19.948374021997 73.550785870839,19.948381270300 73.550779843030,19.948388157759 73.550773348074,19.948394654399 73.550766414240,19.948400731941 73.550759071707,19.948406363936 73.550751352432,19.948411525869 73.550743290012,19.948416195274</coordinates></LineString><LineString><coordinates>73.540020804755,19.944712480741 73.540029961298,19.944709888869 73.540039117926,19.944707297270 73.540048274648,19.944704705967 73.540057431469,19.944702114981 73.540066588400,19.944699524335 73.540075745444,19.944696934052 73.540084902609,19.944694344154 73.540094059904,19.944691754664 73.540103217333,19.944689165603 73.540112374906,19.944686576993 73.540121532627,19.944683988858 73.540130690505,19.944681401217 73.540139848545,19.944678814093 73.540149006755,19.944676227508 73.540158165142,19.944673641483 73.540167323712,19.944671056040 73.540176482471,19.944668471198 73.540185641427,19.944665886980 73.540194800585,19.944663303407 73.540203959953,19.944660720498 73.540213119536,19.944658138275 73.540222279340,19.944655556757 73.540231439373,19.944652975966 73.540240599641,19.944650395921 73.540249760149,19.944647816641 73.540258920903,19.944645238147 73.540268081910,19.944642660458 73.540277243176,19.944640083594 73.540286404706,19.944637507573 73.540295566536,19.944634932481 73.540304729057,19.944632359583 73.540313892971,19.944629791120 73.540323058980,19.944627229357 73.540332227783,19.944624676550 73.540341400070,19.944622134955 73.540350576518,19.944619606828 73.540359757795,19.944617094426 73.540368944556,19.944614600016 73.540378137445,19.944612125872 73.540387337087,19.944609674277 73.540396544095,19.944607247531 73.540405759061,19.944604847950 73.540414982562,19.944602477866 73.540424215150,19.944600139637 73.540433457358,19.944597835640 73.540442709693,19.944595568280 73.540451972637,19.944593339988 73.540461246642,19.944591153227 73.540470532133,19.944589010489 73.540479829498,19.944586914301 73.540489139092,19.944584867224 73.540498461232,19.944582871854 73.540507796194,19.944580930827 73.540517144208,19.944579046814 73.540526505461,19.944577222528 73.540535880085,19.944575460719 73.540545268162,19.944573764178 73.540554669713,19.944572135736 73.540564084699,19.944570578262 73.540573513017,19.944569094663 73.540582954491,19.944567687884 73.540592408872,19.944566360903 73.540601875834,19.944565116733 73.540611354967,19.944563958415 73.540620845774,19.944562889018 73.540630347335,19.944561911666 73.540639859615,19.944561029399 73.540649381509,19.944560245372 73.540658912126,19.944559562712 73.540668450465,19.944558984546 73.540677995413,19.944558513991 73.540687545741,19.944558154147 73.540697100100,19.944557908089 73.540706657019,19.944557778855 73.540716214905,19.944557769436 73.540725772039,19.944557882765 73.540735326579,19.944558121702 73.540744876559,19.944558489027 73.540754419904,19.944558987366 73.540763954555,19.944559617197 73.540773478671,19.944560376335 73.540782990524,19.944561262379 73.540792488493,19.944562272883 73.540801971062,19.944563405370 73.540811436820,19.944564657337 73.540820884454,19.944566026266 73.540830312753,19.944567509628 73.540839720602,19.944569104890 73.540849106976,19.944570809526 73.540858470944,19.944572621017 73.540867811660,19.944574536858 73.540877128361,19.944576554564 73.540886420364,19.944578671672 73.540895687062,19.944580885747 73.540904927919,19.944583194383 73.540914142472,19.944585595208 73.540923330318,19.944588085882 73.540932491118,19.944590664106 73.540941624594,19.944593327617 73.540950730518,19.944596074192 73.540959808718,19.944598901651 73.540968859069,19.944601807855 73.540977881492,19.944604790707 73.540986875950,19.944607848152 73.540995842449,19.944610978179 73.541004781031,19.944614178819 73.541013691772,19.944617448147 73.541022574784,19.944620784279 73.541031430207,19.944624185371 73.541040258211,19.944627649623 73.541049058995,19.944631175273 73.541057832779,19.944634760600 73.541066579809,19.944638403921 73.541075300354,19.944642103590 73.541083994701,19.944645857998 73.541092663157,19.944649665573 73.541101306049,19.944653524775 73.541109923717,19.944657434099 73.541118516521,19.944661392072 73.541127084834,19.944665397252 73.541135629043,19.944669448227 73.541144149548,19.944673543611 73.541152646521,19.944677681930 73.541161120835,19.944681862071 73.541169572719,19.944686082626 73.541178002622,19.944690342314 73.541186411002,19.944694639872 73.541194798317,19.944698974053 73.541203165074,19.944703343618 73.541211511944,19.944707747065 73.541219839719,19.944712182726 73.541228149224,19.944716648919 73.541236441319,19.944721143956 73.541244716890,19.944725666140 73.541252976855,19.944730213768 73.541261222156,19.944734785130 73.541269453762,19.944739378509 73.541277672665,19.944743992183 73.541285879881,19.944748624425 73.541294076443,19.944753273504 73.541302263408,19.944757937681 73.541310441846,19.944762615215 73.541318612845,19.944767304359 73.541326777507,19.944772003363 73.541334936946,19.944776710471 73.541343092289,19.944781423924 73.541351244668,19.944786141957 73.541359395228,19.944790862800 73.541367545115,19.944795584680 73.541375695481,19.944800305819 73.541383847482,19.944805024434 73.541392002272,19.944809738734 73.541400161006,19.944814446928 73.541408324834,19.944819147216 73.541416494905,19.944823837794 73.541424672357,19.944828516853 73.541432858323,19.944833182578 73.541441053934,19.944837833156 73.541449260299,19.944842466761 73.541457478299,19.944847081888 73.541465707953,19.944851678409 73.541473949052,19.944856256558 73.541482201390,19.944860816568 73.541490464763,19.944865358676 73.541498738966,19.944869883120 73.541507023796,19.944874390140 73.541515319053,19.944878879979 73.541523624536,19.944883352881 73.541531940048,19.944887809091 73.541540265391,19.944892248857 73.541548600369,19.944896672427 73.541556944790,19.944901080052 73.541565298459,19.944905471983 73.541573661186,19.944909848474 73.541582032780,19.944914209779 73.541590413053,19.944918556155 73.541598801819,19.944922887857 73.541607198890,19.944927205145 73.541615604083,19.944931508277 73.541624017216,19.944935797515 73.541632438106,19.944940073118 73.541640866573,19.944944335350 73.541649302439,19.944948584473 73.541657745526,19.944952820753 73.541666195658,19.944957044452 73.541674652661,19.944961255837 73.541683116361,19.944965455175 73.541691586587,19.944969642731 73.541700063167,19.944973818773 73.541708545933,19.944977983570 73.541717034716,19.944982137389 73.541725529350,19.944986280499 73.541734029668,19.944990413170 73.541742535507,19.944994535671 73.541751046704,19.944998648273 73.541759563097,19.945002751245 73.541768084526,19.945006844857 73.541776610830,19.945010929382 73.541785141851,19.945015005088 73.541793677433,19.945019072248 73.541802217420,19.945023131131 73.541810761656,19.945027182010 73.541819309987,19.945031225155 73.541827862262,19.945035260837 73.541836418327,19.945039289326 73.541844978033,19.945043310895 73.541853541230,19.945047325813 73.541862107768,19.945051334351 73.541870677501,19.945055336779 73.541879250281,19.945059333367 73.541887825963,19.945063324386 73.541896404400,19.945067310104 73.541904985450,19.945071290790 73.541913568969,19.945075266714 73.541922154814,19.945079238143 73.541930742844,19.945083205347 73.541939332917,19.945087168592 73.541947924894,19.945091128145 73.541956518635,19.945095084273 73.541965114002,19.945099037243 73.541973710855,19.945102987319 73.541982309059,19.945106934767 73.541990908475,19.945110879850 73.541999508969,19.945114822834 73.542008110404,19.945118763980 73.542016712656,19.945122703555 73.542025315584,19.945126641820 73.542033918988,19.945130579158 73.542042522013,19.945134517233 73.542051123433,19.945138458445 73.542059722011,19.945142405200 73.542068316506,19.945146359900 73.542076905670,19.945150324943 73.542085488244,19.945154302729 73.542094062953,19.945158295653 73.542102628504,19.945162306117 73.542111183582,19.945166336520 73.542119726848,19.945170389268 73.542128256932,19.945174466769 73.542136772434,19.945178571436 73.542145271916,19.945182705686 73.542153753902,19.945186871943 73.542162216872,19.945191072637 73.542170659260,19.945195310203 73.542179079449,19.945199587080 73.542187475769,19.945203905715 73.542195846492,19.945208268555 73.542204189826,19.945212678055 73.542212503920,19.945217136667 73.542220786848,19.945221646846 73.542229036616,19.945226211044 73.542237251155,19.945230831708 73.542245428315,19.945235511278 73.542253565865,19.945240252182 73.542261661490,19.945245056834 73.542269712789,19.945249927627 73.542277717269,19.945254866933 73.542285672347,19.945259877090 73.542293575347,19.945264960403 73.542301423498,19.945270119133 73.542309213935,19.945275355491 73.542316943701,19.945280671631 73.542324609741,19.945286069640 73.542332208914,19.945291551530 73.542339737990,19.945297119230 73.542347193662,19.945302774581 73.542354572523,19.945308519302 73.542361871768,19.945314354266 73.542369091235,19.945320277317 73.542376231547,19.945326285559 73.542383293458,19.945332376097 73.542390277851,19.945338546051 73.542397185727,19.945344792561 73.542404018203,19.945351112793 73.542410776499,19.945357503948 73.542417461935,19.945363963264 73.542424075923,19.945370488023 73.542430619959,19.945377075553 73.542437095615,19.945383723235 73.542443504534,19.945390428501 73.542449848425,19.945397188839 73.542456129054,19.945404001794 73.542462348237,19.945410864969 73.542468507838,19.945417776027 73.542474609764,19.945424732687 73.542480655955,19.945431732728 73.542486648385,19.945438773987 73.542492589054,19.945445854360 73.542498479987,19.945452971796 73.542504323229,19.945460124301 73.542510120840,19.945467309935 73.542515874898,19.945474526808 73.542521587487,19.945481773081 73.542527260705,19.945489046962 73.542532896653,19.945496346706 73.542538497440,19.945503670612 73.542544065176,19.945511017019 73.542549601976,19.945518384306 73.542555109953,19.945525770888 73.542560591221,19.945533175218 73.542566047893,19.945540595776 73.542571482080,19.945548031077 73.542576895891,19.945555479659 73.542582291433,19.945562940087 73.542587670808,19.945570410949 73.542593036117,19.945577890853 73.542598389455,19.945585378425 73.542603732917,19.945592872304 73.542609068591,19.945600371145 73.542614398565,19.945607873613 73.542619724919,19.945615378380 73.542625049734,19.945622884126 73.542630375087,19.945630389532 73.542635703050,19.945637893284 73.542641035693,19.945645394063 73.542646375085,19.945652890549 73.542651723352,19.945660381504 73.542657082425,19.945667865409 73.542662454433,19.945675341017 73.542667841432,19.945682806973 73.542673245476,19.945690261905 73.542678668618,19.945697704426 73.542684112904,19.945705133130 73.542689580379,19.945712546589 73.542695073083,19.945719943353 73.542700593052,19.945727321944 73.542706142315,19.945734680860 73.542711722898,19.945742018566 73.542717336815,19.945749333497 73.542722986077,19.945756624055 73.542728672680,19.945763888607 73.542734398612,19.945771125479 73.542740165847,19.945778332963 73.542745976344,19.945785509307 73.542751832045,19.945792652719 73.542757734873,19.945799761363 73.542763686707,19.945806833371 73.542769688305,19.945813867674 73.542775738715,19.945820864486 73.542781836843,19.945827824158 73.542787981597,19.945834747063 73.542794171886,19.945841633598 73.542800406622,19.945848484187 73.542806684722,19.945855299271 73.542813005107,19.945862079318 73.542819366703,19.945868824814 73.542825768441,19.945875536265 73.542832209260,19.945882214199 73.542838688104,19.945888859161 73.542845203926,19.945895471713 73.542851755686,19.945902052438 73.542858342351,19.945908601932 73.542864962899,19.945915120807 73.542871616313,19.945921609694 73.542878301587,19.945928069233 73.542885017724,19.945934500081 73.542891763735,19.945940902909 73.542898538641,19.945947278398 73.542905341473,19.945953627243 73.542912171270,19.945959950149 73.542919027080,19.945966247831 73.542925907961,19.945972521018 73.542932812980,19.945978770443 73.542939741213,19.945984996854 73.542946691745,19.945991201003 73.542953663669,19.945997383653 73.542960656088,19.946003545573 73.542967668111,19.946009687541 73.542974698856,19.946015810341 73.542981747452,19.946021914764 73.542988813030,19.946028001607 73.542995894733,19.946034071671 73.543002991708,19.946040125766 73.543010103111,19.946046164705 73.543017228101,19.946052189307 73.543024365847,19.946058200393 73.543031515523,19.946064198793 73.543038676306,19.946070185338 73.543045847376,19.946076160861 73.543053028004,19.946082126112 73.543060218259,19.946088080987 73.543067418652,19.946094024896 73.543074629702,19.946099957243 73.543081851919,19.946105877430 73.543089085814,19.946111784853 73.543096331896,19.946117678910 73.543103590663,19.946123558990 73.543110862616,19.946129424484 73.543118148251,19.946135274776 73.543125448058,19.946141109251 73.543132762523,19.946146927286 73.543140092129,19.946152728259 73.543147437351,19.946158511542 73.543154798661,19.946164276504 73.543162176526,19.946170022512 73.543169571406,19.946175748929 73.543176983755,19.946181455113 73.543184414022,19.946187140422 73.543191862648,19.946192804208 73.543199330069,19.946198445821 73.543206816712,19.946204064607 73.543214322997,19.946209659909 73.543221849338,19.946215231069 73.543229396139,19.946220777423 73.543236963798,19.946226298305 73.543244552702,19.946231793049 73.543252163230,19.946237260982 73.543259795753,19.946242701432 73.543267450631,19.946248113724 73.543275128214,19.946253497178 73.543282828845,19.946258851117 73.543290552851,19.946264174859 73.543298300554,19.946269467721 73.543306072262,19.946274729018 73.543313868270,19.946279958067 73.543321688866,19.946285154181 73.543329534321,19.946290316674 73.543337404896,19.946295444860 73.543345300841,19.946300538053 73.543353222390,19.946305595567 73.543361169765,19.946310616717 73.543369143176,19.946315600820 73.543377142816,19.946320547194 73.543385168867,19.946325455159 73.543393221496,19.946330324038 73.543401300853,19.946335153155 73.543409407077,19.946339941840 73.543417540290,19.946344689425 73.543425700599,19.946349395246 73.543433888121,19.946354058660 73.543442102918,19.946358679003 73.543450345041,19.946363255624 73.543458614535,19.946367787879 73.543466911418,19.946372275153 73.543475235675,19.946376716863 73.543483587286,19.946381112419 73.543491966231,19.946385461214 73.543500372485,19.946389762623 73.543508806024,19.946394016009 73.543517266818,19.946398220716 73.543525754836,19.946402376073 73.543534270042,19.946406481392 73.543542812396,19.946410535967 73.543551381852,19.946414539076 73.543559978361,19.946418489982 73.543568601868,19.946422387926 73.543577252309,19.946426232136 73.543585929615,19.946430021819 73.543594633711,19.946433756166 73.543603364513,19.946437434349 73.543612121926,19.946441055522 73.543620905849,19.946444618821 73.543629716169,19.946448123363 73.543638552764,19.946451568247 73.543647415499,19.946454952552 73.543656304229,19.946458275341 73.543665218793,19.946461535654 73.543674159021,19.946464732518 73.543683124725,19.946467864937 73.543692115703,19.946470931896 73.543701131737,19.946473932364 73.543710172591,19.946476865290 73.543719238013,19.946479729605 73.543728327730,19.946482524223 73.543737441452,19.946485248037 73.543746578866,19.946487899925 73.543755739637,19.946490478748 73.543764923409,19.946492983350 73.543774129802,19.946495412557 73.543783358409,19.946497765181 73.543792608799,19.946500040019 73.543801880514,19.946502235854 73.543811172691,19.946504351369 73.543820485551,19.946506385490 73.543829818188,19.946508336877 73.543839170024,19.946510204263 73.543848540448,19.946511986372 73.543857928818,19.946513681922 73.543867334454,19.946515289621 73.543876756642,19.946516808173 73.543886194633,19.946518236278 73.543895647637,19.946519572635 73.543905114828,19.946520815942 73.543914595340,19.946521964897 73.543924088265,19.946523018206 73.543933592657,19.946523974577 73.543943107527,19.946524832728 73.543952631843,19.946525591388 73.543962164532,19.946526249299 73.543971704478,19.946526805219 73.543981250522,19.946527257924 73.543990801469,19.946527606214 73.544000356069,19.946527848911 73.544009913032,19.946527984864 73.544019471030,19.946528012955 73.544029028692,19.946527932213 73.544038584715,19.946527746027 73.544048138099,19.946527463357 73.544057688162,19.946527093540 73.544067234507,19.946526645899 73.544076776989,19.946526129734 73.544086315685,19.946525554312</coordinates></LineString><LineString><coordinates>73.539366985584,19.945074680495 73.539668535375,19.945012731752</coordinates></LineString><LineString><coordinates>73.539318308668,19.944862803566 73.539619858065,19.944800854880 73.540020804755,19.944712480741</coordinates></LineString><LineString><coordinates>73.541090832912,19.944542579753 73.541106081626,19.944655683669</coordinates></LineString><LineString><coordinates>73.541175775229,19.944529968483 73.541198844881,19.944701081727</coordinates></LineString><LineString><coordinates>73.541089742071,19.943985855281 73.541108351896,19.944123889714</coordinates></LineString><LineString><coordinates>73.540998790638,19.943954210361 73.541023409796,19.944136500965</coordinates></LineString><LineString><coordinates>73.540971454991,19.944111882817 73.541014585575,19.944141598990 73.541080781082,19.944540284226 73.541049356067,19.944581069542</coordinates></LineString><LineString><coordinates>73.540977080867,19.944104581194 73.541023409796,19.944136500965 73.541090832912,19.944542579753 73.541057077579,19.944586389503</coordinates></LineString><LineString><coordinates>73.541149828600,19.944085399901 73.541118403700,19.944126185238 73.541184599467,19.944524870452 73.541227730202,19.944554586581</coordinates></LineString><LineString><coordinates>73.541142107108,19.944080079945 73.541108351896,19.944123889714 73.541175775229,19.944529968483 73.541222104320,19.944561888211</coordinates></LineString></MultiGeometry></Placemark><Placemark><name>Poly_Gat_Bndry</name><styleUrl>#s8</styleUrl><MultiGeometry><LineString><coordinates>73.539521747076,19.940382529673 73.539512634050,19.940378372406</coordinates></LineString><LineString><coordinates>73.539789915115,19.940001152942 73.539781490363,19.939994165073</coordinates></LineString></MultiGeometry></Placemark><Placemark><name>THIN</name><styleUrl>#s9</styleUrl><MultiGeometry><LinearRing><coordinates>73.540486577823,19.941144555605 73.540482281854,19.941152807171 73.540472781186,19.941154775787 73.540465230018,19.941148979046 73.540465314533,19.941139782012 73.540472971088,19.941134110239 73.540482434142,19.941136234688 73.540486577823,19.941144555605</coordinates></LinearRing><LinearRing><coordinates>73.540308411115,19.941046327944 73.540304115140,19.941054579505 73.540294614477,19.941056548112 73.540287063320,19.941050751364 73.540287147845,19.941041554331 73.540294804401,19.941035882566 73.540304267446,19.941038007024 73.540308411115,19.941046327944</coordinates></LinearRing><LinearRing><coordinates>73.540600124870,19.940925087396 73.540595828913,19.940933338966 73.540586328260,19.940935307589 73.540578777097,19.940929510853 73.540578861604,19.940920313818 73.540586518145,19.940914642040 73.540595981188,19.940916766482 73.540600124870,19.940925087396</coordinates></LinearRing><LinearRing><coordinates>73.540419876401,19.940821934279 73.540415580438,19.940830185843 73.540406079790,19.940832154457 73.540398528639,19.940826357714 73.540398613156,19.940817160680 73.540406269697,19.940811488909 73.540415732731,19.940813613361 73.540419876401,19.940821934279</coordinates></LinearRing><LinearRing><coordinates>73.540562632144,19.941513319030 73.540558336167,19.941521570597 73.540548835478,19.941523539216 73.540541284290,19.941517742477 73.540541368802,19.941508545443 73.540549025374,19.941502873668 73.540558488451,19.941504998115 73.540562632144,19.941513319030</coordinates></LinearRing><LinearRing><coordinates>73.540652693769,19.941317813497 73.540648397802,19.941326065067 73.540638897126,19.941328033691 73.540631345943,19.941322236957 73.540631430449,19.941313039922 73.540639087008,19.941307368143 73.540648550075,19.941309492583 73.540652693769,19.941317813497</coordinates></LinearRing><LinearRing><coordinates>73.540811606240,19.941081369618 73.540807310289,19.941089621192 73.540797809628,19.941091589827 73.540790258450,19.941085793099 73.540790342946,19.941076596063 73.540797999487,19.941070924276 73.540807462543,19.941073048707 73.540811606240,19.941081369618</coordinates></LinearRing><LinearRing><coordinates>73.540033738904,19.940691103364 73.540029442926,19.940699354918 73.540019942283,19.940701323511 73.540012391153,19.940695526753 73.540012475692,19.940686329720 73.540020132239,19.940680657967 73.540029595258,19.940682782438 73.540033738904,19.940691103364</coordinates></LinearRing><LinearRing><coordinates>73.540141729049,19.940553025518 73.540137433081,19.940561277076 73.540127932446,19.940563245676 73.540120381318,19.940557448922 73.540120465850,19.940548251889 73.540128122387,19.940542580130 73.540137585400,19.940544704595 73.540141729049,19.940553025518</coordinates></LinearRing><LinearRing><coordinates>73.539931609606,19.940478770394 73.539927313629,19.940487021946 73.539917812997,19.940488990535 73.539910261881,19.940483193773 73.539910346425,19.940473996740 73.539918002965,19.940468324990 73.539927465970,19.940470449466 73.539931609606,19.940478770394</coordinates></LinearRing><LinearRing><coordinates>73.539804364581,19.940386172037 73.539800068601,19.940394423586 73.539790567973,19.940396392168 73.539783016866,19.940390595401 73.539783101417,19.940381398369 73.539790757956,19.940375726625 73.539800220954,19.940377851107 73.539804364581,19.940386172037</coordinates></LinearRing><LinearRing><coordinates>73.539706109702,19.940319551738 73.539701813719,19.940327803284 73.539692313095,19.940329771861 73.539684761995,19.940323975091 73.539684846551,19.940314778059 73.539692503090,19.940309106319 73.539701966082,19.940311230806 73.539706109702,19.940319551738</coordinates></LinearRing></MultiGeometry></Placemark><Placemark><name>Sym_Others</name><styleUrl>#s10</styleUrl><MultiGeometry><LinearRing><coordinates>73.546231282956,19.943881543264 73.546227791397,19.943889323117 73.546219504980,19.943892489644 73.546211277776,19.943889187936 73.546207929170,19.943881352090 73.546211420730,19.943873572238 73.546219707146,19.943870405711 73.546227934349,19.943873707418 73.546231282956,19.943881543264</coordinates></LinearRing><LinearRing><coordinates>73.546174055572,19.943981076700 73.546170564008,19.943988856551 73.546162277585,19.943992023075 73.546154050377,19.943988721365 73.546150701773,19.943980885518 73.546154193338,19.943973105667 73.546162479760,19.943969939143 73.546170706967,19.943973240853 73.546174055572,19.943981076700</coordinates></LinearRing><LinearRing><coordinates>73.546131268720,19.944069345553 73.546127777152,19.944077125402 73.546119490723,19.944080291924 73.546111263512,19.944076990212 73.546107914908,19.944069154364 73.546111406477,19.944061374514 73.546119692905,19.944058207993 73.546127920116,19.944061509705 73.546131268720,19.944069345553</coordinates></LinearRing><LinearRing><coordinates>73.546013466702,19.944312848906 73.546009975122,19.944320628753 73.546001688678,19.944323795268 73.545993461457,19.944320493549 73.545990112855,19.944312657699 73.545993604436,19.944304877853 73.546001890879,19.944301711339 73.546010118099,19.944305013057 73.546013466702,19.944312848906</coordinates></LinearRing><LinearRing><coordinates>73.545908390280,19.944556076702 73.545904898689,19.944563856545 73.545896612230,19.944567023055 73.545888385000,19.944563721331 73.545885036399,19.944555885479 73.545888527991,19.944548105636 73.545896814449,19.944544939127 73.545905041678,19.944548240851 73.545908390280,19.944556076702</coordinates></LinearRing><LinearRing><coordinates>73.545776103476,19.944493374558 73.545772611880,19.944501154399 73.545764325423,19.944504320901 73.545756098199,19.944501019172 73.545752749605,19.944493183318 73.545756241202,19.944485403478 73.545764527659,19.944482236975 73.545772754882,19.944485538704 73.545776103476,19.944493374558</coordinates></LinearRing><LinearRing><coordinates>73.545669943731,19.944434482489 73.545666452131,19.944442262328 73.545658165675,19.944445428826 73.545649938457,19.944442127092 73.545646589870,19.944434291237 73.545650081470,19.944426511399 73.545658367926,19.944423344901 73.545666595143,19.944426646635 73.545669943731,19.944434482489</coordinates></LinearRing><LinearRing><coordinates>73.545855353140,19.943945797472 73.545851861562,19.943953577316 73.545843575135,19.943956743825 73.545835347937,19.943953442100 73.545831999349,19.943945606248 73.545835490929,19.943937826405 73.545843777355,19.943934659896 73.545852004552,19.943937961620 73.545855353140,19.943945797472</coordinates></LinearRing><LinearRing><coordinates>73.545891701876,19.943862451961 73.545888210301,19.943870231806 73.545879923879,19.943873398316 73.545871696684,19.943870096594 73.545868348096,19.943862260743 73.545871839672,19.943854480898 73.545880126093,19.943851314388 73.545888353287,19.943854616110 73.545891701876,19.943862451961</coordinates></LinearRing><LinearRing><coordinates>73.545939212532,19.943762516794 73.545935720962,19.943770296640 73.545927434546,19.943773463154 73.545919207355,19.943770161434 73.545915858766,19.943762325583 73.545919350337,19.943754545737 73.545927636752,19.943751379224 73.545935863942,19.943754680944 73.545939212532,19.943762516794</coordinates></LinearRing><LinearRing><coordinates>73.546270684899,19.943739783645 73.546267193345,19.943747563499 73.546258906937,19.943750730029 73.546250679739,19.943747428323 73.546247331134,19.943739592478 73.546250822688,19.943731812625 73.546259109096,19.943728646096 73.546267336293,19.943731947800 73.546270684899,19.943739783645</coordinates></LinearRing><LinearRing><coordinates>73.546012019411,19.943594196354 73.546008527848,19.943601976202 73.546000241443,19.943605142720 73.545992014259,19.943601841003 73.545988665669,19.943594005154 73.545992157232,19.943586225306 73.546000443637,19.943583058789 73.546008670820,19.943586360505 73.546012019411,19.943594196354</coordinates></LinearRing><LineString><coordinates>73.545898169221,19.944447245865 73.545934906402,19.944364215675</coordinates></LineString><LineString><coordinates>73.546189952649,19.943800763018 73.546258559900,19.943649466917 73.546319374196,19.943510601530 73.546517890945,19.943595849879</coordinates></LineString><LineString><coordinates>73.546146626148,19.943892477711 73.546189952649,19.943800763018 73.546389431242,19.943884471779</coordinates></LineString><LineString><coordinates>73.546104322501,19.943988878821 73.546146626148,19.943892477711 73.546349375540,19.943976572835</coordinates></LineString><LineString><coordinates>73.546061805457,19.944083388807 73.546104322501,19.943988878821 73.546307081760,19.944071861819</coordinates></LineString><LineString><coordinates>73.546138226824,19.944448741305 73.545934906402,19.944364215675 73.546061805457,19.944083388807 73.546264711317,19.944167323391</coordinates></LineString><LineString><coordinates>73.546101212747,19.943295248128 73.546561271894,19.943497962332</coordinates></LineString><LineString><coordinates>73.546113436172,19.943767041827 73.546241704235,19.943476234424 73.546056964935,19.943394577318</coordinates></LineString><LineString><coordinates>73.546069547617,19.943862742559 73.546113436172,19.943767041827 73.545924725223,19.943687498713</coordinates></LineString><LineString><coordinates>73.546029198908,19.943955752449 73.546069547617,19.943862742559 73.545879928198,19.943783177774</coordinates></LineString><LineString><coordinates>73.545986513813,19.944050624351 73.546029198908,19.943955752449 73.545836723044,19.943878481071</coordinates></LineString><LineString><coordinates>73.545662281522,19.944256869681 73.545854441079,19.944339479517 73.545986513813,19.944050624351 73.545792867689,19.943972010300</coordinates></LineString><LineString><coordinates>73.545756918110,19.944388727669 73.545898169221,19.944447245865 73.545829124892,19.944597867412</coordinates></LineString><LineString><coordinates>73.545626627400,19.944334143329 73.545756918110,19.944388727669 73.545684505818,19.944550008809</coordinates></LineString><LineString><coordinates>73.545019934328,19.942808562810 73.545668213400,19.943101586714</coordinates></LineString><LineString><coordinates>73.545159485442,19.943397140151 73.545413149259,19.943502426126</coordinates></LineString><LineString><coordinates>73.545198066448,19.943312939616 73.545471813182,19.943410253055</coordinates></LineString><LineString><coordinates>73.545117674915,19.943488388783 73.545359943908,19.943586022946</coordinates></LineString><LineString><coordinates>73.545075949880,19.943579450713 73.545304889745,19.943672648422</coordinates></LineString><LineString><coordinates>73.545034389818,19.943670152475 73.545250252284,19.943758618117</coordinates></LineString><LineString><coordinates>73.544893072986,19.943978565086 73.545000066478,19.943745060532 73.545205608037,19.943828863830</coordinates></LineString><LineString><coordinates>73.544931728099,19.943894203554 73.545115988013,19.943969876670</coordinates></LineString><LineString><coordinates>73.545313645432,19.943060695371,640.035899999552 73.545609922116,19.943193253816,640.035899999552</coordinates></LineString><LineString><coordinates>73.545034389818,19.943670152475,640.035899999552 73.545313645432,19.943060695371,640.035899999552</coordinates></LineString><LineString><coordinates>73.544802579606,19.943285983579 73.545066571668,19.943394370503</coordinates></LineString><LineString><coordinates>73.544756984571,19.943386068144 73.545020341942,19.943495058330</coordinates></LineString><LineString><coordinates>73.544711384399,19.943485868700 73.544974814187,19.943594705990</coordinates></LineString><LineString><coordinates>73.544665828235,19.943585572791 73.544929197583,19.943694549150</coordinates></LineString><LineString><coordinates>73.544847883571,19.943186535925 73.545117313235,19.943283855762</coordinates></LineString><LineString><coordinates>73.545020232487,19.943495296722 73.545235882944,19.943025611138 73.544974807481,19.942907921886</coordinates></LineString><LineString><coordinates>73.544876398333,19.943810113108 73.545020232487,19.943495296722</coordinates></LineString><LineString><coordinates>73.544843983222,19.943880755545 73.544876398333,19.943810113108 73.544613061338,19.943701058085</coordinates></LineString><LineString><coordinates>73.544581119452,19.943770965793 73.544843983222,19.943880755545 73.544814373674,19.943945194734</coordinates></LineString><LineString><coordinates>73.545308459529,19.944321096510 73.545427972251,19.944059537927</coordinates></LineString><LineString><coordinates>73.545385247829,19.944358962562 73.545398056929,19.944331014695</coordinates></LineString><LineString><coordinates>73.545629655623,19.944327753551 73.545436000382,19.944248040927 73.545398056929,19.944331014695 73.545590366455,19.944410611925</coordinates></LineString><LineString><coordinates>73.545522935239,19.944057214279 73.545469543632,19.944173573119 73.545663484678,19.944253595170</coordinates></LineString><LineString><coordinates>73.545569192018,19.943955661613 73.545522935239,19.944057214279 73.545716832945,19.944137020851</coordinates></LineString><LineString><coordinates>73.545613135853,19.943859912873 73.545569192018,19.943955661613 73.545763331819,19.944035519011</coordinates></LineString><LineString><coordinates>73.545657106978,19.943763560865 73.545613135853,19.943859912873 73.545807090666,19.943939998200</coordinates></LineString><LineString><coordinates>73.545657106978,19.943763560865 73.545850984981,19.943844181542</coordinates></LineString><LineString><coordinates>73.546054530482,19.943394474511 73.545865016468,19.943309103493 73.545657106978,19.943763560865</coordinates></LineString><LineString><coordinates>73.545668205066,19.943101582984 73.546100115742,19.943294862750</coordinates></LineString><LineString><coordinates>73.545599515613,19.943684351043 73.545787126964,19.943274326556 73.545609034884,19.943194649049</coordinates></LineString><LineString><coordinates>73.545557159315,19.943777140803 73.545599515613,19.943684351043 73.545359943908,19.943586022946</coordinates></LineString><LineString><coordinates>73.545250252284,19.943758618117 73.545515509918,19.943868194720 73.545557159315,19.943777140803 73.545304889745,19.943672648422</coordinates></LineString><LineString><coordinates>73.545427972251,19.944059537927 73.545481307382,19.943942745489 73.545205608037,19.943828863830</coordinates></LineString><LineString><coordinates>73.545135332581,19.943939438941 73.545427972251,19.944059537927</coordinates></LineString><Point><coordinates>73.547282633908,19.943473789984,640.035899999552</coordinates></Point><Point><coordinates>73.547588473781,19.944031862003,640.035899999552</coordinates></Point><Point><coordinates>73.547098039040,19.943685470587,640.035899999552</coordinates></Point></MultiGeometry></Placemark><Placemark><name>0 Dp road</name><styleUrl>#s11</styleUrl><MultiGeometry><LineString><coordinates>73.544582341548,19.946505895326 73.544584085464,19.946505203200</coordinates></LineString><LineString><coordinates>73.544582341548,19.946505895326 73.544591150611,19.946502397102 73.544599957699,19.946498894438 73.544608762790,19.946495387287 73.544617565860,19.946491875603 73.544626366887,19.946488359340 73.544635165844,19.946484838452 73.544643962708,19.946481312889 73.544652757452,19.946477782604 73.544661550053,19.946474247547 73.544670340483,19.946470707668 73.544679128716,19.946467162915 73.544687914726,19.946463613238 73.544696698484,19.946460058584 73.544705479964,19.946456498900 73.544714259136,19.946452934131 73.544723035972,19.946449364224 73.544731810442,19.946445789122 73.544740582517,19.946442208768 73.544749352166,19.946438623107 73.544758119358,19.946435032079 73.544766884063,19.946431435625 73.544775646247,19.946427833687 73.544784405878,19.946424226202 73.544793162924,19.946420613111 73.544801917350,19.946416994350 73.544810669122,19.946413369856 73.544819418207,19.946409739564 73.544828164567,19.946406103411 73.544836908168,19.946402461331 73.544845648973,19.946398813255 73.544854386944,19.946395159118 73.544863122045,19.946391498850 73.544871854236,19.946387832383 73.544880583479,19.946384159646 73.544889309735,19.946380480568 73.544898032963,19.946376795078 73.544906753123,19.946373103104 73.544915470173,19.946369404572 73.544924184071,19.946365699408 73.544932894776,19.946361987539 73.544941602245,19.946358268888 73.544950306433,19.946354543380 73.544959007298,19.946350810939 73.544967704795,19.946347071489 73.544976398879,19.946343324951 73.544985089505,19.946339571249 73.544993776627,19.946335810306 73.545002460200,19.946332042043 73.545011140177,19.946328266382 73.545019816511,19.946324483247 73.545028489537,19.946320692393 73.545037158470,19.946316894067 73.545045823621,19.946313088034 73.545054484946,19.946309274220 73.545063142396,19.946305452551 73.545071795926,19.946301622952 73.545080445491,19.946297785353 73.545089091045,19.946293939683 73.545097732545,19.946290085875 73.545106369947,19.946286223863 73.545115003210,19.946282353586 73.545123632293,19.946278474983 73.545132257157,19.946274588001 73.545140877765,19.946270692588 73.545149494083,19.946266788698 73.545158106079,19.946262876292 73.545166713725,19.946258955336 73.545175316994,19.946255025803 73.545183915866,19.946251087676 73.545192510325,19.946247140945 73.545201100358,19.946243185611 73.545209685960,19.946239221687 73.545218267133,19.946235249197 73.545226843885,19.946231268182 73.545235416233,19.946227278696 73.545243984202,19.946223280813 73.545252547831,19.946219274624 73.545261107167,19.946215260244 73.545269662273,19.946211237810 73.545278213224,19.946207207488 73.545286760112,19.946203169472 73.545295303048,19.946199123987 73.545303842163,19.946195071297 73.545312377607,19.946191011703 73.545320909557,19.946186945551 73.545329438216,19.946182873234 73.545337963816,19.946178795198 73.545346486621,19.946174711946 73.545355006930,19.946170624043 73.545363525080,19.946166532124 73.545372041450,19.946162436898 73.545380556462,19.946158339154 73.545389070588,19.946154239769 73.545397584351,19.946150139716 73.545406098328,19.946146040067 73.545414613155,19.946141942004 73.545423129529,19.946137846823 73.545431648210,19.946133755943 73.545440170418,19.946129670722 73.545448696291,19.946125593205 73.545457227153,19.946121525033 73.545465764032,19.946117468168 73.545474308019,19.946113424710 73.545482860267,19.946109396904 73.545491421984,19.946105387130 73.545499994424,19.946101397902 73.545508578880,19.946097431853 73.545517176671,19.946093491725 73.545525789127,19.946089580348 73.545534417574,19.946085700620 73.545543063299,19.946081855440 73.545551727071,19.946078046737 73.545560409115,19.946074275436 73.545569109647,19.946070542440 73.545577828884,19.946066848688 73.545586567050,19.946063195162 73.545595324368,19.946059582885 73.545604101068,19.946056012925 73.545612897423,19.946052486380 73.545621713633,19.946049004430 73.545630549923,19.946045568299 73.545639406528,19.946042179265 73.545648283686,19.946038838666 73.545657181635,19.946035547906 73.545666100615,19.946032308457 73.545675040862,19.946029121867 73.545684002613,19.946025989761 73.545692986102,19.946022913850 73.545701991560,19.946019895937 73.545711019212,19.946016937919 73.545720069279,19.946014041802 73.545729141972,19.946011209702 73.545738237491,19.946008443855 73.545747356025,19.946005746632 73.545756497746,19.946003120541 73.545765662807,19.946000568243 73.545774851338,19.945998092566 73.545784063441,19.945995696515 73.545793299185,19.945993383289 73.545802558597,19.945991156297 73.545811841660,19.945989019178 73.545821148296,19.945986975818 73.545830478364,19.945985030377 73.545839831641,19.945983187311 73.545849207809,19.945981451400 73.545858606440,19.945979827776 73.545868026970,19.945978321963 73.545877468681,19.945976939908 73.545886930664,19.945975688024 73.545896411397,19.945974573281 73.545905910295,19.945973603071 73.545915425231,19.945972785549 73.545924954121,19.945972129491 73.545934494433,19.945971644413 73.545944043102,19.945971340640 73.545953596420,19.945971229156 73.545963149954,19.945971320885 73.545972698480,19.945971626874 73.545982235915,19.945972158314 73.545991755271,19.945972926369 73.546001248617,19.945973941988 73.546010707065,19.945975215663 73.546020120794,19.945976757159 73.546029479133,19.945978575211 73.546038770686,19.945980677207 73.546047983533,19.945983068871 73.546057105479,19.945985753970 73.546066124800,19.945988734211 73.546075028894,19.945992008496 73.546083807146,19.945995573652 73.546092449653,19.945999423931 73.546100948395,19.946003551478 73.546109295815,19.946007945732 73.546117487389,19.946012594876 73.546125520214,19.946017485492 73.546133393382,19.946022603118 73.546141107810,19.946027932579 73.546148666190,19.946033458410 73.546156072754,19.946039165147 73.546163333045,19.946045037598 73.546170453681,19.946051061049 73.546177441769,19.946057221776 73.546184303500,19.946063508242 73.546191045347,19.946069909712 73.546197674316,19.946076415805 73.546204197762,19.946083016592 73.546210623277,19.946089702721 73.546216958518,19.946096465438 73.546223211086,19.946103296602 73.546229388426,19.946110188684 73.546235497747,19.946117134754 73.546241545970,19.946124128452 73.546247539685,19.946131163966 73.546253485124,19.946138235988 73.546259388149,19.946145339683 73.546265254520,19.946152470983 73.546271088627,19.946159625012 73.546276896212,19.946166799349 73.546282680891,19.946173989737 73.546288446955,19.946181193468 73.546294198191,19.946188407883 73.546299937995,19.946195630467 73.546305669485,19.946202858938 73.546311395535,19.946210091250 73.546317118767,19.946217325544 73.546322841605,19.946224560168 73.546328566211,19.946231793562 73.546334294546,19.946239024312 73.546340028404,19.946246251141 73.546345769408,19.946253472892 73.546351519024,19.946260688510 73.546357278574,19.946267897034 73.546363049270,19.946275097621 73.546368831770,19.946282289794 73.546374625112,19.946289473616 73.546380428997,19.946296650250 73.546386242503,19.946303819916 73.546392065274,19.946310983383 73.546397896244,19.946318140421 73.546403735149,19.946325291680 73.546409581531,19.946332437478 73.546415435037,19.946339578178 73.546421295243,19.946346713988 73.546427161795,19.946353845139 73.546433034377,19.946360971852 73.546438912698,19.946368094335 73.546444796492,19.946375212778 73.546450685510,19.946382327356 73.546456579524,19.946389438236 73.546462478318,19.946396545569 73.546468381694,19.946403649499 73.546474289464,19.946410750161 73.546480201452,19.946417847681 73.546486117494,19.946424942177 73.546492037432,19.946432033764 73.546497961118,19.946439122548 73.546503888411,19.946446208631 73.546509818929,19.946453291820 73.546515753063,19.946460372830 73.546521690127,19.946467451085 73.546527630564,19.946474527352 73.546533573927,19.946481601330 73.546539520122,19.946488673138 73.546545469041,19.946495742882 73.546551420601,19.946502810703 73.546557374684,19.946509876708 73.546563331094,19.946516940929 73.546569289683,19.946524003477 73.546575250282,19.946531064475 73.546581212701,19.946538124072 73.546587176708,19.946545182441 73.546593142015,19.946552239806 73.546599108240,19.946559296459 73.546605074924,19.946566352749 73.546611044301,19.946573406978 73.546617023847,19.946580453508 73.546623025476,19.946587483222 73.546629067781,19.946594481686 73.546635179439,19.946601426029 73.546641403146,19.946608280671 73.546647797051,19.946614993435 73.546654426201,19.946621498394 73.546661336631,19.946627735804 73.546668525401,19.946633685963 73.546675939625,19.946639383361 73.546683509709,19.946644894775 73.546691176078,19.946650286035 73.546698897270,19.946655606914 73.546706646961,19.946660890578 73.546714409023,19.946666157890 73.546722174071,19.946671421485 73.546729938801,19.946676686022 73.546737702611,19.946681952615 73.546745464035,19.946687221300 73.546753223028,19.946692492846 73.546760979697,19.946697767994 73.546768733955,19.946703047276 73.546776484794,19.946708330552 73.546784232167,19.946713618318 73.546791975744,19.946718910875 73.546799715239,19.946724208565 73.546807450414,19.946729511785 73.546815181063,19.946734820987 73.546822906955,19.946740136649 73.546830627619,19.946745459141 73.546838342420,19.946750788782 73.546846050796,19.946756126025 73.546853752121,19.946761471371 73.546861446708,19.946766826094 73.546869133842,19.946772190900 73.546876812768,19.946777566635 73.546884482691,19.946782954336 73.546892142469,19.946788355059 73.546899790879,19.946793770136 73.546907426953,19.946799201510 73.546915048980,19.946804651156 73.546922654888,19.946810121533 73.546930240725,19.946815614749 73.546937804306,19.946821135608 73.546945340580,19.946826688905 73.546952844029,19.946832282257 73.546960304602,19.946837925043 73.546967712417,19.946843629184 73.546975069695,19.946849394766 73.546982382904,19.946855208524 73.546989673545,19.946861047364 73.546996984619,19.946866863471 73.547004399794,19.946872560222 73.547012070635,19.946877944180 73.547020217396,19.946882653657 73.547028997353,19.946886189153 73.547038281014,19.946888282935 73.547047782956,19.946889182911 73.547057334072,19.946889323174 73.547066882704,19.946889026781 73.547076419952,19.946888484928 73.547085946922,19.946887802446 73.547095466218,19.946887032734 73.547104979792,19.946886206762 73.547114490365,19.946885344529 73.547123998664,19.946884460145 73.547133505322,19.946883564084 73.547143011897,19.946882664403 73.547152518768,19.946881767723 73.547162027228,19.946880879527 73.547171536998,19.946880004713 73.547181048879,19.946879147572 73.547190562670,19.946878312139 73.547200078523,19.946877502186 73.547209597107,19.946876721308 73.547219118220,19.946875973114 73.547228642748,19.946875261139 73.547238170520,19.946874589067 73.547247701620,19.946873960684 73.547257235769,19.946873379975 73.547266773684,19.946872851102 73.547276314841,19.946872378593 73.547285859083,19.946871967318 73.547295406695,19.946871622570 73.547304956489,19.946871350224 73.547314508505,19.946871156746 73.547324062148,19.946871049387 73.547333616629,19.946871036323 73.547343170417,19.946871126773 73.547352723114,19.946871328533 73.547362271856,19.946871646580 73.547371815820,19.946872086052 73.547381352065,19.946872652365 73.547390878016,19.946873351317 73.547400391339,19.946874189146 73.547409888931,19.946875172501 73.547419368065,19.946876308589 73.547428823267,19.946877604838 73.547438251037,19.946879069504 73.547447645849,19.946880711218 73.547457002569,19.946882539392 73.547466313854,19.946884563790 73.547475572028,19.946886794896 73.547484768293,19.946889243798 73.547493893032,19.946891922315 73.547502933777,19.946894842383 73.547511878251,19.946898016961 73.547520711270,19.946901459012 73.547529416094,19.946905181838 73.547537973435,19.946909198509 73.547546361913,19.946913521782 73.547554557314,19.946918163341 73.547562534354,19.946923134299 73.547570263469,19.946928444022 73.547577710624,19.946934102398 73.547584842645,19.946940112841 73.547591630664,19.946946469215 73.547598053318,19.946953156670 73.547604097758,19.946960152308 73.547609760801,19.946967427815 73.547615048305,19.946974951911 73.547619973523,19.946982692368 73.547624556036,19.946990619260 73.547628818535,19.946998704345 73.547632785911,19.947006923130 73.547636483204,19.947015253875 73.547639934924,19.947023678053 73.547643164607,19.947032180709 73.547646194014,19.947040749115 73.547649043104,19.947049372720 73.547651730000,19.947058042794 73.547654271046,19.947066752110 73.547656680942,19.947075494792 73.547658972775,19.947084265709 73.547661158205,19.947093060391 73.547663247946,19.947101876329 73.547665251241,19.947110710136 73.547667177806,19.947119559129 73.547669039376,19.947128420494 73.547670846537,19.947137291876 73.547672608541,19.947146171625 73.547674333398,19.947155057899 73.547676028234,19.947163949354 73.547677699404,19.947172844841 73.547679352609,19.947181743367 73.547680992930,19.947190643630 73.547682625177,19.947199545462 73.547684253603,19.947208447888 73.547685882176,19.947217350254 73.547687514680,19.947226252527 73.547689154506,19.947235153906 73.547690804744,19.947244053159 73.547692468475,19.947252950010 73.547694148589,19.947261844058 73.547695847822,19.947270734800 73.547697568716,19.947279621377 73.547699313929,19.947288504056 73.547701085900,19.947297382417 73.547702886756,19.947306254875 73.547704718993,19.947315122006 73.547706584737,19.947323982819 73.547708486159,19.947332836775 73.547710425388,19.947341683308 73.547712404528,19.947350521881 73.547714425655,19.947359351911 73.547716490820,19.947368172790 73.547718602069,19.947376983927 73.547720761436,19.947385784699 73.547722970932,19.947394574381 73.547725232568,19.947403352238 73.547727548358,19.947412117504 73.547729920318,19.947420869375 73.547732350549,19.947429607295 73.547734840898,19.947438329719 73.547737393370,19.947447035625 73.547740010248,19.947455724819 73.547742693500,19.947464395929 73.547745445206,19.947473047865 73.547748267466,19.947481679483 73.547751162397,19.947490289580 73.547754132131,19.947498876887 73.547757178766,19.947507440090 73.547760303721,19.947515977924 73.547763507986,19.947524489352 73.547766792467,19.947532973384 73.547770157939,19.947541428970 73.547773605075,19.947549855065 73.547777134437,19.947558250637 73.547780746481,19.947566614669 73.547784441727,19.947574946553 73.547788220149,19.947583244713 73.547792081991,19.947591508457 73.547796027279,19.947599736874 73.547800055931,19.947607929080 73.547804167564,19.947616083836 73.547808362254,19.947624201049 73.547812639462,19.947632279639 73.547816998718,19.947640318887 73.547821439539,19.947648318263 73.547825961232,19.947656277047 73.547830563211,19.947664194901 73.547835244352,19.947672070742 73.547840004019,19.947679904493 73.547844841274,19.947687695722 73.547849755116,19.947695444040 73.547854744489,19.947703149111 73.547859807456,19.947710809405 73.547864943596,19.947718425833 73.547870151550,19.947725997968 73.547875430376,19.947733526094 73.547880778731,19.947741009990 73.547886195332,19.947748449608 73.547891678874,19.947755844941 73.547897227817,19.947763195736 73.547902843189,19.947770505130 73.547908521783,19.947777770730 73.547914262282,19.947784992710 73.547920063371,19.947792171279 73.547925923737,19.947799306677 73.547931842072,19.947806399174 73.547937817075,19.947813449069 73.547943847457,19.947820456685 73.547949931942,19.947827422369 73.547956069267,19.947834346491 73.547962258185,19.947841229437 73.547968497467,19.947848071615 73.547974785904,19.947854873448 73.547981122304,19.947861635372 73.547987505500,19.947868357837 73.547993934342,19.947875041304 73.548000407707,19.947881686244 73.548006924492,19.947888293136 73.548013483619,19.947894862467 73.548020083723,19.947901394424 73.548026724350,19.947907890076 73.548033404208,19.947914349641 73.548040122313,19.947920773621 73.548046878014,19.947927162808 73.548053670085,19.947933516278 73.548060500436,19.947939833512 73.548067369652,19.947946112959 73.548074278547,19.947952353936 73.548081226706,19.947958555266 73.548088214294,19.947964716862 73.548095240914,19.947970838645 73.548102305945,19.947976920776 73.548109408570,19.947982963635 73.548116547824,19.947988967780 73.548123722622,19.947994933926 73.548130931792,19.948000862915 73.548138174099,19.948006755685 73.548145448279,19.948012613253 73.548152753046,19.948018436689 73.548160087119,19.948024227101 73.548167449228,19.948029985616 73.548174838130,19.948035713370 73.548182252610,19.948041411494 73.548189691497,19.948047081108 73.548197153658,19.948052723311 73.548204638007,19.948058339177 73.548212143504,19.948063929752 73.548219669157,19.948069496048 73.548227214022,19.948075039044 73.548234777200,19.948080559681 73.548242357838,19.948086058866 73.548249955128,19.948091537466 73.548257568304,19.948096996314 73.548265196642,19.948102436206 73.548272839454,19.948107857902 73.548280496091,19.948113262130 73.548288165941,19.948118649581 73.548295848422,19.948124020917 73.548303542985,19.948129376768 73.548311249112,19.948134717735 73.548318966310,19.948140044389 73.548326694116,19.948145357275 73.548334432413,19.948150657136 73.548342180122,19.948155944011 73.548349937187,19.948161218606 73.548357703236,19.948166481371 73.548365477914,19.948171732733 73.548373260886,19.948176973102 73.548381051831,19.948182202867 73.548388850448,19.948187422400 73.548396656449,19.948192632057 73.548404469560,19.948197832175 73.548412289523,19.948203023079 73.548420116091,19.948208205077 73.548427949027,19.948213378465 73.548435788108,19.948218543525 73.548443633122,19.948223700527 73.548451483864,19.948228849730 73.548459340141,19.948233991381 73.548467201768,19.948239125716 73.548475068568,19.948244252963 73.548482940373,19.948249373339 73.548490817021,19.948254487052 73.548498698358,19.948259594301 73.548506584237,19.948264695280 73.548514474518,19.948269790172 73.548522369064,19.948274879152 73.548530267745,19.948279962392 73.548538170439,19.948285040054 73.548546077026,19.948290112295 73.548553987392,19.948295179266 73.548561901428,19.948300241111 73.548569819028,19.948305297971 73.548577740093,19.948310349979 73.548585664523,19.948315397266 73.548593592227,19.948320439955 73.548601523114,19.948325478167 73.548609457099,19.948330512018 73.548617394098,19.948335541619 73.548625334031,19.948340567079 73.548633276821,19.948345588501 73.548641222394,19.948350605985 73.548649170678,19.948355619630 73.548657121605,19.948360629528 73.548665075107,19.948365635769 73.548673031120,19.948370638443 73.548680989583,19.948375637632 73.548688950435,19.948380633419 73.548696913618,19.948385625884 73.548704879077,19.948390615102 73.548712846758,19.948395601149 73.548720816608,19.948400584095 73.548728788576,19.948405564011 73.548736762614,19.948410540964 73.548744738674,19.948415515020 73.548752716711,19.948420486241 73.548760696680,19.948425454689 73.548768678538,19.948430420424 73.548776662243,19.948435383504 73.548784647754,19.948440343985 73.548792635033,19.948445301921 73.548800624042,19.948450257365 73.548808614744,19.948455210369 73.548816607103,19.948460160983 73.548824601085,19.948465109254 73.548832596655,19.948470055231 73.548840593780,19.948474998959 73.548848592430,19.948479940482 73.548856592573,19.948484879844 73.548864594178,19.948489817088 73.548872597218,19.948494752253 73.548880601666,19.948499685382 73.548888607509,19.948504616523 73.548896614704,19.948509545703 73.548904623224,19.948514472958 73.548912633043,19.948519398325 73.548920644137,19.948524321838 73.548928656481,19.948529243531 73.548936670053,19.948534163438 73.548944684829,19.948539081591 73.548952700787,19.948543998022 73.548960718243,19.948548912967 73.548968736488,19.948553826036 73.548976755852,19.948558737473 73.548984776315,19.948563647306 73.548992797857,19.948568555563 73.549000820459,19.948573462272 73.549008844103,19.948578367458 73.549016868771,19.948583271148 73.549024894444,19.948588173368 73.549032921106,19.948593074141 73.549040948739,19.948597973492 73.549048977327,19.948602871445 73.549057006854,19.948607768023 73.549065037304,19.948612663247 73.549073068661,19.948617557141 73.549081100912,19.948622449725 73.549089134041,19.948627341021 73.549097168033,19.948632231049 73.549105202875,19.948637119830 73.549113238553,19.948642007383 73.549121275054,19.948646893727 73.549129312365,19.948651778882 73.549137350471,19.948656662865 73.549145389362,19.948661545694 73.549153429025,19.948666427388 73.549161469448,19.948671307963 73.549169510618,19.948676187437 73.549177552526,19.948681065826 73.549185595159,19.948685943146 73.549193638506,19.948690819414 73.549201682557,19.948695694644 73.549209727301,19.948700568852 73.549217772728,19.948705442053 73.549225818827,19.948710314262 73.549233865589,19.948715185493 73.549241913004,19.948720055760 73.549249961062,19.948724925077 73.549258009754,19.948729793457 73.549266059072,19.948734660914 73.549274109005,19.948739527460 73.549282159545,19.948744393109 73.549290210684,19.948749257872 73.549298262413,19.948754121763 73.549306314724,19.948758984793 73.549314367609,19.948763846974 73.549322421059,19.948768708318 73.549330475067,19.948773568835 73.549338529626,19.948778428538 73.549346584727,19.948783287437 73.549354640363,19.948788145543 73.549362696527,19.948793002866 73.549370753213,19.948797859417 73.549378810412,19.948802715205 73.549386868118,19.948807570242 73.549394926325,19.948812424537 73.549402985025,19.948817278099 73.549411044213,19.948822130938 73.549419103881,19.948826983063 73.549427164024,19.948831834483 73.549435224636,19.948836685208 73.549443285709,19.948841535246 73.549451347240,19.948846384605 73.549459409220,19.948851233296 73.549467471646,19.948856081324 73.549475534511,19.948860928700 73.549483597810,19.948865775431 73.549491661536,19.948870621525 73.549499725686,19.948875466990 73.549507789897,19.948880311620 73.549515854886,19.948885155855 73.549523920283,19.948889999484 73.549531986081,19.948894842514 73.549540052276,19.948899684951 73.549548118864,19.948904526804 73.549556185839,19.948909368079 73.549564253198,19.948914208783 73.549572320949,19.948919048931</coordinates></LineString><LineString><coordinates>73.544582341548,19.946505895326,640.035900000483 73.544086315685,19.946525554312,640.035899998620</coordinates></LineString><LineString><coordinates>73.538478067709,19.940052029626 73.538477222273,19.940043277325 73.538476494946,19.940034515655 73.538476017512,19.940025738928 73.538475952071,19.940016951441 73.538476513563,19.940008181133 73.538477998082,19.939999510534 73.538480798524,19.939991141811 73.538485328344,19.939983490594 73.538491736131,19.939977160840 73.538499612050,19.939972529348 73.538508292831,19.939969420542 73.538517391276,19.939967671191 73.538526666487,19.939967291817 73.538535899133,19.939968237665 73.538544953224,19.939970205664 73.538553820394,19.939972834086 73.538562576227,19.939975780385</coordinates></LineString><LineString><coordinates>73.538946072571,19.940244248418,640.035900000483 73.539283215693,19.940480265319,640.035900000483</coordinates></LineString><LineString><coordinates>73.538562582913,19.939975785066,640.035900000483 73.538810911775,19.940149628796,640.035899998620</coordinates></LineString><LineString><coordinates>73.538696543510,19.939799902384,640.035899998620 73.538792109759,19.939864227746,640.035899999552</coordinates></LineString><LineString><coordinates>73.547177639469,19.946026335515 73.547365677743,19.946106375822 73.547440377484,19.946125598281 73.547544409111,19.946137345242 73.547674716485,19.946141461586 73.547796180247,19.946151033316 73.547912355381,19.946185631152 73.547965926018,19.946217457330 73.548018393552,19.946268165591 73.548159914162,19.946413544950 73.548271040137,19.946554142662 73.548306123209,19.946606050576 73.548329101497,19.946644745185 73.548351988639,19.946689754526 73.548371694458,19.946738123656 73.548391130639,19.946801373234 73.548415541067,19.946904199584 73.548435901099,19.946987044259 73.548457840157,19.947054458181 73.548481103900,19.947106435602 73.548508957393,19.947154918322 73.548551343415,19.947217062688 73.548586139769,19.947264112497 73.548630042592,19.947292507057</coordinates></LineString><LineString><coordinates>73.544739866567,19.945690428880 73.545275276390,19.945506258112 73.545382016692,19.945458800945 73.545607964318,19.945353439984 73.546009935559,19.945148145416</coordinates></LineString><LineString><coordinates>73.538475928465,19.940022010809 73.538476912269,19.940030998698 73.538477826377,19.940039993158 73.538478674023,19.940048993449 73.538479455588,19.940057999087 73.538480171679,19.940067009593 73.538480822930,19.940076024497 73.538481410007,19.940085043343 73.538481933606,19.940094065683 73.538482394446,19.940103091085 73.538482793278,19.940112119128 73.538483130881,19.940121149404 73.538483408056,19.940130181520 73.538483625630,19.940139215096 73.538483784462,19.940148249767 73.538483885435,19.940157285182 73.538483929463,19.940166321007 73.538483917484,19.940175356920 73.538483850573,19.940184392619 73.538483729785,19.940193427818 73.538483556060,19.940202462247 73.538483330371,19.940211495648 73.538483053721,19.940220527783 73.538482727146,19.940229558426 73.538482351711,19.940238587373 73.538481928514,19.940247614430 73.538481458685,19.940256639425 73.538480943383,19.940265662200 73.538480383804,19.940274682617 73.538479781173,19.940283700554 73.538479136750,19.940292715907 73.538478451827,19.940301728590 73.538477727733,19.940310738534 73.538476965828,19.940319745690 73.538476167512,19.940328750026 73.538475334218,19.940337751528 73.538474467431,19.940346750202 73.538473568509,19.940355746055 73.538472638734,19.940364739105 73.538471679426,19.940373729381 73.538470691942,19.940382716928 73.538469677674,19.940391701809 73.538468638056,19.940400684099 73.538467574560,19.940409663889 73.538466488699,19.940418641286 73.538465382028,19.940427616410 73.538464256147,19.940436589397 73.538463112701,19.940445560398 73.538461953382,19.940454529578 73.538460779931,19.940463497115 73.538459594139,19.940472463200 73.538458397850,19.940481428037 73.538457192965,19.940490391846 73.538455981332,19.940499354840 73.538454764600,19.940508317217 73.538453544434,19.940517279177 73.538452322547,19.940526240927 73.538451100711,19.940535202684 73.538449880751,19.940544164669 73.538448664553,19.940553127111 73.538447454066,19.940562090244 73.538446251303,19.940571054304 73.538445058342,19.940580019538 73.538443877336,19.940588986187 73.538442710509,19.940597954496 73.538441560166,19.940606924709 73.538440428689,19.940615897067 73.538439318548,19.940624871807 73.538438232242,19.940633849155 73.538437172010,19.940642829290 73.538436140036,19.940651812366 73.538435138583,19.940660798531 73.538434169994,19.940669787914 73.538433236699,19.940678780637 73.538432341212,19.940687776796 73.538431486140,19.940696776469 73.538430674182,19.940705779711 73.538429908137,19.940714786549 73.538429190900,19.940723796978 73.538428525470,19.940732810960 73.538427914954,19.940741828415 73.538427362564,19.940750849218 73.538426871405,19.940759873188 73.538426444112,19.940768900065 73.538426083689,19.940777929549 73.538425793239,19.940786961286 73.538425575942,19.940795994859 73.538425435055,19.940805029784 73.538425373860,19.940814065503 73.538425395548,19.940823101384 73.538425503344,19.940832136710 73.538425700499,19.940841170685 73.538425990283,19.940850202424 73.538426376366,19.940859230935 73.538426861571,19.940868255168 73.538427444878,19.940877274201 73.538428121760,19.940886287378 73.538428885173,19.940895294371 73.538429727773,19.940904295080 73.538430642805,19.940913289465 73.538431624078,19.940922277606 73.538432665898,19.940931259655 73.538433763017,19.940940235817 73.538434910587,19.940949206341 73.538436103894,19.940958171528 73.538437337794,19.940967131801 73.538438607342,19.940976087621 73.538439907927,19.940985039459 73.538441235238,19.940993987789 73.538442585239,19.941002933085 73.538443954139,19.941011875814 73.538445338373,19.941020816429 73.538446734641,19.941029755371 73.538448139380,19.941038693128 73.538449548685,19.941047630242 73.538450958843,19.941056567236 73.538452366329,19.941065504608 73.538453767787,19.941074442825 73.538455160024,19.941083382334 73.538456539991,19.941092323543 73.538457904776,19.941101266831 73.538459251599,19.941110212577 73.538460577787,19.941119161070 73.538461880785,19.941128112598 73.538463158118,19.941137067422 73.538464406952,19.941146025830 73.538465624195,19.941154988122 73.538466806869,19.941163954569 73.538467952104,19.941172925360 73.538469057142,19.941181900656 73.538470119331,19.941190880575 73.538471136117,19.941199865196 73.538472105040,19.941208854544 73.538473023736,19.941217848605 73.538473889927,19.941226847324 73.538474701423,19.941235850599 73.538475456118,19.941244858291 73.538476151968,19.941253870218 73.538476786629,19.941262886180 73.538477357517,19.941271905951 73.538477862125,19.941280929254 73.538478298039,19.941289955757 73.538478662929,19.941298985074 73.538478954555,19.941308016771 73.538479170762,19.941317050363 73.538479309480,19.941326085316 73.538479368723,19.941335121048 73.538479346591,19.941344156928 73.538479241272,19.941353192284 73.538479051034,19.941362226396 73.538478774237,19.941371258502 73.538478409318,19.941380287807 73.538477954307,19.941389313452 73.538477407253,19.941398334528 73.538476766502,19.941407350082 73.538476030476,19.941416359128 73.538475197669,19.941425360635 73.538474266631,19.941434353532 73.538473236319,19.941443336746 73.538472107802,19.941452309401 73.538470882350,19.941461270679 73.538469560996,19.941470219762 73.538468145037,19.941479155898 73.538466635832,19.941488078377 73.538465034705,19.941496986520 73.538463343017,19.941505879682 73.538461562170,19.941514757264 73.538459693490,19.941523618688 73.538457738319,19.941532463410 73.538455698035,19.941541290925 73.538453574041,19.941550100768 73.538451367771,19.941558892511 73.538449080685,19.941567665767 73.538446714381,19.941576420219 73.538444270449,19.941585155579 73.538441750153,19.941593871513 73.538439154773,19.941602567722 73.538436485618,19.941611243940 73.538433744019,19.941619899935 73.538430931331,19.941628535509 73.538428048928,19.941637150506 73.538425098210,19.941645744797 73.538422080592,19.941654318292 73.538418997512,19.941662870935 73.538415850423,19.941671402706 73.538412640797,19.941679913619 73.538409370123,19.941688403725 73.538406039905,19.941696873106 73.538402651665,19.941705321885 73.538399206826,19.941713750172 73.538395706588,19.941722158023 73.538392152162,19.941730545522 73.538388544771,19.941738912773 73.538384885648,19.941747259916 73.538381176043,19.941755587107 73.538377417215,19.941763894536 73.538373610437,19.941772182420 73.538369756994,19.941780451000 73.538365858187,19.941788700542 73.538361915328,19.941796931341 73.538357929745,19.941805143720 73.538353902780,19.941813338028 73.538349835793,19.941821514639 73.538345730158,19.941829673962 73.538341587534,19.941837816552 73.538337409253,19.941845942837 73.538333196171,19.941854053040 73.538328949185,19.941862147410 73.538324669221,19.941870226231 73.538320357243,19.941878289815 73.538316014251,19.941886338502 73.538311641281,19.941894372661 73.538307239405,19.941902392691 73.538302809729,19.941910399021 73.538298353393,19.941918392112 73.538293871573,19.941926372450 73.538289365477,19.941934340553 73.538284836348,19.941942296968 73.538280285200,19.941950242141 73.538275712665,19.941958176326 73.538271119737,19.941966099968 73.538266507438,19.941974013548 73.538261876823,19.941981917562 73.538257228969,19.941989812521 73.538252564975,19.941997698966 73.538247885967,19.942005577453 73.538243193092,19.942013448561 73.538238487520,19.942021312886 73.538233770445,19.942029171047 73.538229043083,19.942037023677 73.538224306675,19.942044871431 73.538219562505,19.942052714991 73.538214811949,19.942060555092 73.538210055847,19.942068392187 73.538205294953,19.942076226675 73.538200530038,19.942084058981 73.538195761860,19.942091889516 73.538190990596,19.942099718371 73.538186216414,19.942107545630 73.538181439599,19.942115371452 73.538176660437,19.942123195994 73.538171879213,19.942131019412 73.538167096212,19.942138841860 73.538162311720,19.942146663493 73.538157526021,19.942154484467 73.538152739399,19.942162304935 73.538147952138,19.942170125055 73.538143164523,19.942177944981 73.538138376845,19.942185764875 73.538133589386,19.942193584888 73.538128802418,19.942201405171 73.538124016214,19.942209225873 73.538119231046,19.942217047143 73.538114447186,19.942224869132 73.538109664909,19.942232691986 73.538104884489,19.942240515854 73.538100106200,19.942248340885 73.538095330317,19.942256167228 73.538090557115,19.942263995033 73.538085786870,19.942271824448 73.538081019857,19.942279655623 73.538076256356,19.942287488708 73.538071496644,19.942295323851 73.538066741000,19.942303161202 73.538061989704,19.942311000911 73.538057243038,19.942318843126 73.538052501285,19.942326687997 73.538047764728,19.942334535675 73.538043033652,19.942342386309 73.538038308343,19.942350240048 73.538033589100,19.942358097062 73.538028876238,19.942365957500 73.538024170031,19.942373821497 73.538019470748,19.942381689196 73.538014778664,19.942389560735 73.538010094055,19.942397436254 73.538005417199,19.942405315890 73.538000748374,19.942413199785 73.537996087864,19.942421088078 73.537991435953,19.942428980907 73.537986792925,19.942436878412 73.537982159070,19.942444780733 73.537977534680,19.942452688008 73.537972920046,19.942460600381 73.537968315465,19.942468517988 73.537963721235,19.942476440970 73.537959137659,19.942484369467 73.537954565033,19.942492303629 73.537950003673,19.942500243586 73.537945453887,19.942508189477 73.537940915988,19.942516141442 73.537936390295,19.942524099622 73.537931877124,19.942532064158 73.537927376799,19.942540035191 73.537922889644,19.942548012866 73.537918415991,19.942555997319 73.537913956173,19.942563988691 73.537909510528,19.942571987122 73.537905079397,19.942579992753 73.537900663126,19.942588005723 73.537896262064,19.942596026173 73.537891876564,19.942604054243 73.537887506984,19.942612090072 73.537883153687,19.942620133800 73.537878817039,19.942628185568 73.537874497414,19.942636245514 73.537870195206,19.942644313779 73.537865910766,19.942652390491 73.537861644442,19.942660475771 73.537857396586,19.942668569741 73.537853167553,19.942676672521 73.537848957708,19.942684784230 73.537844767418,19.942692904989 73.537840597056,19.942701034916 73.537836446999,19.942709174131 73.537832317634,19.942717322749 73.537828209348,19.942725480891 73.537824122537,19.942733648673 73.537820057602,19.942741826212 73.537816014952,19.942750013623 73.537811994999,19.942758211022 73.537807998163,19.942766418524 73.537804024872,19.942774636241 73.537800075557,19.942782864288 73.537796150658,19.942791102776 73.537792250622,19.942799351817 73.537788375902,19.942807611519 73.537784526960,19.942815881991 73.537780704263,19.942824163342 73.537776908287,19.942832455678 73.537773139514,19.942840759103 73.537769398437,19.942849073718 73.537765685553,19.942857399628 73.537762001369,19.942865736931 73.537758346402,19.942874085725 73.537754721173,19.942882446107 73.537751126216,19.942890818169 73.537747562073,19.942899201998 73.537744029293,19.942907597684 73.537740528431,19.942916005318 73.537737059999,19.942924424963 73.537733624507,19.942932856676 73.537730222483,19.942941300509 73.537726854460,19.942949756522 73.537723520979,19.942958224765 73.537720222592,19.942966705288 73.537716959857,19.942975198135 73.537713733344,19.942983703348 73.537710543627,19.942992220964 73.537707391294,19.943000751016 73.537704276938,19.943009293532 73.537701201162,19.943017848540 73.537698164578,19.943026416058 73.537695167809,19.943034996104 73.537692211484,19.943043588688 73.537689296244,19.943052193814 73.537686422737,19.943060811484 73.537683591623,19.943069441692 73.537680803569,19.943078084427 73.537678059252,19.943086739670 73.537675359360,19.943095407398 73.537672704588,19.943104087580 73.537670095644,19.943112780179 73.537667533241,19.943121485148 73.537665018104,19.943130202435 73.537662550962,19.943138931978 73.537660132461,19.943147673684 73.537657763288,19.943156427461 73.537655444147,19.943165193210 73.537653175749,19.943173970825 73.537650958812,19.943182760190 73.537648794057,19.943191561178 73.537646682210,19.943200373653 73.537644624001,19.943209197468 73.537642620165,19.943218032470 73.537640671439,19.943226878487 73.537638778565,19.943235735341 73.537636942287,19.943244602845 73.537635163350,19.943253480794 73.537633442503,19.943262368975 73.537631780496,19.943271267162 73.537630178079,19.943280175119 73.537628636003,19.943289092593 73.537627155019,19.943298019322 73.537625735878,19.943306955025 73.537624379330,19.943315899407 73.537623086119,19.943324852173 73.537621856991,19.943333813008 73.537620692687,19.943342781581 73.537619593943,19.943351757546 73.537618561470,19.943360740544 73.537617595936,19.943369730193 73.537616698041,19.943378726110 73.537615868477,19.943387727891 73.537615107922,19.943396735118 73.537614417042,19.943405747366 73.537613796463,19.943414764194 73.537613246836,19.943423785137 73.537612768810,19.943432809725 73.537612363017,19.943441837478 73.537612030065,19.943450867893 73.537611770540,19.943459900461 73.537611585006,19.943468934661 73.537611474001,19.943477969954 73.537611438038,19.943487005792 73.537611477603,19.943496041617 73.537611593155,19.943505076859 73.537611786767,19.943514110904 73.537612067114,19.943523142906 73.537612445609,19.943532171697 73.537612935146,19.943541195699 73.537613548600,19.943550212913 73.537614299173,19.943559220832 73.537615201114,19.943568216306 73.537616268992,19.943577195505 73.537617517043,19.943586153880 73.537618961078,19.943595085855 73.537620618843,19.943603984552 73.537622510620,19.943612841369 73.537624665516,19.943621644190 73.537627113484,19.943630378138 73.537629891974,19.943639023050 73.537633064474,19.943647545521 73.537636709861,19.943655896692 73.537640947747,19.943663992599 73.537646036758,19.943671632796 73.537652172089,19.943678555044 73.537658807533,19.943685055927 73.537665697349,19.943691316441 73.537672753809,19.943697408979 73.537679915110,19.943703391294 73.537687143974,19.943709300564 73.537694417598,19.943715160544 73.537701714168,19.943720994941 73.537709016916,19.943726822463 73.537716314546,19.943732655691 73.537723603810,19.943738498270 73.537730885101,19.943744349737 73.537738158543,19.943750209917 73.537745424272,19.943756078645 73.537752682422,19.943761955751 73.537759933134,19.943767841072 73.537767176528,19.943773734428 73.537774412753,19.943779635662 73.537781641940,19.943785544602 73.537788864231,19.943791461081 73.537796079764,19.943797384932 73.537803288679,19.943803315982 73.537810491112,19.943809254062 73.537817687213,19.943815199011 73.537824877122,19.943821150665 73.537832060974,19.943827108850 73.537839238906,19.943833073392 73.537846411090,19.943839044149 73.537853577645,19.943845020931 73.537860738725,19.943851003576 73.537867894480,19.943856991918 73.537875045057,19.943862985788 73.537882190606,19.943868985018 73.537889331281,19.943874989436 73.537896467237,19.943880998869 73.537903598623,19.943887013151 73.537910725587,19.943893032117 73.537917848279,19.943899055605 73.537924966850,19.943905083447 73.537932081451,19.943911115480 73.537939192234,19.943917151538 73.537946299353,19.943923191453 73.537953402961,19.943929235061 73.537960503216,19.943935282194 73.537967600275,19.943941332687 73.537974694291,19.943947386368 73.537981785424,19.943953443070 73.537988873831,19.943959502624 73.537995959674,19.943965564861 73.538003043112,19.943971629610 73.538010124306,19.943977696700 73.538017203421,19.943983765962 73.538024280618,19.943989837223 73.538031356062,19.943995910310 73.538038429916,19.944001985051 73.538045502350,19.944008061272 73.538052573529,19.944014138799 73.538059643620,19.944020217458 73.538066712804,19.944026297059 73.538073781266,19.944032377413 73.538080849164,19.944038458351 73.538087916661,19.944044539707 73.538094983916,19.944050621315 73.538102051091,19.944056703004 73.538109118349,19.944062784607 73.538116185854,19.944068865954 73.538123253769,19.944074946873 73.538130322260,19.944081027194 73.538137391493,19.944087106745 73.538144461633,19.944093185351 73.538151532848,19.944099262839 73.538158605305,19.944105339033 73.538165679174,19.944111413758 73.538172754624,19.944117486837 73.538179831824,19.944123558091 73.538186910945,19.944129627341 73.538193992160,19.944135694408 73.538201075639,19.944141759110 73.538208161557,19.944147821265 73.538215250086,19.944153880690 73.538222341400,19.944159937199 73.538229435676,19.944165990608 73.538236533091,19.944172040733 73.538243633819,19.944178087382 73.538250738035,19.944184130365 73.538257845918,19.944190169492 73.538264957645,19.944196204571 73.538272073396,19.944202235409 73.538279193348,19.944208261811 73.538286317683,19.944214283579 73.538293446581,19.944220300519 73.538300580223,19.944226312431 73.538307718791,19.944232319114 73.538314862465,19.944238320365 73.538322011428,19.944244315980 73.538329165865,19.944250305757 73.538336325957,19.944256289487 73.538343491889,19.944262266960 73.538350663844,19.944268237969 73.538357842009,19.944274202301 73.538365026569,19.944280159744 73.538372217710,19.944286110082 73.538379415611,19.944292053106 73.538386620443,19.944297988616 73.538393832377,19.944303916408 73.538401051584,19.944309836278 73.538408278236,19.944315748021 73.538415512503,19.944321651427 73.538422754560,19.944327546290 73.538430004579,19.944333432396 73.538437262731,19.944339309534 73.538444529188,19.944345177487 73.538451804124,19.944351036038 73.538459087711,19.944356884971 73.538466380124,19.944362724063 73.538473681533,19.944368553091 73.538480992112,19.944374371831 73.538488312036,19.944380180058 73.538495641477,19.944385977542 73.538502980609,19.944391764053 73.538510329606,19.944397539361 73.538517688641,19.944403303229 73.538525057886,19.944409055420 73.538532437513,19.944414795695 73.538539827697,19.944420523815 73.538547228605,19.944426239533 73.538554640415,19.944431942607 73.538562063300,19.944437632790 73.538569497431,19.944443309834 73.538576942980,19.944448973487 73.538584400113,19.944454623490 73.538591868995,19.944460259583 73.538599349808,19.944465881516 73.538606842714,19.944471489024 73.538614347893,19.944477081851 73.538621865509,19.944482659728 73.538629395728,19.944488222387 73.538636938719,19.944493769557 73.538644494643,19.944499300964 73.538652063654,19.944504816324 73.538659645931,19.944510315371 73.538667241638,19.944515797824 73.538674850935,19.944521263400 73.538682473953,19.944526711856 73.538690110821,19.944532142947 73.538697761683,19.944537556399 73.538705426688,19.944542951934 73.538713105974,19.944548329271 73.538720799690,19.944553688132 73.538728507978,19.944559028234 73.538736230977,19.944564349291 73.538743968830,19.944569651018 73.538751721677,19.944574933130 73.538759489643,19.944580195326 73.538767272875,19.944585437323 73.538775071500,19.944590658822 73.538782885648,19.944595859527 73.538790715444,19.944601039142 73.538798561012,19.944606197375 73.538806422471,19.944611333929 73.538814299940,19.944616448505 73.538822193534,19.944621540802 73.538830103366,19.944626610520 73.538838029543,19.944631657351 73.538845972194,19.944636681005 73.538853931391,19.944641681154 73.538861907257,19.944646657502 73.538869899888,19.944651609742 73.538877909380,19.944656537565 73.538885935820,19.944661440662 73.538893979301,19.944666318725 73.538902039892,19.944671171436 73.538910117710,19.944675998504 73.538918212823,19.944680799610 73.538926325286,19.944685574432 73.538934455185,19.944690322662 73.538942602645,19.944695043900 73.538950767814,19.944699737701 73.538958950577,19.944704404029 73.538967150760,19.944709042925 73.538975368156,19.944713654500 73.538983602521,19.944718238927 73.538991853543,19.944722796502 73.539000120699,19.944727327865 73.539008403553,19.944731833520 73.539016701700,19.944736313945 73.539025014738,19.944740769625 73.539033342265,19.944745201049 73.539041683883,19.944749608708 73.539050039206,19.944753993092 73.539058407840,19.944758354706 73.539066789399,19.944762694070 73.539075183498,19.944767011699 73.539083589770,19.944771308117 73.539092007833,19.944775583839 73.539100437322,19.944779839383 73.539108877877,19.944784075268 73.539117329144,19.944788292010 73.539125790773,19.944792490126 73.539134262428,19.944796670130 73.539142743770,19.944800832534 73.539151234469,19.944804977854 73.539159735271,19.944809104620 73.539168248563,19.944813208298 73.539176777022,19.944817283705 73.539185323358,19.944821325476 73.539193890475,19.944825327708 73.539202481171,19.944829284479 73.539211098302,19.944833189500 73.539219744984,19.944837035661 73.539228424752,19.944840814578 73.539237141012,19.944844517604 73.539245896515,19.944848136876 73.539254694331,19.944851663208 73.539263537897,19.944855085652 73.539272431108,19.944858391015 73.539281379475,19.944861560329 73.539290567878,19.944863999882 73.539300078481,19.944864728017 73.539309605706,19.944864105583 73.539319038228,19.944862671238 73.539328371191,19.944860736385</coordinates></LineString><LineString><coordinates>73.540020804755,19.944712480741 73.540029961298,19.944709888869 73.540039117926,19.944707297270 73.540048274648,19.944704705967 73.540057431469,19.944702114981 73.540066588400,19.944699524335 73.540075745444,19.944696934052 73.540084902609,19.944694344154 73.540094059904,19.944691754664 73.540103217333,19.944689165603 73.540112374906,19.944686576993 73.540121532627,19.944683988858 73.540130690505,19.944681401217 73.540139848545,19.944678814093 73.540149006755,19.944676227508 73.540158165142,19.944673641483 73.540167323712,19.944671056040 73.540176482471,19.944668471198 73.540185641427,19.944665886980 73.540194800585,19.944663303407 73.540203959953,19.944660720498 73.540213119536,19.944658138275 73.540222279340,19.944655556757 73.540231439373,19.944652975966 73.540240599641,19.944650395921 73.540249760149,19.944647816641 73.540258920903,19.944645238147 73.540268081910,19.944642660458 73.540277243176,19.944640083594 73.540286404706,19.944637507573 73.540295566536,19.944634932481 73.540304729057,19.944632359583 73.540313892971,19.944629791120 73.540323058980,19.944627229357 73.540332227783,19.944624676550 73.540341400070,19.944622134955 73.540350576518,19.944619606828 73.540359757795,19.944617094426 73.540368944556,19.944614600016 73.540378137445,19.944612125872 73.540387337087,19.944609674277 73.540396544095,19.944607247531 73.540405759061,19.944604847950 73.540414982562,19.944602477866 73.540424215150,19.944600139637 73.540433457358,19.944597835640 73.540442709693,19.944595568280 73.540451972637,19.944593339988 73.540461246642,19.944591153227 73.540470532133,19.944589010489 73.540479829498,19.944586914301 73.540489139092,19.944584867224 73.540498461232,19.944582871854 73.540507796194,19.944580930827 73.540517144208,19.944579046814 73.540526505461,19.944577222528 73.540535880085,19.944575460719 73.540545268162,19.944573764178 73.540554669713,19.944572135736 73.540564084699,19.944570578262 73.540573513017,19.944569094663 73.540582954491,19.944567687884 73.540592408872,19.944566360903 73.540601875834,19.944565116733 73.540611354967,19.944563958415 73.540620845774,19.944562889018 73.540630347335,19.944561911666 73.540639859615,19.944561029399 73.540649381509,19.944560245372 73.540658912126,19.944559562712 73.540668450465,19.944558984546 73.540677995413,19.944558513991 73.540687545741,19.944558154147 73.540697100100,19.944557908089 73.540706657019,19.944557778855 73.540716214905,19.944557769436 73.540725772039,19.944557882765 73.540735326579,19.944558121702 73.540744876559,19.944558489027 73.540754419904,19.944558987366 73.540763954555,19.944559617197 73.540773478671,19.944560376335 73.540782990524,19.944561262379 73.540792488493,19.944562272883 73.540801971062,19.944563405370 73.540811436820,19.944564657337 73.540820884454,19.944566026266 73.540830312753,19.944567509628 73.540839720602,19.944569104890 73.540849106976,19.944570809526 73.540858470944,19.944572621017 73.540867811660,19.944574536858 73.540877128361,19.944576554564 73.540886420364,19.944578671672 73.540895687062,19.944580885747 73.540904927919,19.944583194383 73.540914142472,19.944585595208 73.540923330318,19.944588085882 73.540932491118,19.944590664106 73.540941624594,19.944593327617 73.540950730518,19.944596074192 73.540959808718,19.944598901651 73.540968859069,19.944601807855 73.540977881492,19.944604790707 73.540986875950,19.944607848152 73.540995842449,19.944610978179 73.541004781031,19.944614178819 73.541013691772,19.944617448147 73.541022574784,19.944620784279 73.541031430207,19.944624185371 73.541040258211,19.944627649623 73.541049058995,19.944631175273 73.541057832779,19.944634760600 73.541066579809,19.944638403921 73.541075300354,19.944642103590 73.541083994701,19.944645857998 73.541092663157,19.944649665573 73.541101306049,19.944653524775 73.541109923717,19.944657434099 73.541118516521,19.944661392072 73.541127084834,19.944665397252 73.541135629043,19.944669448227 73.541144149548,19.944673543611 73.541152646521,19.944677681930 73.541161120835,19.944681862071 73.541169572719,19.944686082626 73.541178002622,19.944690342314 73.541186411002,19.944694639872 73.541194798317,19.944698974053 73.541203165074,19.944703343618 73.541211511944,19.944707747065 73.541219839719,19.944712182726 73.541228149224,19.944716648919 73.541236441319,19.944721143956 73.541244716890,19.944725666140 73.541252976855,19.944730213768 73.541261222156,19.944734785130 73.541269453762,19.944739378509 73.541277672665,19.944743992183 73.541285879881,19.944748624425 73.541294076443,19.944753273504 73.541302263408,19.944757937681 73.541310441846,19.944762615215 73.541318612845,19.944767304359 73.541326777507,19.944772003363 73.541334936946,19.944776710471 73.541343092289,19.944781423924 73.541351244668,19.944786141957 73.541359395228,19.944790862800 73.541367545115,19.944795584680 73.541375695481,19.944800305819 73.541383847482,19.944805024434 73.541392002272,19.944809738734 73.541400161006,19.944814446928 73.541408324834,19.944819147216 73.541416494905,19.944823837794 73.541424672357,19.944828516853 73.541432858323,19.944833182578 73.541441053934,19.944837833156 73.541449260299,19.944842466761 73.541457478299,19.944847081888 73.541465707953,19.944851678409 73.541473949052,19.944856256558 73.541482201390,19.944860816568 73.541490464763,19.944865358676 73.541498738966,19.944869883120 73.541507023796,19.944874390140 73.541515319053,19.944878879979 73.541523624536,19.944883352881 73.541531940048,19.944887809091 73.541540265391,19.944892248857 73.541548600369,19.944896672427 73.541556944790,19.944901080052 73.541565298459,19.944905471983 73.541573661186,19.944909848474 73.541582032780,19.944914209779 73.541590413053,19.944918556155 73.541598801819,19.944922887857 73.541607198890,19.944927205145 73.541615604083,19.944931508277 73.541624017216,19.944935797515 73.541632438106,19.944940073118 73.541640866573,19.944944335350 73.541649302439,19.944948584473 73.541657745526,19.944952820753 73.541666195658,19.944957044452 73.541674652661,19.944961255837 73.541683116361,19.944965455175 73.541691586587,19.944969642731 73.541700063167,19.944973818773 73.541708545933,19.944977983570 73.541717034716,19.944982137389 73.541725529350,19.944986280499 73.541734029668,19.944990413170 73.541742535507,19.944994535671 73.541751046704,19.944998648273 73.541759563097,19.945002751245 73.541768084526,19.945006844857 73.541776610830,19.945010929382 73.541785141851,19.945015005088 73.541793677433,19.945019072248 73.541802217420,19.945023131131 73.541810761656,19.945027182010 73.541819309987,19.945031225155 73.541827862262,19.945035260837 73.541836418327,19.945039289326 73.541844978033,19.945043310895 73.541853541230,19.945047325813 73.541862107768,19.945051334351 73.541870677501,19.945055336779 73.541879250281,19.945059333367 73.541887825963,19.945063324386 73.541896404400,19.945067310104 73.541904985450,19.945071290790 73.541913568969,19.945075266714 73.541922154814,19.945079238143 73.541930742844,19.945083205347 73.541939332917,19.945087168592 73.541947924894,19.945091128145 73.541956518635,19.945095084273 73.541965114002,19.945099037243 73.541973710855,19.945102987319 73.541982309059,19.945106934767 73.541990908475,19.945110879850 73.541999508969,19.945114822834 73.542008110404,19.945118763980 73.542016712656,19.945122703555 73.542025315584,19.945126641820 73.542033918988,19.945130579158 73.542042522013,19.945134517233 73.542051123433,19.945138458445 73.542059722011,19.945142405200 73.542068316506,19.945146359900 73.542076905670,19.945150324943 73.542085488244,19.945154302729 73.542094062953,19.945158295653 73.542102628504,19.945162306117 73.542111183582,19.945166336520 73.542119726848,19.945170389268 73.542128256932,19.945174466769 73.542136772434,19.945178571436 73.542145271916,19.945182705686 73.542153753902,19.945186871943 73.542162216872,19.945191072637 73.542170659260,19.945195310203 73.542179079449,19.945199587080 73.542187475769,19.945203905715 73.542195846492,19.945208268555 73.542204189826,19.945212678055 73.542212503920,19.945217136667 73.542220786848,19.945221646846 73.542229036616,19.945226211044 73.542237251155,19.945230831708 73.542245428315,19.945235511278 73.542253565865,19.945240252182 73.542261661490,19.945245056834 73.542269712789,19.945249927627 73.542277717269,19.945254866933 73.542285672347,19.945259877090 73.542293575347,19.945264960403 73.542301423498,19.945270119133 73.542309213935,19.945275355491 73.542316943701,19.945280671631 73.542324609741,19.945286069640 73.542332208914,19.945291551530 73.542339737990,19.945297119230 73.542347193662,19.945302774581 73.542354572523,19.945308519302 73.542361871768,19.945314354266 73.542369091235,19.945320277317 73.542376231547,19.945326285559 73.542383293458,19.945332376097 73.542390277851,19.945338546051 73.542397185727,19.945344792561 73.542404018203,19.945351112793 73.542410776499,19.945357503948 73.542417461935,19.945363963264 73.542424075923,19.945370488023 73.542430619959,19.945377075553 73.542437095615,19.945383723235 73.542443504534,19.945390428501 73.542449848425,19.945397188839 73.542456129054,19.945404001794 73.542462348237,19.945410864969 73.542468507838,19.945417776027 73.542474609764,19.945424732687 73.542480655955,19.945431732728 73.542486648385,19.945438773987 73.542492589054,19.945445854360 73.542498479987,19.945452971796 73.542504323229,19.945460124301 73.542510120840,19.945467309935 73.542515874898,19.945474526808 73.542521587487,19.945481773081 73.542527260705,19.945489046962 73.542532896653,19.945496346706 73.542538497440,19.945503670612 73.542544065176,19.945511017019 73.542549601976,19.945518384306 73.542555109953,19.945525770888 73.542560591221,19.945533175218 73.542566047893,19.945540595776 73.542571482080,19.945548031077 73.542576895891,19.945555479659 73.542582291433,19.945562940087 73.542587670808,19.945570410949 73.542593036117,19.945577890853 73.542598389455,19.945585378425 73.542603732917,19.945592872304 73.542609068591,19.945600371145 73.542614398565,19.945607873613 73.542619724919,19.945615378380 73.542625049734,19.945622884126 73.542630375087,19.945630389532 73.542635703050,19.945637893284 73.542641035693,19.945645394063 73.542646375085,19.945652890549 73.542651723352,19.945660381504 73.542657082425,19.945667865409 73.542662454433,19.945675341017 73.542667841432,19.945682806973 73.542673245476,19.945690261905 73.542678668618,19.945697704426 73.542684112904,19.945705133130 73.542689580379,19.945712546589 73.542695073083,19.945719943353 73.542700593052,19.945727321944 73.542706142315,19.945734680860 73.542711722898,19.945742018566 73.542717336815,19.945749333497 73.542722986077,19.945756624055 73.542728672680,19.945763888607 73.542734398612,19.945771125479 73.542740165847,19.945778332963 73.542745976344,19.945785509307 73.542751832045,19.945792652719 73.542757734873,19.945799761363 73.542763686707,19.945806833371 73.542769688305,19.945813867674 73.542775738715,19.945820864486 73.542781836843,19.945827824158 73.542787981597,19.945834747063 73.542794171886,19.945841633598 73.542800406622,19.945848484187 73.542806684722,19.945855299271 73.542813005107,19.945862079318 73.542819366703,19.945868824814 73.542825768441,19.945875536265 73.542832209260,19.945882214199 73.542838688104,19.945888859161 73.542845203926,19.945895471713 73.542851755686,19.945902052438 73.542858342351,19.945908601932 73.542864962899,19.945915120807 73.542871616313,19.945921609694 73.542878301587,19.945928069233 73.542885017724,19.945934500081 73.542891763735,19.945940902909 73.542898538641,19.945947278398 73.542905341473,19.945953627243 73.542912171270,19.945959950149 73.542919027080,19.945966247831 73.542925907961,19.945972521018 73.542932812980,19.945978770443 73.542939741213,19.945984996854 73.542946691745,19.945991201003 73.542953663669,19.945997383653 73.542960656088,19.946003545573 73.542967668111,19.946009687541 73.542974698856,19.946015810341 73.542981747452,19.946021914764 73.542988813030,19.946028001607 73.542995894733,19.946034071671 73.543002991708,19.946040125766 73.543010103111,19.946046164705 73.543017228101,19.946052189307 73.543024365847,19.946058200393 73.543031515523,19.946064198793 73.543038676306,19.946070185338 73.543045847376,19.946076160861 73.543053028004,19.946082126112 73.543060218259,19.946088080987 73.543067418652,19.946094024896 73.543074629702,19.946099957243 73.543081851919,19.946105877430 73.543089085814,19.946111784853 73.543096331896,19.946117678910 73.543103590663,19.946123558990 73.543110862616,19.946129424484 73.543118148251,19.946135274776 73.543125448058,19.946141109251 73.543132762523,19.946146927286 73.543140092129,19.946152728259 73.543147437351,19.946158511542 73.543154798661,19.946164276504 73.543162176526,19.946170022512 73.543169571406,19.946175748929 73.543176983755,19.946181455113 73.543184414022,19.946187140422 73.543191862648,19.946192804208 73.543199330069,19.946198445821 73.543206816712,19.946204064607 73.543214322997,19.946209659909 73.543221849338,19.946215231069 73.543229396139,19.946220777423 73.543236963798,19.946226298305 73.543244552702,19.946231793049 73.543252163230,19.946237260982 73.543259795753,19.946242701432 73.543267450631,19.946248113724 73.543275128214,19.946253497178 73.543282828845,19.946258851117 73.543290552851,19.946264174859 73.543298300554,19.946269467721 73.543306072262,19.946274729018 73.543313868270,19.946279958067 73.543321688866,19.946285154181 73.543329534321,19.946290316674 73.543337404896,19.946295444860 73.543345300841,19.946300538053 73.543353222390,19.946305595567 73.543361169765,19.946310616717 73.543369143176,19.946315600820 73.543377142816,19.946320547194 73.543385168867,19.946325455159 73.543393221496,19.946330324038 73.543401300853,19.946335153155 73.543409407077,19.946339941840 73.543417540290,19.946344689425 73.543425700599,19.946349395246 73.543433888121,19.946354058660 73.543442102918,19.946358679003 73.543450345041,19.946363255624 73.543458614535,19.946367787879 73.543466911418,19.946372275153 73.543475235675,19.946376716863 73.543483587286,19.946381112419 73.543491966231,19.946385461214 73.543500372485,19.946389762623 73.543508806024,19.946394016009 73.543517266818,19.946398220716 73.543525754836,19.946402376073 73.543534270042,19.946406481392 73.543542812396,19.946410535967 73.543551381852,19.946414539076 73.543559978361,19.946418489982 73.543568601868,19.946422387926 73.543577252309,19.946426232136 73.543585929615,19.946430021819 73.543594633711,19.946433756166 73.543603364513,19.946437434349 73.543612121926,19.946441055522 73.543620905849,19.946444618821 73.543629716169,19.946448123363 73.543638552764,19.946451568247 73.543647415499,19.946454952552 73.543656304229,19.946458275341 73.543665218793,19.946461535654 73.543674159021,19.946464732518 73.543683124725,19.946467864937 73.543692115703,19.946470931896 73.543701131737,19.946473932364 73.543710172591,19.946476865290 73.543719238013,19.946479729605 73.543728327730,19.946482524223 73.543737441452,19.946485248037 73.543746578866,19.946487899925 73.543755739637,19.946490478748 73.543764923409,19.946492983350 73.543774129802,19.946495412557 73.543783358409,19.946497765181 73.543792608799,19.946500040019 73.543801880514,19.946502235854 73.543811172691,19.946504351369 73.543820485551,19.946506385490 73.543829818188,19.946508336877 73.543839170024,19.946510204263 73.543848540448,19.946511986372 73.543857928818,19.946513681922 73.543867334454,19.946515289621 73.543876756642,19.946516808173 73.543886194633,19.946518236278 73.543895647637,19.946519572635 73.543905114828,19.946520815942 73.543914595340,19.946521964897 73.543924088265,19.946523018206 73.543933592657,19.946523974577 73.543943107527,19.946524832728 73.543952631843,19.946525591388 73.543962164532,19.946526249299 73.543971704478,19.946526805219 73.543981250522,19.946527257924 73.543990801469,19.946527606214 73.544000356069,19.946527848911 73.544009913032,19.946527984864 73.544019471030,19.946528012955 73.544029028692,19.946527932213 73.544038584715,19.946527746027 73.544048138099,19.946527463357 73.544057688162,19.946527093540 73.544067234507,19.946526645899 73.544076776989,19.946526129734 73.544086315685,19.946525554312</coordinates></LineString><LineString><coordinates>73.549612587684,19.947903024755,640.035900000483 73.550707911165,19.948167049965,640.035899999552</coordinates></LineString><LineString><coordinates>73.549095569834,19.947593589886,640.035899999552 73.549612587684,19.947903024755,640.035900000483</coordinates></LineString><LineString><coordinates>73.548586139769,19.947264112497,640.035899999552 73.549095569834,19.947593589886,640.035899999552</coordinates></LineString><LineString><coordinates>73.548018393552,19.946268165591,640.035899999552 73.548159914162,19.946413544950,640.035899999552</coordinates></LineString><LineString><coordinates>73.549612587684,19.947903024755,640.035900000483 73.549095569834,19.947593589886,640.035899999552</coordinates></LineString><LineString><coordinates>73.550707911165,19.948167049965,640.035899999552 73.549612587684,19.947903024755,640.035900000483</coordinates></LineString><LineString><coordinates>73.550707911165,19.948167049965 73.550716990623,19.948169542849 73.550725876493,19.948172596408 73.550734530101,19.948176197354 73.550742913784,19.948180330013 73.550750991051,19.948184976399 73.550758726749,19.948190116288 73.550766087208,19.948195727311 73.550773040392,19.948201785045 73.550779556039,19.948208263125 73.550785605789,19.948215133356 73.550791163313,19.948222365837 73.550796204421,19.948229929087 73.550800707173,19.948237790191 73.550804651971,19.948245914932 73.550808021645,19.948254267950 73.550810801529,19.948262812887 73.550812979525,19.948271512554 73.550814546151,19.948280329086 73.550815494591,19.948289224111 73.550815820715,19.948298158913 73.550815523104,19.948307094605 73.550814603054,19.948315992295 73.550813064568,19.948324813257 73.550810914343,19.948333519099 73.550808161737,19.948342071930 73.550804818731,19.948350434523 73.550800899874,19.948358570483 73.550796422223,19.948366444397 73.550791405266,19.948374021997 73.550785870839,19.948381270300 73.550779843030,19.948388157759 73.550773348074,19.948394654399 73.550766414240,19.948400731941 73.550759071707,19.948406363936 73.550751352432,19.948411525869 73.550743290012,19.948416195274</coordinates></LineString><LineString><coordinates>73.546804394824,19.945563956921 73.547178269272,19.946027115717</coordinates></LineString><LineString><coordinates>73.546804394824,19.945563956921 73.546513512038,19.945262377234 73.546356237441,19.945093373459 73.546349237785,19.945086602859 73.546341527184,19.945080562213 73.546333190338,19.945075317875 73.546324318824,19.945070927454 73.546315010092,19.945067439175 73.546305366394,19.945064891356 73.546295493663,19.945063311984 73.546285500347,19.945062718408 73.546275496219,19.945063117148 73.546265591171,19.945064503824</coordinates></LineString><LineString><coordinates>73.546009935559,19.945148145416 73.546265591171,19.945064503824</coordinates></LineString><LineString><coordinates>73.540693391042,19.943847951624 73.541164481717,19.944011859557 73.541603927950,19.944152574420 73.541930330319,19.944257078751 73.542042647145,19.944293039091 73.542340579081,19.944400356128</coordinates></LineString><LineString><coordinates>73.540693391042,19.943847951624 73.540683892998,19.943848838851 73.540674394953,19.943849726078 73.540664896909,19.943850613304 73.540655398865,19.943851500529 73.540645900820,19.943852387754 73.540636402776,19.943853274979 73.540626904731,19.943854162203 73.540617406686,19.943855049426 73.540607908642,19.943855936649 73.540598410597,19.943856823871 73.540588912552,19.943857711093 73.540579414507,19.943858598315 73.540569916462,19.943859485535 73.540560418417,19.943860372756 73.540550920372,19.943861259976 73.540541422326,19.943862147195 73.540531924281,19.943863034414 73.540522426236,19.943863921632 73.540512928190,19.943864808850 73.540503430145,19.943865696067 73.540493932099,19.943866583284 73.540484434053,19.943867470500 73.540474936008,19.943868357715 73.540465437962,19.943869244931 73.540455939916,19.943870132145 73.540446441870,19.943871019364 73.540436943825,19.943871906584 73.540427445780,19.943872793804 73.540417947734,19.943873681023 73.540408449688,19.943874568241 73.540398951643,19.943875455459 73.540389453597,19.943876342676 73.540379955551,19.943877229893 73.540370457505,19.943878117109 73.540360959459,19.943879004325 73.540351461414,19.943879891541 73.540341963367,19.943880778755 73.540332465321,19.943881665970 73.540322967275,19.943882553183 73.540313469229,19.943883440397 73.540303971182,19.943884327609 73.540294473136,19.943885214821 73.540284975089,19.943886102033 73.540275477043,19.943886989244 73.540265978996,19.943887876455 73.540256480950,19.943888763665 73.540246982903,19.943889650875 73.540237484856,19.943890538084 73.540227986809,19.943891425293 73.540218488762,19.943892312501 73.540208990715,19.943893199708 73.540199492668,19.943894086915 73.540191133684,19.943898323624 73.540182869092,19.943902837902 73.540174604500,19.943907352179 73.540166339907,19.943911866457 73.540158075314,19.943916380733 73.540149810721,19.943920895010 73.540141546127,19.943925409285 73.540133281533,19.943929923561 73.540125016938,19.943934437836 73.540116752343,19.943938952111 73.540108487747,19.943943466385 73.540100223151,19.943947980659 73.540091958554,19.943952494932 73.540083693957,19.943957009205 73.540075429359,19.943961523478 73.540067164761,19.943966037750 73.540058900163,19.943970552021 73.540050635564,19.943975066293 73.540042370965,19.943979580564 73.540034106365,19.943984094834 73.540025841765,19.943988609104 73.540017577164,19.943993123374 73.540009312563,19.943997637643 73.540001047961,19.944002151912 73.539992783359,19.944006666180 73.539984518757,19.944011180448 73.539976254154,19.944015694716 73.539967989551,19.944020208983 73.539959724947,19.944024723250 73.539951460342,19.944029237516 73.539943195738,19.944033751782 73.539934931132,19.944038266047 73.539926666527,19.944042780312 73.539918401921,19.944047294577 73.539910137314,19.944051808841 73.539901094635,19.944053352744 73.539891557307,19.944053008278 73.539882019979,19.944052663811 73.539872482651,19.944052319344 73.539862945323,19.944051974877 73.539853407996,19.944051630409 73.539843870668,19.944051285940 73.539834333340,19.944050941471 73.539824796013,19.944050597002 73.539815258685,19.944050252532 73.539805721358,19.944049908061 73.539796184031,19.944049563590 73.539786646703,19.944049219118 73.539777109376,19.944048874646 73.539767572049,19.944048530174 73.539758034722,19.944048185700 73.539748497395,19.944047841227 73.539738960068,19.944047496753 73.539729422742,19.944047152278 73.539719885415,19.944046807803 73.539710348088,19.944046463327 73.539700810762,19.944046118851 73.539691273435,19.944045774374 73.539681736109,19.944045429897 73.539672198783,19.944045085419 73.539662661456,19.944044740941 73.539653124130,19.944044396462 73.539643586804,19.944044051983 73.539634049478,19.944043707503 73.539624512152,19.944043363023 73.539614974826,19.944043018542 73.539606109862,19.944040722960 73.539598189000,19.944035687723 73.539590268138,19.944030652486 73.539582347276,19.944025617249 73.539574426415,19.944020582011 73.539566505555,19.944015546773 73.539558584695,19.944010511535 73.539550663836,19.944005476296 73.539542742977,19.944000441058 73.539534822119,19.943995405818 73.539526901261,19.943990370579 73.539518980404,19.943985335339 73.539511059547,19.943980300099 73.539503138691,19.943975264858 73.539495217835,19.943970229617 73.539487296980,19.943965194376 73.539479376125,19.943960159135 73.539471455271,19.943955123893 73.539463534417,19.943950088651 73.539455613564,19.943945053408 73.539447692711,19.943940018166 73.539439771859,19.943934982922 73.539431851007,19.943929947679 73.539423930156,19.943924912435 73.539416009306,19.943919877191 73.539408088456,19.943914841947 73.539400167606,19.943909806702 73.539392246757,19.943904771457 73.539384325909,19.943899736212 73.539376405061,19.943894700966 73.539368484213,19.943889665720 73.539360563366,19.943884630473 73.539352642520,19.943879595227 73.539344721674,19.943874559980 73.539336800828,19.943869524732 73.539328879983,19.943864489485 73.539320959139,19.943859454237 73.539313271727,19.943854134513 73.539306146556,19.943848129605 73.539299021386,19.943842124697 73.539291896217,19.943836119789 73.539284771048,19.943830114880 73.539277645879,19.943824109972 73.539270520711,19.943818105063 73.539263395544,19.943812100153 73.539256270377,19.943806095244 73.539249145211,19.943800090334 73.539242020045,19.943794085424 73.539234894880,19.943788080514 73.539227769715,19.943782075603 73.539220644551,19.943776070692 73.539213519387,19.943770065781 73.539206394224,19.943764060870 73.539199269062,19.943758055958 73.539192143900,19.943752051046 73.539185018739,19.943746046134 73.539177893578,19.943740041222 73.539170768417,19.943734036309 73.539163643258,19.943728031397 73.539156518098,19.943722026484 73.539149392940,19.943716021570 73.539142267781,19.943710016657 73.539135142624,19.943704011743 73.539128017467,19.943698006829 73.539120892310,19.943692001914 73.539113767154,19.943685996999 73.539106641999,19.943679992085 73.539099516844,19.943673987169 73.539092391690,19.943667982254 73.539085266536,19.943661977338 73.539078141382,19.943655972422 73.539071016230,19.943649967506 73.539063891078,19.943643962590 73.539056722350,19.943638004580 73.539049507017,19.943632096739 73.539042291684,19.943626188897 73.539035076352,19.943620281056 73.539027861021,19.943614373214 73.539020645690,19.943608465371 73.539013430360,19.943602557529 73.539006215030,19.943596649686 73.538998999701,19.943590741843 73.538991784372,19.943584834000 73.538984569044,19.943578926156 73.538977353716,19.943573018312 73.538970138389,19.943567110468 73.538962923063,19.943561202624 73.538955707737,19.943555294779 73.538948492411,19.943549386934 73.538941277086,19.943543479089 73.538934061762,19.943537571244 73.538926846438,19.943531663398 73.538919631115,19.943525755552 73.538912415792,19.943519847706 73.538905200470,19.943513939859 73.538897985148,19.943508032013 73.538890769827,19.943502124165 73.538883554507,19.943496216318 73.538876339187,19.943490308471 73.538869123867,19.943484400623 73.538861908548,19.943478492775 73.538854693230,19.943472584927 73.538847477912,19.943466677078 73.538840262595,19.943460769229 73.538833047278,19.943454861380 73.538825831962,19.943448953531 73.538818616646,19.943443045681 73.538811401331,19.943437137831 73.538804186016,19.943431229981 73.538796970702,19.943425322130 73.538789755389,19.943419414280 73.538782540076,19.943413506429 73.538775324763,19.943407598578 73.538768109451,19.943401690726 73.538760894140,19.943395782874 73.538753678829,19.943389875022 73.538746463519,19.943383967170 73.538739248209,19.943378059317 73.538732032900,19.943372151465 73.538724817591,19.943366243612 73.538717602283,19.943360335758 73.538710386976,19.943354427905 73.538703171669,19.943348520051 73.538695956362,19.943342612197 73.538688700042,19.943336749810 73.538681393062,19.943330943584 73.538674086084,19.943325137357 73.538666779105,19.943319331130 73.538659472127,19.943313524903 73.538652382009,19.943307518529 73.538646515234,19.943300399933 73.538640813078,19.943293162706 73.538635278239,19.943285810241 73.538629913329,19.943278345991 73.538624720875,19.943270773466 73.538619703318,19.943263096229 73.538614863015,19.943255317893 73.538610202238,19.943247442121 73.538605723174,19.943239472621 73.538601427924,19.943231413142 73.538597318506,19.943223267478 73.538593396849,19.943215039460 73.538589664798,19.943206732958 73.538586124112,19.943198351878 73.538582776458,19.943189900161 73.538579623418,19.943181381778 73.538576666481,19.943172800736 73.538573907042,19.943164161070 73.538571346404,19.943155466842 73.538568985772,19.943146722142 73.538566826252,19.943137931085 73.538564868850,19.943129097810 73.538563114464,19.943120226475</coordinates></LineString><LineString><coordinates>73.542965428040,19.944836761367 73.542957713834,19.944831373661 73.542949999629,19.944825985953 73.542942285424,19.944820598246 73.542934571219,19.944815210538 73.542926857015,19.944809822830 73.542919142812,19.944804435122 73.542911428609,19.944799047413 73.542903714407,19.944793659704 73.542896000205,19.944788271995 73.542888286004,19.944782884286 73.542880571803,19.944777496576 73.542872857603,19.944772108866 73.542865143403,19.944766721155 73.542857429204,19.944761333445 73.542849715006,19.944755945733 73.542842000808,19.944750558022 73.542834286610,19.944745170310 73.542826572413,19.944739782598 73.542818858217,19.944734394886 73.542811144021,19.944729007174 73.542803429825,19.944723619461 73.542795715630,19.944718231747 73.542788001436,19.944712844034 73.542780287242,19.944707456320 73.542772573049,19.944702068606 73.542764858856,19.944696680892 73.542757144664,19.944691293177 73.542749430473,19.944685905462 73.542741716282,19.944680517746 73.542734002091,19.944675130031 73.542726287901,19.944669742315 73.542718573711,19.944664354599 73.542710859523,19.944658966882 73.542703145334,19.944653579165 73.542695431146,19.944648191448 73.542687716959,19.944642803731 73.542680002772,19.944637416013 73.542672288586,19.944632028295 73.542664574400,19.944626640576 73.542656860215,19.944621252858 73.542649146030,19.944615865139 73.542641431846,19.944610477419 73.542633717662,19.944605089700 73.542626003479,19.944599701980 73.542618289297,19.944594314259 73.542610575115,19.944588926539 73.542602860933,19.944583538818 73.542595146752,19.944578151097 73.542587432572,19.944572763375 73.542579718392,19.944567375654 73.542572004213,19.944561987932 73.542564290034,19.944556600209 73.542556575856,19.944551212487 73.542548861678,19.944545824764 73.542541147501,19.944540437040 73.542533433324,19.944535049317 73.542525719148,19.944529661593 73.542518004972,19.944524273869 73.542510290797,19.944518886144 73.542502576623,19.944513498419 73.542494862449,19.944508110694 73.542487148275,19.944502722969 73.542479434102,19.944497335243 73.542471719930,19.944491947517 73.542464005758,19.944486559791 73.542456291587,19.944481172064 73.542448577416,19.944475784337 73.542440863246,19.944470396610 73.542433149076,19.944465008882 73.542425434907,19.944459621154 73.542417720738,19.944454233426 73.542410006570,19.944448845698 73.542402292402,19.944443457969 73.542394578235,19.944438070240 73.542386864069,19.944432682510 73.542379149903,19.944427294781 73.542371435737,19.944421907051 73.542363721572,19.944416519320 73.542356007408,19.944411131590 73.542348293244,19.944405743859 73.542340579081,19.944400356128</coordinates></LineString><LineString><coordinates>73.543406812870,19.945296946198 73.543400415970,19.945290276859 73.543394019071,19.945283607521 73.543387622172,19.945276938182 73.543381225274,19.945270268843 73.543374828376,19.945263599503 73.543368431479,19.945256930164 73.543362034583,19.945250260824 73.543355637687,19.945243591484 73.543349240791,19.945236922144 73.543342843896,19.945230252804 73.543336447002,19.945223583463 73.543330050108,19.945216914122 73.543323653215,19.945210244781 73.543317256322,19.945203575440 73.543310859430,19.945196906099 73.543304462538,19.945190236757 73.543298065647,19.945183567416 73.543291668756,19.945176898074 73.543285271866,19.945170228732 73.543278874976,19.945163559389 73.543272478087,19.945156890047 73.543266081199,19.945150220704 73.543259684311,19.945143551361 73.543253287423,19.945136882018 73.543246890536,19.945130212675 73.543240493650,19.945123543331 73.543234096764,19.945116873987 73.543227699879,19.945110204643 73.543221302994,19.945103535299 73.543214906110,19.945096865955 73.543208509226,19.945090196610 73.543202112343,19.945083527265 73.543195715460,19.945076857920 73.543189318578,19.945070188575 73.543182921697,19.945063519230 73.543176524816,19.945056849884 73.543170127935,19.945050180539 73.543163731055,19.945043511193 73.543157334176,19.945036841846 73.543150937297,19.945030172500 73.543144540418,19.945023503153 73.543138143540,19.945016833807 73.543131746663,19.945010164460 73.543125349786,19.945003495113 73.543118952910,19.944996825765 73.543112556034,19.944990156418 73.543106159159,19.944983487070 73.543099762285,19.944976817722 73.543093365410,19.944970148374 73.543086968537,19.944963479025 73.543080571664,19.944956809677 73.543074174791,19.944950140328 73.543067777919,19.944943470979 73.543061381048,19.944936801630 73.543054984177,19.944930132280 73.543048587307,19.944923462931 73.543042190437,19.944916793581 73.543035793567,19.944910124231 73.543029396699,19.944903454881 73.543022999830,19.944896785530 73.543016602963,19.944890116179 73.543010206096,19.944883446829 73.543003809229,19.944876777478 73.542997412363,19.944870108126 73.542991015497,19.944863438775 73.542984618632,19.944856769423 73.542978221768,19.944850100072 73.542971824904,19.944843430720 73.542965428040,19.944836761367</coordinates></LineString><LineString><coordinates>73.543855566725,19.945642923385 73.543848210088,19.945637251636 73.543840853452,19.945631579887 73.543833496817,19.945625908137 73.543826140182,19.945620236388 73.543818783547,19.945614564638 73.543811426913,19.945608892887 73.543804070280,19.945603221137 73.543796713647,19.945597549386 73.543789357015,19.945591877635 73.543782000383,19.945586205884 73.543774643752,19.945580534132 73.543767287121,19.945574862380 73.543759930491,19.945569190628 73.543752573861,19.945563518875 73.543745217232,19.945557847122 73.543737860604,19.945552175369 73.543730503976,19.945546503616 73.543723147348,19.945540831863 73.543715790721,19.945535160109 73.543708434095,19.945529488355 73.543701077469,19.945523816600 73.543693720844,19.945518144845 73.543686364219,19.945512473091 73.543679007594,19.945506801335 73.543671650971,19.945501129580 73.543664294347,19.945495457824 73.543656937725,19.945489786068 73.543649581103,19.945484114312 73.543642224481,19.945478442555 73.543634867860,19.945472770798 73.543627511239,19.945467099041 73.543620154619,19.945461427283 73.543612798000,19.945455755526 73.543605441381,19.945450083768 73.543598084762,19.945444412009 73.543590728144,19.945438740251 73.543583371527,19.945433068492 73.543576014910,19.945427396733 73.543568658294,19.945421724974 73.543561301678,19.945416053214 73.543553945063,19.945410381454 73.543546588448,19.945404709694 73.543539231834,19.945399037933 73.543531875220,19.945393366173 73.543524518607,19.945387694412 73.543517161995,19.945382022650 73.543509805383,19.945376350889 73.543502448771,19.945370679127 73.543495092160,19.945365007365 73.543487735550,19.945359335602 73.543480378940,19.945353663840 73.543473022330,19.945347992077 73.543465665721,19.945342320314 73.543458309113,19.945336648550 73.543450952505,19.945330976786 73.543443595898,19.945325305022 73.543436239291,19.945319633258 73.543428882685,19.945313961493 73.543421526080,19.945308289728 73.543414169474,19.945302617963 73.543406812870,19.945296946198</coordinates></LineString><LineString><coordinates>73.544319466974,19.945874584212 73.544311032412,19.945870372207 73.544302597850,19.945866160201 73.544294163288,19.945861948196 73.544285728727,19.945857736190 73.544277294166,19.945853524183 73.544268859606,19.945849312176 73.544260425046,19.945845100169 73.544251990486,19.945840888162 73.544243555928,19.945836676154 73.544235121369,19.945832464146 73.544226686811,19.945828252137 73.544218252254,19.945824040128 73.544209817697,19.945819828118 73.544201383140,19.945815616109 73.544192948584,19.945811404099 73.544184514029,19.945807192088 73.544176079473,19.945802980077 73.544167644919,19.945798768066 73.544159210364,19.945794556054 73.544150775811,19.945790344042 73.544142341257,19.945786132030 73.544133906705,19.945781920017 73.544125472152,19.945777708004 73.544117037600,19.945773495990 73.544108603049,19.945769283976 73.544100168498,19.945765071962 73.544091733948,19.945760859947 73.544083299398,19.945756647932 73.544074864848,19.945752435917 73.544066430299,19.945748223901 73.544057995751,19.945744011885 73.544049561202,19.945739799869 73.544041126655,19.945735587852 73.544032692108,19.945731375834 73.544024257561,19.945727163817 73.544015823015,19.945722951799 73.544007388469,19.945718739780 73.543998953923,19.945714527761 73.543990519379,19.945710315742 73.543982084834,19.945706103723 73.543973650290,19.945701891703 73.543965215747,19.945697679683 73.543956781204,19.945693467662 73.543948346661,19.945689255641 73.543939912119,19.945685043620 73.543931477578,19.945680831598 73.543923043037,19.945676619576 73.543914608496,19.945672407553 73.543906173956,19.945668195530 73.543897739416,19.945663983507 73.543889304877,19.945659771483 73.543880870338,19.945655559459 73.543872435800,19.945651347435 73.543864001262,19.945647135410 73.543855566725,19.945642923385</coordinates></LineString><LineString><coordinates>73.544736473568,19.945691885341 73.544727785939,19.945695691578 73.544719098311,19.945699497815 73.544710410682,19.945703304051 73.544701723053,19.945707110287 73.544693035423,19.945710916522 73.544684347793,19.945714722757 73.544675660162,19.945718528991 73.544666972532,19.945722335225 73.544658284900,19.945726141459 73.544649597269,19.945729947692 73.544640909637,19.945733753924 73.544632222004,19.945737560156 73.544623534371,19.945741366388 73.544614846738,19.945745172619 73.544606159105,19.945748978850 73.544597471471,19.945752785080 73.544588783836,19.945756591310 73.544580096201,19.945760397540 73.544571408566,19.945764203769 73.544562720931,19.945768009997 73.544554033295,19.945771816225 73.544545345658,19.945775622453 73.544536658021,19.945779428680 73.544527970384,19.945783234907 73.544519282747,19.945787041133 73.544510595109,19.945790847359 73.544501907470,19.945794653584 73.544493219832,19.945798459809 73.544484532193,19.945802266033 73.544475844553,19.945806072257 73.544467156913,19.945809878481 73.544458469273,19.945813684704 73.544449781632,19.945817490927 73.544441093991,19.945821297149 73.544432406350,19.945825103370 73.544423718708,19.945828909592 73.544415031065,19.945832715813 73.544406343423,19.945836522033 73.544397655780,19.945840328253 73.544388968136,19.945844134472 73.544380280492,19.945847940691 73.544371592848,19.945851746910 73.544362905203,19.945855553128 73.544354217558,19.945859359346 73.544345529913,19.945863165563 73.544336842267,19.945866971779 73.544328154621,19.945870777996 73.544319466974,19.945874584212</coordinates></LineString><LineString><coordinates>73.546200889275,19.946079644773 73.546201024019,19.946079781134</coordinates></LineString><LineString><coordinates>73.544582341548,19.946505895326 73.544584085464,19.946505203200</coordinates></LineString><LineString><coordinates>73.540020804755,19.944712480741 73.540029961298,19.944709888869 73.540039117926,19.944707297270 73.540048274648,19.944704705967 73.540057431469,19.944702114981 73.540066588400,19.944699524335 73.540075745444,19.944696934052 73.540084902609,19.944694344154 73.540094059904,19.944691754664 73.540103217333,19.944689165603 73.540112374906,19.944686576993 73.540121532627,19.944683988858 73.540130690505,19.944681401217 73.540139848545,19.944678814093 73.540149006755,19.944676227508 73.540158165142,19.944673641483 73.540167323712,19.944671056040 73.540176482471,19.944668471198 73.540185641427,19.944665886980 73.540194800585,19.944663303407 73.540203959953,19.944660720498 73.540213119536,19.944658138275 73.540222279340,19.944655556757 73.540231439373,19.944652975966 73.540240599641,19.944650395921 73.540249760149,19.944647816641 73.540258920903,19.944645238147 73.540268081910,19.944642660458 73.540277243176,19.944640083594 73.540286404706,19.944637507573 73.540295566536,19.944634932481 73.540304729057,19.944632359583 73.540313892971,19.944629791120 73.540323058980,19.944627229357 73.540332227783,19.944624676550 73.540341400070,19.944622134955 73.540350576518,19.944619606828 73.540359757795,19.944617094426 73.540368944556,19.944614600016 73.540378137445,19.944612125872 73.540387337087,19.944609674277 73.540396544095,19.944607247531 73.540405759061,19.944604847950 73.540414982562,19.944602477866 73.540424215150,19.944600139637 73.540433457358,19.944597835640 73.540442709693,19.944595568280 73.540451972637,19.944593339988 73.540461246642,19.944591153227 73.540470532133,19.944589010489 73.540479829498,19.944586914301 73.540489139092,19.944584867224 73.540498461232,19.944582871854 73.540507796194,19.944580930827 73.540517144208,19.944579046814 73.540526505461,19.944577222528 73.540535880085,19.944575460719 73.540545268162,19.944573764178 73.540554669713,19.944572135736 73.540564084699,19.944570578262 73.540573513017,19.944569094663 73.540582954491,19.944567687884 73.540592408872,19.944566360903 73.540601875834,19.944565116733 73.540611354967,19.944563958415 73.540620845774,19.944562889018 73.540630347335,19.944561911666 73.540639859615,19.944561029399 73.540649381509,19.944560245372 73.540658912126,19.944559562712 73.540668450465,19.944558984546 73.540677995413,19.944558513991 73.540687545741,19.944558154147 73.540697100100,19.944557908089 73.540706657019,19.944557778855 73.540716214905,19.944557769436 73.540725772039,19.944557882765 73.540735326579,19.944558121702 73.540744876559,19.944558489027 73.540754419904,19.944558987366 73.540763954555,19.944559617197 73.540773478671,19.944560376335 73.540782990524,19.944561262379 73.540792488493,19.944562272883 73.540801971062,19.944563405370 73.540811436820,19.944564657337 73.540820884454,19.944566026266 73.540830312753,19.944567509628 73.540839720602,19.944569104890 73.540849106976,19.944570809526 73.540858470944,19.944572621017 73.540867811660,19.944574536858 73.540877128361,19.944576554564 73.540886420364,19.944578671672 73.540895687062,19.944580885747 73.540904927919,19.944583194383 73.540914142472,19.944585595208 73.540923330318,19.944588085882 73.540932491118,19.944590664106 73.540941624594,19.944593327617 73.540950730518,19.944596074192 73.540959808718,19.944598901651 73.540968859069,19.944601807855 73.540977881492,19.944604790707 73.540986875950,19.944607848152 73.540995842449,19.944610978179 73.541004781031,19.944614178819 73.541013691772,19.944617448147 73.541022574784,19.944620784279 73.541031430207,19.944624185371 73.541040258211,19.944627649623 73.541049058995,19.944631175273 73.541057832779,19.944634760600 73.541066579809,19.944638403921 73.541075300354,19.944642103590 73.541083994701,19.944645857998 73.541092663157,19.944649665573 73.541101306049,19.944653524775 73.541109923717,19.944657434099 73.541118516521,19.944661392072 73.541127084834,19.944665397252 73.541135629043,19.944669448227 73.541144149548,19.944673543611 73.541152646521,19.944677681930 73.541161120835,19.944681862071 73.541169572719,19.944686082626 73.541178002622,19.944690342314 73.541186411002,19.944694639872 73.541194798317,19.944698974053 73.541203165074,19.944703343618 73.541211511944,19.944707747065 73.541219839719,19.944712182726 73.541228149224,19.944716648919 73.541236441319,19.944721143956 73.541244716890,19.944725666140 73.541252976855,19.944730213768 73.541261222156,19.944734785130 73.541269453762,19.944739378509 73.541277672665,19.944743992183 73.541285879881,19.944748624425 73.541294076443,19.944753273504 73.541302263408,19.944757937681 73.541310441846,19.944762615215 73.541318612845,19.944767304359 73.541326777507,19.944772003363 73.541334936946,19.944776710471 73.541343092289,19.944781423924 73.541351244668,19.944786141957 73.541359395228,19.944790862800 73.541367545115,19.944795584680 73.541375695481,19.944800305819 73.541383847482,19.944805024434 73.541392002272,19.944809738734 73.541400161006,19.944814446928 73.541408324834,19.944819147216 73.541416494905,19.944823837794 73.541424672357,19.944828516853 73.541432858323,19.944833182578 73.541441053934,19.944837833156 73.541449260299,19.944842466761 73.541457478299,19.944847081888 73.541465707953,19.944851678409 73.541473949052,19.944856256558 73.541482201390,19.944860816568 73.541490464763,19.944865358676 73.541498738966,19.944869883120 73.541507023796,19.944874390140 73.541515319053,19.944878879979 73.541523624536,19.944883352881 73.541531940048,19.944887809091 73.541540265391,19.944892248857 73.541548600369,19.944896672427 73.541556944790,19.944901080052 73.541565298459,19.944905471983 73.541573661186,19.944909848474 73.541582032780,19.944914209779 73.541590413053,19.944918556155 73.541598801819,19.944922887857 73.541607198890,19.944927205145 73.541615604083,19.944931508277 73.541624017216,19.944935797515 73.541632438106,19.944940073118 73.541640866573,19.944944335350 73.541649302439,19.944948584473 73.541657745526,19.944952820753 73.541666195658,19.944957044452 73.541674652661,19.944961255837 73.541683116361,19.944965455175 73.541691586587,19.944969642731 73.541700063167,19.944973818773 73.541708545933,19.944977983570 73.541717034716,19.944982137389 73.541725529350,19.944986280499 73.541734029668,19.944990413170 73.541742535507,19.944994535671 73.541751046704,19.944998648273 73.541759563097,19.945002751245 73.541768084526,19.945006844857 73.541776610830,19.945010929382 73.541785141851,19.945015005088 73.541793677433,19.945019072248 73.541802217420,19.945023131131 73.541810761656,19.945027182010 73.541819309987,19.945031225155 73.541827862262,19.945035260837 73.541836418327,19.945039289326 73.541844978033,19.945043310895 73.541853541230,19.945047325813 73.541862107768,19.945051334351 73.541870677501,19.945055336779 73.541879250281,19.945059333367 73.541887825963,19.945063324386 73.541896404400,19.945067310104 73.541904985450,19.945071290790 73.541913568969,19.945075266714 73.541922154814,19.945079238143 73.541930742844,19.945083205347 73.541939332917,19.945087168592 73.541947924894,19.945091128145 73.541956518635,19.945095084273 73.541965114002,19.945099037243 73.541973710855,19.945102987319 73.541982309059,19.945106934767 73.541990908475,19.945110879850 73.541999508969,19.945114822834 73.542008110404,19.945118763980 73.542016712656,19.945122703555 73.542025315584,19.945126641820 73.542033918988,19.945130579158 73.542042522013,19.945134517233 73.542051123433,19.945138458445 73.542059722011,19.945142405200 73.542068316506,19.945146359900 73.542076905670,19.945150324943 73.542085488244,19.945154302729 73.542094062953,19.945158295653 73.542102628504,19.945162306117 73.542111183582,19.945166336520 73.542119726848,19.945170389268 73.542128256932,19.945174466769 73.542136772434,19.945178571436 73.542145271916,19.945182705686 73.542153753902,19.945186871943 73.542162216872,19.945191072637 73.542170659260,19.945195310203 73.542179079449,19.945199587080 73.542187475769,19.945203905715 73.542195846492,19.945208268555 73.542204189826,19.945212678055 73.542212503920,19.945217136667 73.542220786848,19.945221646846 73.542229036616,19.945226211044 73.542237251155,19.945230831708 73.542245428315,19.945235511278 73.542253565865,19.945240252182 73.542261661490,19.945245056834 73.542269712789,19.945249927627 73.542277717269,19.945254866933 73.542285672347,19.945259877090 73.542293575347,19.945264960403 73.542301423498,19.945270119133 73.542309213935,19.945275355491 73.542316943701,19.945280671631 73.542324609741,19.945286069640 73.542332208914,19.945291551530 73.542339737990,19.945297119230 73.542347193662,19.945302774581 73.542354572523,19.945308519302 73.542361871768,19.945314354266 73.542369091235,19.945320277317 73.542376231547,19.945326285559 73.542383293458,19.945332376097 73.542390277851,19.945338546051 73.542397185727,19.945344792561 73.542404018203,19.945351112793 73.542410776499,19.945357503948 73.542417461935,19.945363963264 73.542424075923,19.945370488023 73.542430619959,19.945377075553 73.542437095615,19.945383723235 73.542443504534,19.945390428501 73.542449848425,19.945397188839 73.542456129054,19.945404001794 73.542462348237,19.945410864969 73.542468507838,19.945417776027 73.542474609764,19.945424732687 73.542480655955,19.945431732728 73.542486648385,19.945438773987 73.542492589054,19.945445854360 73.542498479987,19.945452971796 73.542504323229,19.945460124301 73.542510120840,19.945467309935 73.542515874898,19.945474526808 73.542521587487,19.945481773081 73.542527260705,19.945489046962 73.542532896653,19.945496346706 73.542538497440,19.945503670612 73.542544065176,19.945511017019 73.542549601976,19.945518384306 73.542555109953,19.945525770888 73.542560591221,19.945533175218 73.542566047893,19.945540595776 73.542571482080,19.945548031077 73.542576895891,19.945555479659 73.542582291433,19.945562940087 73.542587670808,19.945570410949 73.542593036117,19.945577890853 73.542598389455,19.945585378425 73.542603732917,19.945592872304 73.542609068591,19.945600371145 73.542614398565,19.945607873613 73.542619724919,19.945615378380 73.542625049734,19.945622884126 73.542630375087,19.945630389532 73.542635703050,19.945637893284 73.542641035693,19.945645394063 73.542646375085,19.945652890549 73.542651723352,19.945660381504 73.542657082425,19.945667865409 73.542662454433,19.945675341017 73.542667841432,19.945682806973 73.542673245476,19.945690261905 73.542678668618,19.945697704426 73.542684112904,19.945705133130 73.542689580379,19.945712546589 73.542695073083,19.945719943353 73.542700593052,19.945727321944 73.542706142315,19.945734680860 73.542711722898,19.945742018566 73.542717336815,19.945749333497 73.542722986077,19.945756624055 73.542728672680,19.945763888607 73.542734398612,19.945771125479 73.542740165847,19.945778332963 73.542745976344,19.945785509307 73.542751832045,19.945792652719 73.542757734873,19.945799761363 73.542763686707,19.945806833371 73.542769688305,19.945813867674 73.542775738715,19.945820864486 73.542781836843,19.945827824158 73.542787981597,19.945834747063 73.542794171886,19.945841633598 73.542800406622,19.945848484187 73.542806684722,19.945855299271 73.542813005107,19.945862079318 73.542819366703,19.945868824814 73.542825768441,19.945875536265 73.542832209260,19.945882214199 73.542838688104,19.945888859161 73.542845203926,19.945895471713 73.542851755686,19.945902052438 73.542858342351,19.945908601932 73.542864962899,19.945915120807 73.542871616313,19.945921609694 73.542878301587,19.945928069233 73.542885017724,19.945934500081 73.542891763735,19.945940902909 73.542898538641,19.945947278398 73.542905341473,19.945953627243 73.542912171270,19.945959950149 73.542919027080,19.945966247831 73.542925907961,19.945972521018 73.542932812980,19.945978770443 73.542939741213,19.945984996854 73.542946691745,19.945991201003 73.542953663669,19.945997383653 73.542960656088,19.946003545573 73.542967668111,19.946009687541 73.542974698856,19.946015810341 73.542981747452,19.946021914764 73.542988813030,19.946028001607 73.542995894733,19.946034071671 73.543002991708,19.946040125766 73.543010103111,19.946046164705 73.543017228101,19.946052189307 73.543024365847,19.946058200393 73.543031515523,19.946064198793 73.543038676306,19.946070185338 73.543045847376,19.946076160861 73.543053028004,19.946082126112 73.543060218259,19.946088080987 73.543067418652,19.946094024896 73.543074629702,19.946099957243 73.543081851919,19.946105877430 73.543089085814,19.946111784853 73.543096331896,19.946117678910 73.543103590663,19.946123558990 73.543110862616,19.946129424484 73.543118148251,19.946135274776 73.543125448058,19.946141109251 73.543132762523,19.946146927286 73.543140092129,19.946152728259 73.543147437351,19.946158511542 73.543154798661,19.946164276504 73.543162176526,19.946170022512 73.543169571406,19.946175748929 73.543176983755,19.946181455113 73.543184414022,19.946187140422 73.543191862648,19.946192804208 73.543199330069,19.946198445821 73.543206816712,19.946204064607 73.543214322997,19.946209659909 73.543221849338,19.946215231069 73.543229396139,19.946220777423 73.543236963798,19.946226298305 73.543244552702,19.946231793049 73.543252163230,19.946237260982 73.543259795753,19.946242701432 73.543267450631,19.946248113724 73.543275128214,19.946253497178 73.543282828845,19.946258851117 73.543290552851,19.946264174859 73.543298300554,19.946269467721 73.543306072262,19.946274729018 73.543313868270,19.946279958067 73.543321688866,19.946285154181 73.543329534321,19.946290316674 73.543337404896,19.946295444860 73.543345300841,19.946300538053 73.543353222390,19.946305595567 73.543361169765,19.946310616717 73.543369143176,19.946315600820 73.543377142816,19.946320547194 73.543385168867,19.946325455159 73.543393221496,19.946330324038 73.543401300853,19.946335153155 73.543409407077,19.946339941840 73.543417540290,19.946344689425 73.543425700599,19.946349395246 73.543433888121,19.946354058660 73.543442102918,19.946358679003 73.543450345041,19.946363255624 73.543458614535,19.946367787879 73.543466911418,19.946372275153 73.543475235675,19.946376716863 73.543483587286,19.946381112419 73.543491966231,19.946385461214 73.543500372485,19.946389762623 73.543508806024,19.946394016009 73.543517266818,19.946398220716 73.543525754836,19.946402376073 73.543534270042,19.946406481392 73.543542812396,19.946410535967 73.543551381852,19.946414539076 73.543559978361,19.946418489982 73.543568601868,19.946422387926 73.543577252309,19.946426232136 73.543585929615,19.946430021819 73.543594633711,19.946433756166 73.543603364513,19.946437434349 73.543612121926,19.946441055522 73.543620905849,19.946444618821 73.543629716169,19.946448123363 73.543638552764,19.946451568247 73.543647415499,19.946454952552 73.543656304229,19.946458275341 73.543665218793,19.946461535654 73.543674159021,19.946464732518 73.543683124725,19.946467864937 73.543692115703,19.946470931896 73.543701131737,19.946473932364 73.543710172591,19.946476865290 73.543719238013,19.946479729605 73.543728327730,19.946482524223 73.543737441452,19.946485248037 73.543746578866,19.946487899925 73.543755739637,19.946490478748 73.543764923409,19.946492983350 73.543774129802,19.946495412557 73.543783358409,19.946497765181 73.543792608799,19.946500040019 73.543801880514,19.946502235854 73.543811172691,19.946504351369 73.543820485551,19.946506385490 73.543829818188,19.946508336877 73.543839170024,19.946510204263 73.543848540448,19.946511986372 73.543857928818,19.946513681922 73.543867334454,19.946515289621 73.543876756642,19.946516808173 73.543886194633,19.946518236278 73.543895647637,19.946519572635 73.543905114828,19.946520815942 73.543914595340,19.946521964897 73.543924088265,19.946523018206 73.543933592657,19.946523974577 73.543943107527,19.946524832728 73.543952631843,19.946525591388 73.543962164532,19.946526249299 73.543971704478,19.946526805219 73.543981250522,19.946527257924 73.543990801469,19.946527606214 73.544000356069,19.946527848911 73.544009913032,19.946527984864 73.544019471030,19.946528012955 73.544029028692,19.946527932213 73.544038584715,19.946527746027 73.544048138099,19.946527463357 73.544057688162,19.946527093540 73.544067234507,19.946526645899 73.544076776989,19.946526129734 73.544086315685,19.946525554312</coordinates></LineString><LineString><coordinates>73.539318308668,19.944862803566 73.539619858065,19.944800854880</coordinates></LineString><LineString><coordinates>73.540020804755,19.944712480741,640.035899999552 73.539619858065,19.944800854880,640.035900000483</coordinates></LineString><LineString><coordinates>73.549612587684,19.947903024755,640.035900000483 73.550707911165,19.948167049965,640.035899999552</coordinates></LineString><LineString><coordinates>73.549095569834,19.947593589886,640.035899999552 73.549612587684,19.947903024755,640.035900000483</coordinates></LineString><LineString><coordinates>73.548586139769,19.947264112497,640.035899999552 73.549095569834,19.947593589886,640.035899999552</coordinates></LineString><LineString><coordinates>73.548018393552,19.946268165591,640.035899999552 73.548159914162,19.946413544950,640.035899999552</coordinates></LineString><LineString><coordinates>73.538691969113,19.943339347458 73.538684243805,19.943333208823 73.538676518499,19.943327070188 73.538668793192,19.943320931552 73.538661067887,19.943314792916 73.538653342582,19.943308654280</coordinates></LineString><LineString><coordinates>73.542965428040,19.944836761367 73.542957713834,19.944831373661 73.542949999629,19.944825985953 73.542942285424,19.944820598246 73.542934571219,19.944815210538 73.542926857015,19.944809822830 73.542919142812,19.944804435122 73.542911428609,19.944799047413 73.542903714407,19.944793659704 73.542896000205,19.944788271995 73.542888286004,19.944782884286 73.542880571803,19.944777496576 73.542872857603,19.944772108866 73.542865143403,19.944766721155 73.542857429204,19.944761333445 73.542849715006,19.944755945733 73.542842000808,19.944750558022 73.542834286610,19.944745170310 73.542826572413,19.944739782598 73.542818858217,19.944734394886 73.542811144021,19.944729007174 73.542803429825,19.944723619461 73.542795715630,19.944718231747 73.542788001436,19.944712844034 73.542780287242,19.944707456320 73.542772573049,19.944702068606 73.542764858856,19.944696680892 73.542757144664,19.944691293177 73.542749430473,19.944685905462 73.542741716282,19.944680517746 73.542734002091,19.944675130031 73.542726287901,19.944669742315 73.542718573711,19.944664354599 73.542710859523,19.944658966882 73.542703145334,19.944653579165 73.542695431146,19.944648191448 73.542687716959,19.944642803731 73.542680002772,19.944637416013 73.542672288586,19.944632028295 73.542664574400,19.944626640576 73.542656860215,19.944621252858 73.542649146030,19.944615865139 73.542641431846,19.944610477419 73.542633717662,19.944605089700 73.542626003479,19.944599701980 73.542618289297,19.944594314259 73.542610575115,19.944588926539 73.542602860933,19.944583538818 73.542595146752,19.944578151097 73.542587432572,19.944572763375 73.542579718392,19.944567375654 73.542572004213,19.944561987932 73.542564290034,19.944556600209 73.542556575856,19.944551212487 73.542548861678,19.944545824764 73.542541147501,19.944540437040 73.542533433324,19.944535049317 73.542525719148,19.944529661593 73.542518004972,19.944524273869 73.542510290797,19.944518886144 73.542502576623,19.944513498419 73.542494862449,19.944508110694 73.542487148275,19.944502722969 73.542479434102,19.944497335243 73.542471719930,19.944491947517 73.542464005758,19.944486559791 73.542456291587,19.944481172064 73.542448577416,19.944475784337 73.542440863246,19.944470396610 73.542433149076,19.944465008882 73.542425434907,19.944459621154 73.542417720738,19.944454233426 73.542410006570,19.944448845698 73.542402292402,19.944443457969 73.542394578235,19.944438070240 73.542386864069,19.944432682510 73.542379149903,19.944427294781 73.542371435737,19.944421907051 73.542363721572,19.944416519320 73.542356007408,19.944411131590 73.542348293244,19.944405743859 73.542340579081,19.944400356128</coordinates></LineString><LineString><coordinates>73.543855566725,19.945642923385 73.543848210088,19.945637251636 73.543840853452,19.945631579887 73.543833496817,19.945625908137 73.543826140182,19.945620236388 73.543818783547,19.945614564638 73.543811426913,19.945608892887 73.543804070280,19.945603221137 73.543796713647,19.945597549386 73.543789357015,19.945591877635 73.543782000383,19.945586205884 73.543774643752,19.945580534132 73.543767287121,19.945574862380 73.543759930491,19.945569190628 73.543752573861,19.945563518875 73.543745217232,19.945557847122 73.543737860604,19.945552175369 73.543730503976,19.945546503616 73.543723147348,19.945540831863 73.543715790721,19.945535160109 73.543708434095,19.945529488355 73.543701077469,19.945523816600 73.543693720844,19.945518144845 73.543686364219,19.945512473091 73.543679007594,19.945506801335 73.543671650971,19.945501129580 73.543664294347,19.945495457824 73.543656937725,19.945489786068 73.543649581103,19.945484114312 73.543642224481,19.945478442555 73.543634867860,19.945472770798 73.543627511239,19.945467099041 73.543620154619,19.945461427283 73.543612798000,19.945455755526 73.543605441381,19.945450083768 73.543598084762,19.945444412009 73.543590728144,19.945438740251 73.543583371527,19.945433068492 73.543576014910,19.945427396733 73.543568658294,19.945421724974 73.543561301678,19.945416053214 73.543553945063,19.945410381454 73.543546588448,19.945404709694 73.543539231834,19.945399037933 73.543531875220,19.945393366173 73.543524518607,19.945387694412 73.543517161995,19.945382022650 73.543509805383,19.945376350889 73.543502448771,19.945370679127 73.543495092160,19.945365007365 73.543487735550,19.945359335602 73.543480378940,19.945353663840 73.543473022330,19.945347992077 73.543465665721,19.945342320314 73.543458309113,19.945336648550 73.543450952505,19.945330976786 73.543443595898,19.945325305022 73.543436239291,19.945319633258 73.543428882685,19.945313961493 73.543421526080,19.945308289728 73.543414169474,19.945302617963 73.543406812870,19.945296946198</coordinates></LineString><LineString><coordinates>73.538694222965,19.942630630762 73.538694683798,19.942630105884 73.538723960478,19.942596864213 73.538950263184,19.942339913733 73.539007051918,19.942269101213 73.539144169547,19.942145965549 73.539260710316,19.942023304256</coordinates></LineString><LineString><coordinates>73.538566223907,19.942886392192 73.538565837617,19.942888217725 73.538565318158,19.942890676220 73.538564786933,19.942893198240 73.538564244892,19.942895783791 73.538563693019,19.942898432880 73.538563132265,19.942901145755 73.538562563769,19.942903922664 73.538561988673,19.942906763616 73.538561408180,19.942909669101 73.538560823527,19.942912639126 73.538560236042,19.942915674183 73.538559647086,19.942918774762 73.538559058152,19.942921940634 73.538558470723,19.942925172770 73.538557886415,19.942928471423 73.538557306815,19.942931836604 73.538556733723,19.942935269287 73.538556450123,19.942937010856 73.538556168853,19.942938769485 73.538555890108,19.942940544937 73.538555614136,19.942942337693 73.538555341162,19.942944147515 73.538555071472,19.942945974405 73.538554805285,19.942947818605 73.538554542887,19.942949680116 73.538554284566,19.942951558702 73.538554030539,19.942953454843 73.538553781094,19.942955368303 73.538553536516,19.942957299322 73.538553297120,19.942959247903 73.538553063164,19.942961213809 73.538552834959,19.942963197522 73.538552612765,19.942965198563 73.538552396958,19.942967217416 73.538552187793,19.942969253842 73.538551985617,19.942971308085 73.538551790751,19.942973379905 73.538551603509,19.942975469547 73.538551424208,19.942977577012 73.538551253200,19.942979702062 73.538551090832,19.942981844941 73.538550937483,19.942984005651 73.538550793443,19.942986183955 73.538550659089,19.942988380095 73.538550534771,19.942990594074 73.538550420903,19.942992825655 73.538550317834,19.942995074841 73.538550225912,19.942997341874 73.538550145520,19.942999626277 73.538550077070,19.943001928293 73.538550020943,19.943004247686 73.538549977488,19.943006584697 73.538549947152,19.943008938850 73.538549930283,19.943011310388 73.538549927358,19.943013699074 73.538549938697,19.943016104671 73.538549964742,19.943018527422 73.538550005698,19.943020957966 73.538550061121,19.943023373736 73.538550130578,19.943025773289 73.538550213721,19.943028156621 73.538550217458,19.943028255548 73.538550310169,19.943030523730 73.538550419543,19.943032874373 73.538550541463,19.943035208547 73.538550675580,19.943037526010 73.538550821512,19.943039827238 73.538550978946,19.943042111510 73.538551147467,19.943044379062 73.538551326726,19.943046630131 73.538551516376,19.943048864235 73.538551716099,19.943051081611 73.538551925547,19.943053282017 73.538552144338,19.943055465690 73.538552372188,19.943057632388 73.538552608715,19.943059782348 73.538552853633,19.943061915568 73.538553106594,19.943064031805 73.538553367314,19.943066131057 73.538553635439,19.943068213801 73.538553910688,19.943070279556 73.538554192744,19.943072328319 73.538554481316,19.943074360567 73.538554776089,19.943076376059 73.538555076811,19.943078374792 73.538555383161,19.943080357004 73.538555694856,19.943082322453 73.538556011640,19.943084271377 73.538556333227,19.943086203774 73.538556659364,19.943088119642 73.538557324205,19.943091902262 73.538558004098,19.943095619224 73.538558697102,19.943099271471 73.538559401278,19.943102859229 73.538560114784,19.943106382725 73.538560835900,19.943109842666 73.538561562880,19.943113239278 73.538562294068,19.943116573270 73.538563114432,19.943120226474</coordinates></LineString><LineString><coordinates>73.538566223846,19.942886391951 73.538568104388,19.942877645855 73.538570131274,19.942868929043 73.538572306315,19.942860244226 73.538574630884,19.942851594121 73.538577105900,19.942842981424 73.538579731824,19.942834408785 73.538582508657,19.942825878781 73.538585435946,19.942817393886 73.538588512795,19.942808956446 73.538591737884,19.942800568663 73.538595109494,19.942792232565 73.538598625534,19.942783950001 73.538602283571,19.942775722617 73.538606080871,19.942767551858 73.538610014429,19.942759438952 73.538614081010,19.942751384915 73.538618277186,19.942743390552 73.538622599591,19.942735456061 73.538627044127,19.942727582561 73.538631607182,19.942719769920 73.538636284908,19.942712018157 73.538641073428,19.942704327126 73.538645968865,19.942696696522 73.538650967362,19.942689125901 73.538656065103,19.942681614689 73.538661258329,19.942674162199 73.538666543355,19.942666767645 73.538671916578,19.942659430151 73.538677374492,19.942652148768 73.538682913717,19.942644922447 73.538688530942,19.942637750142 73.538694222965,19.942630630762</coordinates></LineString><LineString><coordinates>73.539283215693,19.940480265319 73.539287381370,19.940488417472 73.539291547047,19.940496569625 73.539295712724,19.940504721779 73.539299878402,19.940512873932 73.539304044080,19.940521026085 73.539308209758,19.940529178238 73.539312375437,19.940537330391 73.539316541116,19.940545482544 73.539320706796,19.940553634696 73.539324872476,19.940561786849 73.539329038157,19.940569939002 73.539333203838,19.940578091154 73.539337369519,19.940586243307 73.539341535201,19.940594395459 73.539345700883,19.940602547611 73.539349866565,19.940610699764 73.539354032248,19.940618851916 73.539358197932,19.940627004068 73.539362363615,19.940635156220 73.539366529299,19.940643308372 73.539370694984,19.940651460524 73.539374860669,19.940659612675 73.539379026003,19.940667764988 73.539383191283,19.940675917324 73.539387356565,19.940684069661 73.539391521846,19.940692221997 73.539395687128,19.940700374334 73.539399852411,19.940708526670 73.539404017694,19.940716679006 73.539408182977,19.940724831343 73.539412348261,19.940732983679 73.539416513545,19.940741136015 73.539420678829,19.940749288351 73.539424844114,19.940757440686 73.539428318912,19.940765867722 73.539431569258,19.940774384053 73.539434819604,19.940782900384 73.539438069950,19.940791416714 73.539441320297,19.940799933045 73.539444524590,19.940808463535 73.539447192131,19.940817159057 73.539449859673,19.940825854580 73.539452527214,19.940834550102 73.539455194756,19.940843245625 73.539457862299,19.940851941147 73.539460529841,19.940860636669 73.539463197384,19.940869332192 73.539465864927,19.940878027714 73.539468497354,19.940886731233 73.539470308094,19.940895621864 73.539472118835,19.940904512494 73.539473929576,19.940913403125 73.539475740317,19.940922293756 73.539477551058,19.940931184387 73.539479361799,19.940940075018 73.539481172541,19.940948965649 73.539482983282,19.940957856279 73.539484794024,19.940966746910 73.539486604766,19.940975637541 73.539488415509,19.940984528172 73.539490227311,19.940993418609 73.539492039444,19.941002308987 73.539493851578,19.941011199364 73.539495663712,19.941020089741 73.539497475847,19.941028980118 73.539499287981,19.941037870495 73.539501100116,19.941046760873 73.539502721704,19.941055681662 73.539504095634,19.941064641980 73.539505469564,19.941073602298 73.539506843495,19.941082562616 73.539508217425,19.941091522934 73.539509591355,19.941100483252 73.539510965286,19.941109443570 73.539512339216,19.941118403888 73.539513713147,19.941127364206 73.539515087078,19.941136324524 73.539516461009,19.941145284841 73.539517743205,19.941154254178 73.539518347814,19.941163290131 73.539518952423,19.941172326084 73.539519557032,19.941181362037 73.539520161641,19.941190397990 73.539520766250,19.941199433943 73.539521370859,19.941208469896 73.539521802558,19.941217510869 73.539521785204,19.941226564877 73.539521767849,19.941235618886 73.539521750495,19.941244672894 73.539521733141,19.941253726903 73.539521591686,19.941262778080 73.539521147392,19.941271822350 73.539520703097,19.941280866620 73.539520258803,19.941289910890 73.539519630615,19.941298942628 73.539518699026,19.941307953692 73.539517767438,19.941316964755 73.539516835849,19.941325975819 73.539515904260,19.941334986882 73.539514972670,19.941343997946 73.539514041081,19.941353009009 73.539513109491,19.941362020073 73.539511644131,19.941370939014 73.539509149513,19.941379680318 73.539506654895,19.941388421622 73.539503634919,19.941397006329 73.539500344611,19.941405508923 73.539497014960,19.941413997809 73.539493646034,19.941422472827 73.539490237905,19.941430933816 73.539486790642,19.941439380616 73.539483304317,19.941447813069 73.539480149300,19.941456358826 73.539477116497,19.941464946622 73.539474083693,19.941473534419 73.539471050889,19.941482122216 73.539468018085,19.941490710012 73.539464985280,19.941499297808 73.539461952475,19.941507885604 73.539458919670,19.941516473400 73.539455886864,19.941525061196 73.539452854058,19.941533648994 73.539449821251,19.941542236791 73.539446788445,19.941550824584 73.539443755638,19.941559412379 73.539440722831,19.941568000175 73.539437690023,19.941576587971 73.539434657215,19.941585175766 73.539431624406,19.941593763561 73.539428591597,19.941602351357 73.539425558788,19.941610939152 73.539422525978,19.941619526947 73.539419493168,19.941628114742 73.539416460358,19.941636702537 73.539413427548,19.941645290332 73.539410394736,19.941653878127 73.539407361925,19.941662465922 73.539404329113,19.941671053717 73.539401296301,19.941679641511 73.539398263489,19.941688229305 73.539395230676,19.941696817100 73.539392197863,19.941705404894 73.539389165049,19.941713992688 73.539386132235,19.941722580482 73.539383099421,19.941731168277 73.539380066607,19.941739756071 73.539377033792,19.941748343865 73.539374000976,19.941756931658 73.539370968161,19.941765519452 73.539367935345,19.941774107246 73.539364902528,19.941782695039 73.539361869711,19.941791282833 73.539358836894,19.941799870626 73.539355804077,19.941808458420 73.539352771259,19.941817046213 73.539349738441,19.941825634006 73.539346705622,19.941834221800 73.539343672803,19.941842809593 73.539340639984,19.941851397386 73.539337607164,19.941859985179 73.539334574344,19.941868572972 73.539331541524,19.941877160765 73.539328508704,19.941885748557 73.539325475883,19.941894336350 73.539322443061,19.941902924142 73.539319410240,19.941911511933 73.539316377418,19.941920099725 73.539313344595,19.941928687519 73.539310311772,19.941937275311 73.539307278949,19.941945863103 73.539304246126,19.941954450895 73.539301213302,19.941963038687 73.539298180477,19.941971626479 73.539295147653,19.941980214270 73.539291654350,19.941988557886 73.539285487673,19.941995483898 73.539279320994,19.942002409910 73.539273154315,19.942009335922 73.539266987636,19.942016261933 73.539260820956,19.942023187944</coordinates></LineString><LineString><coordinates>73.539639968699,19.940680926163,640.035899999552 73.539753124060,19.940924047414,640.035899999552</coordinates></LineString><LineString><coordinates>73.540003934846,19.940776019298 73.539999067678,19.940783846609 73.539994200509,19.940791673919 73.539989333340,19.940799501229 73.539984466170,19.940807328539 73.539979599000,19.940815155849 73.539974731829,19.940822983158 73.539969864658,19.940830810468 73.539964997486,19.940838637777 73.539960130314,19.940846465086 73.539955263141,19.940854292395 73.539950395968,19.940862119703 73.539945528794,19.940869947012 73.539940661620,19.940877774320 73.539935794445,19.940885601628 73.539930927270,19.940893428936 73.539926060094,19.940901256244 73.539921192917,19.940909083552 73.539916325741,19.940916910859 73.539911384709,19.940924690737 73.539905112383,19.940931561531 73.539898176576,19.940937836056 73.539890635224,19.940943451163 73.539882556659,19.940948352743 73.539874016638,19.940952496174 73.539865095698,19.940955845895 73.539855877164,19.940958374469 73.539846445905,19.940960061523 73.539836887751,19.940960892923 73.539827289334,19.940960860414 73.539817738044,19.940959961855 73.539808321789,19.940958202025 73.539799128242,19.940955593870 73.539790243364,19.940952159912 73.539781749144,19.940947933409 73.539773720049,19.940942958418 73.539766226015,19.940937286887 73.539759339406,19.940930964173 73.539753123932,19.940924047534</coordinates></LineString><LineString><coordinates>73.539224396802,19.942372929245,640.035899999552 73.539215981175,19.942380486517,640.035899999552</coordinates></LineString><LineString><coordinates>73.549612587684,19.947903024755,640.035900000483 73.549095569834,19.947593589886,640.035899999552</coordinates></LineString><LineString><coordinates>73.550707911165,19.948167049965,640.035899999552 73.549612587684,19.947903024755,640.035900000483</coordinates></LineString><LineString><coordinates>73.539524828340,19.940452485744,640.035899999552 73.539639968699,19.940680926163,640.035899999552</coordinates></LineString></MultiGeometry></Placemark><Placemark><name>0</name><styleUrl>#s12</styleUrl><MultiGeometry><Point><coordinates>73.550628174933,19.948147829984,640.035899999552</coordinates></Point><Point><coordinates>73.550535596408,19.948125514388,640.035900000483</coordinates></Point><Point><coordinates>73.550443017913,19.948103198745,640.035899999552</coordinates></Point><Point><coordinates>73.550350439447,19.948080883055,640.035899998620</coordinates></Point><Point><coordinates>73.550257861010,19.948058567319,640.035900000483</coordinates></Point><Point><coordinates>73.550165282602,19.948036251536,640.035899999552</coordinates></Point><Point><coordinates>73.550072704223,19.948013935707,640.035899999552</coordinates></Point><Point><coordinates>73.549980125874,19.947991619830,640.035899999552</coordinates></Point><Point><coordinates>73.549887547554,19.947969303907,640.035900000483</coordinates></Point><Point><coordinates>73.549794969263,19.947946987938,640.035900000483</coordinates></Point><Point><coordinates>73.549702391001,19.947924671921,640.035900000483</coordinates></Point><Point><coordinates>73.549610167967,19.947901576561,640.035899999552</coordinates></Point><Point><coordinates>73.549529440100,19.947853261154,640.035900001414</coordinates></Point><Point><coordinates>73.549448712284,19.947804945713,640.035899999552</coordinates></Point><Point><coordinates>73.549367984519,19.947756630237,640.035899999552</coordinates></Point><Point><coordinates>73.549287256805,19.947708314728,640.035899999552</coordinates></Point><Point><coordinates>73.549206529141,19.947659999185,640.035900000483</coordinates></Point><Point><coordinates>73.549125801528,19.947611683608,640.035899999552</coordinates></Point><Point><coordinates>73.549046243399,19.947561687795,640.035899999552</coordinates></Point><Point><coordinates>73.548967385457,19.947510686019,640.035899999552</coordinates></Point><Point><coordinates>73.548888527568,19.947459684211,640.035899999552</coordinates></Point><Point><coordinates>73.548809669731,19.947408682371,640.035899999552</coordinates></Point><Point><coordinates>73.548730811945,19.947357680498,640.035899999552</coordinates></Point><Point><coordinates>73.548651954212,19.947306678594,640.035899999552</coordinates></Point><Point><coordinates>73.548577083528,19.947251867126,640.035900000483</coordinates></Point><Point><coordinates>73.548523904714,19.947176833378,640.035899999552</coordinates></Point><Point><coordinates>73.548477357658,19.947098065498,640.035899999552</coordinates></Point><Point><coordinates>73.548444468541,19.947013370139,640.035900000483</coordinates></Point><Point><coordinates>73.548420868505,19.946925876861,640.035899998620</coordinates></Point><Point><coordinates>73.548399770125,19.946837766169,640.035899999552</coordinates></Point><Point><coordinates>73.548375478288,19.946750437068,640.035899999552</coordinates></Point><Point><coordinates>73.548340218108,19.946666606867,640.035900000483</coordinates></Point><Point><coordinates>73.548293761665,19.946587760792,640.035899999552</coordinates></Point><Point><coordinates>73.548239104088,19.946513736879,640.035899999552</coordinates></Point><Point><coordinates>73.548181909043,19.946441373120,640.035899999552</coordinates></Point><Point><coordinates>73.548120092650,19.946372637688,640.035899999552</coordinates></Point><Point><coordinates>73.548055388620,19.946306169414,640.035899999552</coordinates></Point><Point><coordinates>73.547989780803,19.946240512253,640.035899999552</coordinates></Point><Point><coordinates>73.547913911756,19.946186555791,640.035899999552</coordinates></Point><Point><coordinates>73.547822983066,19.946159015407,640.035900000483</coordinates></Point><Point><coordinates>73.547728976046,19.946145737422,640.035899998620</coordinates></Point><Point><coordinates>73.547633649272,19.946140164304,640.035899999552</coordinates></Point><Point><coordinates>73.547538205364,19.946136644734,640.035900001414</coordinates></Point><Point><coordinates>73.547443341555,19.946125932976,640.035899999552</coordinates></Point><Point><coordinates>73.547351875332,19.946100500702,640.035900000483</coordinates></Point><Point><coordinates>73.547264757051,19.946063417989,640.035899999552</coordinates></Point><Point><coordinates>73.547177639032,19.946026334974,640.035899999552</coordinates></Point><Point><coordinates>73.547119670786,19.945954523642,640.035900000483</coordinates></Point><Point><coordinates>73.547061702591,19.945882712294,640.035899999552</coordinates></Point><Point><coordinates>73.547003734447,19.945810900929,640.035900000483</coordinates></Point><Point><coordinates>73.546945766355,19.945739089549,640.035900000483</coordinates></Point><Point><coordinates>73.546887798315,19.945667278152,640.035899998620</coordinates></Point><Point><coordinates>73.546829830326,19.945595466739,640.035899999552</coordinates></Point><Point><coordinates>73.546768263446,19.945526496934,640.035899999552</coordinates></Point><Point><coordinates>73.546703882784,19.945459748835,640.035899999552</coordinates></Point><Point><coordinates>73.546639502176,19.945393000715,640.035900000483</coordinates></Point><Point><coordinates>73.546575121622,19.945326252574,640.035900000483</coordinates></Point><Point><coordinates>73.546510795624,19.945259458240,640.035899999552</coordinates></Point><Point><coordinates>73.546447681494,19.945191637258,640.035900001414</coordinates></Point><Point><coordinates>73.546384567418,19.945123816256,640.035899999552</coordinates></Point><Point><coordinates>73.546312568199,19.945066695830,640.035899999552</coordinates></Point><Point><coordinates>73.546220215755,19.945079349110,640.035899999552</coordinates></Point><Point><coordinates>73.546129929706,19.945108887578,640.035900000483</coordinates></Point><Point><coordinates>73.546039643626,19.945138425998,640.035899999552</coordinates></Point><Point><coordinates>73.545953534721,19.945176950517,640.035899999552</coordinates></Point><Point><coordinates>73.545869474317,19.945219881886,640.035900001414</coordinates></Point><Point><coordinates>73.545785413871,19.945262813214,640.035899999552</coordinates></Point><Point><coordinates>73.545701353381,19.945305744498,640.035900000483</coordinates></Point><Point><coordinates>73.545617292847,19.945348675739,640.035899998620</coordinates></Point><Point><coordinates>73.545531787756,19.945388961698,640.035899999552</coordinates></Point><Point><coordinates>73.545446102311,19.945428917417,640.035899999552</coordinates></Point><Point><coordinates>73.545360222169,19.945468490885,640.035899998620</coordinates></Point><Point><coordinates>73.545273706328,19.945506798186,640.035900000483</coordinates></Point><Point><coordinates>73.545183924731,19.945537681488,640.035900000483</coordinates></Point><Point><coordinates>73.545094143101,19.945568564743,640.035899999552</coordinates></Point><Point><coordinates>73.545004361440,19.945599447949,640.035900000483</coordinates></Point><Point><coordinates>73.544914579746,19.945630331108,640.035900000483</coordinates></Point><Point><coordinates>73.544824798020,19.945661214220,640.035899999552</coordinates></Point><Point><coordinates>73.544735172525,19.945692455356,640.035899999552</coordinates></Point><Point><coordinates>73.544648487274,19.945730434003,640.035899999552</coordinates></Point><Point><coordinates>73.544561801984,19.945768412606,640.035899999552</coordinates></Point><Point><coordinates>73.544475116655,19.945806391164,640.035900000483</coordinates></Point><Point><coordinates>73.544388431287,19.945844369676,640.035899998620</coordinates></Point><Point><coordinates>73.544302196571,19.945865959813,640.035900000483</coordinates></Point><Point><coordinates>73.544217715805,19.945823772239,640.035899999552</coordinates></Point><Point><coordinates>73.544133235086,19.945781584627,640.035899999552</coordinates></Point><Point><coordinates>73.544048754413,19.945739396977,640.035900000483</coordinates></Point><Point><coordinates>73.543964273788,19.945697209289,640.035900000483</coordinates></Point><Point><coordinates>73.543879793209,19.945655021565,640.035899999552</coordinates></Point><Point><coordinates>73.543802755000,19.945602207094,640.035899999552</coordinates></Point><Point><coordinates>73.543728709194,19.945545119890,640.035899999552</coordinates></Point><Point><coordinates>73.543654663442,19.945488032658,640.035900000483</coordinates></Point><Point><coordinates>73.543580617745,19.945430945398,640.035899999552</coordinates></Point><Point><coordinates>73.543506572101,19.945373858111,640.035899999552</coordinates></Point><Point><coordinates>73.543432526512,19.945316770795,640.035899999552</coordinates></Point><Point><coordinates>73.543364918103,19.945253267153,640.035899999552</coordinates></Point><Point><coordinates>73.543300734442,19.945186349877,640.035899999552</coordinates></Point><Point><coordinates>73.543236550834,19.945119432581,640.035900000483</coordinates></Point><Point><coordinates>73.543172367280,19.945052515265,640.035899999552</coordinates></Point><Point><coordinates>73.543108183780,19.944985597928,640.035899999552</coordinates></Point><Point><coordinates>73.543044000333,19.944918680571,640.035900000483</coordinates></Point><Point><coordinates>73.542979816941,19.944851763194,640.035900000483</coordinates></Point><Point><coordinates>73.542905807614,19.944795121630,640.035900000483</coordinates></Point><Point><coordinates>73.542828958966,19.944741449403,640.035899999552</coordinates></Point><Point><coordinates>73.542752110370,19.944687777145,640.035900000483</coordinates></Point><Point><coordinates>73.542675261828,19.944634104857,640.035899999552</coordinates></Point><Point><coordinates>73.542598413338,19.944580432539,640.035900000483</coordinates></Point><Point><coordinates>73.542521564902,19.944526760190,640.035899997689</coordinates></Point><Point><coordinates>73.542444716519,19.944473087811,640.035900000483</coordinates></Point><Point><coordinates>73.542367868188,19.944419415402,640.035900000483</coordinates></Point><Point><coordinates>73.542282783685,19.944380171439,640.035899999552</coordinates></Point><Point><coordinates>73.542193164055,19.944348872286,640.035899998620</coordinates></Point><Point><coordinates>73.542103544462,19.944317573089,640.035899999552</coordinates></Point><Point><coordinates>73.542013924908,19.944286273849,640.035899999552</coordinates></Point><Point><coordinates>73.541924246845,19.944255131010,640.035900000483</coordinates></Point><Point><coordinates>73.541833756503,19.944226158762,640.035899999552</coordinates></Point><Point><coordinates>73.541743266196,19.944197186471,640.035899999552</coordinates></Point><Point><coordinates>73.541652775926,19.944168214135,640.035899999552</coordinates></Point><Point><coordinates>73.541562286182,19.944139240386,640.035899999552</coordinates></Point><Point><coordinates>73.541471797048,19.944110264986,640.035899999552</coordinates></Point><Point><coordinates>73.541381307951,19.944081289543,640.035900001414</coordinates></Point><Point><coordinates>73.541290818889,19.944052314055,640.035900000483</coordinates></Point><Point><coordinates>73.541200329864,19.944023338523,640.035899999552</coordinates></Point><Point><coordinates>73.541110341564,19.943993022497,640.035899999552</coordinates></Point><Point><coordinates>73.541020681791,19.943961827000,640.035900000483</coordinates></Point><Point><coordinates>73.540931022055,19.943930631460,640.035899997689</coordinates></Point><Point><coordinates>73.540841362357,19.943899435877,640.035900001414</coordinates></Point><Point><coordinates>73.540751702697,19.943868240251,640.035899999552</coordinates></Point><Point><coordinates>73.540660150239,19.943851056697,640.035899998620</coordinates></Point><Point><coordinates>73.540565076847,19.943859937608,640.035900000483</coordinates></Point><Point><coordinates>73.540470003448,19.943868818467,640.035900000483</coordinates></Point><Point><coordinates>73.540374930047,19.943877699328,640.035900000483</coordinates></Point><Point><coordinates>73.540279856640,19.943886580147,640.035899999552</coordinates></Point><Point><coordinates>73.540186590213,19.943900805354,640.035899999552</coordinates></Point><Point><coordinates>73.540103863399,19.943945992288,640.035899999552</coordinates></Point><Point><coordinates>73.540021136541,19.943991179180,640.035899999552</coordinates></Point><Point><coordinates>73.539938409636,19.944036366030,640.035899999552</coordinates></Point><Point><coordinates>73.539847744243,19.944051425846,640.035900000483</coordinates></Point><Point><coordinates>73.539752277641,19.944047977764,640.035899999552</coordinates></Point><Point><coordinates>73.539656811047,19.944044529630,640.035899999552</coordinates></Point><Point><coordinates>73.539569457235,19.944017423136,640.035900000483</coordinates></Point><Point><coordinates>73.539490171147,19.943967021467,640.035899999552</coordinates></Point><Point><coordinates>73.539410885110,19.943916619766,640.035899998620</coordinates></Point><Point><coordinates>73.539331599126,19.943866218032,640.035899998620</coordinates></Point><Point><coordinates>73.539258627085,19.943808098755,640.035900000483</coordinates></Point><Point><coordinates>73.539187289794,19.943748007786,640.035899999552</coordinates></Point><Point><coordinates>73.539115952559,19.943687916792,640.035899999552</coordinates></Point><Point><coordinates>73.539044475181,19.943627976723,640.035899999552</coordinates></Point><Point><coordinates>73.538972251278,19.943568840482,640.035900000483</coordinates></Point><Point><coordinates>73.538900027429,19.943509704215,640.035899999552</coordinates></Point><Point><coordinates>73.538827803634,19.943450567922,640.035899999552</coordinates></Point><Point><coordinates>73.538755579894,19.943391431603,640.035899999552</coordinates></Point><Point><coordinates>73.538683246774,19.943332416569,640.035899999552</coordinates></Point><Point><coordinates>73.538620964957,19.943264942163,640.035899999552</coordinates></Point><Point><coordinates>73.538580404574,19.943183352578,640.035900000483</coordinates></Point><Point><coordinates>73.538553078472,19.942961085177,640.035900000483</coordinates></Point><Point><coordinates>73.538569344530,19.942872100626,640.035899999552</coordinates></Point><Point><coordinates>73.538597818161,19.942785976006,640.035899999552</coordinates></Point><Point><coordinates>73.538640551007,19.942705279406,640.035899999552</coordinates></Point><Point><coordinates>73.538721668513,19.942599466568,640.035899999552</coordinates></Point><Point><coordinates>73.538782807522,19.942530047732,640.035899999552</coordinates></Point><Point><coordinates>73.538843946476,19.942460628871,640.035899999552</coordinates></Point><Point><coordinates>73.538905085376,19.942391209986,640.035899999552</coordinates></Point><Point><coordinates>73.538965333676,19.942321121643,640.035899999552</coordinates></Point><Point><coordinates>73.539026263572,19.942251848601,640.035899999552</coordinates></Point><Point><coordinates>73.539095538323,19.942189637854,640.035900000483</coordinates></Point><Point><coordinates>73.539163196125,19.942125939747,640.035899999552</coordinates></Point><Point><coordinates>73.539227044845,19.942058737809,640.035899999552</coordinates></Point><Point><coordinates>73.539283215693,19.940480265319,640.035900000483</coordinates></Point><Point><coordinates>73.539307480401,19.941942471706,640.035899999552</coordinates></Point><Point><coordinates>73.539338636527,19.941857070415,640.035899998620</coordinates></Point><Point><coordinates>73.539368898099,19.941771381089,640.035900000483</coordinates></Point><Point><coordinates>73.539399159635,19.941685691755,640.035899999552</coordinates></Point><Point><coordinates>73.539429421135,19.941600002413,640.035900000483</coordinates></Point><Point><coordinates>73.539459804831,19.941514351919,640.035900000483</coordinates></Point><Point><coordinates>73.539491011207,19.941428976942,640.035900000483</coordinates></Point><Point><coordinates>73.539515168932,19.941342099548,640.035899999552</coordinates></Point><Point><coordinates>73.539521736430,19.941252010845,640.035899999552</coordinates></Point><Point><coordinates>73.539518246494,19.941161775893,640.035900000483</coordinates></Point><Point><coordinates>73.539505267357,19.941072283566,640.035899999552</coordinates></Point><Point><coordinates>73.539488187670,19.940983408754,640.035900000483</coordinates></Point><Point><coordinates>73.539470119877,19.940894697730,640.035899999552</coordinates></Point><Point><coordinates>73.539443985319,19.940807827337,640.035900001414</coordinates></Point><Point><coordinates>73.539407908541,19.940724294213,640.035899999552</coordinates></Point><Point><coordinates>73.539366346324,19.940642950294,640.035900000483</coordinates></Point><Point><coordinates>73.539324780989,19.940561607810,640.035899999552</coordinates></Point><Point><coordinates>73.550697704322,19.947940835927,640.035900000483</coordinates></Point><Point><coordinates>73.550605125904,19.947918520374,640.035899999552</coordinates></Point><Point><coordinates>73.550512547515,19.947896204774,640.035899999552</coordinates></Point><Point><coordinates>73.550419969155,19.947873889127,640.035899999552</coordinates></Point><Point><coordinates>73.550327390825,19.947851573433,640.035900000483</coordinates></Point><Point><coordinates>73.550234812523,19.947829257693,640.035899999552</coordinates></Point><Point><coordinates>73.550142234251,19.947806941906,640.035899999552</coordinates></Point><Point><coordinates>73.550049656008,19.947784626073,640.035899999552</coordinates></Point><Point><coordinates>73.549957077794,19.947762310192,640.035900001414</coordinates></Point><Point><coordinates>73.549864499610,19.947739994265,640.035899998620</coordinates></Point><Point><coordinates>73.549771921454,19.947717678291,640.035900000483</coordinates></Point><Point><coordinates>73.549682560568,19.947688303712,640.035899999552</coordinates></Point><Point><coordinates>73.549601832781,19.947639988342,640.035899999552</coordinates></Point><Point><coordinates>73.549521105044,19.947591672938,640.035899999552</coordinates></Point><Point><coordinates>73.549440377359,19.947543357500,640.035900000483</coordinates></Point><Point><coordinates>73.549359649724,19.947495042028,640.035899999552</coordinates></Point><Point><coordinates>73.549278922140,19.947446726522,640.035900000483</coordinates></Point><Point><coordinates>73.549198737727,19.947397630642,640.035900000483</coordinates></Point><Point><coordinates>73.549119879810,19.947346628935,640.035899999552</coordinates></Point><Point><coordinates>73.549041021944,19.947295627196,640.035899998620</coordinates></Point><Point><coordinates>73.548962164131,19.947244625425,640.035899998620</coordinates></Point><Point><coordinates>73.548883306370,19.947193623621,640.035899999552</coordinates></Point><Point><coordinates>73.548804448660,19.947142621785,640.035900001414</coordinates></Point><Point><coordinates>73.548733546826,19.947084168089,640.035899999552</coordinates></Point><Point><coordinates>73.548685284116,19.947006335806,640.035900000483</coordinates></Point><Point><coordinates>73.548655022744,19.946920799182,640.035900000483</coordinates></Point><Point><coordinates>73.548633580361,19.946832762790,640.035899999552</coordinates></Point><Point><coordinates>73.548612478088,19.946744657740,640.035900000483</coordinates></Point><Point><coordinates>73.548584856057,19.946658211622,640.035900000483</coordinates></Point><Point><coordinates>73.548548020475,19.946574927308,640.035899998620</coordinates></Point><Point><coordinates>73.548503246414,19.946495169156,640.035899999552</coordinates></Point><Point><coordinates>73.548450955836,19.946419600110,640.035899999552</coordinates></Point><Point><coordinates>73.548393760720,19.946347236415,640.035900000483</coordinates></Point><Point><coordinates>73.548336565656,19.946274872704,640.035900000483</coordinates></Point><Point><coordinates>73.548271862863,19.946208403487,640.035899998620</coordinates></Point><Point><coordinates>73.548207158828,19.946141935267,640.035899999552</coordinates></Point><Point><coordinates>73.548141075946,19.946076704495,640.035899999552</coordinates></Point><Point><coordinates>73.548066547720,19.946021175810,640.035899999552</coordinates></Point><Point><coordinates>73.547982652842,19.945979247872,640.035899999552</coordinates></Point><Point><coordinates>73.547891527465,19.945952110063,640.035899999552</coordinates></Point><Point><coordinates>73.547798597476,19.945933652299,640.035900000483</coordinates></Point><Point><coordinates>73.547703389859,19.945926149643,640.035900000483</coordinates></Point><Point><coordinates>73.547607950010,19.945922411622,640.035899999552</coordinates></Point><Point><coordinates>73.547512786736,19.945915414279,640.035900000483</coordinates></Point><Point><coordinates>73.547421090392,19.945892188595,640.035900000483</coordinates></Point><Point><coordinates>73.547333972203,19.945855105922,640.035899998620</coordinates></Point><Point><coordinates>73.547272895592,19.945786997861,640.035899999552</coordinates></Point><Point><coordinates>73.547214927380,19.945715186561,640.035900000483</coordinates></Point><Point><coordinates>73.547156959219,19.945643375245,640.035899999552</coordinates></Point><Point><coordinates>73.547098991111,19.945571563913,640.035899999552</coordinates></Point><Point><coordinates>73.547041023053,19.945499752564,640.035900000483</coordinates></Point><Point><coordinates>73.546983055047,19.945427941200,640.035899999552</coordinates></Point><Point><coordinates>73.546918949728,19.945360975725,640.035900000483</coordinates></Point><Point><coordinates>73.546854569061,19.945294227679,640.035900000483</coordinates></Point><Point><coordinates>73.546790188449,19.945227479612,640.035899999552</coordinates></Point><Point><coordinates>73.546725807890,19.945160731525,640.035899999552</coordinates></Point><Point><coordinates>73.546661877180,19.945093602358,640.035900000483</coordinates></Point><Point><coordinates>73.546598763043,19.945025781428,640.035899999552</coordinates></Point><Point><coordinates>73.546535648959,19.944957960479,640.035900000483</coordinates></Point><Point><coordinates>73.546464998705,19.944897600718,640.035900000483</coordinates></Point><Point><coordinates>73.546378922455,19.944859167730,640.035899998620</coordinates></Point><Point><coordinates>73.546284738015,19.944846123750,640.035900000483</coordinates></Point><Point><coordinates>73.546107236708,19.944886881929,640.035899999552</coordinates></Point><Point><coordinates>73.546016950754,19.944916420346,640.035899999552</coordinates></Point><Point><coordinates>73.545926664768,19.944945958714,640.035900000483</coordinates></Point><Point><coordinates>73.545841963126,19.944987510362,640.035899999552</coordinates></Point><Point><coordinates>73.545757902800,19.945030441684,640.035899999552</coordinates></Point><Point><coordinates>73.545673842431,19.945073372964,640.035900000483</coordinates></Point><Point><coordinates>73.545589782018,19.945116304200,640.035899999552</coordinates></Point><Point><coordinates>73.545505721562,19.945159235394,640.035900000483</coordinates></Point><Point><coordinates>73.545420093801,19.945199296518,640.035900000483</coordinates></Point><Point><coordinates>73.545334408437,19.945239252189,640.035900000483</coordinates></Point><Point><coordinates>73.545248418425,19.945278609718,640.035899999552</coordinates></Point><Point><coordinates>73.545160993399,19.945314849927,640.035899999552</coordinates></Point><Point><coordinates>73.545071211895,19.945345733178,640.035899999552</coordinates></Point><Point><coordinates>73.544981430359,19.945376616381,640.035899999552</coordinates></Point><Point><coordinates>73.544891648791,19.945407499537,640.035900001414</coordinates></Point><Point><coordinates>73.544801867190,19.945438382645,640.035900000483</coordinates></Point><Point><coordinates>73.544712085558,19.945469265705,640.035899999552</coordinates></Point><Point><coordinates>73.544623328185,19.945502495857,640.035899999552</coordinates></Point><Point><coordinates>73.544536643018,19.945540474456,640.035900000483</coordinates></Point><Point><coordinates>73.544449957812,19.945578453009,640.035899999552</coordinates></Point><Point><coordinates>73.544363272566,19.945616431518,640.035899999552</coordinates></Point><Point><coordinates>73.544277846992,19.945608603667,640.035899999552</coordinates></Point><Point><coordinates>73.544193366365,19.945566416089,640.035900000483</coordinates></Point><Point><coordinates>73.544108885785,19.945524228473,640.035899999552</coordinates></Point><Point><coordinates>73.544024405252,19.945482040819,640.035900000483</coordinates></Point><Point><coordinates>73.543945219605,19.945432292735,640.035900000483</coordinates></Point><Point><coordinates>73.543871173819,19.945375205591,640.035900000483</coordinates></Point><Point><coordinates>73.543797128087,19.945318118419,640.035899999552</coordinates></Point><Point><coordinates>73.543723082409,19.945261031220,640.035899998620</coordinates></Point><Point><coordinates>73.543649036785,19.945203943992,640.035899998620</coordinates></Point><Point><coordinates>73.543574991215,19.945146856737,640.035899999552</coordinates></Point><Point><coordinates>73.543509485619,19.945081257140,640.035899998620</coordinates></Point><Point><coordinates>73.543445301958,19.945014339916,640.035899998620</coordinates></Point><Point><coordinates>73.543381118350,19.944947422672,640.035899998620</coordinates></Point><Point><coordinates>73.543316934796,19.944880505407,640.035899999552</coordinates></Point><Point><coordinates>73.543252751296,19.944813588122,640.035899999552</coordinates></Point><Point><coordinates>73.543188567849,19.944746670817,640.035899999552</coordinates></Point><Point><coordinates>73.543124384456,19.944679753491,640.035900000483</coordinates></Point><Point><coordinates>73.543048407550,19.944625169673,640.035899999552</coordinates></Point><Point><coordinates>73.542971558927,19.944571497509,640.035900000483</coordinates></Point><Point><coordinates>73.542894710357,19.944517825314,640.035900001414</coordinates></Point><Point><coordinates>73.542817861841,19.944464153089,640.035899998620</coordinates></Point><Point><coordinates>73.542741013377,19.944410480833,640.035899999552</coordinates></Point><Point><coordinates>73.542664164966,19.944356808547,640.035899999552</coordinates></Point><Point><coordinates>73.542587316609,19.944303136231,640.035899999552</coordinates></Point><Point><coordinates>73.542510468304,19.944249463885,640.035900000483</coordinates></Point><Point><coordinates>73.542430800404,19.944200731072,640.035900000483</coordinates></Point><Point><coordinates>73.542341180838,19.944169431997,640.035899998620</coordinates></Point><Point><coordinates>73.542251561310,19.944138132879,640.035900000483</coordinates></Point><Point><coordinates>73.542161941820,19.944106833717,640.035899999552</coordinates></Point><Point><coordinates>73.542072322368,19.944075534513,640.035900000483</coordinates></Point><Point><coordinates>73.541982468510,19.944044861736,640.035900000483</coordinates></Point><Point><coordinates>73.541891978273,19.944015889525,640.035900000483</coordinates></Point><Point><coordinates>73.541801488071,19.943986917269,640.035900000483</coordinates></Point><Point><coordinates>73.541710997905,19.943957944969,640.035899999552</coordinates></Point><Point><coordinates>73.541620508445,19.943928970752,640.035899999552</coordinates></Point><Point><coordinates>73.541530019416,19.943899995389,640.035900000483</coordinates></Point><Point><coordinates>73.541439530423,19.943871019981,640.035899998620</coordinates></Point><Point><coordinates>73.541349041466,19.943842044529,640.035899999552</coordinates></Point><Point><coordinates>73.541258552545,19.943813069033,640.035899999552</coordinates></Point><Point><coordinates>73.541168730638,19.943782307852,640.035899999552</coordinates></Point><Point><coordinates>73.541079070967,19.943751112390,640.035899999552</coordinates></Point><Point><coordinates>73.540989411333,19.943719916886,640.035900000483</coordinates></Point><Point><coordinates>73.540899751738,19.943688721338,640.035899999552</coordinates></Point><Point><coordinates>73.540810092180,19.943657525747,640.035900000483</coordinates></Point><Point><coordinates>73.540720265637,19.943627566549,640.035899999552</coordinates></Point><Point><coordinates>73.540625192381,19.943636447501,640.035900000483</coordinates></Point><Point><coordinates>73.540530119118,19.943645328402,640.035899999552</coordinates></Point><Point><coordinates>73.540417521832,19.943655846184,640.035899999552</coordinates></Point><Point><coordinates>73.540322448559,19.943664727033,640.035900000483</coordinates></Point><Point><coordinates>73.540227375280,19.943673607832,640.035900000483</coordinates></Point><Point><coordinates>73.540132301994,19.943682488580,640.035899999552</coordinates></Point><Point><coordinates>73.540048566989,19.943725804870,640.035900000483</coordinates></Point><Point><coordinates>73.539965840235,19.943770991743,640.035900000483</coordinates></Point><Point><coordinates>73.539883113436,19.943816178575,640.035900000483</coordinates></Point><Point><coordinates>73.539792816192,19.943832464565,640.035899998620</coordinates></Point><Point><coordinates>73.539697349725,19.943829016461,640.035899999552</coordinates></Point><Point><coordinates>73.539615675118,19.943785546154,640.035900000483</coordinates></Point><Point><coordinates>73.539536389125,19.943735144511,640.035899999552</coordinates></Point><Point><coordinates>73.539457103183,19.943684742835,640.035899999552</coordinates></Point><Point><coordinates>73.539385681302,19.943624755175,640.035899999552</coordinates></Point><Point><coordinates>73.539314344038,19.943564664259,640.035900001414</coordinates></Point><Point><coordinates>73.539243006828,19.943504573317,640.035900000483</coordinates></Point><Point><coordinates>73.539171228002,19.943444957903,640.035899999552</coordinates></Point><Point><coordinates>73.539099004126,19.943385821715,640.035899999552</coordinates></Point><Point><coordinates>73.539026780304,19.943326685501,640.035900000483</coordinates></Point><Point><coordinates>73.538954556537,19.943267549261,640.035900000483</coordinates></Point><Point><coordinates>73.538825444574,19.943162203924,640.035900000483</coordinates></Point><Point><coordinates>73.538788466436,19.943080215063,640.035899999552</coordinates></Point><Point><coordinates>73.538780362184,19.942990608742,640.035899999552</coordinates></Point><Point><coordinates>73.538797832177,19.942901879431,640.035900000483</coordinates></Point><Point><coordinates>73.538835662189,19.942819203679,640.035900000483</coordinates></Point><Point><coordinates>73.538891154864,19.942745827287,640.035899998620</coordinates></Point><Point><coordinates>73.538952293863,19.942676408393,640.035900000483</coordinates></Point><Point><coordinates>73.539013432809,19.942606989474,640.035900000483</coordinates></Point><Point><coordinates>73.539074571700,19.942537570531,640.035899999552</coordinates></Point><Point><coordinates>73.539135380446,19.942467903430,640.035899999552</coordinates></Point><Point><coordinates>73.539196035998,19.942398398160,640.035900000483</coordinates></Point><Point><coordinates>73.539265310755,19.942336187348,640.035899998620</coordinates></Point><Point><coordinates>73.539332554140,19.942272107965,640.035899999552</coordinates></Point><Point><coordinates>73.539396402856,19.942204905967,640.035899999552</coordinates></Point><Point><coordinates>73.539459293066,19.942136915593,640.035900000483</coordinates></Point><Point><coordinates>73.539506923005,19.942060334224,640.035899999552</coordinates></Point><Point><coordinates>73.539538247353,19.941974987084,640.035900000483</coordinates></Point><Point><coordinates>73.539568937969,19.941889435892,640.035900001414</coordinates></Point><Point><coordinates>73.539599199426,19.941803746520,640.035900000483</coordinates></Point><Point><coordinates>73.539629460848,19.941718057139,640.035899999552</coordinates></Point><Point><coordinates>73.539659722234,19.941632367751,640.035899999552</coordinates></Point><Point><coordinates>73.539690260124,19.941546766264,640.035899999552</coordinates></Point><Point><coordinates>73.539722582022,19.941461764619,640.035899999552</coordinates></Point><Point><coordinates>73.539742255049,19.941373690408,640.035899999552</coordinates></Point><Point><coordinates>73.539750095410,19.941283672586,640.035900000483</coordinates></Point><Point><coordinates>73.539750102287,19.941193377182,640.035900000483</coordinates></Point><Point><coordinates>73.539741693964,19.941103431900,640.035900000483</coordinates></Point><Point><coordinates>73.539727650286,19.941014074276,640.035899999552</coordinates></Point><Point><coordinates>73.539709852499,19.940925318306,640.035899999552</coordinates></Point><Point><coordinates>73.539691391138,19.940836693828,640.035899999552</coordinates></Point><Point><coordinates>73.539665117630,19.940749841489,640.035899999552</coordinates></Point><Point><coordinates>73.539632086918,19.940665118328,640.035899999552</coordinates></Point><Point><coordinates>73.539590713283,19.940583694259,640.035899999552</coordinates></Point><Point><coordinates>73.539549148705,19.940502351427,640.035900000483</coordinates></Point><Point><coordinates>73.539507583305,19.940421008982,640.035899999552</coordinates></Point><Point><coordinates>73.539466017944,19.940339666528,640.035900000483</coordinates></Point><Point><coordinates>73.539390098607,19.940285237072,640.035899999552</coordinates></Point><Point><coordinates>73.539313314885,19.940231484788,640.035899999552</coordinates></Point><Point><coordinates>73.539236531216,19.940177732473,640.035899999552</coordinates></Point><Point><coordinates>73.539159747600,19.940123980128,640.035900000483</coordinates></Point><Point><coordinates>73.539082964037,19.940070227753,640.035899999552</coordinates></Point><Point><coordinates>73.539006180527,19.940016475348,640.035900000483</coordinates></Point><Point><coordinates>73.538929397070,19.939962722912,640.035900000483</coordinates></Point><Point><coordinates>73.538852613666,19.939908970446,640.035900000483</coordinates></Point><Point><coordinates>73.538775830316,19.939855217950,640.035899999552</coordinates></Point><Point><coordinates>73.537896524254,19.942595547358,640.035899999552</coordinates></Point><Point><coordinates>73.537941177422,19.942515682576,640.035899999552</coordinates></Point><Point><coordinates>73.537987051278,19.942436438439,640.035899999552</coordinates></Point><Point><coordinates>73.538033842389,19.942357675012,640.035899999552</coordinates></Point><Point><coordinates>73.538081266306,19.942279250578,640.035900000483</coordinates></Point><Point><coordinates>73.538129040445,19.942201016281,640.035899999552</coordinates></Point><Point><coordinates>73.538176888635,19.942122822491,640.035899998620</coordinates></Point><Point><coordinates>73.538224523541,19.942044512500,640.035900000483</coordinates></Point><Point><coordinates>73.538271321136,19.941965753443,640.035899999552</coordinates></Point><Point><coordinates>73.538316196269,19.941886002594,640.035899999552</coordinates></Point><Point><coordinates>73.538358089098,19.941804817364,640.035900000483</coordinates></Point><Point><coordinates>73.538395839865,19.941721840638,640.035900000483</coordinates></Point><Point><coordinates>73.538428153316,19.941636842414,640.035899999552</coordinates></Point><Point><coordinates>73.538453647215,19.941549803160,640.035899999552</coordinates></Point><Point><coordinates>73.538470922833,19.941460985666,640.035899999552</coordinates></Point><Point><coordinates>73.538478783763,19.941370989053,640.035899999552</coordinates></Point><Point><coordinates>73.538477848992,19.941280677935,640.035900001414</coordinates></Point><Point><coordinates>73.538470092426,19.941190648312,640.035900000483</coordinates></Point><Point><coordinates>73.538457872399,19.941101053335,640.035899999552</coordinates></Point><Point><coordinates>73.538443924011,19.941011680172,640.035900000483</coordinates></Point><Point><coordinates>73.538431603951,19.940922098884,640.035900000483</coordinates></Point><Point><coordinates>73.538425500639,19.940831974970,640.035899999552</coordinates></Point><Point><coordinates>73.538427924223,19.940741684896,640.035899999552</coordinates></Point><Point><coordinates>73.538436154200,19.940651687268,640.035899999552</coordinates></Point><Point><coordinates>73.538447468471,19.940561983268,640.035900000483</coordinates></Point><Point><coordinates>73.538459605987,19.940472374034,640.035900000483</coordinates></Point><Point><coordinates>73.538470699906,19.940382645431,640.035899999552</coordinates></Point><Point><coordinates>73.538479140717,19.940292662118,640.035899999552</coordinates></Point><Point><coordinates>73.538483556854,19.940202426308,640.035900000483</coordinates></Point><Point><coordinates>73.538482792546,19.940112101168,640.035900000483</coordinates></Point><Point><coordinates>73.539237158391,19.944844524891,640.035899999552</coordinates></Point><Point><coordinates>73.539151268256,19.944804994306,640.035899999552</coordinates></Point><Point><coordinates>73.539066839447,19.944762719896,640.035900000483</coordinates></Point><Point><coordinates>73.538983668105,19.944718275295,640.035899998620</coordinates></Point><Point><coordinates>73.538902120160,19.944671219580,640.035900000483</coordinates></Point><Point><coordinates>73.538822287862,19.944621601456,640.035899998620</coordinates></Point><Point><coordinates>73.538744076692,19.944569724712,640.035900001414</coordinates></Point><Point><coordinates>73.538667362639,19.944515884946,640.035900000483</coordinates></Point><Point><coordinates>73.538592002833,19.944460360368,640.035899999552</coordinates></Point><Point><coordinates>73.538517835126,19.944403417763,640.035900000483</coordinates></Point><Point><coordinates>73.538444688260,19.944345305763,640.035900000483</coordinates></Point><Point><coordinates>73.538372389413,19.944286252001,640.035899998620</coordinates></Point><Point><coordinates>73.538300764740,19.944226467810,640.035899999552</coordinates></Point><Point><coordinates>73.538229633275,19.944166159133,640.035899999552</coordinates></Point><Point><coordinates>73.538158816307,19.944105520273,640.035899999552</coordinates></Point><Point><coordinates>73.538088141541,19.944044733219,640.035899999552</coordinates></Point><Point><coordinates>73.538017442736,19.943983971204,640.035899999552</coordinates></Point><Point><coordinates>73.537946553748,19.943923407774,640.035899999552</coordinates></Point><Point><coordinates>73.537875315192,19.943863212414,640.035900000483</coordinates></Point><Point><coordinates>73.537803575331,19.943803552079,640.035899999552</coordinates></Point><Point><coordinates>73.537731189077,19.943744594351,640.035899999552</coordinates></Point><Point><coordinates>73.537659104605,19.943685334227,640.035900000483</coordinates></Point><Point><coordinates>73.537620700110,19.943604390782,640.035899999552</coordinates></Point><Point><coordinates>73.537611798096,19.943514542196,640.035900000483</coordinates></Point><Point><coordinates>73.537613221365,19.943424233880,640.035899998620</coordinates></Point><Point><coordinates>73.537621795179,19.943334276662,640.035900000483</coordinates></Point><Point><coordinates>73.537636845276,19.943245079418,640.035899999552</coordinates></Point><Point><coordinates>73.537657632780,19.943156915434,640.035900001414</coordinates></Point><Point><coordinates>73.537683429592,19.943069939986,640.035899997689</coordinates></Point><Point><coordinates>73.537713541942,19.942984211333,640.035899999552</coordinates></Point><Point><coordinates>73.537747343315,19.942899719365,640.035899999552</coordinates></Point><Point><coordinates>73.537784282834,19.942816408826,640.035900000483</coordinates></Point><Point><coordinates>73.537823855013,19.942734185199,640.035899999552</coordinates></Point><Point><coordinates>73.539299653116,19.944864729144,640.035899999552</coordinates></Point><Point><coordinates>73.539992717505,19.944718671588,640.035899998620</coordinates></Point><Point><coordinates>73.539927762247,19.944732988674,640.035899999552</coordinates></Point><Point><coordinates>73.539834719717,19.944753496557,640.035899999552</coordinates></Point><Point><coordinates>73.539741677167,19.944774004390,640.035899999552</coordinates></Point><Point><coordinates>73.539648634596,19.944794512173,640.035899999552</coordinates></Point><Point><coordinates>73.539555373516,19.944814102287,640.035900000483</coordinates></Point><Point><coordinates>73.539462014585,19.944833281467,640.035899999552</coordinates></Point><Point><coordinates>73.539368655634,19.944852460596,640.035900000483</coordinates></Point><Point><coordinates>73.544584085464,19.946505203200,640.035899999552</coordinates></Point><Point><coordinates>73.544105071227,19.946524811000,640.035900000483</coordinates></Point><Point><coordinates>73.544200525293,19.946521027968,640.035899998620</coordinates></Point><Point><coordinates>73.544295979358,19.946517244885,640.035899999552</coordinates></Point><Point><coordinates>73.544391433423,19.946513461750,640.035899998620</coordinates></Point><Point><coordinates>73.544486887486,19.946509678564,640.035900000483</coordinates></Point><Point><coordinates>73.543990844596,19.946527607548,640.035900000483</coordinates></Point><Point><coordinates>73.543895733052,19.946519584279,640.035899999552</coordinates></Point><Point><coordinates>73.543802006227,19.946502265045,640.035899998620</coordinates></Point><Point><coordinates>73.543710336074,19.946476917625,640.035900000483</coordinates></Point><Point><coordinates>73.543621104425,19.946444698577,640.035900000483</coordinates></Point><Point><coordinates>73.543534501067,19.946406591887,640.035900000483</coordinates></Point><Point><coordinates>73.543450605945,19.946363399529,640.035899998620</coordinates></Point><Point><coordinates>73.543369431627,19.946315780120,640.035900000483</coordinates></Point><Point><coordinates>73.543290867174,19.946264390512,640.035899999552</coordinates></Point><Point><coordinates>73.543214662331,19.946209911939,640.035900000483</coordinates></Point><Point><coordinates>73.543140456509,19.946153015870,640.035900000483</coordinates></Point><Point><coordinates>73.543067809018,19.946094346570,640.035899999552</coordinates></Point><Point><coordinates>73.542996310822,19.946034427403,640.035900000483</coordinates></Point><Point><coordinates>73.542926343665,19.945972916687,640.035899999552</coordinates></Point><Point><coordinates>73.542858789611,19.945909044324,640.035899999552</coordinates></Point><Point><coordinates>73.542794620747,19.945842129619,640.035899999552</coordinates></Point><Point><coordinates>73.542734839729,19.945771679680,640.035899999552</coordinates></Point><Point><coordinates>73.542679110200,19.945698308612,640.035900000483</coordinates></Point><Point><coordinates>73.542625506459,19.945623527924,640.035899999552</coordinates></Point><Point><coordinates>73.542571971688,19.945548703071,640.035900000483</coordinates></Point><Point><coordinates>73.542516418212,19.945475212540,640.035899999552</coordinates></Point><Point><coordinates>73.542456749442,19.945404681216,640.035900000483</coordinates></Point><Point><coordinates>73.542390998646,19.945339191122,640.035899998620</coordinates></Point><Point><coordinates>73.542317777417,19.945281252491,640.035899999552</coordinates></Point><Point><coordinates>73.542238175942,19.945231356851,640.035899999552</coordinates></Point><Point><coordinates>73.542154748254,19.945187363167,640.035900000483</coordinates></Point><Point><coordinates>73.542069363741,19.945146842593,640.035899999552</coordinates></Point><Point><coordinates>73.541983395990,19.945107433564,640.035900000483</coordinates></Point><Point><coordinates>73.541897527667,19.945067831527,640.035899999552</coordinates></Point><Point><coordinates>73.541811919139,19.945027730029,640.035900000483</coordinates></Point><Point><coordinates>73.541726718602,19.944986859474,640.035900000483</coordinates></Point><Point><coordinates>73.541642084773,19.944944949986,640.035899999552</coordinates></Point><Point><coordinates>73.541558188699,19.944901735330,640.035899999552</coordinates></Point><Point><coordinates>73.541475214977,19.944856957645,640.035900001414</coordinates></Point><Point><coordinates>73.541393291094,19.944810483101,640.035899999552</coordinates></Point><Point><coordinates>73.541311770262,19.944763376544,640.035900000483</coordinates></Point><Point><coordinates>73.541229535465,19.944717397778,640.035899998620</coordinates></Point><Point><coordinates>73.541145608867,19.944674250528,640.035900000483</coordinates></Point><Point><coordinates>73.541059374730,19.944635397891,640.035900000483</coordinates></Point><Point><coordinates>73.540970490372,19.944602340877,640.035899999552</coordinates></Point><Point><coordinates>73.540878850106,19.944576938997,640.035900000483</coordinates></Point><Point><coordinates>73.540784792501,19.944561444489,640.035899999552</coordinates></Point><Point><coordinates>73.540689400156,19.944558097387,640.035899999552</coordinates></Point><Point><coordinates>73.540594288342,19.944566107081,640.035900000483</coordinates></Point><Point><coordinates>73.540500356567,19.944582473053,640.035899999552</coordinates></Point><Point><coordinates>73.540407673717,19.944604353267,640.035900000483</coordinates></Point><Point><coordinates>73.540315837588,19.944629246937,640.035900000483</coordinates></Point><Point><coordinates>73.540224264222,19.944654997460,640.035899999552</coordinates></Point><Point><coordinates>73.540132716303,19.944680828885,640.035899999552</coordinates></Point><Point><coordinates>73.540041184776,19.944706712334,640.035899999552</coordinates></Point><Point><coordinates>73.549515537082,19.948884964982,640.035899999552</coordinates></Point><Point><coordinates>73.549434911674,19.948836496891,640.035900001414</coordinates></Point><Point><coordinates>73.549354332261,19.948787959756,640.035899999552</coordinates></Point><Point><coordinates>73.549273805785,19.948739344173,640.035900000483</coordinates></Point><Point><coordinates>73.549193340193,19.948690638588,640.035899999552</coordinates></Point><Point><coordinates>73.549112945179,19.948641828974,640.035900000483</coordinates></Point><Point><coordinates>73.549032632710,19.948592898093,640.035899999552</coordinates></Point><Point><coordinates>73.548952417418,19.948543824264,640.035899999552</coordinates></Point><Point><coordinates>73.548872318939,19.948494580699,640.035899999552</coordinates></Point><Point><coordinates>73.548792361926,19.948445132454,640.035900000483</coordinates></Point><Point><coordinates>73.548712578931,19.948395433620,640.035899998620</coordinates></Point><Point><coordinates>73.548633014424,19.948345422705,640.035899999552</coordinates></Point><Point><coordinates>73.548553730637,19.948295014920,640.035899999552</coordinates></Point><Point><coordinates>73.548474817765,19.948244089658,640.035900000483</coordinates></Point><Point><coordinates>73.548396412076,19.948192469184,640.035899999552</coordinates></Point><Point><coordinates>73.548318729137,19.948139881002,640.035899999552</coordinates></Point><Point><coordinates>73.548242129165,19.948085893465,640.035900000483</coordinates></Point><Point><coordinates>73.548167231263,19.948029815879,640.035900000483</coordinates></Point><Point><coordinates>73.548095036782,19.947970661832,640.035900001414</coordinates></Point><Point><coordinates>73.548026535247,19.947907706136,640.035899999552</coordinates></Point><Point><coordinates>73.547962085354,19.947841038541,640.035899999552</coordinates></Point><Point><coordinates>73.547902689408,19.947770306636,640.035899999552</coordinates></Point><Point><coordinates>73.547849623148,19.947695238060,640.035899999552</coordinates></Point><Point><coordinates>73.547804059289,19.947615871657,640.035899999552</coordinates></Point><Point><coordinates>73.547766707719,19.947532757416,640.035899999552</coordinates></Point><Point><coordinates>73.547737328994,19.947446818890,640.035900001414</coordinates></Point><Point><coordinates>73.547714375950,19.947359137111,640.035899999552</coordinates></Point><Point><coordinates>73.547695807208,19.947270523611,640.035899999552</coordinates></Point><Point><coordinates>73.547679314453,19.947181537080,640.035899999552</coordinates></Point><Point><coordinates>73.547661109908,19.947092861383,640.035899999552</coordinates></Point><Point><coordinates>73.547632701553,19.947006740882,640.035899999552</coordinates></Point><Point><coordinates>73.547577554147,19.946933977383,640.035900001414</coordinates></Point><Point><coordinates>73.547493703489,19.946891864012,640.035899998620</coordinates></Point><Point><coordinates>73.547400198538,19.946874170731,640.035899999552</coordinates></Point><Point><coordinates>73.547304768314,19.946871354851,640.035899999552</coordinates></Point><Point><coordinates>73.547209415058,19.946876735945,640.035900000483</coordinates></Point><Point><coordinates>73.547114314034,19.946885360755,640.035899999552</coordinates></Point><Point><coordinates>73.547020065596,19.946882577928,640.035899999552</coordinates></Point><Point><coordinates>73.546945209824,19.946826592045,640.035900000483</coordinates></Point><Point><coordinates>73.546869004727,19.946772100657,640.035899998620</coordinates></Point><Point><coordinates>73.546791850133,19.946718824961,640.035899999552</coordinates></Point><Point><coordinates>73.546714287539,19.946666075531,640.035899999552</coordinates></Point><Point><coordinates>73.546641308276,19.946608178296,640.035900000483</coordinates></Point><Point><coordinates>73.546581126311,19.946538021809,640.035899999552</coordinates></Point><Point><coordinates>73.546521607532,19.946467352656,640.035900000483</coordinates></Point><Point><coordinates>73.546462399668,19.946396450865,640.035899999552</coordinates></Point><Point><coordinates>73.546403660663,19.946325200547,640.035899999552</coordinates></Point><Point><coordinates>73.546345699496,19.946253385045,640.035899999552</coordinates></Point><Point><coordinates>73.546288380221,19.946181109914,640.035899999552</coordinates></Point><Point><coordinates>73.546229320797,19.946110112496,640.035899999552</coordinates></Point><Point><coordinates>73.546163258048,19.946044975540,640.035899999552</coordinates></Point><Point><coordinates>73.546083721317,19.945995537130,640.035900000483</coordinates></Point><Point><coordinates>73.545991667118,19.945972918128,640.035899998620</coordinates></Point><Point><coordinates>73.545896328907,19.945974582360,640.035899999552</coordinates></Point><Point><coordinates>73.545802483383,19.945991174008,640.035899999552</coordinates></Point><Point><coordinates>73.545710951122,19.946016959974,640.035899999552</coordinates></Point><Point><coordinates>73.545621652259,19.946049028486,640.035899998620</coordinates></Point><Point><coordinates>73.545534362521,19.946085725244,640.035899999552</coordinates></Point><Point><coordinates>73.545448646872,19.946125616808,640.035900000483</coordinates></Point><Point><coordinates>73.545363480660,19.946166553474,640.035899999552</coordinates></Point><Point><coordinates>73.545278173592,19.946207226190,640.035899999552</coordinates></Point><Point><coordinates>73.545192475472,19.946247156972,640.035899999552</coordinates></Point><Point><coordinates>73.545106339923,19.946286237305,640.035899999552</coordinates></Point><Point><coordinates>73.545019791378,19.946324494219,640.035900000483</coordinates></Point><Point><coordinates>73.544932874589,19.946361996150,640.035899999552</coordinates></Point><Point><coordinates>73.544845633780,19.946398819602,640.035900000483</coordinates></Point><Point><coordinates>73.544758109199,19.946435036244,640.035899998620</coordinates></Point><Point><coordinates>73.544670335390,19.946470709720,640.035900000483</coordinates></Point><Point><coordinates>73.549494740937,19.949129286606,640.035899998620</coordinates></Point><Point><coordinates>73.549414073269,19.949080880464,640.035900000483</coordinates></Point><Point><coordinates>73.549333436037,19.949032429045,640.035900000483</coordinates></Point><Point><coordinates>73.549252843444,19.948983911304,640.035899999552</coordinates></Point><Point><coordinates>73.549172301892,19.948935317881,640.035899999552</coordinates></Point><Point><coordinates>73.549091818763,19.948886638027,640.035899999552</coordinates></Point><Point><coordinates>73.549011402603,19.948837859358,640.035899999552</coordinates></Point><Point><coordinates>73.548931065777,19.948788963987,640.035900000483</coordinates></Point><Point><coordinates>73.548850821089,19.948739933568,640.035899998620</coordinates></Point><Point><coordinates>73.548770686123,19.948690743006,640.035899999552</coordinates></Point><Point><coordinates>73.548690684529,19.948641358771,640.035899998620</coordinates></Point><Point><coordinates>73.548610844609,19.948591741207,640.035899999552</coordinates></Point><Point><coordinates>73.548531205279,19.948541836313,640.035900000483</coordinates></Point><Point><coordinates>73.548451821223,19.948491569179,640.035899999552</coordinates></Point><Point><coordinates>73.548372769665,19.948440835859,640.035900000483</coordinates></Point><Point><coordinates>73.548294163600,19.948389487659,640.035900000483</coordinates></Point><Point><coordinates>73.548216167525,19.948337314923,640.035899998620</coordinates></Point><Point><coordinates>73.548139053172,19.948283984330,640.035899999552</coordinates></Point><Point><coordinates>73.548063234281,19.948229020441,640.035899999552</coordinates></Point><Point><coordinates>73.547989382786,19.948171716231,640.035899999552</coordinates></Point><Point><coordinates>73.547918341001,19.948111325096,640.035899999552</coordinates></Point><Point><coordinates>73.547850668211,19.948047567914,640.035899998620</coordinates></Point><Point><coordinates>73.547786592549,19.947980573314,640.035899999552</coordinates></Point><Point><coordinates>73.547726863741,19.947910083440,640.035900001414</coordinates></Point><Point><coordinates>73.547672283985,19.947835958876,640.035900000483</coordinates></Point><Point><coordinates>73.547623626533,19.947758238042,640.035899999552</coordinates></Point><Point><coordinates>73.547581461178,19.947677198015,640.035899999552</coordinates></Point><Point><coordinates>73.547546032933,19.947593321648,640.035899999552</coordinates></Point><Point><coordinates>73.547517123844,19.947507233605,640.035899999552</coordinates></Point><Point><coordinates>73.547493722241,19.947419655128,640.035899997689</coordinates></Point><Point><coordinates>73.547474491188,19.947331167942,640.035900000483</coordinates></Point><Point><coordinates>73.547457735389,19.947242227546,640.035899999552</coordinates></Point><Point><coordinates>73.547440431826,19.947153385193,640.035899999552</coordinates></Point><Point><coordinates>73.547390131724,19.947091372083,640.035899998620</coordinates></Point><Point><coordinates>73.547294769197,19.947088630789,640.035899999552</coordinates></Point><Point><coordinates>73.547199501320,19.947095289069,640.035900000483</coordinates></Point><Point><coordinates>73.547104400730,19.947103917906,640.035900000483</coordinates></Point><Point><coordinates>73.547009065065,19.947103343761,640.035900000483</coordinates></Point><Point><coordinates>73.546918201788,19.947076817888,640.035900000483</coordinates></Point><Point><coordinates>73.546840016136,19.947025324776,640.035899999552</coordinates></Point><Point><coordinates>73.546765105162,19.946969282369,640.035899999552</coordinates></Point><Point><coordinates>73.546688240293,19.946915630836,640.035899999552</coordinates></Point><Point><coordinates>73.546610805848,19.946862715592,640.035899999552</coordinates></Point><Point><coordinates>73.546533678609,19.946809413123,640.035900000483</coordinates></Point><Point><coordinates>73.546464988815,19.946746842360,640.035899999552</coordinates></Point><Point><coordinates>73.546404800949,19.946676688470,640.035900000483</coordinates></Point><Point><coordinates>73.546345270938,19.946606028765,640.035899999552</coordinates></Point><Point><coordinates>73.546286046098,19.946535140228,640.035899999552</coordinates></Point><Point><coordinates>73.546227269132,19.946463919297,640.035900000483</coordinates></Point><Point><coordinates>73.546169202674,19.946392179680,640.035899999552</coordinates></Point><Point><coordinates>73.546111881007,19.946319905763,640.035900000483</coordinates></Point><Point><coordinates>73.546053020478,19.946248760404,640.035900000483</coordinates></Point><Point><coordinates>73.545981494423,19.946190629206,640.035899999552</coordinates></Point><Point><coordinates>73.545886711867,19.946195439122,640.035900000483</coordinates></Point><Point><coordinates>73.545794573028,19.946219108798,640.035899999552</coordinates></Point><Point><coordinates>73.545705213421,19.946251008705,640.035899999552</coordinates></Point><Point><coordinates>73.545618143080,19.946288165711,640.035900000483</coordinates></Point><Point><coordinates>73.545532627918,19.946328443579,640.035900000483</coordinates></Point><Point><coordinates>73.545447467927,19.946369392406,640.035899999552</coordinates></Point><Point><coordinates>73.545362084595,19.946409922698,640.035899999552</coordinates></Point><Point><coordinates>73.545276299821,19.946449687526,640.035899999552</coordinates></Point><Point><coordinates>73.545190087033,19.946488615875,640.035899998620</coordinates></Point><Point><coordinates>73.545103479763,19.946526753321,640.035899999552</coordinates></Point><Point><coordinates>73.545016520365,19.946564167631,640.035899999552</coordinates></Point><Point><coordinates>73.544929246664,19.946600921960,640.035899999552</coordinates></Point><Point><coordinates>73.544841696756,19.946637084282,640.035899999552</coordinates></Point><Point><coordinates>73.544753904863,19.946672718286,640.035899999552</coordinates></Point><Point><coordinates>73.544665899264,19.946707877891,640.035899999552</coordinates></Point><Point><coordinates>73.544573188081,19.946723268120,640.035900000483</coordinates></Point><Point><coordinates>73.544477733887,19.946727051345,640.035899998620</coordinates></Point><Point><coordinates>73.544382279693,19.946730834518,640.035899999552</coordinates></Point><Point><coordinates>73.544286825498,19.946734617640,640.035900001414</coordinates></Point><Point><coordinates>73.544191371302,19.946738400710,640.035899999552</coordinates></Point><Point><coordinates>73.544088033208,19.946742700297,640.035900000483</coordinates></Point><Point><coordinates>73.543992544003,19.946744557145,640.035899999552</coordinates></Point><Point><coordinates>73.543897263114,19.946738351804,640.035899999552</coordinates></Point><Point><coordinates>73.543802886880,19.946724470667,640.035899999552</coordinates></Point><Point><coordinates>73.543709958257,19.946703594037,640.035899999552</coordinates></Point><Point><coordinates>73.543618864883,19.946676419030,640.035899999552</coordinates></Point><Point><coordinates>73.543529862306,19.946643621243,640.035899999552</coordinates></Point><Point><coordinates>73.543443113270,19.946605802001,640.035899998620</coordinates></Point><Point><coordinates>73.543358707251,19.946563502933,640.035899999552</coordinates></Point><Point><coordinates>73.543276694426,19.946517182066,640.035899999552</coordinates></Point><Point><coordinates>73.543197052831,19.946467295404,640.035899999552</coordinates></Point><Point><coordinates>73.543119659419,19.946414336179,640.035900001414</coordinates></Point><Point><coordinates>73.543044291905,19.946358823066,640.035899999552</coordinates></Point><Point><coordinates>73.542970646660,19.946301277869,640.035899999552</coordinates></Point><Point><coordinates>73.542898341793,19.946242230530,640.035899999552</coordinates></Point><Point><coordinates>73.542827122927,19.946182014883,640.035899999552</coordinates></Point><Point><coordinates>73.542757500222,19.946120155467,640.035899998620</coordinates></Point><Point><coordinates>73.542690197625,19.946056044723,640.035899999552</coordinates></Point><Point><coordinates>73.542625951612,19.945989192676,640.035900001414</coordinates></Point><Point><coordinates>73.542565496740,19.945919254069,640.035900000483</coordinates></Point><Point><coordinates>73.542508879795,19.945846494022,640.035899999552</coordinates></Point><Point><coordinates>73.542454784332,19.945772032091,640.035899999552</coordinates></Point><Point><coordinates>73.542401463478,19.945697070150,640.035899999552</coordinates></Point><Point><coordinates>73.542346782475,19.945622994611,640.035900000483</coordinates></Point><Point><coordinates>73.542288062491,19.945551758536,640.035899999552</coordinates></Point><Point><coordinates>73.542221923436,19.945486662339,640.035899998620</coordinates></Point><Point><coordinates>73.542145728342,19.945432321567,640.035899998620</coordinates></Point><Point><coordinates>73.542063206059,19.945386852221,640.035900000483</coordinates></Point><Point><coordinates>73.541978023756,19.945345956761,640.035900000483</coordinates></Point><Point><coordinates>73.541892068156,19.945306523820,640.035900000483</coordinates></Point><Point><coordinates>73.541806180285,19.945266959224,640.035900000483</coordinates></Point><Point><coordinates>73.541720532101,19.945226933055,640.035899999552</coordinates></Point><Point><coordinates>73.541635264616,19.945186187094,640.035900000483</coordinates></Point><Point><coordinates>73.541550522887,19.945144472516,640.035900000483</coordinates></Point><Point><coordinates>73.541466459462,19.945101549053,640.035900000483</coordinates></Point><Point><coordinates>73.541383236561,19.945057186042,640.035900000483</coordinates></Point><Point><coordinates>73.541301014105,19.945011185757,640.035900000483</coordinates></Point><Point><coordinates>73.541219484152,19.944964093071,640.035899999552</coordinates></Point><Point><coordinates>73.541137586872,19.944917576518,640.035899999552</coordinates></Point><Point><coordinates>73.541054126278,19.944873628333,640.035900000483</coordinates></Point><Point><coordinates>73.540968131381,19.944834314304,640.035899999552</coordinates></Point><Point><coordinates>73.540878957166,19.944802004592,640.035900000483</coordinates></Point><Point><coordinates>73.540786292506,19.944780371818,640.035899999552</coordinates></Point><Point><coordinates>73.540691098846,19.944774998218,640.035899998620</coordinates></Point><Point><coordinates>73.540596265639,19.944785365240,640.035900000483</coordinates></Point><Point><coordinates>73.540502986206,19.944804792409,640.035899999552</coordinates></Point><Point><coordinates>73.540410895491,19.944828820885,640.035899999552</coordinates></Point><Point><coordinates>73.540319289215,19.944854466706,640.035899999552</coordinates></Point><Point><coordinates>73.540227734444,19.944880276885,640.035899999552</coordinates></Point><Point><coordinates>73.540136198280,19.944906146027,640.035899999552</coordinates></Point><Point><coordinates>73.540043988263,19.944929619984,640.035899999552</coordinates></Point><Point><coordinates>73.539950968014,19.944950218530,640.035899999552</coordinates></Point><Point><coordinates>73.539857947744,19.944970817025,640.035900000483</coordinates></Point><Point><coordinates>73.539764927453,19.944991415471,640.035900000483</coordinates></Point><Point><coordinates>73.540596265639,19.944785365240,640.035900000483</coordinates></Point><Point><coordinates>73.540502986206,19.944804792409,640.035899999552</coordinates></Point><Point><coordinates>73.540410895491,19.944828820885,640.035899999552</coordinates></Point><Point><coordinates>73.540319289215,19.944854466706,640.035899999552</coordinates></Point><Point><coordinates>73.540227734444,19.944880276885,640.035899999552</coordinates></Point><Point><coordinates>73.540136198280,19.944906146027,640.035899999552</coordinates></Point><Point><coordinates>73.540043988263,19.944929619984,640.035899999552</coordinates></Point><Point><coordinates>73.539950968014,19.944950218530,640.035899999552</coordinates></Point><Point><coordinates>73.539857947744,19.944970817025,640.035900000483</coordinates></Point><Point><coordinates>73.539764927453,19.944991415471,640.035900000483</coordinates></Point><Point><coordinates>73.539647062777,19.945017142984,640.035899999552</coordinates></Point><Point><coordinates>73.539553703732,19.945036322205,640.035900000483</coordinates></Point><Point><coordinates>73.539460344667,19.945055501375,640.035899999552</coordinates></Point><Point><coordinates>73.539359803671,19.945076045082,640.035900000483</coordinates></Point><Point><coordinates>73.539264724813,19.945079512937,640.035900001414</coordinates></Point><Point><coordinates>73.539173274841,19.945054443516,640.035899999552</coordinates></Point><Point><coordinates>73.539086381623,19.945016943972,640.035900000483</coordinates></Point><Point><coordinates>73.539001431728,19.944975614848,640.035900000483</coordinates></Point><Point><coordinates>73.538917550246,19.944932379987,640.035900000483</coordinates></Point><Point><coordinates>73.538835248545,19.944887059774,639.989588882774</coordinates></Point><Point><coordinates>73.538833770765,19.944886211172,629.992798692547</coordinates></Point><Point><coordinates>73.538833106896,19.944885827319,619.993196507916</coordinates></Point><Point><coordinates>73.538832552329,19.944885505901,609.993437320925</coordinates></Point><Point><coordinates>73.538832050218,19.944885214450,599.993683983572</coordinates></Point><Point><coordinates>73.538831579981,19.944884941209,589.993897979148</coordinates></Point><Point><coordinates>73.538831131537,19.944884680421,579.994090379216</coordinates></Point><Point><coordinates>73.538830699105,19.944884428783,569.994267294184</coordinates></Point><Point><coordinates>73.538830279024,19.944884184202,559.994432703592</coordinates></Point><Point><coordinates>73.538829868814,19.944883945263,549.994588988833</coordinates></Point><Point><coordinates>73.538829466705,19.944883710954,539.994737914764</coordinates></Point><Point><coordinates>73.538829071388,19.944883480527,529.994880743325</coordinates></Point><Point><coordinates>73.538828681862,19.944883253409,519.995018416084</coordinates></Point><Point><coordinates>73.538828297342,19.944883029154,509.995151648298</coordinates></Point><Point><coordinates>73.538827917202,19.944882807402,499.995281007141</coordinates></Point><Point><coordinates>73.538827540933,19.944882587862,489.995406938717</coordinates></Point><Point><coordinates>73.538827168112,19.944882370294,479.995529809036</coordinates></Point><Point><coordinates>73.538826798386,19.944882154496,469.995609806851</coordinates></Point><Point><coordinates>73.538826431460,19.944881940298,459.995733505115</coordinates></Point><Point><coordinates>73.538826067079,19.944881727555,449.995854065754</coordinates></Point><Point><coordinates>73.538825705022,19.944881516141,439.995971784927</coordinates></Point><Point><coordinates>73.538825345098,19.944881305946,429.996086918749</coordinates></Point><Point><coordinates>73.538824987142,19.944881096877,419.996199604124</coordinates></Point><Point><coordinates>73.538824631006,19.944880888848,409.996310248971</coordinates></Point><Point><coordinates>73.538824276560,19.944880681786,399.996418899857</coordinates></Point><Point><coordinates>73.538823923688,19.944880475623,389.996525715105</coordinates></Point><Point><coordinates>73.538823572287,19.944880270302,379.996630837210</coordinates></Point><Point><coordinates>73.538823222263,19.944880065769,369.996734388173</coordinates></Point><Point><coordinates>73.538822873533,19.944879861975,359.996836481616</coordinates></Point><Point><coordinates>73.538822526020,19.944879658878,349.996937219054</coordinates></Point><Point><coordinates>73.538822179656,19.944879456437,339.997036689893</coordinates></Point><Point><coordinates>73.538821834376,19.944879254616,329.997134974227</coordinates></Point><Point><coordinates>73.538821490124,19.944879053384,319.997232147493</coordinates></Point><Point><coordinates>73.538821146847,19.944878852708,309.997328273952</coordinates></Point><Point><coordinates>73.538820804495,19.944878652562,299.997423416935</coordinates></Point><Point><coordinates>73.538820463023,19.944878452920,289.997517631389</coordinates></Point><Point><coordinates>73.538820122391,19.944878253758,279.997610966675</coordinates></Point><Point><coordinates>73.538819782560,19.944878055053,269.997703474015</coordinates></Point><Point><coordinates>73.538819443494,19.944877856786,259.997795193456</coordinates></Point><Point><coordinates>73.538819105159,19.944877658938,249.997886165045</coordinates></Point><Point><coordinates>73.538818767525,19.944877461491,239.997976426967</coordinates></Point><Point><coordinates>73.538818430562,19.944877264427,229.998066014610</coordinates></Point><Point><coordinates>73.538818094410,19.944877067830,220.003078806214</coordinates></Point><Point><coordinates>73.538817758546,19.944876871392,209.998243295588</coordinates></Point><Point><coordinates>73.538817423442,19.944876675393,199.998331049457</coordinates></Point><Point><coordinates>73.538817088911,19.944876479720,189.998374966905</coordinates></Point><Point><coordinates>73.538816754933,19.944876284364,179.998468119651</coordinates></Point><Point><coordinates>73.538816421487,19.944876089312,169.998560089618</coordinates></Point><Point><coordinates>73.538816088554,19.944875894554,159.998650844209</coordinates></Point><Point><coordinates>73.538815756228,19.944875700144,150.002082157880</coordinates></Point><Point><coordinates>73.538815424159,19.944875505879,139.998829472810</coordinates></Point><Point><coordinates>73.538815092663,19.944875311943,129.998917335645</coordinates></Point><Point><coordinates>73.538814761616,19.944875118264,119.999004311860</coordinates></Point><Point><coordinates>73.538814431003,19.944874924833,109.999090461061</coordinates></Point><Point><coordinates>73.538814100809,19.944874731642,99.999175841920</coordinates></Point><Point><coordinates>73.538813771023,19.944874538684,89.999260515906</coordinates></Point><Point><coordinates>73.538813441632,19.944874345952,79.999344536103</coordinates></Point><Point><coordinates>73.538813112624,19.944874153440,69.999427961186</coordinates></Point><Point><coordinates>73.538812783989,19.944873961140,59.999510848895</coordinates></Point><Point><coordinates>73.538812455715,19.944873769048,49.999593256041</coordinates></Point><Point><coordinates>73.538812127822,19.944873577173,40.000572920777</coordinates></Point><Point><coordinates>73.538811800211,19.944873385460,29.999756844714</coordinates></Point><Point><coordinates>73.538811472963,19.944873193954,19.999838137999</coordinates></Point><Point><coordinates>73.538811146038,19.944873002633,9.999919146299</coordinates></Point><Point><coordinates>73.538782068884,19.944855949958,640.035899998620</coordinates></Point><Point><coordinates>73.538702114496,19.944806507287,640.035900000483</coordinates></Point><Point><coordinates>73.538623689520,19.944754919360,640.035900000483</coordinates></Point><Point><coordinates>73.538546691114,19.944701443437,640.035899999552</coordinates></Point><Point><coordinates>73.538471003921,19.944646318307,640.035899998620</coordinates></Point><Point><coordinates>73.538396494422,19.944589776073,640.035899999552</coordinates></Point><Point><coordinates>73.538323018856,19.944532036087,640.035899999552</coordinates></Point><Point><coordinates>73.538250423894,19.944473308085,640.035899999552</coordinates></Point><Point><coordinates>73.538178549237,19.944413792791,640.035899998620</coordinates></Point><Point><coordinates>73.538107230102,19.944353682639,640.035899999552</coordinates></Point><Point><coordinates>73.538036297295,19.944293164952,640.035900000483</coordinates></Point><Point><coordinates>73.537965580358,19.944232421704,640.035899999552</coordinates></Point><Point><coordinates>73.537894913102,19.944171626782,640.035900000483</coordinates></Point><Point><coordinates>73.537824128413,19.944110954237,640.035899999552</coordinates></Point><Point><coordinates>73.537753060441,19.944050578703,640.035900000483</coordinates></Point><Point><coordinates>73.537681547648,19.943990674917,640.035899999552</coordinates></Point><Point><coordinates>73.537609432776,19.943931420383,640.035900001414</coordinates></Point><Point><coordinates>73.537536657453,19.943872892247,640.035899999552</coordinates></Point><Point><coordinates>73.537468896903,19.943809392461,640.035900000483</coordinates></Point><Point><coordinates>73.537421525675,19.943731322639,640.035899999552</coordinates></Point><Point><coordinates>73.537395386379,19.943644576565,640.035900001414</coordinates></Point><LineString><coordinates>73.537384449349,19.943560161670 73.537385895277,19.943578221791 73.537387524995,19.943594034745 73.537391216503,19.943621235578 73.537396229025,19.943648702101 73.537407670627,19.943693292143 73.537422064005,19.943732582708 73.537444958355,19.943776631974</coordinates></LineString><Point><coordinates>73.537384106787,19.943554929731,640.035899999552</coordinates></Point><Point><coordinates>73.537382222056,19.943473377399,640.035900000483</coordinates></Point><Point><coordinates>73.537386256833,19.943383132260,640.035899999552</coordinates></Point><Point><coordinates>73.537396223531,19.943293297690,640.035900000483</coordinates></Point><Point><coordinates>73.537411680351,19.943204158484,640.035900000483</coordinates></Point><Point><coordinates>73.537432139064,19.943115922992,640.035900000483</coordinates></Point><Point><coordinates>73.537457098610,19.943028727664,640.035899999552</coordinates></Point><Point><coordinates>73.537486058622,19.942942643820,640.035899999552</coordinates></Point><Point><coordinates>73.537518542539,19.942857690589,640.035899999552</coordinates></Point><Point><coordinates>73.537554107515,19.942773846876,640.035899999552</coordinates></Point><Point><coordinates>73.537592339809,19.942691058443,640.035900000483</coordinates></Point><Point><coordinates>73.537632852106,19.942609244543,640.035900001414</coordinates></Point><Point><coordinates>73.537675298650,19.942528311634,640.035899999552</coordinates></Point><Point><coordinates>73.537719359676,19.942448153459,640.035899999552</coordinates></Point><Point><coordinates>73.537764729651,19.942368650493,640.035899999552</coordinates></Point><Point><coordinates>73.537811123218,19.942289677195,640.035900000483</coordinates></Point><Point><coordinates>73.537858269679,19.942211103400,640.035899999552</coordinates></Point><Point><coordinates>73.537905900161,19.942132790929,640.035899999552</coordinates></Point><Point><coordinates>73.537953744987,19.942054595329,640.035900000483</coordinates></Point><Point><coordinates>73.538001531222,19.941976367735,640.035900001414</coordinates></Point><Point><coordinates>73.538048869750,19.941897897515,640.035900000483</coordinates></Point><Point><coordinates>73.538094754355,19.941818661011,640.035900000483</coordinates></Point><Point><coordinates>73.538137902029,19.941738065347,640.035900000483</coordinates></Point><Point><coordinates>73.538176858978,19.941655590158,640.035900000483</coordinates></Point><Point><coordinates>73.538209764332,19.941570802065,640.035899998620</coordinates></Point><Point><coordinates>73.538234325276,19.941483539478,640.035900000483</coordinates></Point><Point><coordinates>73.538247887051,19.941394178411,640.035900000483</coordinates></Point><Point><coordinates>73.538249419516,19.941303896559,640.035899998620</coordinates></Point><Point><coordinates>73.538242124426,19.941213838746,640.035899999552</coordinates></Point><Point><coordinates>73.538229756891,19.941124262183,640.035899999552</coordinates></Point><Point><coordinates>73.538215804508,19.941034889575,640.035899999552</coordinates></Point><Point><coordinates>73.538203636726,19.940945289250,640.035899999552</coordinates></Point><Point><coordinates>73.538196755086,19.940855203492,640.035900001414</coordinates></Point><Point><coordinates>73.538197150666,19.940764881895,640.035900000483</coordinates></Point><Point><coordinates>73.538203369434,19.940674741940,640.035900000483</coordinates></Point><Point><coordinates>73.538213428081,19.940584906181,640.035899999552</coordinates></Point><Point><coordinates>73.538225365444,19.940495273235,640.035900000483</coordinates></Point><Point><coordinates>73.538237251903,19.940405634325,640.035900000483</coordinates></Point><Point><coordinates>73.538247212915,19.940315788816,640.035899999552</coordinates></Point><Point><coordinates>73.538253436460,19.940225648328,640.035899999552</coordinates></Point><Point><coordinates>73.538254190804,19.940135326045,640.035899999552</coordinates></Point><Point><coordinates>56.037822465955,9.793703312906,0.000000000000</coordinates></Point><LineString><coordinates>73.548158090477,19.946411672540 73.547872627394,19.946758964537 73.547644640721,19.947036311215</coordinates></LineString><LinearRing><coordinates>73.548166123176,19.946411738215 73.548160506664,19.946418916871 73.548151551063,19.946416084108 73.548151632710,19.946407154708 73.548160638770,19.946404468799 73.548166123176,19.946411738215</coordinates></LinearRing><LinearRing><coordinates>73.547652027303,19.947036371630 73.547646862537,19.947042972822 73.547638627296,19.947040367900 73.547638702404,19.947032156777 73.547646984063,19.947029686947 73.547652027303,19.947036371630</coordinates></LinearRing><Point><coordinates>54.908656794908,30.302415462093,0.000000000931</coordinates></Point><Point><coordinates>80.055734250850,0.821737018849,640.035899999552</coordinates></Point><LineString><coordinates>73.544752268518,19.946055255137 73.545005346861,19.945933923579</coordinates></LineString><LineString><coordinates>73.538230563212,19.942707518644 73.538150081751,19.942849689140</coordinates></LineString><LineString><coordinates>73.545035588385,19.945990327586 73.545065181830,19.946045522906 73.545101687639,19.946113610557</coordinates></LineString><LineString><coordinates>73.544975105517,19.945877519610 73.544909006424,19.945754236613</coordinates></LineString><LineString><coordinates>73.542117714871,19.944686676318 73.542197573431,19.944570905933</coordinates></LineString><LineString><coordinates>73.541964781925,19.944908381513 73.542044640713,19.944792611213</coordinates></LineString><LineString><coordinates>73.540473920649,19.944134131314 73.540456402246,19.943996905553</coordinates></LineString><LineString><coordinates>73.540507469089,19.944396923653 73.540489950610,19.944259697621</coordinates></LineString><LineString><coordinates>73.538387987891,19.943525892428 73.538512163677,19.943452974847</coordinates></LineString><LineString><coordinates>73.538274362895,19.943592614315 73.538273145484,19.943593329192 73.538150186901,19.943665531715</coordinates></LineString><LineString><coordinates>73.539005001705,19.940311305923 73.539006265088,19.940311945462 73.539062696215,19.940340511497 73.539132603461,19.940375899248 73.539133866845,19.940376538785</coordinates></LineString><LineString><coordinates>73.538887085988,19.940251615646 73.538885822605,19.940250976107 73.538829391545,19.940222410020 73.538759484334,19.940187022187 73.538758220953,19.940186382648</coordinates></LineString><LineString><coordinates>73.538171604647,19.942677673219 73.538170341249,19.942677033674 73.538113909528,19.942648467334 73.538044001547,19.942613079128 73.538042738150,19.942612439582</coordinates></LineString><LineString><coordinates>73.538289521791,19.942737364067 73.538290785190,19.942738003611 73.538347217012,19.942766569897 73.538417125109,19.942801957978 73.538418388508,19.942802597522</coordinates></LineString><Point><coordinates>70.511256115613,0.000000000000,0.000000000931</coordinates></Point><LineString><coordinates>73.540481935627,19.944196914468 73.540705759034,19.944202468966 73.540927780513,19.944259581228 73.541099592425,19.944333234737</coordinates></LineString><Point><coordinates>73.542081176531,19.944739643144,100.000000000000</coordinates></Point><LineString><coordinates>73.542081176531,19.944739643144 73.542149593477,19.944781843814 73.542229611854,19.944831200560 73.542309630282,19.944880557273 73.542389648762,19.944929913953 73.542469667292,19.944979270599 73.542549685874,19.945028627212 73.542629704507,19.945077983792 73.542709723192,19.945127340339 73.542789741927,19.945176696853 73.542859780096,19.945236133804 73.542917125489,19.945308390552 73.542974470933,19.945380647284 73.543031816428,19.945452904000 73.543089161974,19.945525160700 73.543146507572,19.945597417384 73.543203853221,19.945669674053 73.543261198921,19.945741930706 73.543321642819,19.945811058196 73.543401662079,19.945860414486 73.543481681389,19.945909770743 73.543561700751,19.945959126967 73.543641720163,19.946008483158 73.543721739627,19.946057839315 73.543812627273,19.946083119282 73.543905672757,19.946103619014 73.543998718267,19.946124118698 73.544091763804,19.946144618335 73.544184809369,19.946165117925 73.544278814356,19.946168948692 73.544373663125,19.946158119286 73.544468511885,19.946147289828 73.544563360635,19.946136460319 73.544651176506,19.946103721018 73.544736388097,19.946062868590 73.544752268518,19.946055255137</coordinates></LineString><Point><coordinates>73.542149593477,19.944781843814,0.000000000000</coordinates></Point><Point><coordinates>73.544736388097,19.946062868590,0.000000000000</coordinates></Point><Point><coordinates>73.544651176506,19.946103721018,0.000000000000</coordinates></Point><Point><coordinates>73.544563360635,19.946136460319,0.000000000000</coordinates></Point><Point><coordinates>73.544468511885,19.946147289828,0.000000000000</coordinates></Point><Point><coordinates>73.544373663125,19.946158119286,0.000000000000</coordinates></Point><Point><coordinates>73.544278814356,19.946168948692,0.000000000000</coordinates></Point><Point><coordinates>73.544184809369,19.946165117925,0.000000000000</coordinates></Point><Point><coordinates>73.544091763804,19.946144618335,0.000000000000</coordinates></Point><Point><coordinates>73.543998718267,19.946124118698,0.000000000000</coordinates></Point><Point><coordinates>73.543905672757,19.946103619014,0.000000000000</coordinates></Point><Point><coordinates>73.543812627273,19.946083119282,-0.000000000931</coordinates></Point><Point><coordinates>73.543721739627,19.946057839315,0.000000000000</coordinates></Point><Point><coordinates>73.543641720163,19.946008483158,0.000000000000</coordinates></Point><Point><coordinates>73.543561700751,19.945959126967,0.000000000000</coordinates></Point><Point><coordinates>73.543481681389,19.945909770743,0.000000000000</coordinates></Point><Point><coordinates>73.543401662079,19.945860414486,0.000000000000</coordinates></Point><Point><coordinates>73.543321642819,19.945811058196,0.000000000931</coordinates></Point><Point><coordinates>73.543261198921,19.945741930706,-0.000000000931</coordinates></Point><Point><coordinates>73.543203853221,19.945669674053,0.000000000000</coordinates></Point><Point><coordinates>73.543146507572,19.945597417384,0.000000000000</coordinates></Point><Point><coordinates>73.543089161974,19.945525160700,-0.000000000931</coordinates></Point><Point><coordinates>73.543031816428,19.945452904000,0.000000000000</coordinates></Point><Point><coordinates>73.542974470933,19.945380647284,0.000000000931</coordinates></Point><Point><coordinates>73.542917125489,19.945308390552,0.000000000000</coordinates></Point><Point><coordinates>73.542859780096,19.945236133804,0.000000000931</coordinates></Point><Point><coordinates>73.542789741927,19.945176696853,0.000000000000</coordinates></Point><Point><coordinates>73.542709723192,19.945127340339,0.000000000000</coordinates></Point><Point><coordinates>73.542629704507,19.945077983792,0.000000000931</coordinates></Point><Point><coordinates>73.542549685874,19.945028627212,0.000000000000</coordinates></Point><Point><coordinates>73.542469667292,19.944979270599,0.000000000000</coordinates></Point><Point><coordinates>73.542389648762,19.944929913953,-0.000000000931</coordinates></Point><Point><coordinates>73.542309630282,19.944880557273,-0.000000000931</coordinates></Point><Point><coordinates>73.542229611854,19.944831200560,0.000000000000</coordinates></Point><Point><coordinates>73.546987470934,19.946114175832,640.035900000483</coordinates></Point><Point><coordinates>73.546927525801,19.946165010568,640.035900000483</coordinates></Point><Point><coordinates>73.546879136070,19.946206045627,640.035900000483</coordinates></Point><Point><coordinates>73.547214563099,19.946282641254,640.035900000483</coordinates></Point><Point><coordinates>73.547176619579,19.946349797655,640.035900000483</coordinates></Point><Point><coordinates>73.547145990301,19.946404008190,640.035899999552</coordinates></Point><Point><coordinates>73.547832231212,19.946473706519,640.035900000483</coordinates></Point><Point><coordinates>73.547794287890,19.946540863064,640.035899999552</coordinates></Point><Point><coordinates>73.547763658707,19.946595073683,640.035900001414</coordinates></Point><Point><coordinates>73.548176755463,19.946729284074,640.035900000483</coordinates></Point><Point><coordinates>73.548116810377,19.946780119171,640.035899998620</coordinates></Point><Point><coordinates>73.548068420920,19.946821154698,640.035899999552</coordinates></Point><Point><coordinates>73.548408063544,19.947080873984,640.035900000483</coordinates></Point><Point><coordinates>73.548333346736,19.947109256182,640.035899999552</coordinates></Point><Point><coordinates>73.548273033150,19.947132167089,640.035899999552</coordinates></Point><Point><coordinates>73.548318336645,19.947335700316,640.035899999552</coordinates></Point><Point><coordinates>73.548378650386,19.947312789530,640.035899999552</coordinates></Point><Point><coordinates>73.548453367289,19.947284407332,640.035899999552</coordinates></Point><Point><coordinates>73.548605834721,19.947516157722,640.035899999552</coordinates></Point><Point><coordinates>73.548545889438,19.947566992944,640.035899999552</coordinates></Point><Point><coordinates>73.548497499726,19.947608028501,640.035899998620</coordinates></Point><Point><coordinates>73.548861749115,19.947878234705,640.035900000483</coordinates></Point><Point><coordinates>73.548880397318,19.947815136376,640.035899999552</coordinates></Point><Point><coordinates>73.548903498802,19.947736969787,640.035899999552</coordinates></Point><Point><coordinates>73.549036288207,19.947721805269,640.035899999552</coordinates></Point><Point><coordinates>73.549013186790,19.947799971881,640.035900000483</coordinates></Point><Point><coordinates>73.548994538639,19.947863070226,640.035899999552</coordinates></Point><Point><coordinates>73.549100708950,19.947941828688,640.035899999552</coordinates></Point><Point><coordinates>73.549161079209,19.947909680299,640.035899998620</coordinates></Point><Point><coordinates>73.549235866213,19.947869854653,640.035899999552</coordinates></Point><Point><coordinates>73.549251903332,19.947995420574,640.035900000483</coordinates></Point><Point><coordinates>73.549177116270,19.948035246223,640.035899999552</coordinates></Point><Point><coordinates>73.549116745965,19.948067394613,640.035900000483</coordinates></Point><Point><coordinates>73.549369610931,19.948254972345,640.035900001414</coordinates></Point><Point><coordinates>73.549400239881,19.948200761415,640.035900000483</coordinates></Point><Point><coordinates>73.549438182988,19.948133604520,640.035899999552</coordinates></Point><Point><coordinates>73.550121538915,19.948344977581,640.035899999552</coordinates></Point><Point><coordinates>73.550096885408,19.948416245226,640.035899999552</coordinates></Point><Point><coordinates>73.550076984342,19.948473774697,640.035899999552</coordinates></Point><Point><coordinates>73.550034508958,19.948596560929,640.035900000483</coordinates></Point><Point><coordinates>73.550014607867,19.948654090218,640.035899999552</coordinates></Point><Point><coordinates>73.549989954255,19.948725357840,640.035899999552</coordinates></Point><Point><coordinates>73.549235666541,19.948492044074,640.035899999552</coordinates></Point><Point><coordinates>73.549273609814,19.948424887230,640.035899999552</coordinates></Point><Point><coordinates>73.549304238696,19.948370676277,640.035900000483</coordinates></Point><Point><coordinates>73.549032420242,19.948169038494,640.035899999552</coordinates></Point><Point><coordinates>73.549013772072,19.948232136833,640.035899999552</coordinates></Point><Point><coordinates>73.548990670529,19.948310303435,640.035899999552</coordinates></Point><Point><coordinates>73.548857880622,19.948325467886,640.035899999552</coordinates></Point><Point><coordinates>73.548880982209,19.948247301309,640.035900000483</coordinates></Point><Point><coordinates>73.548899630460,19.948184202984,640.035900000483</coordinates></Point><Point><coordinates>73.548793460103,19.948105444400,640.035900000483</coordinates></Point><Point><coordinates>73.548733089702,19.948137592653,640.035899999552</coordinates></Point><Point><coordinates>73.548658302455,19.948177418071,640.035900000483</coordinates></Point><Point><coordinates>73.548777423345,19.947979878461,640.035899999552</coordinates></Point><Point><coordinates>73.548717052990,19.948012026712,640.035900000483</coordinates></Point><Point><coordinates>73.548642265801,19.948051852127,640.035899999552</coordinates></Point><Point><coordinates>73.548285885020,19.947787482552,640.035899999552</coordinates></Point><Point><coordinates>73.548345830479,19.947736647437,640.035900000483</coordinates></Point><Point><coordinates>73.548394220260,19.947695611921,640.035899999552</coordinates></Point><Point><coordinates>73.548189607306,19.947384599459,640.035899999552</coordinates></Point><Point><coordinates>73.548129293585,19.947407510298,640.035900000483</coordinates></Point><Point><coordinates>73.548054576556,19.947435892317,640.035899999552</coordinates></Point><Point><coordinates>73.548009273624,19.947232359659,640.035900000483</coordinates></Point><Point><coordinates>73.548083990558,19.947203977641,640.035899999552</coordinates></Point><Point><coordinates>73.548144304180,19.947181066787,640.035900000483</coordinates></Point><Point><coordinates>73.547965142122,19.946908738333,640.035900000483</coordinates></Point><Point><coordinates>73.547916752602,19.946949773825,640.035900000483</coordinates></Point><Point><coordinates>73.547856807341,19.947000608817,640.035899999552</coordinates></Point><Point><coordinates>73.547629713451,19.946832144117,640.035899999552</coordinates></Point><Point><coordinates>73.547667656914,19.946764987616,640.035899999552</coordinates></Point><Point><coordinates>73.547698286164,19.946710777018,640.035899999552</coordinates></Point><Point><coordinates>73.547080617347,19.946519711270,640.035899999552</coordinates></Point><Point><coordinates>73.547049988138,19.946573921827,640.035899998620</coordinates></Point><Point><coordinates>73.547012044460,19.946641078179,640.035899999552</coordinates></Point><Point><coordinates>73.546775856463,19.946293627906,640.035900000483</coordinates></Point><Point><coordinates>73.546727466923,19.946334663125,640.035899999552</coordinates></Point><Point><coordinates>73.546667521619,19.946385497751,640.035900001414</coordinates></Point><Point><coordinates>73.546399940540,19.945978763234,640.035899999552</coordinates></Point><Point><coordinates>73.546459885753,19.945927928680,640.035900000483</coordinates></Point><Point><coordinates>73.546508275547,19.945886893789,640.035899999552</coordinates></Point><Point><coordinates>73.546719889556,19.945707441917,640.035900000483</coordinates></Point><Point><coordinates>73.546659944504,19.945758276565,640.035900000483</coordinates></Point><Point><coordinates>73.546611554787,19.945799311503,640.035900000483</coordinates></Point><Point><coordinates>73.545617479167,19.945416094916,640.035900000483</coordinates></Point><Point><coordinates>73.545640866301,19.945488952669,640.035899998620</coordinates></Point><Point><coordinates>73.545659745360,19.945547765473,640.035900000483</coordinates></Point><Point><coordinates>73.544909665942,19.945755439762,640.035899999552</coordinates></Point><Point><coordinates>73.544945523608,19.945822318776,640.035899999552</coordinates></Point><Point><coordinates>73.544974468974,19.945876305445,640.035899999552</coordinates></Point><Point><coordinates>73.545036236416,19.945991536243,640.035900001414</coordinates></Point><Point><coordinates>73.545101039604,19.946112401902,640.035900001414</coordinates></Point><Point><coordinates>73.545065181827,19.946045522907,640.035900000483</coordinates></Point><Point><coordinates>73.545700039078,19.945673291501,640.035899999552</coordinates></Point><Point><coordinates>73.545742305107,19.945804962123,640.035899998620</coordinates></Point><Point><coordinates>73.545718917897,19.945732104380,640.035899999552</coordinates></Point><Point><coordinates>73.545975447100,19.945778341000,640.035899998620</coordinates></Point><Point><coordinates>73.546080680412,19.945856408181,640.035900000483</coordinates></Point><Point><coordinates>73.546214421630,19.945841136840,640.035900000483</coordinates></Point><Point><coordinates>73.546256172969,19.945699872628,640.035900000483</coordinates></Point><Point><coordinates>73.546122431873,19.945715144008,640.035899999552</coordinates></Point><Point><coordinates>73.546017198627,19.945637076856,640.035899999552</coordinates></Point><Point><coordinates>73.545998549622,19.945700174842,640.035899998620</coordinates></Point><Point><coordinates>73.546103425657,19.945777976989,640.035899999552</coordinates></Point><Point><coordinates>73.546237524047,19.945762970645,640.035899999552</coordinates></Point><Point><coordinates>73.546474586866,19.945525465492,640.035899999552</coordinates></Point><Point><coordinates>73.546458667188,19.945400800870,640.035899999552</coordinates></Point><Point><coordinates>73.546259094934,19.945252748680,640.035899999552</coordinates></Point><Point><coordinates>73.546007266653,19.945281504025,640.035900000483</coordinates></Point><Point><coordinates>73.545924709725,19.945381014070,640.035899999552</coordinates></Point><Point><coordinates>73.546000820601,19.945508820084,640.035899999552</coordinates></Point><Point><coordinates>73.546083377555,19.945409310006,640.035900000483</coordinates></Point><Point><coordinates>73.546217343743,19.945394012907,640.035899999552</coordinates></Point><Point><coordinates>73.546323510994,19.945472772862,640.035900000483</coordinates></Point><Point><coordinates>73.546339430569,19.945597437489,640.035899999552</coordinates></Point><Point><coordinates>73.546399800396,19.945565290011,640.035900000483</coordinates></Point><Point><coordinates>73.546383880775,19.945440625386,640.035900000483</coordinates></Point><Point><coordinates>73.546235992618,19.945330914887,640.035899999552</coordinates></Point><Point><coordinates>73.546049381338,19.945352223338,640.035900000483</coordinates></Point><Point><coordinates>73.545966824395,19.945451733401,640.035900000483</coordinates></Point><LineString><coordinates>73.544973809428,19.945875102309 73.545659322398,19.945546448801 73.546000059492,19.945507542024 73.546082616446,19.945408031946 73.546217761255,19.945392600265 73.546324862556,19.945472053143 73.546340782132,19.945596717770 73.546612638442,19.945798393047 73.546880219676,19.946205127120 73.547146676175,19.946402794566 73.547764344641,19.946593860088 73.548069504288,19.946820236008 73.548274383454,19.947131654158 73.548319687030,19.947335187506 73.548498583193,19.947607109880 73.548862166609,19.947876822056 73.548994956135,19.947861657576 73.549102060523,19.947941108948 73.549118097539,19.948066674874 73.549370296802,19.948253758717 73.550077429857,19.948472486718</coordinates></LineString><LineString><coordinates>73.544974457459,19.945876310966 73.545659745137,19.945547765498 73.546000820601,19.945508820084 73.546083377555,19.945409310006 73.546217343743,19.945394012907 73.546323510994,19.945472772862 73.546339430569,19.945597437489 73.546611555097,19.945799311745 73.546879136329,19.946206045820 73.547145990448,19.946404008236 73.547763658918,19.946595073760 73.548068420942,19.946821154714 73.548273033150,19.947132167089 73.548318336724,19.947335700437 73.548497499844,19.947608028589 73.548861749112,19.947878234705 73.548994538639,19.947863070226 73.549100708950,19.947941828688 73.549116745965,19.948067394613 73.549369611083,19.948254972396 73.550076984311,19.948473774687</coordinates></LineString><LineString><coordinates>73.544975105421,19.945877519495 73.545660167876,19.945549082195 73.546001581710,19.945510098144 73.546084138665,19.945410588066 73.546216926231,19.945395425549 73.546322159431,19.945473492582 73.546338079005,19.945598157209 73.546610471751,19.945800230443 73.546878052982,19.946206964519 73.547145304721,19.946405221906 73.547762973195,19.946596287432 73.548067337596,19.946822073420 73.548271682845,19.947132680019 73.548316986418,19.947336213367 73.548496416495,19.947608947297 73.548861331615,19.947879647354 73.548994121143,19.947864482875 73.549099357377,19.947942548428 73.549115394390,19.948068114353 73.549368925363,19.948256186074 73.550076538765,19.948475062656</coordinates></LineString><LineString><coordinates>73.544975105489,19.945877519623 73.545035588382,19.945990327588</coordinates></LineString><Point><coordinates>73.545180835342,19.945519169279,-874.887203937397</coordinates></Point><Point><coordinates>73.545005348131,19.945933926495,640.036000000313</coordinates></Point><Point><coordinates>73.550307458122,19.948613025578,640.035899999552</coordinates></Point><Point><coordinates>73.550216653392,19.948584938528,640.035899999552</coordinates></Point><Point><coordinates>73.550125848698,19.948556851433,640.035899999552</coordinates></Point><Point><coordinates>73.538413835319,19.943270727736,-49.137145811692</coordinates></Point><Point><coordinates>73.538336150366,19.943566828747,640.036000000313</coordinates></Point><LineString><coordinates>73.538336150519,19.943566829533 73.538386549356,19.943643577312 73.538436948240,19.943720325078 73.538487347172,19.943797072833 73.538554618706,19.943859535331 73.538629736944,19.943915354393 73.538704855236,19.943971173426 73.538779973581,19.944026992431 73.538855091980,19.944082811406 73.538930210433,19.944138630353 73.539005328939,19.944194449271 73.539080447499,19.944250268160 73.539155566113,19.944306087020 73.539233796229,19.944356340872 73.539324875137,19.944383614065 73.539417064487,19.944407130463 73.539510040281,19.944426199292 73.539604887864,19.944415370163 73.539699735436,19.944404540982 73.539794583000,19.944393711750 73.539883791606,19.944365313571 73.539969004023,19.944324464789 73.540054216397,19.944283615964 73.540139428730,19.944242767094 73.540232185427,19.944225424688 73.540327033151,19.944214597394 73.540421880866,19.944203770049 73.540481935627,19.944196914468</coordinates></LineString><Point><coordinates>73.540421880866,19.944203770049,640.035899999552</coordinates></Point><Point><coordinates>73.540327033151,19.944214597394,640.035899999552</coordinates></Point><Point><coordinates>73.540232185427,19.944225424688,640.035900001414</coordinates></Point><Point><coordinates>73.540139428730,19.944242767094,640.035899999552</coordinates></Point><Point><coordinates>73.540054216397,19.944283615964,640.035899999552</coordinates></Point><Point><coordinates>73.539969004023,19.944324464789,640.035899999552</coordinates></Point><Point><coordinates>73.539883791606,19.944365313571,640.035900000483</coordinates></Point><Point><coordinates>73.539794583000,19.944393711750,640.035899999552</coordinates></Point><Point><coordinates>73.539699735436,19.944404540982,640.035900000483</coordinates></Point><Point><coordinates>73.539604887864,19.944415370163,640.035900000483</coordinates></Point><Point><coordinates>73.539510040281,19.944426199292,640.035900001414</coordinates></Point><Point><coordinates>73.539417064487,19.944407130463,640.035899999552</coordinates></Point><Point><coordinates>73.539324875137,19.944383614065,640.035900000483</coordinates></Point><Point><coordinates>73.539233796229,19.944356340872,640.035900000483</coordinates></Point><Point><coordinates>73.539155566113,19.944306087020,640.035899999552</coordinates></Point><Point><coordinates>73.539080447499,19.944250268160,640.035900000483</coordinates></Point><Point><coordinates>73.539005328939,19.944194449271,640.035899999552</coordinates></Point><Point><coordinates>73.538930210433,19.944138630353,640.035899999552</coordinates></Point><Point><coordinates>73.538855091980,19.944082811406,640.035900000483</coordinates></Point><Point><coordinates>73.538779973581,19.944026992431,640.035899999552</coordinates></Point><Point><coordinates>73.538704855236,19.943971173426,640.035900000483</coordinates></Point><Point><coordinates>73.538629736944,19.943915354393,640.035900000483</coordinates></Point><Point><coordinates>73.538554618706,19.943859535331,640.035899999552</coordinates></Point><Point><coordinates>73.538487347172,19.943797072833,640.035899999552</coordinates></Point><Point><coordinates>73.538436948240,19.943720325078,640.035900000483</coordinates></Point><Point><coordinates>73.538386549356,19.943643577312,640.035899999552</coordinates></Point><Point><coordinates>73.538336150519,19.943566829533,640.035899999552</coordinates></Point><LineString><coordinates>73.538336150519,19.943566829533 73.538503345381,19.943821434971 73.539216040353,19.944351023943 73.539358323823,19.944393630119 73.539503355106,19.944426962563 73.539833920989,19.944389220315 73.540157921110,19.944233902256 73.540481935627,19.944196914468</coordinates></LineString><LineString><coordinates>73.538331175405,19.943559253383 73.538336150519,19.943566829533</coordinates></LineString><LineString><coordinates>73.540489950610,19.944259697621 73.540473920649,19.944134131314</coordinates></LineString><LineString><coordinates>73.540177643258,19.944295348945 73.540138198976,19.944172455567</coordinates></LineString><LineString><coordinates>73.539853643008,19.944450667039 73.539814198984,19.944327773589</coordinates></LineString><LineString><coordinates>73.539511371440,19.944489745536 73.539495338776,19.944364179590</coordinates></LineString><LineString><coordinates>73.539257320767,19.944301270746 73.539495331999,19.944364180363</coordinates></LineString><LineString><coordinates>73.539296018328,19.944604415947 73.539390108167,19.944286113263</coordinates></LineString><LineString><coordinates>73.539174759912,19.944400777128 73.539257320767,19.944301270746</coordinates></LineString><LineString><coordinates>73.538452753529,19.943864268902 73.538553937205,19.943778601024</coordinates></LineString><LineString><coordinates>73.538274362895,19.943592614315 73.538387987892,19.943525892430</coordinates></LineString><Point><coordinates>73.538810484865,19.939854725560,-167.541797236540</coordinates></Point><Point><coordinates>73.538946040535,19.940281463373,100.000000000000</coordinates></Point><LineString><coordinates>73.538946043835,19.940281460794 73.538910200052,19.940344780660 73.538865113501,19.940424428259 73.538847733646,19.940512670187 73.538834173021,19.940602096803 73.538820612377,19.940691523416 73.538807051714,19.940780950026 73.538793491032,19.940870376634 73.538799049517,19.940959222549 73.538818650617,19.941047641958 73.538838251735,19.941136061367 73.538857852872,19.941224480773 73.538851777544,19.941313680019 73.538838216718,19.941403106609 73.538824655874,19.941492533197 73.538811095011,19.941581959782 73.538797534129,19.941671386363 73.538769093297,19.941756197357 73.538724006222,19.941835844875 73.538678919099,19.941915492379 73.538633831929,19.941995139867 73.538588744712,19.942074787341 73.538543657447,19.942154434799 73.538498570135,19.942234082243 73.538453482776,19.942313729671 73.538408395370,19.942393377085 73.538363307916,19.942473024483 73.538318220415,19.942552671867 73.538273132867,19.942632319235 73.538230563212,19.942707518644</coordinates></LineString><Point><coordinates>73.538865113501,19.940424428259,640.035900000483</coordinates></Point><Point><coordinates>73.538847733646,19.940512670187,640.035899999552</coordinates></Point><Point><coordinates>73.538834173021,19.940602096803,640.035900001414</coordinates></Point><Point><coordinates>73.538820612377,19.940691523416,640.035899999552</coordinates></Point><Point><coordinates>73.538807051714,19.940780950026,640.035899999552</coordinates></Point><Point><coordinates>73.538793491032,19.940870376634,640.035899999552</coordinates></Point><Point><coordinates>73.538799049517,19.940959222549,640.035899999552</coordinates></Point><Point><coordinates>73.538818650617,19.941047641958,640.035900000483</coordinates></Point><Point><coordinates>73.538838251735,19.941136061367,640.035899999552</coordinates></Point><Point><coordinates>73.538857852872,19.941224480773,640.035900000483</coordinates></Point><Point><coordinates>73.538851777544,19.941313680019,640.035899999552</coordinates></Point><Point><coordinates>73.538838216718,19.941403106609,640.035899999552</coordinates></Point><Point><coordinates>73.538824655874,19.941492533197,640.035900000483</coordinates></Point><Point><coordinates>73.538811095011,19.941581959782,640.035900000483</coordinates></Point><Point><coordinates>73.538797534129,19.941671386363,640.035899999552</coordinates></Point><Point><coordinates>73.538769093297,19.941756197357,640.035899999552</coordinates></Point><Point><coordinates>73.538724006222,19.941835844875,640.035899999552</coordinates></Point><Point><coordinates>73.538678919099,19.941915492379,640.035900000483</coordinates></Point><Point><coordinates>73.538633831929,19.941995139867,640.035900000483</coordinates></Point><Point><coordinates>73.538588744712,19.942074787341,640.035900000483</coordinates></Point><Point><coordinates>73.538543657447,19.942154434799,640.035899999552</coordinates></Point><Point><coordinates>73.538498570135,19.942234082243,640.035899999552</coordinates></Point><Point><coordinates>73.538453482776,19.942313729671,640.035899999552</coordinates></Point><Point><coordinates>73.538408395370,19.942393377085,640.035899999552</coordinates></Point><Point><coordinates>73.538363307916,19.942473024483,640.035899998620</coordinates></Point><Point><coordinates>73.538318220415,19.942552671867,640.035900000483</coordinates></Point><Point><coordinates>73.538273132867,19.942632319235,640.035899999552</coordinates></Point><Point><coordinates>73.538946042560,19.940281460167,740.035899999552</coordinates></Point><Point><coordinates>73.538910200052,19.940344780660,740.035900000483</coordinates></Point><LineString><coordinates>73.538910200052,19.940344780660 73.538946043835,19.940281460794</coordinates></LineString><LineString><coordinates>73.538230563212,19.942707518644 73.538790373802,19.941718604746 73.538862277340,19.941244439238 73.538787748656,19.940908244990 73.538859651440,19.940434077250 73.538910200052,19.940344780660</coordinates></LineString><LineString><coordinates>73.538725850439,19.941698590258 73.538854897182,19.941738619211</coordinates></LineString><LineString><coordinates>73.538794406536,19.941246500434 73.538930148144,19.941242378016</coordinates></LineString><LineString><coordinates>73.538719878024,19.940910306972 73.538855619288,19.940906182981</coordinates></LineString><LineString><coordinates>73.538795128534,19.940414062941 73.538924174363,19.940454091536</coordinates></LineString><LineString><coordinates>73.538418388508,19.942802597522 73.538995926919,19.941782365030 73.539078494330,19.941237872668 73.539003965099,19.940901676000 73.539065203098,19.940497836975 73.539133866845,19.940376538785</coordinates></LineString><LineString><coordinates>73.538417125109,19.942801957978 73.538994544274,19.941781936151 73.539077039956,19.941237916841 73.539002510728,19.940901720172 73.539063820463,19.940497408097 73.539132603461,19.940375899248</coordinates></LineString><LineString><coordinates>73.538415861709,19.942801318434 73.538993161629,19.941781507272 73.539075585581,19.941237961013 73.539001056357,19.940901764345 73.539062437829,19.940496979220 73.539131340076,19.940375259711</coordinates></LineString><LineString><coordinates>73.538345953613,19.942765930353 73.538916655292,19.941757775893 73.538995110199,19.941240405106 73.538920581178,19.940904209318 73.538985932035,19.940473248046 73.539061432831,19.940339871959</coordinates></LineString><LineString><coordinates>73.538347217012,19.942766569897 73.538918037936,19.941758204772 73.538996564574,19.941240360934 73.538922035549,19.940904165145 73.538987314669,19.940473676924 73.539062696215,19.940340511497</coordinates></LineString><LineString><coordinates>73.538348480411,19.942767209441 73.538919420581,19.941758633652 73.538998018948,19.941240316761 73.538923489920,19.940904120973 73.538988697304,19.940474105802 73.539063959598,19.940341151034</coordinates></LineString><LineString><coordinates>73.539005001705,19.940311305923 73.538924174363,19.940454091536 73.538855619288,19.940906182981 73.538930148144,19.941242378016 73.538854897182,19.941738619211 73.538289521800,19.942737364052</coordinates></LineString><LineString><coordinates>73.539007528471,19.940312585000 73.538926939631,19.940454949293 73.538858528030,19.940906094636 73.538933056893,19.941242289671 73.538857662471,19.941739476971 73.538292048597,19.942738643140</coordinates></LineString><LineString><coordinates>73.539006265088,19.940311945462 73.538925556997,19.940454520414 73.538857073659,19.940906138809 73.538931602518,19.941242333843 73.538856279826,19.941739048091 73.538290785198,19.942738003596</coordinates></LineString><LineString><coordinates>73.538887085988,19.940251615646 73.539005001705,19.940311305923</coordinates></LineString><LineString><coordinates>73.538758220916,19.940186382712 73.538654099729,19.940370341715 73.538571532211,19.940914813714 73.538646060350,19.941251005548 73.538584820864,19.941654844235 73.538042738150,19.942612439582</coordinates></LineString><LineString><coordinates>73.538759484334,19.940187022187 73.538655482365,19.940370770561 73.538572986583,19.940914769546 73.538647514724,19.941250961377 73.538586203506,19.941655273117 73.538044001547,19.942613079128</coordinates></LineString><LineString><coordinates>73.538760747753,19.940187661662 73.538656865002,19.940371199406 73.538574440955,19.940914725378 73.538648969099,19.941250917206 73.538587586149,19.941655701999 73.538045264943,19.942613718674</coordinates></LineString><LineString><coordinates>73.538830654927,19.940223049559 73.538733370913,19.940394906366 73.538654916134,19.940912280559 73.538729444481,19.941248473268 73.538664092379,19.941679433513 73.538115172926,19.942649106879</coordinates></LineString><LineString><coordinates>73.538829391545,19.940222410020 73.538731988280,19.940394477487 73.538653461763,19.940912324731 73.538727990106,19.941248517439 73.538662709736,19.941679004632 73.538113909528,19.942648467334</coordinates></LineString><LineString><coordinates>73.538828128164,19.940221770480 73.538730605647,19.940394048608 73.538652007392,19.940912368903 73.538726535732,19.941248561611 73.538661327093,19.941678575751 73.538112646131,19.942647827788</coordinates></LineString><LineString><coordinates>73.538171604647,19.942677673219 73.538725850439,19.941698590258 73.538794406536,19.941246500434 73.538719878024,19.940910306972 73.538795128534,19.940414062941 73.538887085988,19.940251615646</coordinates></LineString><LineString><coordinates>73.538169077852,19.942676394129 73.538723085152,19.941697732497 73.538791497787,19.941246588778 73.538716969282,19.940910395317 73.538792363268,19.940413205183 73.538884559223,19.940250336568</coordinates></LineString><LineString><coordinates>73.538170341249,19.942677033674 73.538724467795,19.941698161378 73.538792952161,19.941246544606 73.538718423653,19.940910351145 73.538793745901,19.940413634062 73.538885822605,19.940250976107</coordinates></LineString><LineString><coordinates>73.538171604647,19.942677673219 73.538289521800,19.942737364052</coordinates></LineString><LineString><coordinates>73.538289521800,19.942737364052 73.538290198114,19.942736169341</coordinates></LineString><LineString><coordinates>73.540507469089,19.944396923653 73.540220750195,19.944429653858 73.539896749747,19.944584971991 73.539588999504,19.944620109145 73.539506433252,19.944719623072 73.539253426124,19.944748503413 73.539052927507,19.944599750316 73.539036890746,19.944474121835 73.538342174099,19.943957891573 73.538150186901,19.943665531715</coordinates></LineString><LineString><coordinates>73.540507297339,19.944395578300 73.540220327595,19.944428337140 73.539896327133,19.944583655280 73.539588238439,19.944618831076 73.539505672200,19.944718344988 73.539253843695,19.944747090791 73.539054279091,19.944599030654 73.539038242405,19.944473402770 73.538343258212,19.943956973705 73.538151404313,19.943664816839</coordinates></LineString><LineString><coordinates>73.540507125590,19.944394232947 73.540219904995,19.944427020422 73.539895904519,19.944582338570 73.539587477374,19.944617553008 73.539504911148,19.944717066903 73.539254261266,19.944745678169 73.539055630674,19.944598310991 73.539039594064,19.944472683704 73.538344342326,19.943956055837 73.538152621725,19.943664101963</coordinates></LineString><LineString><coordinates>73.540497622098,19.944319790067 73.540196520185,19.944354162201 73.539872519810,19.944509480331 73.539545365403,19.944546832885 73.539462799637,19.944646346226 73.539277366851,19.944667513075 73.539130418298,19.944558489649 73.539114385848,19.944432895412 73.538404329875,19.943905267077 73.538219985186,19.943624545476</coordinates></LineString><LineString><coordinates>73.540497793848,19.944321135420 73.540196942785,19.944355478919 73.539872942424,19.944510797041 73.539546126467,19.944548110954 73.539463560688,19.944647624311 73.539276949280,19.944668925697 73.539129066714,19.944559209312 73.539113034189,19.944433614478 73.538403245762,19.943906184945 73.538218767774,19.943625260352</coordinates></LineString><LineString><coordinates>73.540497965598,19.944322480773 73.540197365385,19.944356795637 73.539873365038,19.944512113752 73.539546887531,19.944549389023 73.539464321739,19.944648902396 73.539276531709,19.944670338319 73.539127715131,19.944559928975 73.539111682531,19.944434333544 73.538402161649,19.943907102814 73.538217550362,19.943625975229</coordinates></LineString><LineString><coordinates>73.538512163677,19.943452974848 73.538664516387,19.943684978204 73.539299977261,19.944157175909 73.539432700096,19.944142025741 73.539537922809,19.944220092033 73.539771092361,19.944193468626 73.540095092164,19.944038150638 73.540456402246,19.943996905553</coordinates></LineString><LineString><coordinates>73.538510946268,19.943453689727 73.538663432277,19.943685896074 73.539299559060,19.944158588603 73.539432282528,19.944143438364 73.539537505263,19.944221504671 73.539771514978,19.944194785335 73.540095514762,19.944039467356 73.540456573996,19.943998250906</coordinates></LineString><LineString><coordinates>73.538509728859,19.943454404605 73.538662348168,19.943686813944 73.539299140860,19.944160001298 73.539431864961,19.944144850987 73.539537087717,19.944222917310 73.539771937594,19.944196102044 73.540095937361,19.944040784074 73.540456745745,19.943999596260</coordinates></LineString><LineString><coordinates>73.540466077425,19.944072693515 73.540118899489,19.944112325587 73.539794899609,19.944267643581 73.539514400458,19.944299670241 73.539409177113,19.944221603492 73.539276418619,19.944236757700 73.538603444893,19.943736684933 73.538443582946,19.943493246336</coordinates></LineString><LineString><coordinates>73.540466249175,19.944074038868 73.540119322088,19.944113642305 73.539795322224,19.944268960291 73.539513982910,19.944301082878 73.539408759545,19.944223016115 73.539276000418,19.944238170395 73.538602360782,19.943737602803 73.538442365536,19.943493961214</coordinates></LineString><LineString><coordinates>73.540465905675,19.944071348162 73.540118476890,19.944111008870 73.539794476995,19.944266326871 73.539514818007,19.944298257604 73.539409594681,19.944220190870 73.539276836820,19.944235345006 73.538604529003,19.943735767064 73.538444800355,19.943492531457</coordinates></LineString><LineString><coordinates>73.540489950610,19.944259697621 73.540473920649,19.944134131314</coordinates></LineString><LineString><coordinates>73.540490294110,19.944262388327 73.540178488457,19.944297982380 73.539854488234,19.944453300460 73.539512893568,19.944492301674 73.539430328134,19.944591814615 73.539295183188,19.944607241192 73.539188085838,19.944527784012 73.539172056597,19.944402215261 73.538450585305,19.943866104639 73.538271928073,19.943594044069</coordinates></LineString><LineString><coordinates>73.540490122360,19.944261042974 73.540178065858,19.944296665662 73.539854065621,19.944451983750 73.539512132504,19.944491023605 73.539429567084,19.944590536530 73.539295600758,19.944605828569 73.539189437421,19.944527064349 73.539173408254,19.944401496194 73.538451669417,19.943865186770 73.538273145484,19.943593329192</coordinates></LineString><LineString><coordinates>73.540489950610,19.944259697621 73.540177643258,19.944295348945 73.539853643008,19.944450667039 73.539511371440,19.944489745536 73.539428806033,19.944589258445 73.539296018328,19.944604415947 73.539190789003,19.944526344685 73.539174759912,19.944400777128 73.538452753529,19.943864268902 73.538274362895,19.943592614315</coordinates></LineString><LineString><coordinates>73.540473577149,19.944131440608 73.540137353777,19.944169822131 73.539813353757,19.944325140168 73.539496167100,19.944361355092 73.539390943304,19.944283288018 73.539258157169,19.944298445358 73.538556105427,19.943776765286 73.538390422713,19.943524462675</coordinates></LineString><LineString><coordinates>73.540473748899,19.944132785961 73.540137776376,19.944171138849 73.539813776370,19.944326456879 73.539495749550,19.944362767728 73.539390525735,19.944284700640 73.539257738968,19.944299858052 73.538555021316,19.943777683155 73.538389205302,19.943525177553</coordinates></LineString><LineString><coordinates>73.540473920649,19.944134131314 73.540138198976,19.944172455567 73.539814198984,19.944327773589 73.539495331999,19.944364180363 73.539390108167,19.944286113263 73.539257320767,19.944301270746 73.538553937205,19.943778601024 73.538387987892,19.943525892430</coordinates></LineString><LineString><coordinates>73.538025263386,19.944680867577 73.537920608172,19.944585670190</coordinates></LineString><LineString><coordinates>73.537909183242,19.944596901315 73.538013838456,19.944692098709</coordinates></LineString><LineString><coordinates>73.538023568289,19.944680579210 73.538024892919,19.944679277050</coordinates></LineString><LineString><coordinates>73.538022191246,19.944679326613 73.538023515876,19.944678024453</coordinates></LineString><LineString><coordinates>73.538023581393,19.944681217899 73.538025568337,19.944679264659</coordinates></LineString><LineString><coordinates>73.538021515828,19.944679339004 73.538023502772,19.944677385764</coordinates></LineString><LineString><coordinates>73.538023607599,19.944682495278 73.538026919173,19.944679239877</coordinates></LineString><LineString><coordinates>73.538020164992,19.944679363786 73.538023476565,19.944676108385</coordinates></LineString><LineString><coordinates>73.538022879768,19.944679952911 73.538024204397,19.944678650751</coordinates></LineString><LineString><coordinates>73.538022191246,19.944679326613 73.538023568289,19.944680579210</coordinates></LineString><LineString><coordinates>73.538023515876,19.944678024453 73.538024892919,19.944679277050</coordinates></LineString><LineString><coordinates>73.538021515828,19.944679339004 73.538023581393,19.944681217899</coordinates></LineString><LineString><coordinates>73.538023502772,19.944677385764 73.538025568337,19.944679264659</coordinates></LineString><LineString><coordinates>73.538020164992,19.944679363786 73.538023607599,19.944682495278</coordinates></LineString><LineString><coordinates>73.538023476565,19.944676108385 73.538026919173,19.944679239877</coordinates></LineString><LineString><coordinates>73.538022853561,19.944678675533 73.538024230604,19.944679928130</coordinates></LineString><LineString><coordinates>73.538012143359,19.944691810341 73.538013467989,19.944690508181</coordinates></LineString><LineString><coordinates>73.538010766316,19.944690557744 73.538012090945,19.944689255584</coordinates></LineString><LineString><coordinates>73.538012156462,19.944692449031 73.538014143407,19.944690495790</coordinates></LineString><LineString><coordinates>73.538010090898,19.944690570135 73.538012077842,19.944688616895</coordinates></LineString><LineString><coordinates>73.538012182669,19.944693726409 73.538015494243,19.944690471009</coordinates></LineString><LineString><coordinates>73.538008740061,19.944690594917 73.538012051635,19.944687339517</coordinates></LineString><LineString><coordinates>73.538011454837,19.944691184043 73.538012779467,19.944689881883</coordinates></LineString><LineString><coordinates>73.538010766316,19.944690557744 73.538012143359,19.944691810341</coordinates></LineString><LineString><coordinates>73.538012090945,19.944689255584 73.538013467989,19.944690508181</coordinates></LineString><LineString><coordinates>73.538010090898,19.944690570135 73.538012156462,19.944692449031</coordinates></LineString><LineString><coordinates>73.538012077842,19.944688616895 73.538014143407,19.944690495790</coordinates></LineString><LineString><coordinates>73.538008740061,19.944690594917 73.538012182669,19.944693726409</coordinates></LineString><LineString><coordinates>73.538012051635,19.944687339517 73.538015494243,19.944690471009</coordinates></LineString><LineString><coordinates>73.538011428631,19.944689906664 73.538012805674,19.944691159261</coordinates></LineString><LineString><coordinates>73.538003945427,19.944662729704 73.538005270057,19.944661427544</coordinates></LineString><LineString><coordinates>73.538002568384,19.944661477107 73.538003893014,19.944660174947</coordinates></LineString><LineString><coordinates>73.538003958530,19.944663368393 73.538005945475,19.944661415153</coordinates></LineString><LineString><coordinates>73.538001892966,19.944661489498 73.538003879911,19.944659536257</coordinates></LineString><LineString><coordinates>73.538003984737,19.944664645772 73.538007296311,19.944661390371</coordinates></LineString><LineString><coordinates>73.538000542130,19.944661514279 73.538003853704,19.944658258879</coordinates></LineString><LineString><coordinates>73.538003256906,19.944662103405 73.538004581535,19.944660801245</coordinates></LineString><LineString><coordinates>73.538002568384,19.944661477107 73.538003945427,19.944662729704</coordinates></LineString><LineString><coordinates>73.538003893014,19.944660174947 73.538005270057,19.944661427544</coordinates></LineString><LineString><coordinates>73.538001892966,19.944661489498 73.538003958530,19.944663368393</coordinates></LineString><LineString><coordinates>73.538003879911,19.944659536257 73.538005945475,19.944661415153</coordinates></LineString><LineString><coordinates>73.538000542130,19.944661514279 73.538003984737,19.944664645772</coordinates></LineString><LineString><coordinates>73.538003853704,19.944658258879 73.538007296311,19.944661390371</coordinates></LineString><LineString><coordinates>73.538003230699,19.944660826027 73.538004607742,19.944662078624</coordinates></LineString><LineString><coordinates>73.537992520497,19.944673960834 73.537993845127,19.944672658674</coordinates></LineString><LineString><coordinates>73.537991143454,19.944672708237 73.537992468084,19.944671406077</coordinates></LineString><LineString><coordinates>73.537992533600,19.944674599523 73.537994520545,19.944672646283</coordinates></LineString><LineString><coordinates>73.537990468036,19.944672720628 73.537992454980,19.944670767388</coordinates></LineString><LineString><coordinates>73.537992559807,19.944675876902 73.537995871381,19.944672621502</coordinates></LineString><LineString><coordinates>73.537989117200,19.944672745409 73.537992428774,19.944669490009</coordinates></LineString><LineString><coordinates>73.537991831975,19.944673334535 73.537993156605,19.944672032375</coordinates></LineString><LineString><coordinates>73.537991143454,19.944672708237 73.537992520497,19.944673960834</coordinates></LineString><LineString><coordinates>73.537992468084,19.944671406077 73.537993845127,19.944672658674</coordinates></LineString><LineString><coordinates>73.537990468036,19.944672720628 73.537992533600,19.944674599523</coordinates></LineString><LineString><coordinates>73.537992454980,19.944670767388 73.537994520545,19.944672646283</coordinates></LineString><LineString><coordinates>73.537989117200,19.944672745409 73.537992559807,19.944675876902</coordinates></LineString><LineString><coordinates>73.537992428774,19.944669490009 73.537995871381,19.944672621502</coordinates></LineString><LineString><coordinates>73.537991805769,19.944672057157 73.537993182812,19.944673309754</coordinates></LineString><LineString><coordinates>73.537983289788,19.944643940748 73.537984614417,19.944642638588</coordinates></LineString><LineString><coordinates>73.537981912745,19.944642688151 73.537983237375,19.944641385991</coordinates></LineString><LineString><coordinates>73.537983302891,19.944644579437 73.537985289835,19.944642626197</coordinates></LineString><LineString><coordinates>73.537981237327,19.944642700541 73.537983224271,19.944640747301</coordinates></LineString><LineString><coordinates>73.537983329097,19.944645856816 73.537986640671,19.944642601416</coordinates></LineString><LineString><coordinates>73.537979886491,19.944642725323 73.537983198065,19.944639469923</coordinates></LineString><LineString><coordinates>73.537982601266,19.944643314449 73.537983925896,19.944642012289</coordinates></LineString><LineString><coordinates>73.537981912745,19.944642688151 73.537983289788,19.944643940748</coordinates></LineString><LineString><coordinates>73.537983237375,19.944641385991 73.537984614417,19.944642638588</coordinates></LineString><LineString><coordinates>73.537981237327,19.944642700541 73.537983302891,19.944644579437</coordinates></LineString><LineString><coordinates>73.537983224271,19.944640747301 73.537985289835,19.944642626197</coordinates></LineString><LineString><coordinates>73.537979886491,19.944642725323 73.537983329097,19.944645856816</coordinates></LineString><LineString><coordinates>73.537983198065,19.944639469923 73.537986640671,19.944642601416</coordinates></LineString><LineString><coordinates>73.537982575060,19.944642037071 73.537983952102,19.944643289668</coordinates></LineString><LineString><coordinates>73.537971864857,19.944655171877 73.537973189487,19.944653869717</coordinates></LineString><LineString><coordinates>73.537970487815,19.944653919280 73.537971812445,19.944652617120</coordinates></LineString><LineString><coordinates>73.537971877961,19.944655810566 73.537973864905,19.944653857326</coordinates></LineString><LineString><coordinates>73.537969812397,19.944653931670 73.537971799341,19.944651978430</coordinates></LineString><LineString><coordinates>73.537971904167,19.944657087945 73.537975215741,19.944653832545</coordinates></LineString><LineString><coordinates>73.537968461561,19.944653956451 73.537971773135,19.944650701052</coordinates></LineString><LineString><coordinates>73.537971176336,19.944654545578 73.537972500966,19.944653243418</coordinates></LineString><LineString><coordinates>73.537970487815,19.944653919280 73.537971864857,19.944655171877</coordinates></LineString><LineString><coordinates>73.537971812445,19.944652617120 73.537973189487,19.944653869717</coordinates></LineString><LineString><coordinates>73.537969812397,19.944653931670 73.537971877961,19.944655810566</coordinates></LineString><LineString><coordinates>73.537971799341,19.944651978430 73.537973864905,19.944653857326</coordinates></LineString><LineString><coordinates>73.537968461561,19.944653956451 73.537971904167,19.944657087945</coordinates></LineString><LineString><coordinates>73.537971773135,19.944650701052 73.537975215741,19.944653832545</coordinates></LineString><LineString><coordinates>73.537971150130,19.944653268200 73.537972527172,19.944654520797</coordinates></LineString><LineString><coordinates>73.537962634153,19.944625151790 73.537963958782,19.944623849630</coordinates></LineString><LineString><coordinates>73.537961257111,19.944623899192 73.537962581740,19.944622597033</coordinates></LineString><LineString><coordinates>73.537962647256,19.944625790479 73.537964634200,19.944623837239</coordinates></LineString><LineString><coordinates>73.537960581693,19.944623911583 73.537962568637,19.944621958343</coordinates></LineString><LineString><coordinates>73.537962673463,19.944627067858 73.537965985036,19.944623812458</coordinates></LineString><LineString><coordinates>73.537959230857,19.944623936364 73.537962542431,19.944620680965</coordinates></LineString><LineString><coordinates>73.537961945632,19.944624525491 73.537963270261,19.944623223331</coordinates></LineString><LineString><coordinates>73.537961257111,19.944623899192 73.537962634153,19.944625151790</coordinates></LineString><LineString><coordinates>73.537962581740,19.944622597033 73.537963958782,19.944623849630</coordinates></LineString><LineString><coordinates>73.537960581693,19.944623911583 73.537962647256,19.944625790479</coordinates></LineString><LineString><coordinates>73.537962568637,19.944621958343 73.537964634200,19.944623837239</coordinates></LineString><LineString><coordinates>73.537959230857,19.944623936364 73.537962673463,19.944627067858</coordinates></LineString><LineString><coordinates>73.537962542431,19.944620680965 73.537965985036,19.944623812458</coordinates></LineString><LineString><coordinates>73.537961919426,19.944623248113 73.537963296468,19.944624500710</coordinates></LineString><LineString><coordinates>73.537951209223,19.944636382917 73.537952533853,19.944635080758</coordinates></LineString><LineString><coordinates>73.537949832181,19.944635130320 73.537951156810,19.944633828160</coordinates></LineString><LineString><coordinates>73.537951222326,19.944637021607 73.537953209270,19.944635068367</coordinates></LineString><LineString><coordinates>73.537949156763,19.944635142711 73.537951143707,19.944633189471</coordinates></LineString><LineString><coordinates>73.537951248532,19.944638298985 73.537954560106,19.944635043586</coordinates></LineString><LineString><coordinates>73.537947805927,19.944635167492 73.537951117501,19.944631912093</coordinates></LineString><LineString><coordinates>73.537950520702,19.944635756619 73.537951845331,19.944634454459</coordinates></LineString><LineString><coordinates>73.537949832181,19.944635130320 73.537951209223,19.944636382917</coordinates></LineString><LineString><coordinates>73.537951156810,19.944633828160 73.537952533853,19.944635080758</coordinates></LineString><LineString><coordinates>73.537949156763,19.944635142711 73.537951222326,19.944637021607</coordinates></LineString><LineString><coordinates>73.537951143707,19.944633189471 73.537953209270,19.944635068367</coordinates></LineString><LineString><coordinates>73.537947805927,19.944635167492 73.537951248532,19.944638298985</coordinates></LineString><LineString><coordinates>73.537951117501,19.944631912093 73.537954560106,19.944635043586</coordinates></LineString><LineString><coordinates>73.537950494496,19.944634479240 73.537951871538,19.944635731838</coordinates></LineString><LineString><coordinates>73.537941978523,19.944606362830 73.537943303153,19.944605060670</coordinates></LineString><LineString><coordinates>73.537940601481,19.944605110232 73.537941926111,19.944603808072</coordinates></LineString><LineString><coordinates>73.537941991626,19.944607001519 73.537943978571,19.944605048279</coordinates></LineString><LineString><coordinates>73.537939926064,19.944605122623 73.537941913008,19.944603169383</coordinates></LineString><LineString><coordinates>73.537942017833,19.944608278897 73.537945329406,19.944605023498</coordinates></LineString><LineString><coordinates>73.537938575228,19.944605147404 73.537941886802,19.944601892005</coordinates></LineString><LineString><coordinates>73.537941290002,19.944605736531 73.537942614632,19.944604434371</coordinates></LineString><LineString><coordinates>73.537940601481,19.944605110232 73.537941978523,19.944606362830</coordinates></LineString><LineString><coordinates>73.537941926111,19.944603808072 73.537943303153,19.944605060670</coordinates></LineString><LineString><coordinates>73.537939926064,19.944605122623 73.537941991626,19.944607001519</coordinates></LineString><LineString><coordinates>73.537941913008,19.944603169383 73.537943978571,19.944605048279</coordinates></LineString><LineString><coordinates>73.537938575228,19.944605147404 73.537942017833,19.944608278897</coordinates></LineString><LineString><coordinates>73.537941886802,19.944601892005 73.537945329406,19.944605023498</coordinates></LineString><LineString><coordinates>73.537941263796,19.944604459152 73.537942640838,19.944605711750</coordinates></LineString><LineString><coordinates>73.537930553593,19.944617593956 73.537931878223,19.944616291796</coordinates></LineString><LineString><coordinates>73.537929176551,19.944616341358 73.537930501181,19.944615039199</coordinates></LineString><LineString><coordinates>73.537930566696,19.944618232645 73.537932553641,19.944616279406</coordinates></LineString><LineString><coordinates>73.537928501134,19.944616353749 73.537930488078,19.944614400510</coordinates></LineString><LineString><coordinates>73.537930592902,19.944619510024 73.537933904476,19.944616254625</coordinates></LineString><LineString><coordinates>73.537927150298,19.944616378530 73.537930461872,19.944613123131</coordinates></LineString><LineString><coordinates>73.537929865072,19.944616967657 73.537931189702,19.944615665498</coordinates></LineString><LineString><coordinates>73.537929176551,19.944616341358 73.537930553593,19.944617593956</coordinates></LineString><LineString><coordinates>73.537930501181,19.944615039199 73.537931878223,19.944616291796</coordinates></LineString><LineString><coordinates>73.537928501134,19.944616353749 73.537930566696,19.944618232645</coordinates></LineString><LineString><coordinates>73.537930488078,19.944614400510 73.537932553641,19.944616279406</coordinates></LineString><LineString><coordinates>73.537927150298,19.944616378530 73.537930592902,19.944619510024</coordinates></LineString><LineString><coordinates>73.537930461872,19.944613123131 73.537933904476,19.944616254625</coordinates></LineString><LineString><coordinates>73.537929838866,19.944615690279 73.537931215908,19.944616942876</coordinates></LineString><LineString><coordinates>73.537922355680,19.944588513315 73.537923680309,19.944587211156</coordinates></LineString><LineString><coordinates>73.537920978638,19.944587260718 73.537922303268,19.944585958558</coordinates></LineString><LineString><coordinates>73.537922368783,19.944589152005 73.537924355727,19.944587198765</coordinates></LineString><LineString><coordinates>73.537920303220,19.944587273108 73.537922290165,19.944585319869</coordinates></LineString><LineString><coordinates>73.537922394989,19.944590429383 73.537925706562,19.944587173984</coordinates></LineString><LineString><coordinates>73.537918952385,19.944587297889 73.537922263959,19.944584042491</coordinates></LineString><LineString><coordinates>73.537921667159,19.944587887017 73.537922991788,19.944586584857</coordinates></LineString><LineString><coordinates>73.537920978638,19.944587260718 73.537922355680,19.944588513315</coordinates></LineString><LineString><coordinates>73.537922303268,19.944585958558 73.537923680309,19.944587211156</coordinates></LineString><LineString><coordinates>73.537920303220,19.944587273108 73.537922368783,19.944589152005</coordinates></LineString><LineString><coordinates>73.537922290165,19.944585319869 73.537924355727,19.944587198765</coordinates></LineString><LineString><coordinates>73.537918952385,19.944587297889 73.537922394989,19.944590429383</coordinates></LineString><LineString><coordinates>73.537922263959,19.944584042491 73.537925706562,19.944587173984</coordinates></LineString><LineString><coordinates>73.537921640953,19.944586609638 73.537923017994,19.944587862236</coordinates></LineString><LineString><coordinates>73.537991956384,19.944659406945 73.538003381313,19.944648175815</coordinates></LineString><LineString><coordinates>73.538012117152,19.944690532963 73.538023542082,19.944679301831</coordinates></LineString><LineString><coordinates>73.537992494290,19.944672683455 73.538003919220,19.944661452325</coordinates></LineString><LineString><coordinates>73.537971838651,19.944653894498 73.537983263581,19.944642663369</coordinates></LineString><LineString><coordinates>73.537951183017,19.944635105539 73.537962607947,19.944623874411</coordinates></LineString><LineString><coordinates>73.537930527387,19.944616316577 73.537941952317,19.944605085451</coordinates></LineString><LineString><coordinates>73.537910930750,19.944599744440 73.537912255379,19.944598442281</coordinates></LineString><LineString><coordinates>73.537909553708,19.944598491843 73.537910878338,19.944597189683</coordinates></LineString><LineString><coordinates>73.537910943853,19.944600383130 73.537912930797,19.944598429891</coordinates></LineString><LineString><coordinates>73.537908878290,19.944598504233 73.537910865235,19.944596550994</coordinates></LineString><LineString><coordinates>73.537910970059,19.944601660508 73.537914281633,19.944598405110</coordinates></LineString><LineString><coordinates>73.537907527455,19.944598529014 73.537910839029,19.944595273616</coordinates></LineString><LineString><coordinates>73.537912560331,19.944596839363 73.537923985260,19.944585608237</coordinates></LineString><LineString><coordinates>73.537910242229,19.944599118142 73.537911566859,19.944597815982</coordinates></LineString><LineString><coordinates>73.537909553708,19.944598491843 73.537910930750,19.944599744440</coordinates></LineString><LineString><coordinates>73.537910878338,19.944597189683 73.537912255379,19.944598442281</coordinates></LineString><LineString><coordinates>73.537908878290,19.944598504233 73.537910943853,19.944600383130</coordinates></LineString><LineString><coordinates>73.537910865235,19.944596550994 73.537912930797,19.944598429891</coordinates></LineString><LineString><coordinates>73.537907527455,19.944598529014 73.537910970059,19.944601660508</coordinates></LineString><LineString><coordinates>73.537910839029,19.944595273616 73.537914281633,19.944598405110</coordinates></LineString><LineString><coordinates>73.537912625846,19.944600032809 73.538015904021,19.944693977604</coordinates></LineString><LineString><coordinates>73.537910216023,19.944597840763 73.537911593064,19.944599093361</coordinates></LineString><LineString><coordinates>73.537918542610,19.944583791294 73.538027328951,19.944682746473</coordinates></LineString><LineString><coordinates>73.537912830145,19.944589406856 73.538021616486,19.944688362039</coordinates></LineString><LineString><coordinates>73.537911747982,19.944599234278 73.537907117680,19.944595022418</coordinates></LineString><LineString><coordinates>73.537716433392,19.944434139140 73.537725047365,19.944462904070</coordinates></LineString><LineString><coordinates>73.537735949830,19.944444448563 73.537705530573,19.944452594459</coordinates></LineString><LineString><coordinates>73.537742982925,19.944412703434 73.537750411255,19.944383644091</coordinates></LineString><LineString><coordinates>73.537731331894,19.944394661565 73.537762062288,19.944401685958</coordinates></LineString><LineString><coordinates>73.537846713431,19.944458800749 73.537762733205,19.944382409681</coordinates></LineString><LineString><coordinates>73.537763315313,19.944540784104 73.537692454770,19.944476327086</coordinates></LineString><LineString><coordinates>73.537809483247,19.944495399378 73.537763315313,19.944540784104</coordinates></LineString><LineString><coordinates>73.537809483247,19.944495399378 73.537846713431,19.944458800749</coordinates></LineString><LineString><coordinates>73.537683724204,19.944478062920 73.537695687784,19.944488945382</coordinates></LineString><LineString><coordinates>73.537737157409,19.944403682500 73.537756236771,19.944392665025</coordinates></LineString><LineString><coordinates>73.537799943561,19.944500908118 73.537819022931,19.944489890637</coordinates></LineString><LineString><coordinates>73.537919597425,19.944589921641 73.537920922055,19.944588619481</coordinates></LineString><LineString><coordinates>73.537916617009,19.944592851500 73.537918603953,19.944590898260</coordinates></LineString><LineString><coordinates>73.537916617009,19.944592851500 73.537914630065,19.944594804739</coordinates></LineString><LineString><coordinates>73.537731331894,19.944394661565 73.537750411255,19.944383644091</coordinates></LineString><LineString><coordinates>73.537742982925,19.944412703434 73.537762062288,19.944401685958</coordinates></LineString><LineString><coordinates>73.537737157409,19.944403682500 73.537756236771,19.944392665025</coordinates></LineString><LineString><coordinates>73.537742982925,19.944412703434 73.537731331894,19.944394661565</coordinates></LineString><LineString><coordinates>73.537742968599,19.944412681250 73.537731331894,19.944394661565</coordinates></LineString><LineString><coordinates>73.537762062288,19.944401685958 73.537750411255,19.944383644091</coordinates></LineString><LineString><coordinates>73.537809483247,19.944495399378 73.537740871575,19.944389152828</coordinates></LineString><LineString><coordinates>73.537716433040,19.944434138954 73.537705530573,19.944452594459</coordinates></LineString><LineString><coordinates>73.537735949830,19.944444448563 73.537725047365,19.944462904070</coordinates></LineString><LineString><coordinates>73.537726191435,19.944439293759 73.537715288969,19.944457749265</coordinates></LineString><LineString><coordinates>73.537710981807,19.944443366706 73.537720740202,19.944448521512</coordinates></LineString><LineString><coordinates>73.537716433040,19.944434138954 73.537735949830,19.944444448563</coordinates></LineString><LineString><coordinates>73.537705530573,19.944452594459 73.537725047365,19.944462904070</coordinates></LineString><LineString><coordinates>73.537710981807,19.944443366706 73.537809483247,19.944495399378</coordinates></LineString><LineString><coordinates>73.537832439089,19.944502805155 73.537834504649,19.944504684052</coordinates></LineString><LineString><coordinates>73.537834426033,19.944500851916 73.537836491593,19.944502730814</coordinates></LineString><LineString><coordinates>73.537831763672,19.944502817545 73.537834517752,19.944505322741</coordinates></LineString><LineString><coordinates>73.537834412930,19.944500213227 73.537837167011,19.944502718423</coordinates></LineString><LineString><coordinates>73.537831088254,19.944502829935 73.537834530855,19.944505961430</coordinates></LineString><LineString><coordinates>73.537834399828,19.944499574538 73.537837842428,19.944502706033</coordinates></LineString><LineString><coordinates>73.537834504649,19.944504684052 73.537836491593,19.944502730814</coordinates></LineString><LineString><coordinates>73.537832439089,19.944502805155 73.537834426033,19.944500851916</coordinates></LineString><LineString><coordinates>73.537834517752,19.944505322741 73.537837167011,19.944502718423</coordinates></LineString><LineString><coordinates>73.537831763672,19.944502817545 73.537834412930,19.944500213227</coordinates></LineString><LineString><coordinates>73.537831088254,19.944502829935 73.537834399828,19.944499574538</coordinates></LineString><LineString><coordinates>73.537831088254,19.944502829935 73.537834399828,19.944499574538</coordinates></LineString><LineString><coordinates>73.537834530855,19.944505961430 73.537837842428,19.944502706033</coordinates></LineString><LineString><coordinates>73.537816212377,19.944518756599 73.537818277937,19.944520635497</coordinates></LineString><LineString><coordinates>73.537818199322,19.944516803361 73.537820264882,19.944518682259</coordinates></LineString><LineString><coordinates>73.537815536960,19.944518768989 73.537818291040,19.944521274186</coordinates></LineString><LineString><coordinates>73.537818186219,19.944516164672 73.537820940299,19.944518669868</coordinates></LineString><LineString><coordinates>73.537814861542,19.944518781379 73.537818304143,19.944521912875</coordinates></LineString><LineString><coordinates>73.537818173117,19.944515525983 73.537821615717,19.944518657478</coordinates></LineString><LineString><coordinates>73.537818277937,19.944520635497 73.537820264882,19.944518682259</coordinates></LineString><LineString><coordinates>73.537816212377,19.944518756599 73.537818199322,19.944516803361</coordinates></LineString><LineString><coordinates>73.537818291040,19.944521274186 73.537820940299,19.944518669868</coordinates></LineString><LineString><coordinates>73.537815536960,19.944518768989 73.537818186219,19.944516164672</coordinates></LineString><LineString><coordinates>73.537814861542,19.944518781379 73.537818173117,19.944515525983</coordinates></LineString><LineString><coordinates>73.537814861542,19.944518781379 73.537818173117,19.944515525983</coordinates></LineString><LineString><coordinates>73.537818304143,19.944521912875 73.537821615717,19.944518657478</coordinates></LineString><LinearRing><coordinates>73.537812281687,19.944495422419 73.537806684806,19.944495376337 73.537812281687,19.944495422419</coordinates></LinearRing><LineString><coordinates>73.537795603275,19.944469298150 73.537797668835,19.944471177048</coordinates></LineString><LineString><coordinates>73.537797590220,19.944467344912 73.537799655779,19.944469223810</coordinates></LineString><LineString><coordinates>73.537794927858,19.944469310540 73.537797681937,19.944471815737</coordinates></LineString><LineString><coordinates>73.537797577117,19.944466706223 73.537800331196,19.944469211420</coordinates></LineString><LineString><coordinates>73.537794252441,19.944469322930 73.537797695040,19.944472454426</coordinates></LineString><LineString><coordinates>73.537797564014,19.944466067534 73.537801006613,19.944469199030</coordinates></LineString><LineString><coordinates>73.537832744041,19.944501202236 73.537836186641,19.944504333732</coordinates></LineString><LineString><coordinates>73.537795908228,19.944467695232 73.537799350826,19.944470826728</coordinates></LineString><LineString><coordinates>73.537779376564,19.944485249591 73.537781442123,19.944487128489</coordinates></LineString><LineString><coordinates>73.537781363508,19.944483296354 73.537783429068,19.944485175252</coordinates></LineString><LineString><coordinates>73.537778701147,19.944485261981 73.537781455226,19.944487767178</coordinates></LineString><LineString><coordinates>73.537781350406,19.944482657665 73.537784104485,19.944485162862</coordinates></LineString><LineString><coordinates>73.537778025729,19.944485274371 73.537781468328,19.944488405868</coordinates></LineString><LineString><coordinates>73.537781337303,19.944482018975 73.537784779902,19.944485150472</coordinates></LineString><LineString><coordinates>73.537816517330,19.944517153681 73.537819959930,19.944520285177</coordinates></LineString><LineString><coordinates>73.537779681516,19.944483646673 73.537783124115,19.944486778170</coordinates></LineString><LineString><coordinates>73.537865008354,19.944534186114 73.537866316543,19.944535376082</coordinates></LineString><LineString><coordinates>73.537863749956,19.944535423165 73.537865058145,19.944536613133</coordinates></LineString><LineString><coordinates>73.537863344706,19.944535430599 73.537865066006,19.944536996346</coordinates></LineString><LineString><coordinates>73.537863344706,19.944535430599 73.537865066006,19.944536996346</coordinates></LineString><LineString><coordinates>73.537861656162,19.944535461574 73.537865098763,19.944538593069</coordinates></LineString><LineString><coordinates>73.537864967736,19.944532206177 73.537868410337,19.944535337672</coordinates></LineString><LineString><coordinates>73.537865000493,19.944533802900 73.537866721793,19.944535368647</coordinates></LineString><LineString><coordinates>73.537863311949,19.944533833876 73.537866754550,19.944536965371</coordinates></LineString><LineString><coordinates>73.537853881466,19.944545124249 73.537855189655,19.944546314217</coordinates></LineString><LineString><coordinates>73.537853881466,19.944545124249 73.537855189655,19.944546314217</coordinates></LineString><LineString><coordinates>73.537852623068,19.944546361300 73.537853931257,19.944547551268</coordinates></LineString><LineString><coordinates>73.537852217818,19.944546368734 73.537853939118,19.944547934482</coordinates></LineString><LineString><coordinates>73.537853873605,19.944544741036 73.537855594905,19.944546306783</coordinates></LineString><LineString><coordinates>73.537850529274,19.944546399710 73.537853971875,19.944549531205</coordinates></LineString><LineString><coordinates>73.537853840848,19.944543144313 73.537857283449,19.944546275808</coordinates></LineString><LineString><coordinates>73.537852185061,19.944544772011 73.537855627662,19.944547903506</coordinates></LineString><LineString><coordinates>73.537900838333,19.944573829309 73.537905657978,19.944578213401</coordinates></LineString><LineString><coordinates>73.537902825278,19.944571876070 73.537907644922,19.944576260162</coordinates></LineString><LineString><coordinates>73.537901831806,19.944572852689 73.537906651450,19.944577236781</coordinates></LineString><LineString><coordinates>73.537893917144,19.944580633091 73.537898736788,19.944585017183</coordinates></LineString><LineString><coordinates>73.537895904088,19.944578679852 73.537900723733,19.944583063944</coordinates></LineString><LineString><coordinates>73.537894910616,19.944579656472 73.537899730261,19.944584040564</coordinates></LineString><LineString><coordinates>73.537727827618,19.944421122821 73.538025579760,19.944691967143</coordinates></LineString><LineString><coordinates>73.537797668835,19.944471177048 73.537799655779,19.944469223810</coordinates></LineString><LineString><coordinates>73.537781442123,19.944487128489 73.537783429068,19.944485175252</coordinates></LineString><LineString><coordinates>73.537795603275,19.944469298150 73.537797590220,19.944467344912</coordinates></LineString><LineString><coordinates>73.537779376564,19.944485249591 73.537781363508,19.944483296354</coordinates></LineString><LineString><coordinates>73.537797681937,19.944471815737 73.537800331196,19.944469211420</coordinates></LineString><LineString><coordinates>73.537781455226,19.944487767178 73.537784104485,19.944485162862</coordinates></LineString><LineString><coordinates>73.537794927858,19.944469310540 73.537797577117,19.944466706223</coordinates></LineString><LineString><coordinates>73.537778701147,19.944485261981 73.537781350406,19.944482657665</coordinates></LineString><LineString><coordinates>73.537794252441,19.944469322930 73.537797564014,19.944466067534</coordinates></LineString><LineString><coordinates>73.537778025729,19.944485274371 73.537781337303,19.944482018975</coordinates></LineString><LineString><coordinates>73.537794252441,19.944469322930 73.537797564014,19.944466067534</coordinates></LineString><LineString><coordinates>73.537778025729,19.944485274371 73.537781337303,19.944482018975</coordinates></LineString><LineString><coordinates>73.537797695040,19.944472454426 73.537801006613,19.944469199030</coordinates></LineString><LineString><coordinates>73.537781468328,19.944488405868 73.537784779902,19.944485150472</coordinates></LineString><LineString><coordinates>73.537779747029,19.944486840120 73.537799285314,19.944467633282</coordinates></LineString><LineString><coordinates>73.537863749956,19.944535423165 73.537865008354,19.944534186114</coordinates></LineString><LineString><coordinates>73.537852623068,19.944546361300 73.537853881466,19.944545124249</coordinates></LineString><LineString><coordinates>73.537863749956,19.944535423165 73.537865008354,19.944534186114</coordinates></LineString><LineString><coordinates>73.537852623068,19.944546361300 73.537853881466,19.944545124249</coordinates></LineString><LineString><coordinates>73.537863749956,19.944535423165 73.537865008354,19.944534186114</coordinates></LineString><LineString><coordinates>73.537852623068,19.944546361300 73.537853881466,19.944545124249</coordinates></LineString><LineString><coordinates>73.537863749956,19.944535423165 73.537865008354,19.944534186114</coordinates></LineString><LineString><coordinates>73.537852623068,19.944546361300 73.537854080161,19.944544928925</coordinates></LineString><LineString><coordinates>73.537865058145,19.944536613133 73.537866316543,19.944535376082</coordinates></LineString><LineString><coordinates>73.537853931257,19.944547551268 73.537855189655,19.944546314217</coordinates></LineString><LineString><coordinates>73.537865066006,19.944536996346 73.537866721793,19.944535368647</coordinates></LineString><LineString><coordinates>73.537853939118,19.944547934482 73.537855594905,19.944546306783</coordinates></LineString><LineString><coordinates>73.537863344706,19.944535430599 73.537865000493,19.944533802900</coordinates></LineString><LineString><coordinates>73.537852217818,19.944546368734 73.537853873605,19.944544741036</coordinates></LineString><LineString><coordinates>73.537865066006,19.944536996346 73.537866523099,19.944535563971</coordinates></LineString><LineString><coordinates>73.537853939118,19.944547934482 73.537855594905,19.944546306783</coordinates></LineString><LineString><coordinates>73.537863344706,19.944535430599 73.537864801798,19.944533998224</coordinates></LineString><LineString><coordinates>73.537852217818,19.944546368734 73.537853873605,19.944544741036</coordinates></LineString><LineString><coordinates>73.537865098763,19.944538593069 73.537868410337,19.944535337672</coordinates></LineString><LineString><coordinates>73.537853971875,19.944549531205 73.537857283449,19.944546275808</coordinates></LineString><LineString><coordinates>73.537865098763,19.944538593069 73.537868410337,19.944535337672</coordinates></LineString><LineString><coordinates>73.537853971875,19.944549531205 73.537857283449,19.944546275808</coordinates></LineString><LineString><coordinates>73.537861656162,19.944535461574 73.537864967736,19.944532206177</coordinates></LineString><LineString><coordinates>73.537850529274,19.944546399710 73.537853840848,19.944543144313</coordinates></LineString><LineString><coordinates>73.537904487493,19.944577148693 73.537906474437,19.944575195454</coordinates></LineString><LineString><coordinates>73.537897566303,19.944583952475 73.537899553248,19.944581999236</coordinates></LineString><LineString><coordinates>73.537904487493,19.944577148693 73.537906474437,19.944575195454</coordinates></LineString><LineString><coordinates>73.537897566303,19.944583952475 73.537899553248,19.944581999236</coordinates></LineString><LineString><coordinates>73.537904487493,19.944577148693 73.537906474437,19.944575195454</coordinates></LineString><LineString><coordinates>73.537897566303,19.944583952475 73.537899553248,19.944581999236</coordinates></LineString><LineString><coordinates>73.537902008819,19.944574894017 73.537903995763,19.944572940778</coordinates></LineString><LineString><coordinates>73.537895087629,19.944581697799 73.537897074573,19.944579744560</coordinates></LineString><LineString><coordinates>73.537905657978,19.944578213401 73.537907644922,19.944576260162</coordinates></LineString><LineString><coordinates>73.537898736788,19.944585017183 73.537900723733,19.944583063944</coordinates></LineString><LineString><coordinates>73.537900838333,19.944573829309 73.537902825278,19.944571876070</coordinates></LineString><LineString><coordinates>73.537893917144,19.944580633091 73.537895904088,19.944578679852</coordinates></LineString><LineString><coordinates>73.537896326966,19.944582825137 73.537905235100,19.944574068116</coordinates></LineString><LineString><coordinates>73.537852250574,19.944547965458 73.537866689036,19.944533771924</coordinates></LineString><LineString><coordinates>73.537816582843,19.944520347127 73.537836121128,19.944501140285</coordinates></LineString><LineString><coordinates>73.537807543129,19.944497306584 73.537811423364,19.944493492172</coordinates></LineString><LineString><coordinates>73.546338079005,19.945598157209 73.546322159431,19.945473492582 73.546216926231,19.945395425549 73.546084138665,19.945410588066 73.546001581710,19.945510098144</coordinates></LineString><LineString><coordinates>73.545005346887,19.945933923626 73.545041734367,19.945916478591 73.545126945847,19.945875626110 73.545212157285,19.945834773585 73.545297368681,19.945793921017 73.545382580036,19.945753068404 73.545467791349,19.945712215748 73.545553002620,19.945671363047 73.545638213849,19.945630510303 73.545728339664,19.945604970628 73.545823189158,19.945594149105 73.545918038642,19.945583327531 73.546012888078,19.945572505606 73.546107736442,19.945561675292 73.546195997744,19.945573132002 73.546271164377,19.945628894186 73.546346331061,19.945684656345 73.546421497798,19.945740418475 73.546496664589,19.945796180577 73.546567938031,19.945855243909 73.546618393099,19.945931959397 73.546668848214,19.946008674873 73.546719303376,19.946085390337 73.546769758586,19.946162105790 73.546820213843,19.946238821230 73.546891830440,19.946297592166 73.546967002841,19.946353347847 73.547042175296,19.946409103498 73.547118188636,19.946463370776 73.547208991518,19.946491459311 73.547299794435,19.946519547801 73.547390597387,19.946547636247 73.547481400374,19.946575724648 73.547572203396,19.946603813005 73.547663006453,19.946631901317 73.547749877215,19.946666949470 73.547825044928,19.946722711060 73.547900212695,19.946778472621 73.547975380516,19.946834234152 73.548039451899,19.946899405766 73.548089918081,19.946976114964 73.548140384311,19.947052824151 73.548190850588,19.947129533326 73.548221398678,19.947213808671 73.548241076206,19.947302213336 73.548271364898,19.947386587233 73.548321831306,19.947463296396 73.548372297761,19.947540005547 73.548422764264,19.947616714686 73.548486625838,19.947682065264 73.548561790326,19.947737831357 73.548636954867,19.947793597421 73.548712119462,19.947849363456 73.548787284111,19.947905129463 73.548862454349,19.947960888771 73.548937628912,19.948016642897 73.549012803527,19.948072396995 73.549087977117,19.948128152366 73.549163145985,19.948183913469 73.549238314904,19.948239674541 73.549313483878,19.948295435585 73.549399412460,19.948332152907 73.549490216874,19.948360240358 73.549581021324,19.948388327765 73.549671825808,19.948416415127 73.549762630327,19.948444502445 73.549853434881,19.948472589718 73.549944239470,19.948500676947 73.550035044095,19.948528764131 73.550125848698,19.948556851433 73.550216653392,19.948584938528 73.550307458122,19.948613025578</coordinates></LineString><LineString><coordinates>73.545005346887,19.945933923626 73.545041734367,19.945916478591 73.545126945847,19.945875626110 73.545212157285,19.945834773585 73.545297368681,19.945793921017 73.545382580036,19.945753068404 73.545467791349,19.945712215748 73.545553002620,19.945671363047 73.545638213849,19.945630510303 73.545728339664,19.945604970628 73.545823189158,19.945594149105 73.545918038642,19.945583327531 73.546012888078,19.945572505606 73.546107736441,19.945561675292 73.546195997744,19.945573132002 73.546271164377,19.945628894186 73.546346331061,19.945684656345 73.546421497798,19.945740418475 73.546496664589,19.945796180577 73.546567938031,19.945855243909 73.546618393099,19.945931959397 73.546668848214,19.946008674873 73.546719303376,19.946085390337 73.546769758586,19.946162105790 73.546820213843,19.946238821230 73.546891830440,19.946297592166 73.546967002841,19.946353347847 73.547042175296,19.946409103498 73.547118188636,19.946463370776 73.547208991518,19.946491459311 73.547299794435,19.946519547801 73.547390597387,19.946547636247 73.547481400374,19.946575724648 73.547572203396,19.946603813005 73.547663006453,19.946631901317 73.547749877215,19.946666949470 73.547825044928,19.946722711060 73.547900212695,19.946778472621 73.547975380516,19.946834234152 73.548039451899,19.946899405766 73.548089918081,19.946976114964 73.548140384311,19.947052824151 73.548190850588,19.947129533326 73.548221398678,19.947213808671 73.548241076206,19.947302213336 73.548271364898,19.947386587233 73.548321831306,19.947463296396 73.548372297761,19.947540005547 73.548422764264,19.947616714686 73.548486625838,19.947682065264 73.548561790326,19.947737831357 73.548636954867,19.947793597421 73.548712119462,19.947849363456 73.548787284111,19.947905129463 73.548862454347,19.947960888769 73.548937628910,19.948016642897 73.549012803527,19.948072396995 73.549087977117,19.948128152366 73.549163145984,19.948183913468 73.549238314904,19.948239674541 73.549313483878,19.948295435585 73.549399412460,19.948332152907 73.549490216874,19.948360240358 73.549581021324,19.948388327765 73.549671825808,19.948416415127 73.549762630327,19.948444502445 73.549853434881,19.948472589718 73.549944239470,19.948500676947 73.550035044095,19.948528764131 73.550125848698,19.948556851433 73.550216653392,19.948584938528 73.550307458122,19.948613025578</coordinates></LineString><Point><coordinates>73.550035044095,19.948528764131,640.035899999552</coordinates></Point><Point><coordinates>73.549944239470,19.948500676947,640.035900000483</coordinates></Point><Point><coordinates>73.549853434881,19.948472589718,640.035899999552</coordinates></Point><Point><coordinates>73.549762630327,19.948444502445,640.035900000483</coordinates></Point><Point><coordinates>73.549671825808,19.948416415127,640.035899999552</coordinates></Point><Point><coordinates>73.549581021324,19.948388327765,640.035900000483</coordinates></Point><Point><coordinates>73.549490216874,19.948360240358,640.035900000483</coordinates></Point><Point><coordinates>73.549399412460,19.948332152907,640.035899999552</coordinates></Point><Point><coordinates>73.549313483878,19.948295435585,640.035899999552</coordinates></Point><Point><coordinates>73.549238314904,19.948239674541,640.035899998620</coordinates></Point><Point><coordinates>73.549163145984,19.948183913468,640.035900000483</coordinates></Point><Point><coordinates>73.549087977117,19.948128152366,640.035900000483</coordinates></Point><Point><coordinates>73.549012803527,19.948072396995,640.035899999552</coordinates></Point><Point><coordinates>73.548937628910,19.948016642897,640.035899998620</coordinates></Point><Point><coordinates>73.548862454347,19.947960888769,640.035900000483</coordinates></Point><Point><coordinates>73.548787284111,19.947905129463,640.035899999552</coordinates></Point><Point><coordinates>73.548712119462,19.947849363456,640.035899999552</coordinates></Point><Point><coordinates>73.548636954867,19.947793597421,640.035900000483</coordinates></Point><Point><coordinates>73.548561790326,19.947737831357,640.035899999552</coordinates></Point><Point><coordinates>73.548486625838,19.947682065264,640.035900000483</coordinates></Point><Point><coordinates>73.548422764264,19.947616714686,640.035900000483</coordinates></Point><Point><coordinates>73.548372297761,19.947540005547,640.035899999552</coordinates></Point><Point><coordinates>73.548321831306,19.947463296396,640.035899998620</coordinates></Point><Point><coordinates>73.548271364898,19.947386587233,640.035899999552</coordinates></Point><Point><coordinates>73.548241076206,19.947302213336,640.035899999552</coordinates></Point><Point><coordinates>73.548221398678,19.947213808671,640.035899998620</coordinates></Point><Point><coordinates>73.548190850588,19.947129533326,640.035899999552</coordinates></Point><Point><coordinates>73.548140384311,19.947052824151,640.035900000483</coordinates></Point><Point><coordinates>73.548089918081,19.946976114964,640.035899999552</coordinates></Point><Point><coordinates>73.548039451899,19.946899405766,640.035899999552</coordinates></Point><Point><coordinates>73.547975380516,19.946834234152,640.035899999552</coordinates></Point><Point><coordinates>73.547900212695,19.946778472621,640.035900000483</coordinates></Point><Point><coordinates>73.547825044928,19.946722711060,640.035899999552</coordinates></Point><Point><coordinates>73.547749877215,19.946666949470,640.035900000483</coordinates></Point><Point><coordinates>73.547663006453,19.946631901317,640.035900000483</coordinates></Point><Point><coordinates>73.547572203396,19.946603813005,640.035899999552</coordinates></Point><Point><coordinates>73.547481400374,19.946575724648,640.035899999552</coordinates></Point><Point><coordinates>73.547390597387,19.946547636247,640.035900000483</coordinates></Point><Point><coordinates>73.547299794435,19.946519547801,640.035900000483</coordinates></Point><Point><coordinates>73.547208991518,19.946491459311,640.035899999552</coordinates></Point><Point><coordinates>73.547118188636,19.946463370776,640.035900000483</coordinates></Point><Point><coordinates>73.547042175296,19.946409103498,640.035900000483</coordinates></Point><Point><coordinates>73.546967002841,19.946353347847,640.035899999552</coordinates></Point><Point><coordinates>73.546891830440,19.946297592166,640.035900000483</coordinates></Point><Point><coordinates>73.546820213843,19.946238821230,640.035900000483</coordinates></Point><Point><coordinates>73.546769758586,19.946162105790,640.035899999552</coordinates></Point><Point><coordinates>73.546719303376,19.946085390337,640.035900000483</coordinates></Point><Point><coordinates>73.546668848214,19.946008674873,640.035900001414</coordinates></Point><Point><coordinates>73.546618393099,19.945931959397,640.035899999552</coordinates></Point><Point><coordinates>73.546567938031,19.945855243909,640.035900000483</coordinates></Point><Point><coordinates>73.546496664589,19.945796180577,640.035899999552</coordinates></Point><Point><coordinates>73.546421497798,19.945740418475,640.035900000483</coordinates></Point><Point><coordinates>73.546346331061,19.945684656345,640.035899999552</coordinates></Point><Point><coordinates>73.546271164377,19.945628894186,640.035900000483</coordinates></Point><Point><coordinates>73.546195997744,19.945573132002,640.035900000483</coordinates></Point><Point><coordinates>73.546107736441,19.945561675292,640.035900000483</coordinates></Point><Point><coordinates>73.546012888078,19.945572505606,640.035899999552</coordinates></Point><Point><coordinates>73.545918038642,19.945583327531,640.035899999552</coordinates></Point><Point><coordinates>73.545823189158,19.945594149105,640.035899999552</coordinates></Point><Point><coordinates>73.545728339664,19.945604970628,640.035899998620</coordinates></Point><Point><coordinates>73.545638213849,19.945630510303,640.035899999552</coordinates></Point><Point><coordinates>73.545553002620,19.945671363047,640.035900000483</coordinates></Point><Point><coordinates>73.545467791349,19.945712215748,640.035899999552</coordinates></Point><Point><coordinates>73.545382580036,19.945753068404,640.035899999552</coordinates></Point><Point><coordinates>73.545297368681,19.945793921017,640.035899999552</coordinates></Point><Point><coordinates>73.545212157285,19.945834773585,640.035899998620</coordinates></Point><Point><coordinates>73.545126945847,19.945875626110,640.035900000483</coordinates></Point><Point><coordinates>73.545041734367,19.945916478591,640.035900000483</coordinates></Point><LineString><coordinates>73.545041734367,19.945916478591 73.545679975447,19.945610488554 73.546009598924,19.945572881179 73.546170841135,19.945554469618 73.546297334756,19.945648308603 73.546559988730,19.945843157217 73.546827472250,19.946249857376 73.547113303910,19.946461859757 73.547730972446,19.946652925354 73.548016781546,19.946864946532 73.548208668689,19.947156616972 73.548253972028,19.947360149975 73.548445860016,19.947651820226 73.548820033543,19.947929426835 73.549074116101,19.948117870102 73.549336924902,19.948312824340 73.550055746671,19.948535167730</coordinates></LineString><Point><coordinates>73.549336924902,19.948312824340,640.035899999552</coordinates></Point><Point><coordinates>73.549074096401,19.948117893847,640.035900000483</coordinates></Point><Point><coordinates>73.548820033543,19.947929426835,640.035899999552</coordinates></Point><Point><coordinates>73.548445909388,19.947651895278,640.035899999552</coordinates></Point><Point><coordinates>73.548253972028,19.947360149975,640.035899999552</coordinates></Point><Point><coordinates>73.548208668689,19.947156616972,640.035899999552</coordinates></Point><Point><coordinates>73.548016781546,19.946864946532,640.035899999552</coordinates></Point><Point><coordinates>73.547730972446,19.946652925354,640.035899999552</coordinates></Point><Point><coordinates>73.547113303910,19.946461859757,640.035900000483</coordinates></Point><Point><coordinates>73.546827472250,19.946249857376,640.035900000483</coordinates></Point><Point><coordinates>73.546559988730,19.945843157217,640.035900000483</coordinates></Point><Point><coordinates>73.546297334756,19.945648308603,640.035900000483</coordinates></Point><Point><coordinates>73.546009595091,19.945572851163,640.035899999552</coordinates></Point><Point><coordinates>73.545679975447,19.945610488554,640.035900000483</coordinates></Point><Point><coordinates>73.545005346887,19.945933923626,640.035900000483</coordinates></Point><Point><coordinates>73.546170841135,19.945554469618,640.035899999552</coordinates></Point><LineString><coordinates>73.549989508708,19.948726645809 73.550121984460,19.948343689611</coordinates></LineString><LineString><coordinates>73.549304924417,19.948369462598 73.549368925363,19.948256186074</coordinates></LineString><LineString><coordinates>73.549032837784,19.948167625839 73.549115394390,19.948068114353</coordinates></LineString><LineString><coordinates>73.548778774920,19.947979158723 73.548861331616,19.947879647353</coordinates></LineString><LineString><coordinates>73.548395303510,19.947694693138 73.548496416495,19.947608947297</coordinates></LineString><LineString><coordinates>73.548190957620,19.947384086559 73.548316986418,19.947336213367</coordinates></LineString><LineString><coordinates>73.548145654515,19.947180553902 73.548271682845,19.947132680019</coordinates></LineString><LineString><coordinates>73.547966225469,19.946907819628 73.548067337596,19.946822073420</coordinates></LineString><LineString><coordinates>73.547698971675,19.946709563267 73.547762973195,19.946596287432</coordinates></LineString><LineString><coordinates>73.547081303075,19.946518497600 73.547145304721,19.946405221906</coordinates></LineString><LineString><coordinates>73.546776939825,19.946292709229 73.546878052982,19.946206964519</coordinates></LineString><LineString><coordinates>73.546509358580,19.945885974844 73.546610471751,19.945800230443</coordinates></LineString><LineString><coordinates>73.546256590482,19.945698459986 73.546338079005,19.945598157209</coordinates></LineString><LineString><coordinates>73.546017616142,19.945635664214 73.546001581710,19.945510098144</coordinates></LineString><LineString><coordinates>73.545699616264,19.945671974813 73.545660167891,19.945549082241</coordinates></LineString><LineString><coordinates>73.545101687639,19.946113610557 73.545742727767,19.945806278829 73.545975029584,19.945779753642 73.546080262897,19.945857820823 73.546214004116,19.945842549482 73.546398857193,19.945979681931 73.546666438270,19.946386416449 73.547011358731,19.946642291848 73.547629027726,19.946833357788 73.547855723992,19.947001527522 73.548007923317,19.947232872587 73.548053226248,19.947436405245 73.548284801668,19.947788401259 73.548640914225,19.948052571864 73.548656950878,19.948178137807 73.548857463123,19.948326880535 73.548990253031,19.948311716084 73.549234980819,19.948493257752 73.549989508708,19.948726645809</coordinates></LineString><LineString><coordinates>73.545101039607,19.946112401901 73.545742305107,19.945804962123 73.545975447100,19.945778341000 73.546080680412,19.945856408181 73.546214421630,19.945841136840 73.546399940540,19.945978763234 73.546667521619,19.946385497751 73.547012044460,19.946641078179 73.547629713451,19.946832144117 73.547856807341,19.947000608817 73.548009273624,19.947232359659 73.548054576556,19.947435892317 73.548285885020,19.947787482552 73.548642265801,19.948051852127 73.548658302455,19.948177418071 73.548857880622,19.948325467886 73.548990670529,19.948310303435 73.549235666541,19.948492044074 73.549989954255,19.948725357840</coordinates></LineString><LineString><coordinates>73.545100391575,19.946111193244 73.545741882446,19.945803645417 73.545975864615,19.945776928359 73.546081097927,19.945854995539 73.546214839143,19.945839724198 73.546401023888,19.945977844538 73.546668604969,19.946384579053 73.547012730190,19.946639864510 73.547630399177,19.946830930445 73.547857890689,19.946999690113 73.548010623930,19.947231846731 73.548055926864,19.947435379389 73.548286968372,19.947786563845 73.548643617377,19.948051132391 73.548659654032,19.948176698335 73.548858298121,19.948324055237 73.548991088027,19.948308890785 73.549236352263,19.948490830396 73.549990399802,19.948724069871</coordinates></LineString><LineString><coordinates>73.545064533798,19.946044314249 73.545718495236,19.945730787674 73.545998967137,19.945698762201 73.546104200412,19.945776829366 73.546237941561,19.945761558003 73.546460969099,19.945927009983 73.546728550271,19.946333744427 73.547050673866,19.946572708158 73.547668342639,19.946763773944 73.547917835949,19.946948855121 73.548085340864,19.947203464712 73.548130643892,19.947406997370 73.548346913830,19.947735728730 73.548718404565,19.948011306975 73.548734441278,19.948136872917 73.548881399707,19.948245888660 73.549014189570,19.948230724184 73.549274295535,19.948423673552 73.550015053414,19.948652802249</coordinates></LineString><LineString><coordinates>73.545065181830,19.946045522906 73.545718917897,19.945732104380 73.545998549622,19.945700174842 73.546103782898,19.945778242007 73.546237524047,19.945762970645 73.546459885753,19.945927928680 73.546727466923,19.946334663125 73.547049988138,19.946573921827 73.547667656914,19.946764987616 73.547916752602,19.946949773825 73.548083990558,19.947203977641 73.548129293585,19.947407510298 73.548345830479,19.947736647437 73.548717052990,19.948012026712 73.548733089702,19.948137592653 73.548880982209,19.948247301309 73.549013772072,19.948232136833 73.549273609814,19.948424887230 73.550014607867,19.948654090218</coordinates></LineString><LineString><coordinates>73.545065829862,19.946046731562 73.545719340557,19.945733421086 73.545998132107,19.945701587484 73.546103365383,19.945779654649 73.546237106534,19.945764383287 73.546458802406,19.945928847377 73.546726383574,19.946335581823 73.547049302409,19.946575135496 73.547666971189,19.946766201288 73.547915669254,19.946950692530 73.548082640252,19.947204490569 73.548127943277,19.947408023227 73.548344747127,19.947737566144 73.548715701415,19.948012746449 73.548731738125,19.948138312390 73.548880564711,19.948248713958 73.549013354574,19.948233549483 73.549272924092,19.948426100908 73.550014162320,19.948655378187</coordinates></LineString><LineString><coordinates>73.545036884448,19.945992744900 73.545700461738,19.945674608208 73.546016781112,19.945638489497 73.546122014359,19.945716556650 73.546255755456,19.945701285270 73.546507191887,19.945887812239 73.546774773129,19.946294546627 73.547079931619,19.946520924939 73.547697600226,19.946711990611 73.547964058775,19.946909657038 73.548142953904,19.947181579760 73.548188257005,19.947385112417 73.548393136808,19.947696530553 73.548776071770,19.947980598198 73.548792108527,19.948106164137 73.548899212962,19.948185615633 73.549032002790,19.948170451139 73.549303552975,19.948371889955 73.550034063411,19.948597848898</coordinates></LineString><LineString><coordinates>73.545036236416,19.945991536243 73.545700039078,19.945673291501 73.546017198627,19.945637076856 73.546122431873,19.945715144008 73.546256172969,19.945699872628 73.546508275233,19.945886893541 73.546775856477,19.946293627928 73.547080617347,19.946519711270 73.547698285950,19.946710776939 73.547965142122,19.946908738333 73.548144304209,19.947181066831 73.548189607313,19.947384599488 73.548394220159,19.947695611846 73.548777423345,19.947979878461 73.548793460103,19.948105444400 73.548899630460,19.948184202984 73.549032420287,19.948169038489 73.549304238696,19.948370676277 73.550034508958,19.948596560929</coordinates></LineString><LineString><coordinates>73.545035588385,19.945990327586 73.545699616418,19.945671974795 73.546017616142,19.945635664214 73.546122849387,19.945713731366 73.546256590482,19.945698459986 73.546509358580,19.945885974844 73.546776939825,19.946292709229 73.547081303075,19.946518497600 73.547698971675,19.946709563267 73.547966225469,19.946907819628 73.548145654515,19.947180553902 73.548190957620,19.947384086559 73.548395303510,19.947694693138 73.548778774920,19.947979158723 73.548794811679,19.948104724663 73.548900047958,19.948182790335 73.549032837784,19.948167625839 73.549304924417,19.948369462598 73.550034954504,19.948595272959</coordinates></LineString><LineString><coordinates>73.544909006424,19.945754236613 73.545617056508,19.945414778210 73.545923948617,19.945379736010 73.546006505545,19.945280225965 73.546259512445,19.945251336037 73.546460018749,19.945400081149 73.546475938429,19.945524745772 73.546720972900,19.945706523218 73.546988554279,19.946113257132 73.547215248825,19.946281427584 73.547832916935,19.946472492847 73.548177838807,19.946728365367 73.548409413848,19.947080361052 73.548454717595,19.947283894401 73.548606918069,19.947515239013 73.548903916299,19.947735557137 73.549036705702,19.947720392620 73.549237217785,19.947869134912 73.549253254905,19.947994700833 73.549438868707,19.948132390841 73.550121984460,19.948343689611</coordinates></LineString><LineString><coordinates>73.544909654454,19.945755445270 73.545617479167,19.945416094916 73.545924709725,19.945381014070 73.546007266653,19.945281504025 73.546259094934,19.945252748680 73.546458667188,19.945400800870 73.546474586866,19.945525465492 73.546719889556,19.945707441917 73.546987470934,19.946114175832 73.547214563099,19.946282641254 73.547832231212,19.946473706519 73.548176755463,19.946729284074 73.548408063544,19.947080873984 73.548453367289,19.947284407332 73.548605834721,19.947516157722 73.548903498802,19.947736969787 73.549036288207,19.947721805269 73.549235866213,19.947869854653 73.549251903332,19.947995420574 73.549438182988,19.948133604520 73.550121538915,19.948344977581</coordinates></LineString><LineString><coordinates>73.544910302483,19.945756653927 73.545617901826,19.945417411623 73.545925470834,19.945382292130 73.546008027761,19.945282782085 73.546258677422,19.945254161322 73.546457315626,19.945401520590 73.546473235304,19.945526185213 73.546718806212,19.945708360616 73.546986387588,19.946115094533 73.547213877374,19.946283854924 73.547831545490,19.946474920192 73.548175672118,19.946730202781 73.548406713241,19.947081386915 73.548452016984,19.947284920264 73.548604751373,19.947517076431 73.548903081306,19.947738382436 73.549035870712,19.947723217919 73.549234514641,19.947870574394 73.549250551759,19.947996140315 73.549437497270,19.948134818199 73.550121093370,19.948346265550</coordinates></LineString><LineString><coordinates>73.544946160150,19.945823532940 73.545641288960,19.945490269375 73.545967585504,19.945453011461 73.546050142447,19.945353501398 73.546235575106,19.945332327530 73.546382529213,19.945441345106 73.546398448833,19.945566009731 73.546658861159,19.945759195263 73.546926442455,19.946165929268 73.547175933853,19.946351011325 73.547793602167,19.946542076736 73.548115727031,19.946781037877 73.548331996432,19.947109769113 73.548377300081,19.947313302461 73.548544806089,19.947567911653 73.548879979821,19.947816549025 73.549012769294,19.947801384530 73.549159727636,19.947910400040 73.549175764696,19.948035965963 73.549399554162,19.948201975094 73.550096439862,19.948417533196</coordinates></LineString><LineString><coordinates>73.544945512120,19.945822324283 73.545640866301,19.945488952669 73.545966824395,19.945451733401 73.546049381338,19.945352223338 73.546235992618,19.945330914887 73.546383880775,19.945440625386 73.546399800396,19.945565290011 73.546659944504,19.945758276565 73.546927525801,19.946165010568 73.547176619579,19.946349797655 73.547794287890,19.946540863064 73.548116810377,19.946780119171 73.548333346736,19.947109256182 73.548378650386,19.947312789530 73.548545889438,19.947566992944 73.548880397318,19.947815136376 73.549013186790,19.947799971881 73.549161079209,19.947909680299 73.549177116270,19.948035246223 73.549400239881,19.948200761415 73.550096885408,19.948416245226</coordinates></LineString><LineString><coordinates>73.544944864090,19.945821115627 73.545640443642,19.945487635962 73.545966063286,19.945450455341 73.546048620229,19.945350945278 73.546236410130,19.945329502245 73.546385232337,19.945439905666 73.546401151959,19.945564570291 73.546661027849,19.945757357866 73.546928609147,19.946164091868 73.547177305306,19.946348583985 73.547794973613,19.946539649391 73.548117893722,19.946779200464 73.548334697040,19.947108743251 73.548380000692,19.947312276599 73.548546972787,19.947566074236 73.548880814815,19.947813723727 73.549013604286,19.947798559231 73.549162430781,19.947908960559 73.549178467844,19.948034526482 73.549400925600,19.948199547737 73.550097330953,19.948414957257</coordinates></LineString><LineString><coordinates>73.546338079003,19.945598157197 73.546610471751,19.945800230443 73.546878052982,19.946206964519 73.547145304721,19.946405221906 73.547762973195,19.946596287432 73.548067337596,19.946822073420 73.548271682845,19.947132680019 73.548316986418,19.947336213367 73.548496416495,19.947608947297 73.548861331616,19.947879647353 73.548994121143,19.947864482875 73.549099357377,19.947942548428 73.549115394390,19.948068114353 73.549368925363,19.948256186074 73.550076538820,19.948475062496</coordinates></LineString><LineString><coordinates>73.544975105517,19.945877519610 73.545660167746,19.945549082258 73.546001581710,19.945510098144</coordinates></LineString><Point><coordinates>73.542081177805,19.944739643770,0.000000000000</coordinates></Point><LineString><coordinates>73.542149593477,19.944781843814 73.542834537260,19.945204327122 73.543310708827,19.945804314048 73.543734995232,19.946066015391 73.544228349352,19.946174710538 73.544588991662,19.946133533846 73.544752268518,19.946055255137</coordinates></LineString><LineString><coordinates>73.542081177805,19.944739643770 73.542149593477,19.944781843814</coordinates></LineString><LineString><coordinates>73.542044640713,19.944792611213 73.542117714871,19.944686676318</coordinates></LineString><LineString><coordinates>73.544782509902,19.946111659156 73.544722027155,19.945998851115</coordinates></LineString><LineString><coordinates>73.544608716403,19.946194980134 73.544569266935,19.946072087556</coordinates></LineString><LineString><coordinates>73.544224659782,19.946238830346 73.544232038917,19.946110590729</coordinates></LineString><LineString><coordinates>73.543708336392,19.946125074941 73.543761654051,19.946006955835</coordinates></LineString><LineString><coordinates>73.543357121865,19.945757438787 73.543264295762,19.945851189295</coordinates></LineString><LineString><coordinates>73.542679822030,19.945360755479 73.542989463473,19.945048030374</coordinates></LineString><LineString><coordinates>73.544722026646,19.945998851359 73.544651391541,19.945867107661</coordinates></LineString><LineString><coordinates>73.544853145213,19.946243402812 73.544782509393,19.946111659400</coordinates></LineString><LineString><coordinates>73.541964781925,19.944908381513 73.542686784016,19.945353724241 73.543162849662,19.945953644812 73.543650065856,19.946254161402 73.544216593422,19.946378977733 73.544651827264,19.946329284313 73.544848608965,19.946234942226</coordinates></LineString><LineString><coordinates>73.541965564855,19.944907246510 73.542687778586,19.945352719778 73.543163844232,19.945952640346 73.543650637136,19.946252895849 73.544216672504,19.946377603739 73.544651404608,19.946327967605 73.544847960929,19.946233733571</coordinates></LineString><LineString><coordinates>73.541966347785,19.944906111507 73.542688773155,19.945351715316 73.543164838802,19.945951635880 73.543651208416,19.946251630295 73.544216751586,19.946376229745 73.544650981952,19.946326650897 73.544847312894,19.946232524916</coordinates></LineString><LineString><coordinates>73.542009669886,19.944843308016 73.542743805974,19.945296135045 73.543219871669,19.945896055444 73.543682819241,19.946181603002 73.544221127457,19.946300202078 73.544627595007,19.946253793076 73.544811454945,19.946165646000</coordinates></LineString><LineString><coordinates>73.542008886957,19.944844443019 73.542742811406,19.945297139508 73.543218877100,19.945897059910 73.543682247962,19.946182868556 73.544221048375,19.946301576072 73.544628017662,19.946255109784 73.544812102980,19.946166854655</coordinates></LineString><LineString><coordinates>73.542008104028,19.944845578022 73.542741816837,19.945298143971 73.543217882530,19.945898064376 73.543681676682,19.946184134110 73.544220969293,19.946302950066 73.544628440318,19.946256426491 73.544812751015,19.946168063310</coordinates></LineString><LineString><coordinates>73.542043074856,19.944794881219 73.542786240893,19.945253277956 73.543262306624,19.945853198227 73.543707193833,19.946127606048 73.544224501618,19.946241578334 73.544609561713,19.946197613549 73.544783805462,19.946114076711</coordinates></LineString><LineString><coordinates>73.542043857785,19.944793746216 73.542787235461,19.945252273493 73.543263301193,19.945852193761 73.543707765112,19.946126340495 73.544224580700,19.946240204340 73.544609139058,19.946196296842 73.544783157427,19.946112868055</coordinates></LineString><LineString><coordinates>73.542044640713,19.944792611213 73.542788230029,19.945251269029 73.543264295762,19.945851189295 73.543708336392,19.946125074941 73.544224659782,19.946238830346 73.544608716403,19.946194980134 73.544782509393,19.946111659400</coordinates></LineString><LineString><coordinates>73.542196007578,19.944573175940 73.542980512376,19.945057070550 73.543456578684,19.945656992163 73.543818781975,19.945880400493 73.544239947240,19.945973191330 73.544527001843,19.945940416715 73.544657224303,19.945877985338</coordinates></LineString><LineString><coordinates>73.542197573431,19.944570905933 73.542982501509,19.945055061622 73.543458567819,19.945654983230 73.543819924533,19.945877869386 73.544240105406,19.945970443342 73.544526156542,19.945937783298 73.544655928247,19.945875568022</coordinates></LineString><LineString><coordinates>73.542196790504,19.944572040937 73.542981506943,19.945056066086 73.543457573252,19.945655987696 73.543819353254,19.945879134939 73.544240026323,19.945971817336 73.544526579193,19.945939100006 73.544656576275,19.945876776680</coordinates></LineString><LineString><coordinates>73.542152685628,19.944635979488 73.542925479685,19.945112650882 73.543401545926,19.945712572636 73.543787171203,19.945950427786 73.544235571304,19.946049218998 73.544550388520,19.946013274581 73.544693081869,19.945944864403</coordinates></LineString><LineString><coordinates>73.542153468555,19.944634844484 73.542926474252,19.945111646419 73.543402540495,19.945711568170 73.543787742482,19.945949162232 73.544235650387,19.946047845004 73.544549965869,19.946011957873 73.544692433841,19.945943655746</coordinates></LineString><LineString><coordinates>73.542154251482,19.944633709480 73.542927468819,19.945110641955 73.543403535063,19.945710563704 73.543788313761,19.945947896679 73.544235729470,19.946046471010 73.544549543218,19.946010641164 73.544691785812,19.945942447088</coordinates></LineString><LineString><coordinates>73.542119280727,19.944684406310 73.542883044812,19.945155507992 73.543359111002,19.945755429855 73.543762796611,19.946004424729 73.544232197084,19.946107842741 73.544568421632,19.946069454139 73.544720731097,19.945996433799</coordinates></LineString><LineString><coordinates>73.542118497799,19.944685541314 73.542882050244,19.945156512456 73.543358116434,19.945756434321 73.543762225331,19.946005690282 73.544232118000,19.946109216735 73.544568844284,19.946070770847 73.544721379126,19.945997642457</coordinates></LineString><LineString><coordinates>73.542117714871,19.944686676318 73.542881055677,19.945157516919 73.543357121865,19.945757438787 73.543761654051,19.946006955835 73.544232038917,19.946110590729 73.544569266935,19.946072087556 73.544722027155,19.945998851115</coordinates></LineString><LineString><coordinates>73.541067792742,19.943862703371 73.541466268529,19.944108494705</coordinates></LineString><LinearRing><coordinates>73.538179769822,19.945366125937 73.538241444403,19.945366633619 73.538241786408,19.945329481292 73.538180111841,19.945328973611 73.538179769822,19.945366125937</coordinates></LinearRing><LinearRing><coordinates>73.538438767148,19.945510133369 73.538509916110,19.945510718937 73.538510570022,19.945439671178 73.538439421091,19.945439085611 73.538438767148,19.945510133369</coordinates></LinearRing><LinearRing><coordinates>73.538165508933,19.945293120962 73.538584454671,19.945439607273 73.538669976011,19.945174460010 73.538699075534,19.945103242380 73.538153669263,19.944891400096 73.538163429471,19.945020739336 73.538165508933,19.945293120962</coordinates></LinearRing><LineString><coordinates>73.538165554501,19.945293136895 73.538584454671,19.945439607273</coordinates></LineString><Point><coordinates>65.884099045468,1.316314900997,0.000000000000</coordinates></Point><Point><coordinates>92.227822599055,11.578757283048,0.000000000000</coordinates></Point><LineString><coordinates>73.540426353423,19.945858869186 73.540232138970,19.945816630648 73.540002512270,19.945769707368 73.539831534172,19.945744918931 73.539717273681,19.945725809509</coordinates></LineString><LinearRing><coordinates>73.540405764407,19.945826581430 73.540238378263,19.945790177609 73.540007715781,19.945743042674 73.539836202372,19.945718176629 73.539745211529,19.945702958931 73.539743173998,19.945639753994 73.539778804944,19.945440406741 73.539790270234,19.945364584843 73.539882368587,19.945380577800 73.540047679260,19.945409643318 73.540341039352,19.945482699291 73.540491693313,19.945520521044 73.540405764407,19.945826581430</coordinates></LinearRing><LineString><coordinates>73.540662316288,19.944776936630,0.000000000931 73.540638121001,19.944974789544,0.000000000000 73.540548666701,19.945317593254,0.000000000000</coordinates></LineString><LineString><coordinates>73.540548666701,19.945317593254,0.000000000000 73.540491693313,19.945520521044,0.000000000000 73.540341039352,19.945482699291,0.000000000000 73.540047679260,19.945409643318,-0.000000000931 73.539882368587,19.945380577800,-0.000000000931 73.539790270234,19.945364584843,0.000000000000 73.539825587273,19.945131026725,0.000000000931 73.539860849571,19.945000451298,-0.000000000931 73.539867579031,19.944968684267,0.000000000000</coordinates></LineString><LineString><coordinates>73.540405764407,19.945826581430 73.540238378263,19.945790177609 73.540007715781,19.945743042674 73.539836202372,19.945718176629 73.539745211529,19.945702958931 73.539743173998,19.945639753994 73.539778804944,19.945440406741 73.539825587273,19.945131026725 73.539860849571,19.945000451298 73.539917005944,19.944735359517</coordinates></LineString><LineString><coordinates>73.540405764407,19.945826581430 73.540238378263,19.945790177609 73.540007715781,19.945743042674 73.539836202372,19.945718176629 73.539745211529,19.945702958931 73.539743173998,19.945639753994 73.539778804944,19.945440406741 73.539825587273,19.945131026725 73.539860849571,19.945000451298 73.539917005944,19.944735359517</coordinates></LineString><LineString><coordinates>73.538140230424,19.945743578129 73.538132653347,19.945624765244 73.538116901741,19.945439160071 73.538109829267,19.945142017735 73.538103041411,19.944921891042 73.538145186247,19.944781425570 73.538175202018,19.944668455093 73.538275579065,19.944443140262</coordinates></LineString><LineString><coordinates>73.538035875341,19.944781320062 73.537682494555,19.944451079545</coordinates></LineString><LineString><coordinates>73.538488982027,19.944941447051 73.538507035283,19.944896226374 73.538551734546,19.944879409667 73.538595729913,19.944870883199 73.538671757306,19.944858472193 73.538747166446,19.944843293555 73.538800458814,19.944832566644</coordinates></LineString><LineString><coordinates>73.538556774954,19.945159140826 73.538506318109,19.945142561648 73.538451998918,19.945105545369 73.538442941457,19.945071338836 73.538450379418,19.945039824634 73.538466351336,19.944998667059 73.538488982027,19.944941447051</coordinates></LineString><LineString><coordinates>73.538849841542,19.944839498199 73.538815492962,19.944839215581 73.538758187862,19.944866932724 73.538725439569,19.944910795736 73.538706675234,19.944967807237 73.538679653270,19.945064439000 73.538652368083,19.945128648797 73.538612830737,19.945157838402 73.538556774954,19.945159140826</coordinates></LineString><LineString><coordinates>73.538500203604,19.944768313427 73.538346344799,19.944698263974</coordinates></LineString><LineString><coordinates>73.538285131078,19.944814784284,-0.000000001863 73.538346344799,19.944698263974,0.000000000000</coordinates></LineString><LineString><coordinates>73.538438989961,19.944884833794,0.000000000000 73.538500203604,19.944768313427,0.000000000000</coordinates></LineString><LinearRing><coordinates>73.538438989961,19.944884833794,0.000000000000 73.538438989961,19.944884833794,0.000000000000</coordinates></LinearRing><LineString><coordinates>73.538285099566,19.944814880172,0.000000000000 73.538438989961,19.944884833794,0.000000000000</coordinates></LineString><LineString><coordinates>73.537453868223,19.943790036024 73.537453221328,19.943788309917</coordinates></LineString><LineString><coordinates>73.538035875341,19.944781320062 73.538172347220,19.944408602859</coordinates></LineString><LineString><coordinates>73.538632747949,19.945077480074 73.538699618905,19.945101912544</coordinates></LineString><LineString><coordinates>73.538153669263,19.944891400096 73.538699075534,19.945103242380</coordinates></LineString><Point><coordinates>73.538126363670,19.945812098424,646.343577000313</coordinates></Point><Point><coordinates>73.538671347249,19.945089272433,644.328150999732</coordinates></Point><Point><coordinates>73.538620637119,19.945990187307,645.800143999979</coordinates></Point><Point><coordinates>73.538469923209,19.945584881110,645.095730001107</coordinates></Point><Point><coordinates>73.538114609849,19.945787418144,646.624336001463</coordinates></Point><Point><coordinates>73.538114604952,19.945787421808,646.775941000320</coordinates></Point><Point><coordinates>73.538469930008,19.945584877317,644.944125000388</coordinates></Point><Point><coordinates>73.538469958496,19.945584860928,645.214155000635</coordinates></Point><Point><coordinates>73.538114575924,19.945787437659,646.505910000764</coordinates></Point><LineString><coordinates>73.538655833204,19.946033381431,0.076002002694 73.538682010045,19.945997059207,0.076002001762</coordinates></LineString><LineString><coordinates>73.538656169442,19.945996846557,0.076002002694 73.538655833204,19.946033381431,0.076002002694</coordinates></LineString><LineString><coordinates>73.538649967879,19.945996795522,0.076002001762 73.538656169442,19.945996846557,0.076002002694</coordinates></LineString><LineString><coordinates>73.538649541395,19.946043136094,0.076002001762 73.538649967879,19.945996795522,0.076002001762</coordinates></LineString><LineString><coordinates>73.538681911494,19.946007767745,0.076002002694 73.538656061680,19.946043189752,0.076002002694</coordinates></LineString><LineString><coordinates>73.538681583571,19.946043399779,0.076002000831 73.538681911494,19.946007767745,0.076002002694</coordinates></LineString><LineString><coordinates>73.538688211609,19.945997110240,0.076002001762 73.538687785136,19.946043450813,0.076002000831</coordinates></LineString><LineString><coordinates>73.538682010045,19.945997059207,0.076002001762 73.538688211609,19.945997110240,0.076002001762</coordinates></LineString><LineString><coordinates>73.538669221319,19.945982656027,0.076002001762 73.538656984846,19.945931576714,0.076002001762</coordinates></LineString><LineString><coordinates>73.538682396366,19.945931785845,0.076002001762 73.538669221319,19.945982656027,0.076002001762</coordinates></LineString><LineString><coordinates>73.538682396366,19.945931785845 73.538677730441,19.945938594189 73.538669603059,19.945941193415 73.538661524750,19.945938460819 73.538656984846,19.945931576714</coordinates></LineString><LineString><coordinates>73.538728376881,19.945748168870 73.538752819518,19.945748370017 73.538758611058,19.945751168133</coordinates></LineString><LineString><coordinates>73.538728579370,19.945726166888 73.538753022004,19.945726368034 73.538758864164,19.945723665655</coordinates></LineString><LineString><coordinates>73.538682409825,19.945813801527,0.076002002694 73.538685267628,19.945819325958,0.076002002694</coordinates></LineString><LineString><coordinates>73.538682622550,19.945790688227,0.076002002694 73.538682409825,19.945813801527,0.076002002694</coordinates></LineString><LineString><coordinates>73.538679248278,19.945841280069,0.076002002694 73.538682106080,19.945846804499,0.076002001762</coordinates></LineString><LineString><coordinates>73.538679709623,19.945791153284,0.076002001762 73.538679248278,19.945841280069,0.076002002694</coordinates></LineString><LineString><coordinates>73.538755177763,19.945805458087,0.076002002694 73.538761329806,19.945807453283,0.076002002694</coordinates></LineString><LineString><coordinates>73.538718020354,19.945769704426,0.076002000831 73.538755177763,19.945805458087,0.076002002694</coordinates></LineString><LineString><coordinates>73.538736865413,19.945783913681,0.076002001762 73.538743017452,19.945785909156,0.076002001762</coordinates></LineString><LineString><coordinates>73.538719732332,19.945767427825,0.076002000831 73.538736865413,19.945783913681,0.076002001762</coordinates></LineString><LineString><coordinates>73.538676852118,19.945785944333 73.538681367223,19.945775633780 73.538684210633,19.945771401456 73.538695841449,19.945767202886 73.538689511115,19.945759293273 73.538685639077,19.945750074348 73.538695159294,19.945754085871 73.538703195981,19.945760361415 73.538707956302,19.945749334681 73.538712480854,19.945746719981 73.538723461338,19.945742630532</coordinates></LineString><LineString><coordinates>73.538742731091,19.945817024743,0.076002001762 73.538744733655,19.945822875492,0.076002001762</coordinates></LineString><LineString><coordinates>73.538705573562,19.945781271189,0.076002001762 73.538742731091,19.945817024743,0.076002001762</coordinates></LineString><LineString><coordinates>73.538720269788,19.945799335997,0.076002002694 73.538722272640,19.945805187299,0.076002001762</coordinates></LineString><LineString><coordinates>73.538703136593,19.945782850196,0.076002002694 73.538720269788,19.945799335997,0.076002002694</coordinates></LineString><LineString><coordinates>73.538765192337,19.945834713486,0.076002001762 73.538767194908,19.945840564235,0.076002001762</coordinates></LineString><LineString><coordinates>73.538707904951,19.945779590651,0.076002001762 73.538765192337,19.945834713486,0.076002001762</coordinates></LineString><LineString><coordinates>73.538586539071,19.945804070234,0.076002001762 73.538580351819,19.945805963881,0.076002000831</coordinates></LineString><LineString><coordinates>73.538624348985,19.945768933592,0.076002001762 73.538586539071,19.945804070234,0.076002001762</coordinates></LineString><LineString><coordinates>73.538614592850,19.945725228812 73.538590150219,19.945725027647 73.538584358683,19.945722229526</coordinates></LineString><LineString><coordinates>73.538614390345,19.945747230793 73.538589947710,19.945747029628 73.538584105547,19.945749732001</coordinates></LineString><LineString><coordinates>73.538659142414,19.945813610042,0.076002001762 73.538656183363,19.945819086602,0.076002001762</coordinates></LineString><LineString><coordinates>73.538659355142,19.945790496743,0.076002001762 73.538659142414,19.945813610042,0.076002001762</coordinates></LineString><LineString><coordinates>73.538622679163,19.945766629159 73.538605245188,19.945782830534 73.538599057352,19.945784724455</coordinates></LineString><LineString><coordinates>73.538619407081,19.945741774195 73.538630310632,19.945746043744 73.538634786372,19.945748732513 73.538639226416,19.945759730776 73.538647590944,19.945753744726 73.538657340085,19.945750083275 73.538653097842,19.945759085725 73.538646461364,19.945766685326 73.538658122288,19.945771186756 73.538660887368,19.945775465236 73.538665212015,19.945785848539</coordinates></LineString><LineString><coordinates>73.538598770963,19.945815839988,0.076002001762 73.538596661008,19.945821657442,0.076002001762</coordinates></LineString><LineString><coordinates>73.538636580992,19.945780703456,0.076002002694 73.538598770963,19.945815839988,0.076002001762</coordinates></LineString><LineString><coordinates>73.538621554494,19.945798523596,0.076002001762 73.538619444246,19.945804341048,0.076002001762</coordinates></LineString><LineString><coordinates>73.538638988529,19.945782322327,0.076002001762 73.538621554494,19.945798523596,0.076002001762</coordinates></LineString><LineString><coordinates>73.538661797717,19.945841136455,0.076002001762 73.538658838665,19.945846613014,0.076002001762</coordinates></LineString><LineString><coordinates>73.538662259068,19.945791009670,0.076002001762 73.538661797717,19.945841136455,0.076002001762</coordinates></LineString><LineString><coordinates>73.538671029248,19.945786203308 73.538672648092,19.945778483285 73.538677138376,19.945771856599 73.538677973756,19.945762253654 73.538686989943,19.945765784134 73.538682736821,19.945758824930 73.538679949669,19.945751231560 73.538678728740,19.945743277156 73.538671484860,19.945736698926 73.538671029250,19.945786203308</coordinates></LineString><LineString><coordinates>73.538671029237,19.945786203308 73.538669552730,19.945778457811 73.538665185096,19.945771758226 73.538664526593,19.945762142988 73.538655446790,19.945765524542 73.538659827358,19.945758636391 73.538662753850,19.945751090044 73.538664121000,19.945743156938 73.538671484860,19.945736698926 73.538671029234,19.945786203308</coordinates></LineString><LineString><coordinates>73.538619133213,19.945736267998 73.538627324184,19.945734871795 73.538634409088,19.945730741701 73.538644577335,19.945730119013 73.538641001295,19.945721533024 73.538648285609,19.945725675351 73.538656265975,19.945728442683 73.538664655344,19.945729735480 73.538671484781,19.945736698849 73.538619133213,19.945736267995</coordinates></LineString><LineString><coordinates>73.538619133213,19.945736268008 73.538627297244,19.945737798813 73.538634305055,19.945742044889 73.538644460301,19.945742834838 73.538640726768,19.945751360670 73.538648086224,19.945747338859 73.538656116318,19.945744703290 73.538664528212,19.945743548764 73.538671484781,19.945736698849 73.538619133213,19.945736268011</coordinates></LineString><LineString><coordinates>73.538723836511,19.945737129687 73.538715645540,19.945738525894 73.538708560638,19.945742655991 73.538698392390,19.945743278683 73.538701968433,19.945751864671 73.538694684116,19.945747722347 73.538686703748,19.945744955016 73.538678314379,19.945743662220 73.538671484941,19.945736698851 73.538723836510,19.945737129689</coordinates></LineString><LineString><coordinates>73.538723836511,19.945737129676 73.538715672478,19.945735598876 73.538708664665,19.945731352803 73.538698509419,19.945730562858 73.538702242948,19.945722037025 73.538694883495,19.945726058838 73.538686853402,19.945728694408 73.538678441510,19.945729848936 73.538671484941,19.945736698851 73.538723836511,19.945737129674</coordinates></LineString><LineString><coordinates>73.538718620719,19.945704464095 73.538756430580,19.945669327420 73.538762617825,19.945667433767</coordinates></LineString><LineString><coordinates>73.538706388710,19.945692694235 73.538744198686,19.945657557677 73.538746308632,19.945651740221</coordinates></LineString><LineString><coordinates>73.538703981174,19.945691075365 73.538721415189,19.945674874087 73.538723525430,19.945669056633</coordinates></LineString><LineString><coordinates>73.538677805413,19.945682017506 73.538678516683,19.945604734830 73.538681475729,19.945599258270</coordinates></LineString><LineString><coordinates>73.538680710647,19.945682388029 73.538681171988,19.945632261243 73.538684131034,19.945626784682</coordinates></LineString><LineString><coordinates>73.538683614570,19.945682900956 73.538683827293,19.945659787655 73.538686786340,19.945654311095</coordinates></LineString><LineString><coordinates>73.538720290541,19.945706768526 73.538737724496,19.945690567138 73.538743912327,19.945688673213</coordinates></LineString><LineString><coordinates>73.538624949387,19.945703693263 73.538587792032,19.945667939578 73.538581639997,19.945665944376</coordinates></LineString><LineString><coordinates>73.538635064791,19.945693807043 73.538577777500,19.945638684171 73.538575774938,19.945632833420</coordinates></LineString><LineString><coordinates>73.538637396179,19.945692126506 73.538600238703,19.945656372932 73.538598236145,19.945650522182</coordinates></LineString><LineString><coordinates>73.538639833147,19.945690547499 73.538622699972,19.945674061692 73.538620697125,19.945668210389</coordinates></LineString><LineString><coordinates>73.538666171717,19.945681921764 73.538666882993,19.945604639089 73.538664025195,19.945599114658</coordinates></LineString><LineString><coordinates>73.538663260103,19.945682244416 73.538663721450,19.945632117631 73.538660863651,19.945626593200</coordinates></LineString><LineString><coordinates>73.538660347179,19.945682709472 73.538660559905,19.945659596172 73.538657702106,19.945654071741</coordinates></LineString><LineString><coordinates>73.538623237409,19.945705969863 73.538606104349,19.945689483997 73.538599952315,19.945687488518</coordinates></LineString><LinearRing><coordinates>73.538729653361,19.945737177518 73.538728776703,19.945746224507 73.538726337272,19.945755011662 73.538722401610,19.945763299292 73.538717077071,19.945770861330 73.538710508894,19.945777491505 73.538702876243,19.945783008963 73.538694387316,19.945787263201 73.538685273670,19.945790138175 73.538675783900,19.945791555463 73.538666176863,19.945791476405 73.538656714615,19.945789903158 73.538647655262,19.945786878635 73.538639245918,19.945782485339 73.538631715969,19.945776843106 73.538625270813,19.945770105842 73.538620086257,19.945762457323 73.538616303721,19.945754106179 73.538614026383,19.945745280210 73.538613316363,19.945736220163 73.538614193028,19.945727173174 73.538616632464,19.945718386021 73.538620568130,19.945710098395 73.538625892671,19.945702536359 73.538632460848,19.945695906187 73.538640093497,19.945690388732 73.538648582419,19.945686134497 73.538657696061,19.945683259524 73.538667185824,19.945681842237 73.538676792854,19.945681921294 73.538686255096,19.945683494540 73.538695314444,19.945686519060 73.538703723785,19.945690912354 73.538711253732,19.945696554584 73.538717698890,19.945703291845 73.538722883449,19.945710940361 73.538726665990,19.945719291503 73.538728943334,19.945728117471 73.538729653361,19.945737177518</coordinates></LinearRing><LineString><coordinates>73.538671940484,19.945687194391 73.538673416990,19.945694939889 73.538677784623,19.945701639473 73.538678443126,19.945711254712 73.538687522926,19.945707873156 73.538683142361,19.945714761308 73.538680215871,19.945722307656 73.538678848721,19.945730240762 73.538671484862,19.945736698774 73.538671940487,19.945687194391</coordinates></LineString><LineString><coordinates>73.538671940473,19.945687194391 73.538670321629,19.945694914415 73.538665831348,19.945701541101 73.538664995968,19.945711144045 73.538655979784,19.945707613565 73.538660232904,19.945714572769 73.538663020055,19.945722166139 73.538664240983,19.945730120544 73.538671484862,19.945736698774 73.538671940470,19.945687194391</coordinates></LineString><LineString><coordinates>73.538666117607,19.945687453366 73.538661602504,19.945697763920 73.538658759094,19.945701996243 73.538647128282,19.945706194811 73.538653458612,19.945714104426 73.538657330647,19.945723323351 73.538647810433,19.945719311826 73.538639773751,19.945713036280 73.538635013426,19.945724063012 73.538630488874,19.945726677709 73.538619508388,19.945730767153</coordinates></LineString><LinearRing><coordinates>73.538723836511,19.945737129652 73.538722861414,19.945746218737 73.538720136749,19.945754983635 73.538715755302,19.945763125866 73.538709866278,19.945770368157 73.538702670220,19.945776463879 73.538694412180,19.945781205451 73.538685373378,19.945784431404 73.538675861619,19.945786031882 73.538666200815,19.945785952381 73.538656719952,19.945784195610 73.538647741891,19.945780821394 73.538639572370,19.945775944637 73.538632489591,19.945769731411 73.538626734749,19.945762393302 73.538622503820,19.945754180198 73.538619940882,19.945745371789 73.538619133213,19.945736268033 73.538620108316,19.945727178948 73.538622832985,19.945718414053 73.538627214435,19.945710271824 73.538633103461,19.945703029536 73.538640299518,19.945696933816 73.538648557554,19.945692192246 73.538657596351,19.945688966295 73.538667108105,19.945687365818 73.538676768903,19.945687445318 73.538686249760,19.945689202088 73.538695227817,19.945692576302 73.538703397336,19.945697453056 73.538710480115,19.945703666279 73.538716234959,19.945711004386 73.538720465892,19.945719217488 73.538723028835,19.945728025896 73.538723836511,19.945737129652</coordinates></LinearRing><LineString><coordinates>73.538723562639,19.945731623490 73.538712659085,19.945727353946 73.538708183345,19.945724665179 73.538703743297,19.945713666917 73.538695378773,19.945719652971 73.538685629634,19.945723314424 73.538689871875,19.945714311973 73.538696508348,19.945706712369 73.538684847428,19.945702210942 73.538682082348,19.945697932463 73.538677757702,19.945687549161</coordinates></LineString><LineString><coordinates>73.538716843468,19.945702259501 73.538775136658,19.945648087757 73.538781323902,19.945646194098</coordinates></LineString><LineString><coordinates>73.538708688812,19.945694412946 73.538766981474,19.945640241258 73.538769092008,19.945634424357</coordinates></LineString><LineString><coordinates>73.538712974172,19.945698143010 73.538818171588,19.945600383171</coordinates></LineString><LineString><coordinates>73.538714960894,19.945700152835 73.538793842149,19.945626848092 73.538800029969,19.945624954437</coordinates></LineString><LineString><coordinates>73.538710883538,19.945696229531 73.538789764851,19.945622924845 73.538791875372,19.945617107944</coordinates></LineString><LineString><coordinates>73.538729555279,19.945739927199 73.538840148205,19.945740837277 73.538845939747,19.945743635390</coordinates></LineString><LineString><coordinates>73.538729311140,19.945742675646 73.538811038643,19.945743348195 73.538816830184,19.945746146309</coordinates></LineString><LineString><coordinates>73.538729412385,19.945731674655 73.538811139882,19.945732347204 73.538816982042,19.945729644822</coordinates></LineString><LineString><coordinates>73.538728919308,19.945745422878 73.538781929081,19.945745859108 73.538787720621,19.945748657223</coordinates></LineString><LineString><coordinates>73.538729071175,19.945728921391 73.538782080942,19.945729357621 73.538787923102,19.945726655241</coordinates></LineString><LineString><coordinates>73.538773490124,19.945827001825,0.076002000831 73.538779641581,19.945828997577,0.076002001762</coordinates></LineString><LineString><coordinates>73.538716202794,19.945771879436,0.076002001762 73.538773490124,19.945827001825,0.076002000831</coordinates></LineString><LineString><coordinates>73.538729605901,19.945734426704 73.538840198824,19.945735336781 73.538846040983,19.945732634399</coordinates></LineString><LineString><coordinates>73.538729653360,19.945737177564 73.538904158871,19.945738613408</coordinates></LineString><LineString><coordinates>73.538673887677,19.945791658926,0.076002001762 73.538672925178,19.945896237151,0.076002001762</coordinates></LineString><LineString><coordinates>73.538668070825,19.945791611055,0.076002001762 73.538667108323,19.945896189279,0.076002001762</coordinates></LineString><LineString><coordinates>73.538664453019,19.945868662867,0.076002001762 73.538661493967,19.945874139427,0.076002001762</coordinates></LineString><LineString><coordinates>73.538665164304,19.945791380193,0.076002000831 73.538664453019,19.945868662867,0.076002001762</coordinates></LineString><LineString><coordinates>73.538670978604,19.945791703804,0.076002001762 73.538669221319,19.945982656027,0.076002001762</coordinates></LineString><LineString><coordinates>73.538676086729,19.945868758610,0.076002002694 73.538678944532,19.945874283041,0.076002001762</coordinates></LineString><LineString><coordinates>73.538676798007,19.945791475936,0.076002001762 73.538676086729,19.945868758610,0.076002002694</coordinates></LineString><LineString><coordinates>73.538712258199,19.945775931734,0.076002003625 73.538815640627,19.945875407958,0.076002001762</coordinates></LineString><LineString><coordinates>73.538787653589,19.945852401676,0.076002002694 73.538789656156,19.945858252970,0.076002001762</coordinates></LineString><LineString><coordinates>73.538710132780,19.945777810406,0.076002001762 73.538787653589,19.945852401676,0.076002002694</coordinates></LineString><LineString><coordinates>73.538791802480,19.945848546123,0.076002001762 73.538797953938,19.945850541864,0.076002001762</coordinates></LineString><LineString><coordinates>73.538714281730,19.945773954800,0.076002001762 73.538791802480,19.945848546123,0.076002001762</coordinates></LineString><LineString><coordinates>73.538626766948,19.945701518254 73.538569479720,19.945646395267 73.538563328268,19.945644400064</coordinates></LineString><LineString><coordinates>73.538630711543,19.945697465958 73.538527329346,19.945597989638</coordinates></LineString><LineString><coordinates>73.538628688013,19.945699442835 73.538551167412,19.945624851505 73.538545015966,19.945622855756</coordinates></LineString><LineString><coordinates>73.538632836962,19.945695587287 73.538555316302,19.945620995957 73.538553313746,19.945615144661</coordinates></LineString><LineString><coordinates>73.538567832949,19.945825309874,0.076002001762 73.538561645696,19.945827203526,0.076002001762</coordinates></LineString><LineString><coordinates>73.538626126176,19.945771138185,0.076002001762 73.538567832949,19.945825309874,0.076002001762</coordinates></LineString><LineString><coordinates>73.538614050421,19.945727974804 73.538561040659,19.945727538524 73.538555249123,19.945724740402</coordinates></LineString><LineString><coordinates>73.538613898543,19.945744476290 73.538560888774,19.945744040009 73.538555046610,19.945746742382</coordinates></LineString><LineString><coordinates>73.538613414447,19.945733470482 73.538502821537,19.945732560263 73.538497030003,19.945729762139</coordinates></LineString><LineString><coordinates>73.538613363821,19.945738970977 73.538502770907,19.945738060758 73.538496928742,19.945740763129</coordinates></LineString><LineString><coordinates>73.538613658587,19.945730722035 73.538531931098,19.945730049396 73.538526139563,19.945727251273</coordinates></LineString><LineString><coordinates>73.538613557335,19.945741723026 73.538531829840,19.945741050386 73.538525987676,19.945743752758</coordinates></LineString><LineString><coordinates>73.538629995530,19.945775254679,0.076002002694 73.538524797882,19.945873014390,0.076002000831</coordinates></LineString><LineString><coordinates>73.538549127404,19.945846549512,0.076002001762 73.538542939574,19.945848443157,0.076002000831</coordinates></LineString><LineString><coordinates>73.538628008809,19.945773244853,0.076002001762 73.538549127404,19.945846549512,0.076002001762</coordinates></LineString><LineString><coordinates>73.538553204702,19.945850472764,0.076002001762 73.538551094168,19.945856289662,0.076002001762</coordinates></LineString><LineString><coordinates>73.538632086106,19.945777168158,0.076002001762 73.538553204702,19.945850472764,0.076002001762</coordinates></LineString><LineString><coordinates>73.538575987543,19.945833156378,0.076002001762 73.538573877588,19.945838973281,0.076002001762</coordinates></LineString><LineString><coordinates>73.538634280890,19.945778984745,0.076002001762 73.538575987543,19.945833156378,0.076002001762</coordinates></LineString><LineString><coordinates>73.538613316363,19.945736220122 73.538438810878,19.945734784012</coordinates></LineString><LinearRing><coordinates>73.538679152487,19.945511435153 73.538673509658,19.945516679030 73.538667964193,19.945511343084 73.538673607022,19.945506099207 73.538679152487,19.945511435153</coordinates></LinearRing><LineString><coordinates>73.538674062636,19.945456594829 73.538675539142,19.945464340325 73.538679906770,19.945471039906 73.538680565277,19.945480654882 73.538689645062,19.945477273383 73.538685264482,19.945484161638 73.538682337996,19.945491708093 73.538680970869,19.945499641302 73.538673607019,19.945506099289 73.538674062638,19.945456594829</coordinates></LineString><LineString><coordinates>73.538674062630,19.945456594829 73.538672443788,19.945464314851 73.538667953513,19.945470941535 73.538667118138,19.945480544217 73.538658101966,19.945477013796 73.538662355101,19.945483973103 73.538665142247,19.945491566578 73.538666363152,19.945499521086 73.538673607024,19.945506099289 73.538674062627,19.945456594829</coordinates></LineString><LineString><coordinates>73.538674898893,19.945681786644 73.538675861379,19.945577208417 73.538678820425,19.945571731857</coordinates></LineString><LineString><coordinates>73.538669082045,19.945681738773 73.538670044535,19.945577160547 73.538667186737,19.945571636116</coordinates></LineString><LineString><coordinates>73.538671991111,19.945681693896 73.538673509654,19.945516679030</coordinates></LineString><Point><coordinates>73.538460019219,19.945617183149,0.076002001762</coordinates></Point><LinearRing><coordinates>73.538028067162,19.940738455974 73.538026497163,19.940747329192 73.538022104422,19.940755309338 73.538015318929,19.940761615260 73.538006804897,19.940765629690 73.537997395738,19.940766959667 73.537988012487,19.940765475005 73.537979573642,19.940761321032 73.537972905257,19.940754904368 73.537968660080,19.940746853121 73.537967253657,19.940737955404 73.537968823659,19.940729082187 73.537973216402,19.940721102043 73.537980001895,19.940714796122 73.537988515925,19.940710781693 73.537997925080,19.940709451716 73.538007308328,19.940710936378 73.538015747171,19.940715090349 73.538022415556,19.940721507012 73.538026660736,19.940729558257 73.538028067162,19.940738455974</coordinates></LinearRing><LinearRing><coordinates>73.537293925264,19.942864714016 73.537292355195,19.942873587222 73.537287962351,19.942881567342 73.537281176735,19.942887873227 73.537272662568,19.942891887612 73.537263253279,19.942893217542 73.537253869913,19.942891732834 73.537245430981,19.942887578821 73.537238762545,19.942881162127 73.537234517356,19.942873110864 73.537233110964,19.942864213144 73.537234681036,19.942855339940 73.537239073882,19.942847359821 73.537245859498,19.942841053938 73.537254373662,19.942837039553 73.537263782948,19.942835709623 73.537273166311,19.942837194331 73.537281605241,19.942841348343 73.537288273678,19.942847765035 73.537292518869,19.942855816297 73.537293925264,19.942864714016</coordinates></LinearRing><LinearRing><coordinates>73.548658224837,19.948734230015 73.548656655316,19.948743103351 73.548652262841,19.948751083773 73.548645477378,19.948757390101 73.548636963136,19.948761405027 73.548627553548,19.948762735543 73.548618169691,19.948761251408 73.548609730122,19.948757097900 73.548603060966,19.948750681593 73.548598815046,19.948742630560 73.548597407982,19.948733732893 73.548598977507,19.948724859558 73.548603369984,19.948716879137 73.548610155446,19.948710572811 73.548618669686,19.948706557886 73.548628079271,19.948705227370 73.548637463125,19.948706711505 73.548645902692,19.948710865011 73.548652571848,19.948717281317 73.548656817770,19.948725332348 73.548658224837,19.948734230015</coordinates></LinearRing><LinearRing><coordinates>73.547235675150,19.947213337362 73.547234105571,19.947222210683 73.547229713074,19.947230191070 73.547222927628,19.947236497345 73.547214413438,19.947240512206 73.547205003935,19.947241842652 73.547195620185,19.947240358448 73.547187180737,19.947236204878 73.547180511702,19.947229788525 73.547176265892,19.947221737464 73.547174858916,19.947212839790 73.547176428498,19.947203966470 73.547180820996,19.947195986085 73.547187606442,19.947189679811 73.547196120629,19.947185664951 73.547205530130,19.947184334506 73.547214913876,19.947185818709 73.547223353323,19.947189972277 73.547230022358,19.947196388629 73.547234268171,19.947204439689 73.547235675150,19.947213337362</coordinates></LinearRing><LinearRing><coordinates>73.545346139957,19.946469364649 73.545344570283,19.946478237947 73.545340177718,19.946486218283 73.545333392235,19.946492524483 73.545324878046,19.946496539254 73.545315468578,19.946497869601 73.545306084897,19.946496385301 73.545297645542,19.946492231647 73.545290976618,19.946485815229 73.545286730924,19.946477764129 73.545285324058,19.946468866447 73.545286893735,19.946459993149 73.545291286302,19.946452012815 73.545298071784,19.946445706616 73.545306585971,19.946441691846 73.545315995436,19.946440361499 73.545325379114,19.946441845799 73.545333818467,19.946445999451 73.545340487392,19.946452415868 73.545344733088,19.946460466966 73.545346139957,19.946469364649</coordinates></LinearRing><LinearRing><coordinates>73.542387778519,19.945775239801 73.542386208692,19.945784113065 73.542381816005,19.945792093320 73.542375030444,19.945798399402 73.542366516228,19.945802414029 73.542357106788,19.945803744220 73.542347723186,19.945802259768 73.542339283954,19.945798105980 73.542332615184,19.945791689459 73.542328369662,19.945783638299 73.542326962967,19.945774740603 73.542328532798,19.945765867341 73.542332925487,19.945757887087 73.542339711047,19.945751581006 73.542348225261,19.945747566381 73.542357634697,19.945746236189 73.542367018296,19.945747720641 73.542375457526,19.945751874427 73.542382126297,19.945758290947 73.542386371822,19.945766342106 73.542387778519,19.945775239801</coordinates></LinearRing><LinearRing><coordinates>73.541243059248,19.944983624409 73.541241489368,19.944992497660 73.541237096650,19.945000477885 73.541230311083,19.945006783923 73.541221796886,19.945010798497 73.541212387488,19.945012128630 73.541203003947,19.945010644120 73.541194564789,19.945006490282 73.541187896100,19.945000073723 73.541183650655,19.944992022540 73.541182244030,19.944983124838 73.541183813912,19.944974251588 73.541188206632,19.944966271365 73.541194992199,19.944959965328 73.541203506394,19.944955950756 73.541212915788,19.944954620623 73.541222299326,19.944956105132 73.541230738482,19.944960258968 73.541237407172,19.944966675526 73.541241652618,19.944974726708 73.541243059248,19.944983624409</coordinates></LinearRing><LinearRing><coordinates>73.549934457948,19.947826271735 73.549932888510,19.947835145088 73.549928496125,19.947843125548 73.549921710751,19.947849431931 73.549913196587,19.947853446924 73.549903787059,19.947854777511 73.549894403239,19.947853293446 73.549885963679,19.947849139999 73.549879294504,19.947842723739 73.549875048538,19.947834672733 73.549873641406,19.947825775072 73.549875210848,19.947816901719 73.549879603235,19.947808921261 73.549886388608,19.947802614880 73.549894902770,19.947798599888 73.549904312294,19.947797269300 73.549913696112,19.947798753365 73.549922135670,19.947802906810 73.549928804845,19.947809323069 73.549933050813,19.947817374073 73.549934457948,19.947826271735</coordinates></LinearRing><LinearRing><coordinates>73.539666879700,19.941291019599 73.539665309784,19.941299892836 73.539660917105,19.941307873026 73.539654131648,19.941314179013 73.539645617621,19.941318193522 73.539636208436,19.941319523585 73.539626825132,19.941318039007 73.539618386211,19.941313885107 73.539611717733,19.941307468499 73.539607472457,19.941299417286 73.539606065939,19.941290519577 73.539607635858,19.941281646340 73.539612028539,19.941273666151 73.539618813996,19.941267360166 73.539627328021,19.941263345658 73.539636737202,19.941262015595 73.539646120503,19.941263500173 73.539654559423,19.941267654071 73.539661227900,19.941274070677 73.539665473179,19.941282121889 73.539666879700,19.941291019599</coordinates></LinearRing><LinearRing><coordinates>73.538773435967,19.942871188759 73.538771865980,19.942880061983 73.538767473208,19.942888042144 73.538760687646,19.942894348089 73.538752173512,19.942898362548 73.538742764228,19.942899692557 73.538733380843,19.942898207926 73.538724941867,19.942894053981 73.538718273366,19.942887637339 73.538714028100,19.942879586106 73.538712621625,19.942870688393 73.538714191615,19.942861815170 73.538718584389,19.942853835010 73.538725369951,19.942847529067 73.538733884083,19.942843514609 73.538743293363,19.942842184600 73.538752676745,19.942843669230 73.538761115719,19.942847823174 73.538767784220,19.942854239815 73.538772029488,19.942862291046 73.538773435967,19.942871188759</coordinates></LinearRing><LinearRing><coordinates>73.548741557847,19.947124460640 73.548739988352,19.947133333980 73.548735595931,19.947141314408 73.548728810545,19.947147620745 73.548720296394,19.947151635682 73.548710886903,19.947152966208 73.548701503139,19.947151482083 73.548693063650,19.947147328583 73.548686394554,19.947140912282 73.548682148667,19.947132861253 73.548680741606,19.947123963586 73.548682311104,19.947115090246 73.548686703526,19.947107109820 73.548693488913,19.947100803485 73.548702003062,19.947096788549 73.548711412549,19.947095458023 73.548720796310,19.947096942147 73.548729235797,19.947101095646 73.548735904894,19.947107511945 73.548740150783,19.947115562973 73.548741557847,19.947124460640</coordinates></LinearRing><LinearRing><coordinates>73.547334480534,19.945892428840 73.547332910979,19.945901302164 73.547328518528,19.945909282556 73.547321733146,19.945915588840 73.547313219032,19.945919603711 73.547303809608,19.945920934167 73.547294425934,19.945919449973 73.547285986550,19.945915296412 73.547279317563,19.945908880064 73.547275071778,19.945900829006 73.547273664803,19.945891931333 73.547275234362,19.945883058009 73.547279626814,19.945875077618 73.547286412197,19.945868771336 73.547294926308,19.945864756466 73.547304335729,19.945863426010 73.547313719399,19.945864910204 73.547322158781,19.945869063763 73.547328827769,19.945875480109 73.547333073556,19.945883531166 73.547334480534,19.945892428840</coordinates></LinearRing><LinearRing><coordinates>73.545207319544,19.945277866600 73.545205749879,19.945286739899 73.545201357344,19.945294720234 73.545194571911,19.945301026433 73.545186057784,19.945305041201 73.545176648387,19.945306371545 73.545167264777,19.945304887242 73.545158825488,19.945300733586 73.545152156616,19.945294317164 73.545147910957,19.945286266063 73.545146504105,19.945277368379 73.545148073773,19.945268495081 73.545152466310,19.945260514748 73.545159251743,19.945254208550 73.545167765867,19.945250193783 73.545177175261,19.945248863439 73.545186558868,19.945250347742 73.545194998155,19.945254501397 73.545201667028,19.945260917817 73.545205912689,19.945268968917 73.545207319544,19.945277866600</coordinates></LinearRing><LinearRing><coordinates>73.542122976746,19.944161805916 73.542121406926,19.944170679179 73.542117014276,19.944178659430 73.542110228780,19.944184965507 73.542101714647,19.944188980127 73.542092305303,19.944190310311 73.542082921798,19.944188825850 73.542074482657,19.944184672055 73.542067813962,19.944178255528 73.542063568490,19.944170204363 73.542062161819,19.944161306666 73.542063731642,19.944152433404 73.542068124293,19.944144453154 73.542074909790,19.944138147078 73.542083423920,19.944134132459 73.542092833261,19.944132802276 73.542102216762,19.944134286736 73.542110655902,19.944138440530 73.542117324597,19.944144857055 73.542121570071,19.944152908218 73.542122976746,19.944161805916</coordinates></LinearRing><LinearRing><coordinates>73.539681912670,19.943880315336 73.539680342719,19.943889188570 73.539675949960,19.943897168754 73.539669164385,19.943903474732 73.539660650215,19.943907489232 73.539651240876,19.943908819286 73.539641857419,19.943907334699 73.539633418365,19.943903180793 73.539626749786,19.943896764181 73.539622504449,19.943888712966 73.539621097917,19.943879815257 73.539622667871,19.943870942025 73.539627060632,19.943862961842 73.539633846206,19.943856655865 73.539642360374,19.943852641366 73.539651769710,19.943851311313 73.539661153163,19.943852795899 73.539669592216,19.943856949804 73.539676260795,19.943863366414 73.539680506135,19.943871417628 73.539681912670,19.943880315336</coordinates></LinearRing><LinearRing><coordinates>73.538497646177,19.944606075240 73.538496076151,19.944614948457 73.538491683311,19.944622928606 73.538484897660,19.944629234534 73.538476383424,19.944633248973 73.538466974035,19.944634578960 73.538457590552,19.944633094309 73.538449151495,19.944628940346 73.538442482939,19.944622523691 73.538438237647,19.944614472451 73.538436831178,19.944605574738 73.538438401208,19.944596701521 73.538442794049,19.944588721373 73.538449579700,19.944582415447 73.538458093934,19.944578401009 73.538467503319,19.944577071022 73.538476886799,19.944578555673 73.538485325854,19.944582709634 73.538491994411,19.944589126288 73.538496239705,19.944597177526 73.538497646177,19.944606075240</coordinates></LinearRing><Point><coordinates>73.538138670657,19.945296531944,0.000000000000</coordinates></Point><LineString><coordinates>73.537184274739,19.943553217877,640.035899999552 73.537384517364,19.943554933248,640.035899999552</coordinates></LineString><LineString><coordinates>73.537340544487,19.943855391140,640.035899999552 73.537184274739,19.943553217877,640.035899999552</coordinates></LineString><LineString><coordinates>73.537537031929,19.944221114407,640.035899999552 73.537340544487,19.943855391140,640.035899999552</coordinates></LineString><LineString><coordinates>73.537682494555,19.944451079545,640.035900001414 73.537537031929,19.944221114407,640.035899999552</coordinates></LineString><LineString><coordinates>73.537784631295,19.944546528318,640.035899998620 73.537682494555,19.944451079545,640.035900001414</coordinates></LineString><LineString><coordinates>73.537918081582,19.944671239959,640.035900001414 73.537784631295,19.944546528318,640.035899998620</coordinates></LineString><LineString><coordinates>73.538153669263,19.944891400096,640.035900000483 73.537918081582,19.944671239959,640.035900001414</coordinates></LineString><LineString><coordinates>73.538163429471,19.945020739336,640.035900000483 73.538153669263,19.944891400096,640.035900000483</coordinates></LineString><LineString><coordinates>73.538166166061,19.945379196642,640.035900000483 73.538163429471,19.945020739336,640.035900000483</coordinates></LineString><LineString><coordinates>73.538177139092,19.945764520430,640.035899999552 73.538166166061,19.945379196642,640.035900000483</coordinates></LineString><LineString><coordinates>73.538358122571,19.945705926518,640.035900000483 73.538177139092,19.945764520430,640.035899999552</coordinates></LineString><LineString><coordinates>73.538463425060,19.945576865713,640.035899999552 73.538358122571,19.945705926518,640.035900000483</coordinates></LineString><LineString><coordinates>73.538584454671,19.945439607273,640.035899999552 73.538463425060,19.945576865713,640.035899999552</coordinates></LineString><LineString><coordinates>73.538621642541,19.945321161009,640.035899999552 73.538584454671,19.945439607273,640.035899999552</coordinates></LineString><LineString><coordinates>73.538652207690,19.945227431060,640.035899999552 73.538621642541,19.945321161009,640.035899999552</coordinates></LineString><LineString><coordinates>73.538669976011,19.945174460010,640.035899999552 73.538652207690,19.945227431060,640.035899999552</coordinates></LineString><LineString><coordinates>73.538706011940,19.945086266339,640.035899998620 73.538669976011,19.945174460010,640.035899999552</coordinates></LineString><LineString><coordinates>73.538733784874,19.945029703010,640.035900000483 73.538706011940,19.945086266339,640.035899998620</coordinates></LineString><LineString><coordinates>73.538799756645,19.944895342401,640.035899999552 73.538733784874,19.945029703010,640.035900000483</coordinates></LineString><LineString><coordinates>73.538810341263,19.944873785341,640.035900000483 73.538799756645,19.944895342401,640.035899999552</coordinates></LineString><LineString><coordinates>73.538810819427,19.944872811493,640.035899999552 73.538810341263,19.944873785341,640.035900000483</coordinates></LineString><LineString><coordinates>73.538779293283,19.944854305098,640.035900000483 73.538810819427,19.944872811493,640.035899999552</coordinates></LineString><LineString><coordinates>73.538716730065,19.944815788471,640.035899998620 73.538779293283,19.944854305098,640.035900000483</coordinates></LineString><LineString><coordinates>73.538661387282,19.944780088978,640.035899999552 73.538716730065,19.944815788471,640.035899998620</coordinates></LineString><LineString><coordinates>73.538550660645,19.944704266176,640.035900000483 73.538661387282,19.944780088978,640.035899999552</coordinates></LineString><LineString><coordinates>73.538373632875,19.944572010007,640.035900000483 73.538550660645,19.944704266176,640.035900000483</coordinates></LineString><LineString><coordinates>73.538213597256,19.944442966176,640.035899999552 73.538373632875,19.944572010007,640.035900000483</coordinates></LineString><LineString><coordinates>73.538059716154,19.944313206485,640.035899999552 73.538213597256,19.944442966176,640.035899999552</coordinates></LineString><LineString><coordinates>73.537890915732,19.944168191534,640.035900000483 73.538059716154,19.944313206485,640.035899999552</coordinates></LineString><LineString><coordinates>73.537738161983,19.944038018718,640.035900000483 73.537890915732,19.944168191534,640.035900000483</coordinates></LineString><LineString><coordinates>73.537630465744,19.943948566626,640.035899999552 73.537738161983,19.944038018718,640.035900000483</coordinates></LineString><LineString><coordinates>73.537574330210,19.943903078096,640.035899999552 73.537630465744,19.943948566626,640.035899999552</coordinates></LineString><LineString><coordinates>73.537525407706,19.943863644378,640.035899999552 73.537574330210,19.943903078096,640.035899999552</coordinates></LineString><LineString><coordinates>73.537493915073,19.943835748622,640.035899999552 73.537525407706,19.943863644378,640.035899999552</coordinates></LineString><LineString><coordinates>73.537463572015,19.943802938395,640.035899998620 73.537493915073,19.943835748622,640.035899999552</coordinates></LineString><LineString><coordinates>73.537444958355,19.943776631974,640.035900000483 73.537463572015,19.943802938395,640.035899998620</coordinates></LineString><LineString><coordinates>73.537384211154,19.943556577497,640.035900000483 73.537384449349,19.943560161670,640.035900000483</coordinates></LineString><LineString><coordinates>73.537384106787,19.943554929731,640.035899999552 73.537384211154,19.943556577497,640.035900000483</coordinates></LineString><LineString><coordinates>73.538810819427,19.944872811493,0.000000000931 73.538706011940,19.945086266339,0.000000000000 73.538669976011,19.945174460010,0.000000000000 73.538634439356,19.945280402107,-0.000000000931 73.538584454671,19.945439607273,0.000000000000 73.538463425059,19.945576865714,0.000000001863 73.538358122571,19.945705926518,0.000000000000 73.538177139094,19.945764520429,-0.000000000931 73.538172823677,19.945578371794,0.000000000000 73.538166166061,19.945379196642,-0.000000000931 73.538164942939,19.945207077148,0.000000000931 73.538163429471,19.945020739336,0.000000000000 73.538153669263,19.944891400096,0.000000000000 73.537682494555,19.944451079545,0.000000000931 73.537537031929,19.944221114407,0.000000000000 73.537340544487,19.943855391139,0.000000000000 73.537206209667,19.943595632741,-0.000000000931 73.537184274739,19.943553217877,0.000000000000 73.537384517364,19.943554933248,0.000000000000</coordinates></LineString><LineString><coordinates>73.537547121532,19.943556326025 73.537184274739,19.943553217877 73.537206209667,19.943595632741 73.537340544487,19.943855391139 73.537537031929,19.944221114407 73.537682494555,19.944451079545 73.538153669263,19.944891400096 73.538163429471,19.945020739336 73.538164942939,19.945207077148 73.538166166061,19.945379196642 73.538172823677,19.945578371794 73.538177139094,19.945764520429 73.538358122571,19.945705926518 73.538463425059,19.945576865714 73.538584454671,19.945439607273 73.538634439356,19.945280402107 73.538669976011,19.945174460010 73.538706011940,19.945086266339 73.538810763308,19.944872925788</coordinates></LineString><LinearRing><coordinates>73.541021758821,19.944183338917 73.541051381500,19.944435277172 73.541127015905,19.944468794266 73.541097136354,19.944217041635 73.541021758821,19.944183338917</coordinates></LinearRing><LineString><coordinates>73.538177139094,19.945764520429,646.147928776220 73.538358122571,19.945705926518,646.147928778082</coordinates></LineString><Point><coordinates>73.538363556752,19.944959632566,644.673077825457</coordinates></Point><Point><coordinates>73.538526237604,19.945016247761,644.628605181351</coordinates></Point><LineString><coordinates>73.539813345515,19.943833206464 73.539898386631,19.943807836378</coordinates></LineString><LineString><coordinates>73.539414091522,19.943648667336 73.539502702762,19.943713730802</coordinates></LineString><LineString><coordinates>73.540085115120,19.940834405869,640.035899999552 73.540285610717,19.941401199016,640.035900000483</coordinates></LineString><LineString><coordinates>73.539540274908,19.940380024374,640.035900000483 73.540085115120,19.940834405869,640.035899999552</coordinates></LineString><LineString><coordinates>73.538821249817,19.943158870755 73.538817557622,19.943150603804 73.538813889236,19.943142327388 73.538810268523,19.943134032233 73.538806719460,19.943125709451 73.538803266158,19.943117350750 73.538799932857,19.943108948629 73.538796744303,19.943100496455 73.538793726409,19.943091988479 73.538790906009,19.943083420171 73.538788310857,19.943074788500 73.538785969588,19.943066092218 73.538783911542,19.943057332180 73.538782166453,19.943048511682 73.538780755929,19.943039637842 73.538779675721,19.943030722614 73.538778916424,19.943021777801 73.538778468725,19.943012814184 73.538778323592,19.943003841601 73.538778472450,19.942994869053 73.538778906746,19.942985904784 73.538779617875,19.942976956324 73.538780597280,19.942968030537 73.538781836554,19.942959133659 73.538783327932,19.942950271433 73.538785064869,19.942941449281 73.538787040974,19.942932672240 73.538789249878,19.942923944959 73.538791685276,19.942915271727 73.538794341010,19.942906656506 73.538797212260,19.942898103323 73.538800295737,19.942889616455 73.538803588278,19.942881200102 73.538807086767,19.942872858376 73.538810788141,19.942864595314 73.538814689175,19.942856414793 73.538818783788,19.942848319297 73.538823063937,19.942840310064 73.538827521690,19.942832387926 73.538832149299,19.942824553354 73.538836939292,19.942816806536 73.538841885347,19.942809147907 73.538846982038,19.942801578101 73.538852224146,19.942794097618 73.538857604382,19.942786705335 73.538863111104,19.942779396795 73.538868732351,19.942772166621 73.538874456409,19.942765008925 73.538880271837,19.942757917381 73.538886167473,19.942750885296 73.538892132425,19.942743905665 73.538898156053,19.942736971233 73.538904227952,19.942730074540 73.538910337910,19.942723207963 73.538916475879,19.942716363755 73.538922631930,19.942709534080 73.538928796210,19.942702711044 73.538934958897,19.942695886721 73.538941110153,19.942689053182 73.538947240374,19.942682202767 73.538953346598,19.942675333215 73.538959432512,19.942668447564 73.538965502128,19.942661549059 73.538971559489,19.942654640929 73.538977608667,19.942647726389 73.538983653749,19.942640808647</coordinates></LineString><LineString><coordinates>73.539186885710,19.942406615125 73.539178470205,19.942414172636 73.539169650079,19.942425170821 73.539156871263,19.942441105340</coordinates></LineString><LineString><coordinates>73.539099647462,19.942509098645 73.539094709116,19.942514705745 73.538944133511,19.942685673958</coordinates></LineString><LineString><coordinates>73.539507207278,19.942068777645 73.539615530693,19.941757342466 73.540107342629,19.941037471788</coordinates></LineString><LineString><coordinates>73.539203511708,19.942391684596,640.035900000483 73.539186885710,19.942406615125,640.035900000483</coordinates></LineString><LineString><coordinates>73.539215981175,19.942380486517,640.035899999552 73.539203511708,19.942391684596,640.035900000483</coordinates></LineString><LineString><coordinates>73.539151675810,19.942447583801,640.035900000483 73.539162066716,19.942434626879,640.035899999552</coordinates></LineString><LineString><coordinates>73.539141284903,19.942460540723,640.035899999552 73.539151675810,19.942447583801,640.035900000483</coordinates></LineString><LineString><coordinates>73.539099647462,19.942509098645,640.035899999552 73.539141284903,19.942460540723,640.035899999552</coordinates></LineString><LineString><coordinates>73.539507364419,19.942068806672 73.539503948385,19.942077303598 73.539500298641,19.942085713180 73.539496417667,19.942094029667 73.539492308110,19.942102247368 73.539487972781,19.942110360670 73.539483414649,19.942118364027 73.539478636833,19.942126251975 73.539473642605,19.942134019123 73.539468435381,19.942141660165 73.539463018720,19.942149169880 73.539457396320,19.942156543134 73.539451572022,19.942163774884 73.539445549801,19.942170860185 73.539439333769,19.942177794191 73.539432928173,19.942184572161 73.539426337397,19.942191189465 73.539419565955,19.942197641590 73.539412605719,19.942203911752 73.539405635025,19.942210171663 73.539398664331,19.942216431574 73.539391693637,19.942222691484 73.539384722942,19.942228951395 73.539377752246,19.942235211305 73.539370781550,19.942241471214 73.539363810853,19.942247731124 73.539356840155,19.942253991033 73.539349869458,19.942260250941 73.539342898759,19.942266510850 73.539335928060,19.942272770758 73.539328957361,19.942279030666 73.539321986660,19.942285290573 73.539315015960,19.942291550480 73.539308045259,19.942297810387 73.539301074557,19.942304070294 73.539294103855,19.942310330200 73.539287133152,19.942316590106 73.539280162448,19.942322850011 73.539273191744,19.942329109917 73.539266221040,19.942335369822 73.539259250335,19.942341629726 73.539252279629,19.942347889631 73.539245308923,19.942354149535 73.539238338217,19.942360409438 73.539231367509,19.942366669342 73.539224396802,19.942372929245</coordinates></LineString><LineString><coordinates>73.539639160122,19.943297652307,640.035899999552 73.539639160138,19.943297652196,640.035899999552</coordinates></LineString><LineString><coordinates>73.539486420906,19.943301132302,640.035899999552 73.539486420406,19.943301119632,640.035900000483</coordinates></LineString><LineString><coordinates>73.539485913712,19.943304637657,640.035900000483 73.539485913727,19.943304637555,640.035899998620</coordinates></LineString><LineString><coordinates>73.539398566148,19.943308619115,640.035900000483 73.539398566170,19.943308618966,640.035900000483</coordinates></LineString><LineString><coordinates>73.539315956298,19.942877687882 73.539457950747,19.942895960388</coordinates></LineString><LineString><coordinates>73.540721898619,19.942764912793,640.035900000483 73.540394459079,19.942722778503,640.035899998620</coordinates></LineString><LineString><coordinates>73.540703413786,19.942893368969,640.035899999552 73.540375974245,19.942851234631,640.035899999552</coordinates></LineString><LineString><coordinates>73.540643861717,19.942999673411,640.035899999552 73.540359872247,19.942963130031,640.035900000483</coordinates></LineString><LineString><coordinates>73.540627760137,19.943111568847,640.035900000483 73.540343770475,19.943075025430,640.035899999552</coordinates></LineString><LinearRing><coordinates>73.540876697745,19.942663834432,640.035900000483 73.540876697745,19.942663834432,640.035900000483</coordinates></LinearRing><LineString><coordinates>73.540865883721,19.942653444650 73.540873566268,19.942656521732 73.540876697745,19.942663834432</coordinates></LineString><LineString><coordinates>73.540854896599,19.942663670746 73.540858150591,19.942656405877 73.540865883721,19.942653444650</coordinates></LineString><LineString><coordinates>73.540865710623,19.942674060528 73.540858028076,19.942670983447 73.540854896599,19.942663670746</coordinates></LineString><LineString><coordinates>73.540876697745,19.942663834432 73.540873443754,19.942671099301 73.540865710623,19.942674060528</coordinates></LineString><LinearRing><coordinates>73.540875657410,19.942787738768,640.035899999552 73.540875657410,19.942787738768,640.035899999552</coordinates></LinearRing><LineString><coordinates>73.540864843377,19.942777348986 73.540872525930,19.942780426067 73.540875657410,19.942787738768</coordinates></LineString><LineString><coordinates>73.540853856246,19.942787575080 73.540857110242,19.942780310212 73.540864843377,19.942777348986</coordinates></LineString><LineString><coordinates>73.540864670278,19.942797964864 73.540856987725,19.942794887781 73.540853856246,19.942787575080</coordinates></LineString><LineString><coordinates>73.540875657410,19.942787738768 73.540872403415,19.942795003637 73.540864670278,19.942797964864</coordinates></LineString><LinearRing><coordinates>73.540576300249,19.942690138621,640.035899999552 73.540576300249,19.942690138621,640.035899999552</coordinates></LinearRing><LineString><coordinates>73.540565486244,19.942679748822 73.540573168786,19.942682825916 73.540576300249,19.942690138621</coordinates></LineString><LineString><coordinates>73.540554499102,19.942689974897 73.540557753109,19.942682710035 73.540565486244,19.942679748822</coordinates></LineString><LineString><coordinates>73.540565313107,19.942700364697 73.540557630565,19.942697287603 73.540554499102,19.942689974897</coordinates></LineString><LineString><coordinates>73.540576300249,19.942690138621 73.540573046244,19.942697403483 73.540565313107,19.942700364697</coordinates></LineString><LinearRing><coordinates>73.540557858923,19.942818600864,640.035899999552 73.540557858923,19.942818600864,640.035899999552</coordinates></LinearRing><LineString><coordinates>73.540547044911,19.942808211063 73.540554727459,19.942811288159 73.540557858923,19.942818600864</coordinates></LineString><LineString><coordinates>73.540536057759,19.942818437137 73.540539311769,19.942811172276 73.540547044911,19.942808211063</coordinates></LineString><LineString><coordinates>73.540546871771,19.942828826938 73.540539189223,19.942825749843 73.540536057759,19.942818437137</coordinates></LineString><LineString><coordinates>73.540557858923,19.942818600864 73.540554604914,19.942825865726 73.540546871771,19.942828826938</coordinates></LineString><LinearRing><coordinates>73.540868388882,19.942987770289,640.035899999552 73.540868388882,19.942987770289,640.035899999552</coordinates></LinearRing><LineString><coordinates>73.540857574837,19.942977380506 73.540865257400,19.942980457588 73.540868388882,19.942987770289</coordinates></LineString><LineString><coordinates>73.540846587691,19.942987606599 73.540849841692,19.942980341731 73.540857574837,19.942977380506</coordinates></LineString><LineString><coordinates>73.540857401736,19.942997996383 73.540849719173,19.942994919300 73.540846587691,19.942987606599</coordinates></LineString><LineString><coordinates>73.540868388882,19.942987770289 73.540865134882,19.942995035157 73.540857401736,19.942997996383</coordinates></LineString><LinearRing><coordinates>73.540713327825,19.943031338062,640.035899998620 73.540713327825,19.943031338062,640.035899998620</coordinates></LinearRing><LineString><coordinates>73.540702513789,19.943020948270 73.540710196350,19.943024025359 73.540713327825,19.943031338062</coordinates></LineString><LineString><coordinates>73.540691526630,19.943031174352 73.540694780638,19.943023909488 73.540702513789,19.943020948270</coordinates></LineString><LineString><coordinates>73.540702340666,19.943041564145 73.540694658105,19.943038487056 73.540691526630,19.943031174352</coordinates></LineString><LineString><coordinates>73.540713327825,19.943031338062 73.540710073818,19.943038602927 73.540702340666,19.943041564145</coordinates></LineString><LinearRing><coordinates>73.540518396102,19.942927476526,640.035899999552 73.540518396102,19.942927476526,640.035899999552</coordinates></LinearRing><LineString><coordinates>73.540507582086,19.942917086723 73.540515264638,19.942920163820 73.540518396102,19.942927476526</coordinates></LineString><LineString><coordinates>73.540496594923,19.942927312793 73.540499848938,19.942920047933 73.540507582086,19.942917086723</coordinates></LineString><LineString><coordinates>73.540507408939,19.942937702597 73.540499726387,19.942934625500 73.540496594923,19.942927312793</coordinates></LineString><LineString><coordinates>73.540518396102,19.942927476526 73.540515142088,19.942934741387 73.540507408939,19.942937702597</coordinates></LineString><LinearRing><coordinates>73.540502323268,19.943039355600,640.035899999552 73.540502323268,19.943039355600,640.035899999552</coordinates></LinearRing><LineString><coordinates>73.540491509246,19.943028965796 73.540499191803,19.943032042894 73.540502323268,19.943039355600</coordinates></LineString><LineString><coordinates>73.540480522074,19.943039191864 73.540483776092,19.943031927005 73.540491509246,19.943028965796</coordinates></LineString><LineString><coordinates>73.540491336096,19.943049581669 73.540483653539,19.943046504571 73.540480522074,19.943039191864</coordinates></LineString><LineString><coordinates>73.540502323268,19.943039355600 73.540499069251,19.943046620460 73.540491336096,19.943049581669</coordinates></LineString><LinearRing><coordinates>73.540486268579,19.943151277294,640.035899999552 73.540486268579,19.943151277294,640.035899999552</coordinates></LinearRing><LineString><coordinates>73.540475454551,19.943140887489 73.540483137112,19.943143964588 73.540486268579,19.943151277294</coordinates></LineString><LineString><coordinates>73.540464467370,19.943151113555 73.540467721391,19.943143848696 73.540475454551,19.943140887489</coordinates></LineString><LineString><coordinates>73.540475281398,19.943161503362 73.540467598836,19.943158426262 73.540464467370,19.943151113555</coordinates></LineString><LineString><coordinates>73.540486268579,19.943151277294 73.540483014559,19.943158542154 73.540475281398,19.943161503362</coordinates></LineString><LineString><coordinates>73.540851058376,19.942605506806,640.035900000483 73.540864882951,19.942604992482,640.035899999552</coordinates></LineString><LineString><coordinates>73.540831506468,19.942606234017,640.035899999552 73.540845330789,19.942605719692,640.035899999552</coordinates></LineString><LineString><coordinates>73.540828958159,19.942623941652,640.035899999552 73.540827182981,19.942636278514,640.035900000483</coordinates></LineString><LineString><coordinates>73.540831506468,19.942606234017,640.035899999552 73.540829731037,19.942618570877,640.035900000483</coordinates></LineString><LineString><coordinates>73.540739312665,19.942643895557,640.035899999552 73.540737451748,19.942656828772,640.035899999552</coordinates></LineString><LineString><coordinates>73.540741631314,19.942627782754,640.035900000483 73.540740085548,19.942638524543,640.035899999552</coordinates></LineString><LineString><coordinates>73.540744265366,19.942609478527,640.035900001414 73.540742404197,19.942622411739,640.035899999552</coordinates></LineString><LineString><coordinates>73.540709938688,19.942610755152,640.035899999552 73.540698522616,19.942611179769,640.035900000483</coordinates></LineString><LineString><coordinates>73.540727121705,19.942610116268,640.035899999552 73.540715666275,19.942610542270,640.035899999552</coordinates></LineString><LineString><coordinates>73.540744265366,19.942609478527,640.035900001414 73.540732849294,19.942609903146,640.035899999552</coordinates></LineString><LineString><coordinates>73.540827182981,19.942636278514 73.540829387497,19.942628150646 73.540833520148,19.942620725512 73.540839353502,19.942614402550 73.540846568034,19.942609517448 73.540854779739,19.942606338753 73.540863546277,19.942605042218</coordinates></LineString><LineString><coordinates>73.540738444004,19.942645859583 73.540738124624,19.942652152183</coordinates></LineString><LineString><coordinates>73.540698757497,19.942611171211 73.540708694023,19.942612025349 73.540718053482,19.942615293161 73.540726198214,19.942620743099 73.540732583284,19.942627993218 73.540736763260,19.942636559758 73.540738444004,19.942645859583</coordinates></LineString><LineString><coordinates>73.540785043207,19.942929123153,640.035900000483 73.540754756425,19.943139596947,640.035900000483</coordinates></LineString><LineString><coordinates>73.540738124624,19.942652152183,640.035900000483 73.540703413786,19.942893368969,640.035899999552</coordinates></LineString><LineString><coordinates>73.540659963524,19.942887777733,640.035899999552 73.540619266419,19.943170593884,640.035900000483</coordinates></LineString><LineString><coordinates>73.540703413786,19.942893368969 73.540785043207,19.942929123153 73.540827182981,19.942636278514</coordinates></LineString><LineString><coordinates>73.540937408264,19.942866629668,640.035900000483 73.540796645628,19.942848494630,640.035899999552</coordinates></LineString><LineString><coordinates>73.540915527030,19.942716485548,640.035899999552 73.540817453077,19.942703896139,640.035900000483</coordinates></LineString><LineString><coordinates>73.538747313395,19.942570355958,640.035900000483 73.538739976754,19.942578686110,640.035900001414</coordinates></LineString><LineString><coordinates>73.538759592496,19.942556413945,640.035900000483 73.538750981748,19.942566190882,640.035899999552</coordinates></LineString><LineString><coordinates>73.539016668752,19.942603322433,640.035900000483 73.539009332059,19.942611652597,640.035899999552</coordinates></LineString><LineString><coordinates>73.540427391727,19.942509958509 73.540426881568,19.942497467182</coordinates></LineString><LineString><coordinates>73.540434614902,19.942524564901 73.540429015130,19.942515151641</coordinates></LineString><LineString><coordinates>73.540447837628,19.942534745954 73.540438465617,19.942528573325</coordinates></LineString><LineString><coordinates>73.540466248594,19.942538448209 73.540453148632,19.942536771512</coordinates></LineString><LineString><coordinates>73.540850145447,19.942494169160 73.540849670094,19.942481609919</coordinates></LineString><LineString><coordinates>73.540857339869,19.942508788283 73.540851758686,19.942499365092</coordinates></LineString><LineString><coordinates>73.540870542373,19.942518992678 73.540861182668,19.942512803600</coordinates></LineString><LineString><coordinates>73.540889017575,19.942522724898 73.540875849495,19.942521027797</coordinates></LineString><LineString><coordinates>73.540730604110,19.942528087551 73.540724118933,19.942528857656</coordinates></LineString><LineString><coordinates>73.540746063721,19.942521284273 73.540736098768,19.942526562021</coordinates></LineString><LineString><coordinates>73.540756854795,19.942508799548 73.540750309635,19.942517650393</coordinates></LineString><LineString><coordinates>73.540760462565,19.942497755419 73.540759006921,19.942503780957</coordinates></LineString><LineString><coordinates>73.540918576498,19.942521625364,640.035899999552 73.540930031922,19.942521199348,640.035899999552</coordinates></LineString><LineString><coordinates>73.540901393487,19.942522264507,640.035900000483 73.540912848912,19.942521838492,640.035900000483</coordinates></LineString><LineString><coordinates>73.540889017575,19.942522724898,640.035900000483 73.540895665647,19.942522477633,640.035900000483</coordinates></LineString><LineString><coordinates>73.540718328880,19.942529073189,640.035899999552 73.540724118933,19.942528857656,640.035900000483</coordinates></LineString><LineString><coordinates>73.540701145871,19.942529712073,640.035899999552 73.540712601296,19.942529286072,640.035899999552</coordinates></LineString><LineString><coordinates>73.540683962861,19.942530351196,640.035899998620 73.540695418285,19.942529925195,640.035899999552</coordinates></LineString><LineString><coordinates>73.540666779850,19.942530990316,640.035900000483 73.540678235275,19.942530564317,640.035899999552</coordinates></LineString><LineString><coordinates>73.540649596840,19.942531629435,640.035899999552 73.540661052012,19.942531203195,640.035899999552</coordinates></LineString><LineString><coordinates>73.540632413577,19.942532268311,640.035899999552 73.540643869002,19.942531842313,640.035899999552</coordinates></LineString><LineString><coordinates>73.540615230567,19.942532907426,640.035900000483 73.540626685991,19.942532481430,640.035899999552</coordinates></LineString><LineString><coordinates>73.540598047556,19.942533546540,640.035899999552 73.540609502980,19.942533120545,640.035900000483</coordinates></LineString><LineString><coordinates>73.540580864545,19.942534185652,640.035899999552 73.540592319718,19.942533759416,640.035899998620</coordinates></LineString><LineString><coordinates>73.540563681283,19.942534824521,640.035899999552 73.540575136707,19.942534398528,640.035899998620</coordinates></LineString><LineString><coordinates>73.540546498272,19.942535463630,640.035899999552 73.540557953697,19.942535037638,640.035900000483</coordinates></LineString><LineString><coordinates>73.540529315261,19.942536102737,640.035900000483 73.540540770686,19.942535676747,640.035899999552</coordinates></LineString><LineString><coordinates>73.540512132251,19.942536741843,640.035899999552 73.540523587423,19.942536315611,640.035900000483</coordinates></LineString><LineString><coordinates>73.540494948988,19.942537380705,640.035900000483 73.540506404413,19.942536954716,640.035899999552</coordinates></LineString><LineString><coordinates>73.540477765977,19.942538019807,640.035899998620 73.540489221402,19.942537593820,640.035899999552</coordinates></LineString><LineString><coordinates>73.540466248340,19.942538448207,640.035899999552 73.540472038391,19.942538232921,640.035899999552</coordinates></LineString><LineString><coordinates>73.540946152726,19.943048534947,640.035899999552 73.540947053998,19.943070200216,640.035900000483</coordinates></LineString><LineString><coordinates>73.540944801198,19.943016037287,640.035900000483 73.540945702218,19.943037702314,640.035899999552</coordinates></LineString><LineString><coordinates>73.540943449417,19.942983539384,640.035899999552 73.540944350689,19.943005204653,640.035900000483</coordinates></LineString><LineString><coordinates>73.540942097889,19.942951041723,640.035899999552 73.540942998909,19.942972706751,640.035899999552</coordinates></LineString><LineString><coordinates>73.540940746109,19.942918543821,640.035900000483 73.540941647380,19.942940209090,640.035900001414</coordinates></LineString><LineString><coordinates>73.540939394580,19.942886046160,640.035900000483 73.540940295600,19.942907711187,640.035900000483</coordinates></LineString><LineString><coordinates>73.540938042800,19.942853548257,640.035899999552 73.540938944072,19.942875213526,640.035899999552</coordinates></LineString><LineString><coordinates>73.540936691272,19.942821050596,640.035900000483 73.540937592292,19.942842715623,640.035900000483</coordinates></LineString><LineString><coordinates>73.540935339492,19.942788552692,640.035899999552 73.540936240763,19.942810217962,640.035900000483</coordinates></LineString><LineString><coordinates>73.540933987964,19.942756055031,640.035899999552 73.540934888981,19.942777720299,640.035900001414</coordinates></LineString><LineString><coordinates>73.540932636184,19.942723557128,640.035899999552 73.540933537456,19.942745222397,640.035900000483</coordinates></LineString><LineString><coordinates>73.540931284657,19.942691059466,640.035900000483 73.540932185674,19.942712724734,640.035899999552</coordinates></LineString><LineString><coordinates>73.540929932877,19.942658561563,640.035900000483 73.540930834148,19.942680226832,640.035899997689</coordinates></LineString><LineString><coordinates>73.540928581350,19.942626063901,640.035900000483 73.540929482367,19.942647729169,640.035900000483</coordinates></LineString><LineString><coordinates>73.540927229568,19.942593566237,640.035899999552 73.540928130841,19.942615231267,640.035899999552</coordinates></LineString><LineString><coordinates>73.540925878043,19.942561068335,640.035900000483 73.540926779060,19.942582733603,640.035899999552</coordinates></LineString><LineString><coordinates>73.540924526261,19.942528570672,640.035899998620 73.540925427534,19.942550235702,640.035900000483</coordinates></LineString><LineString><coordinates>73.540923174736,19.942496072770,640.035899999552 73.540924075753,19.942517738038,640.035899999552</coordinates></LineString><LineString><coordinates>73.540921822955,19.942463575106,640.035899999552 73.540922724228,19.942485240136,640.035900001414</coordinates></LineString><LineString><coordinates>73.540920751271,19.942437807589,640.035900000483 73.540921372447,19.942452742471,640.035899999552</coordinates></LineString><LineString><coordinates>73.540918262986,19.942431496549,640.035899999552 73.540920751271,19.942437807589,640.035900000483</coordinates></LineString><LineString><coordinates>73.540906247070,19.942401023074,640.035900000483 73.540914257512,19.942421338643,640.035899999552</coordinates></LineString><LineString><coordinates>73.540894231158,19.942370549599,640.035900000483 73.540902241851,19.942390865170,640.035899999552</coordinates></LineString><LineString><coordinates>73.540882215505,19.942340076126,640.035899999552 73.540890225941,19.942360391695,640.035900000483</coordinates></LineString><LineString><coordinates>73.540870199601,19.942309602649,640.035900000483 73.540878210035,19.942329918219,640.035899999552</coordinates></LineString><LineString><coordinates>73.540858183702,19.942279129173,640.035899999552 73.540866194385,19.942299444985,640.035900000483</coordinates></LineString><LineString><coordinates>73.540846168061,19.942248655697,640.035899999552 73.540854178487,19.942268971508,640.035900000483</coordinates></LineString><LineString><coordinates>73.540834152171,19.942218182219,640.035899999552 73.540842162847,19.942238498032,640.035899998620</coordinates></LineString><LineString><coordinates>73.540822136536,19.942187708982,640.035899999552 73.540830146958,19.942208024553,640.035899999552</coordinates></LineString><LineString><coordinates>73.540810120654,19.942157235503,640.035899999552 73.540818131073,19.942177551075,640.035899999552</coordinates></LineString><LineString><coordinates>73.540798104777,19.942126762023,640.035900001414 73.540806115447,19.942147077597,640.035900000483</coordinates></LineString><LineString><coordinates>73.540786089157,19.942096288544,640.035899999552 73.540794099570,19.942116604117,640.035899999552</coordinates></LineString><LineString><coordinates>73.540777739469,19.942075112495,640.035900000483 73.540782083952,19.942086130638,640.035899998620</coordinates></LineString><LineString><coordinates>73.540952088293,19.942973526983,640.035899999552 73.540943047077,19.942973863180,640.035900000483</coordinates></LineString><LineString><coordinates>73.540235713145,19.943271135734,640.035900000483 73.540234219767,19.943233300762,640.035900000483</coordinates></LineString><LineString><coordinates>73.540427852422,19.942621246176,640.035900000483 73.540441008659,19.942620756871,640.035899999552</coordinates></LineString><LineString><coordinates>73.540408968595,19.942621948591,640.035899999552 73.540422124832,19.942621459288,640.035899999552</coordinates></LineString><LineString><coordinates>73.540406420492,19.942639656219,640.035900000483 73.540404645282,19.942651993075,640.035900000483</coordinates></LineString><LineString><coordinates>73.540408968595,19.942621948591,640.035899999552 73.540407193387,19.942634285207,640.035899999552</coordinates></LineString><LineString><coordinates>73.540404645282,19.942651993075 73.540406849820,19.942643865214 73.540410982490,19.942636440091 73.540416815860,19.942630117144 73.540424030405,19.942625232060 73.540432242118,19.942622053385 73.540441008659,19.942620756871</coordinates></LineString><LineString><coordinates>73.540404645282,19.942651993075,640.035900000483 73.540320171501,19.943239019561,640.035900000483</coordinates></LineString><LineString><coordinates>73.540234219767,19.943233300762,640.035900000483 73.540287457881,19.942863339554,640.035900000483</coordinates></LineString><LineString><coordinates>73.540943704357,19.942989668024,640.035900000483 73.540940867993,19.942921472112,640.035899999552</coordinates></LineString><LineString><coordinates>73.540940867993,19.942921472112,640.035899999552 73.540939724477,19.942893980277,640.035900000483</coordinates></LineString><LineString><coordinates>73.540954206551,19.943007662318 73.540935966962,19.942854529828 73.540898218731,19.942599589176</coordinates></LineString><LineString><coordinates>73.540863667653,19.942605037848,640.035900000483 73.540898831784,19.942603730033,640.035899999552</coordinates></LineString><LineString><coordinates>73.540441008659,19.942620756871,640.035899999552 73.540698757753,19.942611170972,640.035900000483</coordinates></LineString><LineString><coordinates>73.540173045262,19.943181498724,640.035900000483 73.540171109391,19.943182890858,640.035900000483</coordinates></LineString><LineString><coordinates>73.540172077326,19.943182194791,640.035900000483 73.540173781350,19.943182414033,640.035899999552</coordinates></LineString><LineString><coordinates>73.539937923646,19.942875987887,640.035899999552 73.539939395691,19.942877818504,640.035899999552</coordinates></LineString><LineString><coordinates>73.539938659732,19.942876903196,640.035899999552 73.539936955712,19.942876683953,640.035900000483</coordinates></LineString><LineString><coordinates>73.539938427883,19.942878514571,640.035899999552 73.539938891579,19.942875292061,640.035899999552</coordinates></LineString><LineString><coordinates>73.539912687215,19.943051358200,640.035899999552 73.539914159261,19.943053188818,640.035899999552</coordinates></LineString><LineString><coordinates>73.539913423175,19.943052273509,640.035899999552 73.539911719280,19.943052054266,640.035900000483</coordinates></LineString><LineString><coordinates>73.539913655151,19.943050662135,640.035899999552 73.539913191325,19.943053884884,640.035900000483</coordinates></LineString><LineString><coordinates>73.539553073723,19.942831916308,640.035899999552 73.539554545763,19.942833746929,640.035899999552</coordinates></LineString><LineString><coordinates>73.539553809806,19.942832831619,640.035900000483 73.539552105788,19.942832612372,640.035900000483</coordinates></LineString><LineString><coordinates>73.539553729204,19.942833391043,640.035900000483 73.539553577827,19.942834442992,640.035899999552</coordinates></LineString><LineString><coordinates>73.539469937276,19.942818696675,640.035900000483 73.539468465236,19.942816866294,640.035899999552</coordinates></LineString><LineString><coordinates>73.539469201192,19.942817781604,640.035900000483 73.539470905083,19.942818000851,640.035900000483</coordinates></LineString><LineString><coordinates>73.539469433045,19.942816170230,640.035900000483 73.539468969340,19.942819392738,640.035899999552</coordinates></LineString><LineString><coordinates>73.539624453337,19.943298322543,640.035900000483 73.539625076067,19.943297396800,640.035899999552</coordinates></LineString><LineString><coordinates>73.539825693903,19.942857908511,640.035900000483 73.539827239735,19.942847166495,640.035900000483</coordinates></LineString><LineString><coordinates>73.539823375282,19.942874021538,640.035899999552 73.539824920987,19.942863279520,640.035899998620</coordinates></LineString><LinearRing><coordinates>73.540184487856,19.942895390597,640.035900000483 73.540184487856,19.942895390597,640.035900000483</coordinates></LinearRing><LineString><coordinates>73.540173673865,19.942885000775 73.540181356407,19.942888077886 73.540184487856,19.942895390597</coordinates></LineString><LineString><coordinates>73.540162686684,19.942895226823 73.540165940690,19.942887961947 73.540173673865,19.942885000775</coordinates></LineString><LineString><coordinates>73.540173500675,19.942905616646 73.540165818109,19.942902539558 73.540162686684,19.942895226823</coordinates></LineString><LineString><coordinates>73.540184487856,19.942895390597 73.540181233828,19.942902655450 73.540173500675,19.942905616646</coordinates></LineString><LinearRing><coordinates>73.540172700998,19.942977298088,640.035899999552 73.540172700998,19.942977298088,640.035899999552</coordinates></LinearRing><LineString><coordinates>73.540161887130,19.942966908266 73.540169569645,19.942969985363 73.540172700998,19.942977298088</coordinates></LineString><LineString><coordinates>73.540150899942,19.942977134313 73.540154153951,19.942969869437 73.540161887130,19.942966908266</coordinates></LineString><LineString><coordinates>73.540161713938,19.942987524137 73.540154031368,19.942984447048 73.540150899942,19.942977134313</coordinates></LineString><LineString><coordinates>73.540172700998,19.942977298088 73.540169447063,19.942984562957 73.540161713938,19.942987524137</coordinates></LineString><LinearRing><coordinates>73.540160914379,19.943059205579,640.035900000483 73.540160914379,19.943059205579,640.035900000483</coordinates></LinearRing><LineString><coordinates>73.540150100380,19.943048815755 73.540157782953,19.943051892845 73.540160914379,19.943059205579</coordinates></LineString><LineString><coordinates>73.540139113185,19.943059041801 73.540142367196,19.943051776926 73.540150100380,19.943048815755</coordinates></LineString><LineString><coordinates>73.540149927185,19.943069431626 73.540142244611,19.943066354536 73.540139113185,19.943059041801</coordinates></LineString><LineString><coordinates>73.540160914379,19.943059205579 73.540157660369,19.943066470455 73.540149927185,19.943069431626</coordinates></LineString><LinearRing><coordinates>73.540149127618,19.943141113067,640.035900000483 73.540149127618,19.943141113067,640.035900000483</coordinates></LinearRing><LineString><coordinates>73.540138313614,19.943130723242 73.540145996191,19.943133800332 73.540149127618,19.943141113067</coordinates></LineString><LineString><coordinates>73.540127326413,19.943140949287 73.540130580427,19.943133684411 73.540138313614,19.943130723242</coordinates></LineString><LineString><coordinates>73.540138140418,19.943151339112 73.540130457840,19.943148262022 73.540127326413,19.943140949287</coordinates></LineString><LineString><coordinates>73.540149127618,19.943141113067 73.540145873606,19.943148377942 73.540138140418,19.943151339112</coordinates></LineString><LinearRing><coordinates>73.540136902085,19.943226069936,640.035899999552 73.540136902085,19.943226069936,640.035899999552</coordinates></LinearRing><LineString><coordinates>73.540126088076,19.943215680110 73.540133770656,19.943218757201 73.540136902085,19.943226069936</coordinates></LineString><LineString><coordinates>73.540115100868,19.943225906154 73.540118354884,19.943218641279 73.540126088076,19.943215680110</coordinates></LineString><LineString><coordinates>73.540125914877,19.943236295980 73.540118232296,19.943233218889 73.540115100868,19.943225906154</coordinates></LineString><LineString><coordinates>73.540136902085,19.943226069936 73.540133648069,19.943233334811 73.540125914877,19.943236295980</coordinates></LineString><LinearRing><coordinates>73.540022829611,19.942870431627,640.035900000483 73.540022829611,19.942870431627,640.035900000483</coordinates></LinearRing><LineString><coordinates>73.540012015633,19.942860041796 73.540019698194,19.942863118891 73.540022829611,19.942870431627</coordinates></LineString><LineString><coordinates>73.540001028444,19.942870267834 73.540004282456,19.942863002961 73.540012015633,19.942860041796</coordinates></LineString><LineString><coordinates>73.540011842422,19.942880657666 73.540004159860,19.942877580571 73.540001028444,19.942870267834</coordinates></LineString><LineString><coordinates>73.540022829611,19.942870431627 73.540019575599,19.942877696501 73.540011842422,19.942880657666</coordinates></LineString><LinearRing><coordinates>73.540012266596,19.942943835026,640.035900000483 73.540012266596,19.942943835026,640.035900000483</coordinates></LinearRing><LineString><coordinates>73.540001452614,19.942933445194 73.540009135178,19.942936522289 73.540012266596,19.942943835026</coordinates></LineString><LineString><coordinates>73.539990465419,19.942943671231 73.539993719434,19.942936406358 73.540001452614,19.942933445194</coordinates></LineString><LineString><coordinates>73.540001279401,19.942954061063 73.539993596836,19.942950983968 73.539990465419,19.942943671231</coordinates></LineString><LineString><coordinates>73.540012266596,19.942943835026 73.540009012582,19.942951099899 73.540001279401,19.942954061063</coordinates></LineString><LinearRing><coordinates>73.540001703569,19.943017238422,640.035899998620 73.540001703569,19.943017238422,640.035899998620</coordinates></LinearRing><LineString><coordinates>73.539990889583,19.943006848590 73.539998572150,19.943009925686 73.540001703569,19.943017238422</coordinates></LineString><LineString><coordinates>73.539979902382,19.943017074625 73.539983156399,19.943009809753 73.539990889583,19.943006848590</coordinates></LineString><LineString><coordinates>73.539990716368,19.943027464459 73.539983033800,19.943024387362 73.539979902382,19.943017074625</coordinates></LineString><LineString><coordinates>73.540001703569,19.943017238422 73.539998449553,19.943024503295 73.539990716368,19.943027464459</coordinates></LineString><LinearRing><coordinates>73.539991140530,19.943090641817,640.035899999552 73.539991140530,19.943090641817,640.035899999552</coordinates></LinearRing><LineString><coordinates>73.539980326540,19.943080251983 73.539988009111,19.943083329080 73.539991140530,19.943090641817</coordinates></LineString><LineString><coordinates>73.539969339333,19.943090478018 73.539972593353,19.943083213146 73.539980326540,19.943080251983</coordinates></LineString><LineString><coordinates>73.539980153323,19.943100867852 73.539972470752,19.943097790755 73.539969339333,19.943090478018</coordinates></LineString><LineString><coordinates>73.539991140530,19.943090641817 73.539987886512,19.943097906689 73.539980153323,19.943100867852</coordinates></LineString><LinearRing><coordinates>73.539980577479,19.943164045210,640.035899998620 73.539980577479,19.943164045210,640.035899998620</coordinates></LinearRing><LineString><coordinates>73.539969763485,19.943153655376 73.539977446059,19.943156732473 73.539980577479,19.943164045210</coordinates></LineString><LineString><coordinates>73.539958776272,19.943163881409 73.539962030294,19.943156616537 73.539969763485,19.943153655376</coordinates></LineString><LineString><coordinates>73.539969590266,19.943174271244 73.539961907692,19.943171194147 73.539958776272,19.943163881409</coordinates></LineString><LineString><coordinates>73.539980577479,19.943164045210 73.539977323458,19.943171310082 73.539969590266,19.943174271244</coordinates></LineString><LinearRing><coordinates>73.539970014543,19.943237448602,640.035900000483 73.539970014543,19.943237448602,640.035900000483</coordinates></LinearRing><LineString><coordinates>73.539959200545,19.943227058767 73.539966883122,19.943230135865 73.539970014543,19.943237448602</coordinates></LineString><LineString><coordinates>73.539948213326,19.943237284799 73.539951467350,19.943230019928 73.539959200545,19.943227058767</coordinates></LineString><LineString><coordinates>73.539959027324,19.943247674635 73.539951344746,19.943244597537 73.539948213326,19.943237284799</coordinates></LineString><LineString><coordinates>73.539970014543,19.943237448602 73.539966760520,19.943244713474 73.539959027324,19.943247674635</coordinates></LineString><LinearRing><coordinates>73.539790223225,19.942839562347,640.035900000483 73.539790223225,19.942839562347,640.035900000483</coordinates></LinearRing><LineString><coordinates>73.539779409265,19.942829172503 73.539787091820,19.942832249607 73.539790223225,19.942839562347</coordinates></LineString><LineString><coordinates>73.539768422065,19.942839398525 73.539771676087,19.942832133657 73.539779409265,19.942829172503</coordinates></LineString><LineString><coordinates>73.539779236025,19.942849788370 73.539771553470,19.942846711266 73.539768422065,19.942839398525</coordinates></LineString><LineString><coordinates>73.539790223225,19.942839562347 73.539786969204,19.942846827216 73.539779236025,19.942849788370</coordinates></LineString><LinearRing><coordinates>73.539778436299,19.942921469801,640.035899999552 73.539778436299,19.942921469801,640.035899999552</coordinates></LinearRing><LineString><coordinates>73.539767622335,19.942911079956 73.539775304893,19.942914157061 73.539778436299,19.942921469801</coordinates></LineString><LineString><coordinates>73.539756635128,19.942921305977 73.539759889153,19.942914041109 73.539767622335,19.942911079956</coordinates></LineString><LineString><coordinates>73.539767449092,19.942931695823 73.539759766534,19.942928618718 73.539756635128,19.942921305977</coordinates></LineString><LineString><coordinates>73.539778436299,19.942921469801 73.539775182275,19.942928734669 73.539767449092,19.942931695823</coordinates></LineString><LinearRing><coordinates>73.539743075686,19.943167191911,640.035900000483 73.539743075686,19.943167191911,640.035900000483</coordinates></LinearRing><LineString><coordinates>73.539732261709,19.943156802063 73.539739944277,19.943159879171 73.539743075686,19.943167191911</coordinates></LineString><LineString><coordinates>73.539721274482,19.943167028081 73.539724528513,19.943159763215 73.539732261709,19.943156802063</coordinates></LineString><LineString><coordinates>73.539732088459,19.943177417930 73.539724405890,19.943174340822 73.539721274482,19.943167028081</coordinates></LineString><LineString><coordinates>73.539743075686,19.943167191911 73.539739821655,19.943174456778 73.539732088459,19.943177417930</coordinates></LineString><LinearRing><coordinates>73.539730234700,19.943254417842,640.035900000483 73.539730234700,19.943254417842,640.035900000483</coordinates></LinearRing><LineString><coordinates>73.539719420718,19.943244027993 73.539727103291,19.943247105101 73.539730234700,19.943254417842</coordinates></LineString><LineString><coordinates>73.539708433484,19.943254254009 73.539711687518,19.943246989143 73.539719420718,19.943244027993</coordinates></LineString><LineString><coordinates>73.539719247466,19.943264643859 73.539711564893,19.943261566750 73.539708433484,19.943254254009</coordinates></LineString><LineString><coordinates>73.539730234700,19.943254417842 73.539726980666,19.943261682708 73.539719247466,19.943264643859</coordinates></LineString><LinearRing><coordinates>73.539640750348,19.942820327786,640.035900000483 73.539640750348,19.942820327786,640.035900000483</coordinates></LinearRing><LineString><coordinates>73.539629936399,19.942809937933 73.539637618950,19.942813015044 73.539640750348,19.942820327786</coordinates></LineString><LineString><coordinates>73.539618949192,19.942820163946 73.539622203220,19.942812899081 73.539629936399,19.942809937933</coordinates></LineString><LineString><coordinates>73.539629763140,19.942830553800 73.539622080589,19.942827476688 73.539618949192,19.942820163946</coordinates></LineString><LineString><coordinates>73.539640750348,19.942820327786 73.539637496320,19.942827592651 73.539629763140,19.942830553800</coordinates></LineString><LinearRing><coordinates>73.539628963474,19.942902235226,640.035900000483 73.539628963474,19.942902235226,640.035900000483</coordinates></LinearRing><LineString><coordinates>73.539618149521,19.942891845373 73.539625832075,19.942894922484 73.539628963474,19.942902235226</coordinates></LineString><LineString><coordinates>73.539607162307,19.942902071385 73.539610416338,19.942894806520 73.539618149521,19.942891845373</coordinates></LineString><LineString><coordinates>73.539617976260,19.942912461239 73.539610293705,19.942909384127 73.539607162307,19.942902071385</coordinates></LineString><LineString><coordinates>73.539628963474,19.942902235226 73.539625709444,19.942909500091 73.539617976260,19.942912461239</coordinates></LineString><LinearRing><coordinates>73.539617176461,19.942984142424,640.035899999552 73.539617176461,19.942984142424,640.035899999552</coordinates></LinearRing><LineString><coordinates>73.539606362504,19.942973752569 73.539614045061,19.942976829681 73.539617176461,19.942984142424</coordinates></LineString><LineString><coordinates>73.539595375282,19.942983978580 73.539598629316,19.942976713715 73.539606362504,19.942973752569</coordinates></LineString><LineString><coordinates>73.539606189239,19.942994368435 73.539598506681,19.942991291322 73.539595375282,19.942983978580</coordinates></LineString><LineString><coordinates>73.539617176461,19.942984142424 73.539613922428,19.942991407288 73.539606189239,19.942994368435</coordinates></LineString><LinearRing><coordinates>73.539605389557,19.943066049860,640.035900000483 73.539605389557,19.943066049860,640.035900000483</coordinates></LinearRing><LineString><coordinates>73.539594575596,19.943055660004 73.539602258156,19.943058737117 73.539605389557,19.943066049860</coordinates></LineString><LineString><coordinates>73.539583588368,19.943065886013 73.539586842403,19.943058621150 73.539594575596,19.943055660004</coordinates></LineString><LineString><coordinates>73.539594402329,19.943076275870 73.539586719767,19.943073198756 73.539583588368,19.943065886013</coordinates></LineString><LineString><coordinates>73.539605389557,19.943066049860 73.539602135522,19.943073314724 73.539594402329,19.943076275870</coordinates></LineString><LinearRing><coordinates>73.539593602511,19.943147957292,640.035899998620 73.539593602511,19.943147957292,640.035899998620</coordinates></LinearRing><LineString><coordinates>73.539582788545,19.943137567436 73.539590471110,19.943140644549 73.539593602511,19.943147957292</coordinates></LineString><LineString><coordinates>73.539571801311,19.943147793444 73.539575055349,19.943140528581 73.539582788545,19.943137567436</coordinates></LineString><LineString><coordinates>73.539582615277,19.943158183301 73.539574932711,19.943155106187 73.539571801311,19.943147793444</coordinates></LineString><LineString><coordinates>73.539593602511,19.943147957292 73.539590348474,19.943155222156 73.539582615277,19.943158183301</coordinates></LineString><LineString><coordinates>73.540240310539,19.943190975068,640.035899999552 73.540051230632,19.943166644282,640.035900000483</coordinates></LineString><LineString><coordinates>73.540252097385,19.943109067573,640.035899999552 73.540063017319,19.943084736804,640.035899999552</coordinates></LineString><LineString><coordinates>73.540263883963,19.943027160074,640.035899999552 73.540074804117,19.943002829324,640.035899999552</coordinates></LineString><LineString><coordinates>73.540275670526,19.942945252572,640.035900000483 73.540086590774,19.942920921841,640.035899999552</coordinates></LineString><LineString><coordinates>73.540045652568,19.943205406959,640.035900000483 73.539894191404,19.943185916646,640.035899998620</coordinates></LineString><LineString><coordinates>73.540056215593,19.943132003561,640.035899999552 73.539904754497,19.943112513261,640.035900000483</coordinates></LineString><LineString><coordinates>73.540066778480,19.943058600160,640.035899999552 73.539915317451,19.943039109873,640.035899999552</coordinates></LineString><LineString><coordinates>73.540077341481,19.942985196758,640.035899999552 73.539925880519,19.942965706484,640.035899999552</coordinates></LineString><LineString><coordinates>73.540087904470,19.942911793354,640.035899999552 73.539936443576,19.942892303094,640.035899999552</coordinates></LineString><LineString><coordinates>73.539803072319,19.943216107313,640.035900000483 73.539504188662,19.943177645959,640.035900000483</coordinates></LineString><LineString><coordinates>73.539814859138,19.943134199860,640.035899999552 73.539515975755,19.943095738776,640.035899998620</coordinates></LineString><LineString><coordinates>73.539826646069,19.943052292405,640.035899999552 73.539527762707,19.943013831349,640.035899999552</coordinates></LineString><LineString><coordinates>73.539838432858,19.942970384947,640.035900000483 73.539539549772,19.942931923921,640.035900000483</coordinates></LineString><LineString><coordinates>73.539850219759,19.942888477488,640.035900000483 73.539551336694,19.942850016490,640.035899999552</coordinates></LineString><LineString><coordinates>73.539265715992,19.943226801511,640.035899999552 73.539407710753,19.943245074019,640.035899999552</coordinates></LineString><LineString><coordinates>73.539275764044,19.943156978692,640.035899999552 73.539417758746,19.943175251187,640.035900000483</coordinates></LineString><LineString><coordinates>73.539285812084,19.943087156111,640.035899999552 73.539427806726,19.943105428595,640.035900000483</coordinates></LineString><LineString><coordinates>73.539295860242,19.943017333289,640.035900000483 73.539437854821,19.943035606001,640.035899999552</coordinates></LineString><LineString><coordinates>73.539305908260,19.942947510705,640.035900000483 73.539447902781,19.942965783165,640.035899998620</coordinates></LineString><LineString><coordinates>73.539326004265,19.942807865291,640.035900000483 73.539467998666,19.942826137728,640.035899999552</coordinates></LineString><LineString><coordinates>73.538782290294,19.943049199858,640.035900000483 73.539282019790,19.943113508300,640.035899999552</coordinates></LineString><LineString><coordinates>73.538812196920,19.942861583125,640.035899999552 73.539309072250,19.942925524329,640.035900000483</coordinates></LineString><LineString><coordinates>73.539336124633,19.942737540107,640.035899999552 73.539254116932,19.943307401586,640.035899999552</coordinates></LineString><LineString><coordinates>73.539712596544,19.942787343680,640.035899999552 73.539639251830,19.943297015033,640.035900000483</coordinates></LineString><LineString><coordinates>73.540098467447,19.942838389949,640.035899999552 73.540034974551,19.943279609328,640.035899999552</coordinates></LineString><LineString><coordinates>73.540336112214,19.942525231262,640.035899999552 73.540287457881,19.942863339554,640.035900000483</coordinates></LineString><LineString><coordinates>73.540939560731,19.942605057941,640.035900000483 73.540336112214,19.942525231262,640.035899999552</coordinates></LineString><LineString><coordinates>73.540956167875,19.943093518417,640.035899999552 73.540939560731,19.942605057941,640.035900000483</coordinates></LineString><LineString><coordinates>73.540169566802,19.943273474032,640.035900000483 73.540956167875,19.943093518417,640.035899999552</coordinates></LineString><LineString><coordinates>73.540169520708,19.943273476160,640.035899998620 73.540169566802,19.943273474032,640.035900000483</coordinates></LineString><LineString><coordinates>73.538821249817,19.943158870755,640.035899998620 73.539025180994,19.943320917408,640.035900001414</coordinates></LineString><LineString><coordinates>73.539563199887,19.942767580086,640.035899999552 73.539486418148,19.943301132377,640.035899999552</coordinates></LineString><LineString><coordinates>73.539478046591,19.942756315127,640.035900000483 73.539399305523,19.943303481274,640.035900000483</coordinates></LineString><LineString><coordinates>73.539878220864,19.943296894066,640.035900000483 73.539878221225,19.943296896469,640.035899999552</coordinates></LineString><LineString><coordinates>73.539947083724,19.942818363776,640.035899999552 73.539879133271,19.943290556475,640.035900000483</coordinates></LineString><LineString><coordinates>73.539861930488,19.942807098998,640.035899999552 73.539792021213,19.943292900808,640.035899999552</coordinates></LineString><LineString><coordinates>73.540455260499,19.943269409278 73.540464452347,19.943267947700 73.540472487098,19.943272415146</coordinates></LineString><LineString><coordinates>73.540455073052,19.943291726498 73.540449138642,19.943284929653 73.540449212565,19.943276115901</coordinates></LineString><LineString><coordinates>73.540475605426,19.943280721395 73.540472347979,19.943288979784 73.540464239061,19.943293325882</coordinates></LineString><LineString><coordinates>73.540466115786,19.943544446863 73.540475307681,19.943542985321 73.540483342413,19.943547452972</coordinates></LineString><LineString><coordinates>73.540465928337,19.943566764082 73.540459993944,19.943559967212 73.540460067842,19.943551153485</coordinates></LineString><LineString><coordinates>73.540486460748,19.943555758981 73.540483203213,19.943564017282 73.540475094362,19.943568363466</coordinates></LineString><LineString><coordinates>73.539411886602,19.943592752904,640.035899999552 73.539410747476,19.943563925247,640.035900000483</coordinates></LineString><LineString><coordinates>73.539414092051,19.943648680771,640.035900000483 73.539412955351,19.943619836330,640.035900000483</coordinates></LineString><LineString><coordinates>73.539414091522,19.943648667336,640.035899997689 73.539347134166,19.943592250326,640.035899999552</coordinates></LineString><LineString><coordinates>73.539414092051,19.943648680771,640.035900000483 73.539396660439,19.943633989926,640.035899999552</coordinates></LineString><LineString><coordinates>73.540320932321,19.943250287570,640.035899999552 73.540320488790,19.943239052431,640.035899999552</coordinates></LineString><LineString><coordinates>73.540322134743,19.943280756669,640.035899999552 73.540321333129,19.943260443856,640.035900000483</coordinates></LineString><LineString><coordinates>73.540323337167,19.943311225528,640.035899999552 73.540322535551,19.943290912955,640.035899999552</coordinates></LineString><LineString><coordinates>73.540324539842,19.943341694629,640.035899999552 73.540323737975,19.943321381814,640.035899999552</coordinates></LineString><LineString><coordinates>73.540325742266,19.943372163488,640.035899999552 73.540324940650,19.943351850915,640.035899999552</coordinates></LineString><LineString><coordinates>73.540326944689,19.943402632586,640.035900001414 73.540326143073,19.943382320014,640.035900000483</coordinates></LineString><LineString><coordinates>73.540328147365,19.943433101687,640.035899999552 73.540327345748,19.943412789114,640.035899999552</coordinates></LineString><LineString><coordinates>73.540330552467,19.943494039406,640.035900000483 73.540329750597,19.943473726832,640.035899999552</coordinates></LineString><LineString><coordinates>73.540331396550,19.943515431069,640.035900000483 73.540330953273,19.943504195932,640.035900000483</coordinates></LineString><LineString><coordinates>73.540236013874,19.943278760451,640.035899999552 73.540235214358,19.943258501425,640.035900000483</coordinates></LineString><LineString><coordinates>73.540237216535,19.943309229312,640.035899999552 73.540236414676,19.943288916737,640.035899999552</coordinates></LineString><LineString><coordinates>73.540238418941,19.943339698410,640.035900000483 73.540237617336,19.943319385838,640.035899999552</coordinates></LineString><LineString><coordinates>73.540239621348,19.943370167268,640.035900001414 73.540238819743,19.943349854696,640.035900000483</coordinates></LineString><LineString><coordinates>73.540240824005,19.943400636609,640.035899998620 73.540240022402,19.943380323796,640.035900000483</coordinates></LineString><LineString><coordinates>73.540242026415,19.943431105227,640.035900000483 73.540241224810,19.943410792655,640.035899999552</coordinates></LineString><LineString><coordinates>73.540243229074,19.943461574327,640.035899999552 73.540242427216,19.943441261753,640.035900000483</coordinates></LineString><LineString><coordinates>73.540244431480,19.943492043425,640.035899999552 73.540243629875,19.943471730853,640.035899999552</coordinates></LineString><LineString><coordinates>73.540245631799,19.943522458737,640.035900000483 73.540244832285,19.943502199471,640.035899999552</coordinates></LineString><LineString><coordinates>73.539522439023,19.943300158188,640.035900000483 73.539500952174,19.943300736758,640.035900000483</coordinates></LineString><LineString><coordinates>73.539619129719,19.943297554711,640.035899999552 73.539597642996,19.943298133294,640.035899999552</coordinates></LineString><LineString><coordinates>73.539639219319,19.943297013876,640.035899999552 73.539629873143,19.943297265539,640.035900000483</coordinates></LineString><LineString><coordinates>73.539651351616,19.943296475409,640.035900000483 73.539639219319,19.943297013876,640.035899999552</coordinates></LineString><LineString><coordinates>73.539812390779,19.943289327621,640.035899999552 73.539790918932,19.943290280812,640.035900000483</coordinates></LineString><LineString><coordinates>73.539844598610,19.943287898189,640.035900000483 73.539823126765,19.943288851145,640.035899998620</coordinates></LineString><LineString><coordinates>73.539876806443,19.943286468512,640.035899999552 73.539855334596,19.943287421711,640.035900000483</coordinates></LineString><LineString><coordinates>73.539909014401,19.943285039070,640.035900000483 73.539887542429,19.943285992032,640.035899998620</coordinates></LineString><LineString><coordinates>73.539941222233,19.943283609381,640.035899999552 73.539919750261,19.943284562347,640.035899999552</coordinates></LineString><LineString><coordinates>73.539973430063,19.943282179926,640.035900000483 73.539951958092,19.943283132896,640.035900000483</coordinates></LineString><LineString><coordinates>73.540005637895,19.943280750225,640.035899998620 73.539984165924,19.943281703199,640.035899999552</coordinates></LineString><LineString><coordinates>73.540037845725,19.943279320759,640.035899999552 73.540016373881,19.943280273737,640.035899999552</coordinates></LineString><LineString><coordinates>73.540070053557,19.943277891046,640.035900000483 73.540048581713,19.943278844029,640.035900000483</coordinates></LineString><LineString><coordinates>73.540102261386,19.943276461568,640.035899999552 73.540080789542,19.943277414554,640.035899999552</coordinates></LineString><LineString><coordinates>73.540134469218,19.943275031843,640.035899999552 73.540112997374,19.943275984834,640.035899999552</coordinates></LineString><LineString><coordinates>73.540166677047,19.943273602353,640.035899999552 73.540145205203,19.943274555348,640.035900000483</coordinates></LineString><LineString><coordinates>73.540198099034,19.943266966572,640.035900000483 73.540177202747,19.943271732482,640.035900000483</coordinates></LineString><LineString><coordinates>73.540229443465,19.943259817461,640.035899999552 73.540208547179,19.943264583376,640.035900000483</coordinates></LineString><LineString><coordinates>73.540260788144,19.943252668587,640.035899999552 73.540239891607,19.943257434503,640.035899999552</coordinates></LineString><LineString><coordinates>73.540292132568,19.943245519705,640.035900000483 73.540271236286,19.943250285627,640.035899999552</coordinates></LineString><LineString><coordinates>73.540323476989,19.943238370818,640.035899999552 73.540302580709,19.943243136744,640.035900000483</coordinates></LineString><LineString><coordinates>73.540354821662,19.943231221927,640.035899999552 73.540333925129,19.943235987854,640.035900000483</coordinates></LineString><LineString><coordinates>73.540386166080,19.943224072788,640.035900000483 73.540365269801,19.943228838961,640.035900000483</coordinates></LineString><LineString><coordinates>73.540417510494,19.943216923883,640.035899999552 73.540396614218,19.943221689820,640.035899999552</coordinates></LineString><LineString><coordinates>73.540448854905,19.943209774972,640.035899999552 73.540427958631,19.943214540913,640.035900000483</coordinates></LineString><LineString><coordinates>73.540480199568,19.943202626058,640.035900000483 73.540459303296,19.943207392003,640.035900000483</coordinates></LineString><LineString><coordinates>73.540498558834,19.943198438775,640.035899999552 73.540490647704,19.943200243085,640.035899999552</coordinates></LineString><LineString><coordinates>73.540511581787,19.943195629610,640.035899999552 73.540498558834,19.943198438775,640.035899999552</coordinates></LineString><LineString><coordinates>73.540543017782,19.943188849123,640.035899999552 73.540522060367,19.943193369528,640.035899999552</coordinates></LineString><LineString><coordinates>73.539747867054,19.943567028337,640.035900000483 73.539769347706,19.943566270377,640.035899999552</coordinates></LineString><LineString><coordinates>73.539715646138,19.943568165511,640.035899999552 73.539737126789,19.943567407556,640.035899999552</coordinates></LineString><LineString><coordinates>73.539683425225,19.943569302200,640.035899999552 73.539704905877,19.943568544249,640.035900000483</coordinates></LineString><LineString><coordinates>73.539776507440,19.943475161481,640.035899999552 73.539799181528,19.943474361115,640.035899999552</coordinates></LineString><LineString><coordinates>73.539744286542,19.943476298662,640.035900000483 73.539765767186,19.943475540222,640.035899999552</coordinates></LineString><LineString><coordinates>73.539712065649,19.943477435357,640.035899999552 73.539733546288,19.943476677402,640.035900000483</coordinates></LineString><LineString><coordinates>73.539679844751,19.943478572527,640.035900000483 73.539701325390,19.943477814575,640.035899999552</coordinates></LineString><LineString><coordinates>73.539772927042,19.943384431326,640.035899999552 73.539795600986,19.943383631439,640.035900000483</coordinates></LineString><LineString><coordinates>73.539740706035,19.943385568507,640.035899999552 73.539762186663,19.943384810547,640.035900001414</coordinates></LineString><LineString><coordinates>73.539708485156,19.943386705683,640.035899999552 73.539729965783,19.943385947727,640.035899999552</coordinates></LineString><LineString><coordinates>73.539676264277,19.943387842853,640.035899999552 73.539697744908,19.943387084420,640.035899999552</coordinates></LineString><LineString><coordinates>73.539642850080,19.943389021939,640.035899999552 73.539665524029,19.943388221589,640.035900000483</coordinates></LineString><LineString><coordinates>73.539626898874,19.943560151195,640.035899999552 73.539649572843,19.943559351328,640.035899999552</coordinates></LineString><LineString><coordinates>73.539594677960,19.943561288348,640.035899999552 73.539616158610,19.943560530407,640.035899998620</coordinates></LineString><LineString><coordinates>73.539562457046,19.943562425495,640.035899999552 73.539583937700,19.943561667078,640.035899999552</coordinates></LineString><LineString><coordinates>73.539530236136,19.943563562156,640.035900000483 73.539551716786,19.943562804223,640.035899999552</coordinates></LineString><LineString><coordinates>73.539496821776,19.943564741212,640.035900000483 73.539519495872,19.943563941363,640.035899999552</coordinates></LineString><LineString><coordinates>73.539621697475,19.943428344480,640.035899999552 73.539644371425,19.943427544612,640.035899999552</coordinates></LineString><LineString><coordinates>73.539589476588,19.943429481633,640.035899999552 73.539610957220,19.943428723692,640.035899999552</coordinates></LineString><LineString><coordinates>73.539557255700,19.943430618781,640.035899998620 73.539578736333,19.943429860844,640.035899999552</coordinates></LineString><LineString><coordinates>73.539525034813,19.943431755923,640.035899998620 73.539546515449,19.943430997509,640.035900000483</coordinates></LineString><LineString><coordinates>73.539491620481,19.943432934979,640.035900000483 73.539514294435,19.943432134648,640.035899999552</coordinates></LineString><LineString><coordinates>73.540343769287,19.943343374411,640.035899999552 73.540324632767,19.943344049950,640.035899999552</coordinates></LineString><LineString><coordinates>73.540375990033,19.943342237358,640.035899999552 73.540354509536,19.943342995394,640.035899999552</coordinates></LineString><LineString><coordinates>73.540472652777,19.943338825927,640.035899998620 73.540451172281,19.943339583975,640.035900000483</coordinates></LineString><LineString><coordinates>73.540010734508,19.943520584101,640.035900000483 73.540032215155,19.943519826110,640.035899999552</coordinates></LineString><LineString><coordinates>73.539978513604,19.943521720845,640.035900000483 73.539999994250,19.943520962857,640.035899999552</coordinates></LineString><LineString><coordinates>73.539946292696,19.943522858062,640.035899999552 73.539967773215,19.943522100077,640.035899999552</coordinates></LineString><LineString><coordinates>73.540039891379,19.943441807485,640.035899999552 73.540056001891,19.943441238629,640.035900000483</coordinates></LineString><LineString><coordinates>73.539975449598,19.943444081458,640.035900000483 73.539996930107,19.943443323469,640.035899999552</coordinates></LineString><LineString><coordinates>73.539943228706,19.943445218676,640.035899999552 73.539964709215,19.943444460691,640.035899999552</coordinates></LineString><LineString><coordinates>73.539911007690,19.943446355407,640.035899998620 73.539932488326,19.943445597427,640.035900000483</coordinates></LineString><LineString><coordinates>73.539884156926,19.943447302999,640.035899998620 73.539900267434,19.943446734637,640.035899999552</coordinates></LineString><LineString><coordinates>73.540036827344,19.943364167857,640.035899999552 73.540052937719,19.943363599240,640.035899998620</coordinates></LineString><LineString><coordinates>73.540004606469,19.943365304847,640.035899999552 73.540026086968,19.943364546854,640.035899999552</coordinates></LineString><LineString><coordinates>73.539972385593,19.943366442072,640.035899999552 73.539993866093,19.943365683842,640.035900000483</coordinates></LineString><LineString><coordinates>73.539940164591,19.943367579049,640.035899999552 73.539961645217,19.943366821064,640.035899998620</coordinates></LineString><LineString><coordinates>73.539881092965,19.943369663614,640.035899998620 73.539897203465,19.943369095251,640.035899999552</coordinates></LineString><LineString><coordinates>73.540083155992,19.943538821125,640.035899999552 73.540059885298,19.943539642490,640.035899999552</coordinates></LineString><LineString><coordinates>73.540115376904,19.943537683883,640.035899999552 73.540093896378,19.943538442366,640.035900000483</coordinates></LineString><LineString><coordinates>73.540147597939,19.943536547116,640.035900000483 73.540126117290,19.943537305122,640.035900000483</coordinates></LineString><LineString><coordinates>73.540179818852,19.943535409862,640.035899998620 73.540158338203,19.943536167872,640.035899999552</coordinates></LineString><LineString><coordinates>73.540212039637,19.943534272601,640.035900000483 73.540190559115,19.943535030616,640.035899999552</coordinates></LineString><LineString><coordinates>73.540246050844,19.943533072449,640.035899999552 73.540222780150,19.943533893835,640.035899999552</coordinates></LineString><LineString><coordinates>73.540078150223,19.943411980047,640.035900000483 73.540054879551,19.943412800932,640.035899999552</coordinates></LineString><LineString><coordinates>73.540110371109,19.943410842804,640.035900000483 73.540088890477,19.943411600806,640.035899999552</coordinates></LineString><LineString><coordinates>73.540142591996,19.943409705555,640.035899999552 73.540121111364,19.943410463561,640.035899998620</coordinates></LineString><LineString><coordinates>73.540174812878,19.943408568781,640.035899999552 73.540153332246,19.943409326791,640.035899999552</coordinates></LineString><LineString><coordinates>73.540207033891,19.943407431521,640.035899999552 73.540185553132,19.943408189534,640.035899999552</coordinates></LineString><LineString><coordinates>73.540241044817,19.943406231366,640.035899999552 73.540217774146,19.943407052273,640.035899998620</coordinates></LineString><LineString><coordinates>73.539402411593,19.943352680671,640.035900000483 73.539401609971,19.943332367861,640.035900000483</coordinates></LineString><LineString><coordinates>73.539403613838,19.943383149765,640.035899998620 73.539402812342,19.943362836956,640.035899999552</coordinates></LineString><LineString><coordinates>73.539407220956,19.943474556569,640.035900001414 73.539406419332,19.943454243999,640.035899999552</coordinates></LineString><LineString><coordinates>73.539408423201,19.943505025663,640.035899999552 73.539407621703,19.943484713094,640.035899998620</coordinates></LineString><LineString><coordinates>73.539409625573,19.943535494757,640.035899998620 73.539408824079,19.943515181708,640.035900000483</coordinates></LineString><LineString><coordinates>73.539410747476,19.943563925247,640.035900000483 73.539410026324,19.943545650802,640.035899999552</coordinates></LineString><LineString><coordinates>73.539488188191,19.943345955476,640.035899999552 73.539487386557,19.943325642666,640.035899998620</coordinates></LineString><LineString><coordinates>73.539489390579,19.943376424572,640.035899999552 73.539488588945,19.943356111761,640.035899999552</coordinates></LineString><LineString><coordinates>73.539490592844,19.943406893186,640.035899998620 73.539489791335,19.943386580616,640.035899999552</coordinates></LineString><LineString><coordinates>73.539491795232,19.943437362281,640.035900000483 73.539490993723,19.943417049712,640.035899999552</coordinates></LineString><LineString><coordinates>73.539492997620,19.943467831376,640.035900000483 73.539492195984,19.943447518806,640.035900000483</coordinates></LineString><LineString><coordinates>73.539494200008,19.943498300471,640.035899999552 73.539493398373,19.943477987901,640.035900000483</coordinates></LineString><LineString><coordinates>73.539495402274,19.943528769085,640.035899999552 73.539494600765,19.943508456516,640.035899999552</coordinates></LineString><LineString><coordinates>73.539496604662,19.943559238180,640.035900000483 73.539495803153,19.943538925611,640.035899999552</coordinates></LineString><LineString><coordinates>73.539497572027,19.943583752820,640.035899999552 73.539497005414,19.943569394705,640.035899999552</coordinates></LineString><LineString><coordinates>73.539639621749,19.943307183376,640.035899998620 73.539639245457,19.943297648418,640.035899999552</coordinates></LineString><LineString><coordinates>73.539792815094,19.943313008081,640.035899999552 73.539791934331,19.943290688361,640.035899999552</coordinates></LineString><LineString><coordinates>73.539794017543,19.943343476938,640.035899999552 73.539793215995,19.943323164367,640.035899999552</coordinates></LineString><LineString><coordinates>73.539795219990,19.943373946035,640.035900000483 73.539794418315,19.943353633463,640.035899999552</coordinates></LineString><LineString><coordinates>73.539796422437,19.943404415132,640.035900000483 73.539795620762,19.943384102560,640.035899999552</coordinates></LineString><LineString><coordinates>73.539797624757,19.943434884228,640.035899999552 73.539796823213,19.943414571177,640.035899999552</coordinates></LineString><LineString><coordinates>73.539798827208,19.943465352844,640.035899999552 73.539798025533,19.943445040273,640.035899999552</coordinates></LineString><LineString><coordinates>73.539800029655,19.943495821941,640.035899999552 73.539799227980,19.943475509370,640.035900000483</coordinates></LineString><LineString><coordinates>73.539801231975,19.943526291037,640.035899999552 73.539800430427,19.943505978466,640.035899999552</coordinates></LineString><LineString><coordinates>73.539802513639,19.943558767042,640.035900000483 73.539801632874,19.943536447563,640.035899999552</coordinates></LineString><LineString><coordinates>73.539878641164,19.943307536833,640.035899999552 73.539877821819,19.943286773080,640.035899999552</coordinates></LineString><LineString><coordinates>73.539879843627,19.943338005931,640.035900000483 73.539879042070,19.943317693120,640.035900000483</coordinates></LineString><LineString><coordinates>73.539881046093,19.943368474788,640.035900000483 73.539880244407,19.943348162216,640.035900001414</coordinates></LineString><LineString><coordinates>73.539882248558,19.943398943646,640.035899999552 73.539881446872,19.943378631074,640.035900000483</coordinates></LineString><LineString><coordinates>73.539883450895,19.943429412742,640.035899998620 73.539882649336,19.943409100171,640.035899999552</coordinates></LineString><LineString><coordinates>73.539884653358,19.943459881839,640.035899998620 73.539883851799,19.943439569268,640.035900000483</coordinates></LineString><LineString><coordinates>73.539885855822,19.943490350936,640.035899999552 73.539885054136,19.943470038365,640.035899999552</coordinates></LineString><LineString><coordinates>73.539887058290,19.943520819553,640.035900000483 73.539886256603,19.943500506982,640.035899999552</coordinates></LineString><LineString><coordinates>73.540050293421,19.943296594213,640.035900000483 73.540049596787,19.943278942873,640.035899999552</coordinates></LineString><LineString><coordinates>73.540051495918,19.943327063312,640.035899999552 73.540050694212,19.943306750499,640.035900000483</coordinates></LineString><LineString><coordinates>73.540052698289,19.943357532169,640.035899999552 73.540051896708,19.943337219598,640.035899999552</coordinates></LineString><LineString><coordinates>73.540053900788,19.943388001028,640.035900000483 73.540053099205,19.943367688696,640.035900000483</coordinates></LineString><LineString><coordinates>73.540055103285,19.943418470126,640.035900000483 73.540054301576,19.943398157553,640.035899999552</coordinates></LineString><LineString><coordinates>73.540056305781,19.943448939224,640.035900000483 73.540055504073,19.943428626652,640.035899999552</coordinates></LineString><LineString><coordinates>73.540057508151,19.943479408321,640.035900000483 73.540056706570,19.943459095750,640.035900000483</coordinates></LineString><LineString><coordinates>73.540498558834,19.943198438775,640.035899999552 73.540524479361,19.943192847829,640.035899999552</coordinates></LineString><LineString><coordinates>73.539301876744,19.943554108462,640.035899999552 73.539285829361,19.943540584080,640.035900000483</coordinates></LineString><LineString><coordinates>73.540525356730,19.943192658540,640.035899999552 73.540500313319,19.943198060194,640.035899999552</coordinates></LineString><LineString><coordinates>73.540665109803,19.941867481206,640.035899999552 73.540673546352,19.941854303508,640.035900000483</coordinates></LineString><LineString><coordinates>73.540946373512,19.943053803241,640.035899999552 73.540947274532,19.943075468268,640.035899999552</coordinates></LineString><LineString><coordinates>73.540945021985,19.943021305341,640.035899999552 73.540945923003,19.943042970608,640.035899999552</coordinates></LineString><LineString><coordinates>73.540943670203,19.942988807678,640.035900000483 73.540944571221,19.943010472945,640.035900000483</coordinates></LineString><LineString><coordinates>73.540942318677,19.942956309777,640.035899998620 73.540943219694,19.942977975045,640.035900000483</coordinates></LineString><LineString><coordinates>73.540940966894,19.942923812115,640.035900000483 73.540941867912,19.942945477382,640.035900000483</coordinates></LineString><LineString><coordinates>73.540939615368,19.942891314214,640.035899999552 73.540940516385,19.942912979481,640.035899999552</coordinates></LineString><LineString><coordinates>73.540938263586,19.942858816551,640.035900000483 73.540939164603,19.942880481818,640.035899999552</coordinates></LineString><LineString><coordinates>73.540936912058,19.942826318890,640.035900000483 73.540937813077,19.942847983917,640.035900001414</coordinates></LineString><LineString><coordinates>73.540935560278,19.942793820987,640.035900001414 73.540936461295,19.942815486254,640.035899999552</coordinates></LineString><LineString><coordinates>73.540934208750,19.942761323325,640.035899999552 73.540935109769,19.942782988353,640.035899999552</coordinates></LineString><LineString><coordinates>73.540932856970,19.942728825422,640.035900001414 73.540933757987,19.942750490690,640.035900000483</coordinates></LineString><LineString><coordinates>73.540931505442,19.942696327760,640.035899999552 73.540932406461,19.942717992788,640.035899999552</coordinates></LineString><LineString><coordinates>73.540930153663,19.942663829857,640.035900000483 73.540931054680,19.942685495125,640.035900000483</coordinates></LineString><LineString><coordinates>73.540928802135,19.942631332195,640.035899999552 73.540929703154,19.942652997223,640.035899999552</coordinates></LineString><LineString><coordinates>73.540927450356,19.942598834292,640.035899999552 73.540928351373,19.942620499559,640.035900000483</coordinates></LineString><LineString><coordinates>73.540926098828,19.942566336630,640.035900000483 73.540926999847,19.942588001658,640.035900001414</coordinates></LineString><LineString><coordinates>73.540924747049,19.942533838726,640.035900000483 73.540925648066,19.942555503994,640.035899999552</coordinates></LineString><LineString><coordinates>73.540923395522,19.942501341064,640.035899998620 73.540924296538,19.942523006332,640.035899999552</coordinates></LineString><LineString><coordinates>73.540922043743,19.942468843160,640.035900000483 73.540922944759,19.942490508428,640.035900000483</coordinates></LineString><LineString><coordinates>73.540920752613,19.942437798957,640.035900000483 73.540921593232,19.942458010766,640.035900000483</coordinates></LineString><LineString><coordinates>73.540920215237,19.942436436015,640.035900000483 73.540920752613,19.942437798957,640.035900000483</coordinates></LineString><LineString><coordinates>73.540908199320,19.942405962541,640.035899999552 73.540916209762,19.942426278109,640.035899999552</coordinates></LineString><LineString><coordinates>73.540896183407,19.942375489066,640.035899999552 73.540904194099,19.942395804877,640.035899999552</coordinates></LineString><LineString><coordinates>73.540884167753,19.942345015592,640.035900000483 73.540892178188,19.942365331402,640.035900000483</coordinates></LineString><LineString><coordinates>73.540872151847,19.942314542356,640.035900001414 73.540880162535,19.942334857928,640.035900000483</coordinates></LineString><LineString><coordinates>73.540860136201,19.942284068882,640.035900000483 73.540868146632,19.942304384452,640.035899999552</coordinates></LineString><LineString><coordinates>73.540848120306,19.942253595404,640.035899999552 73.540856130734,19.942273910975,640.035900000483</coordinates></LineString><LineString><coordinates>73.540836104414,19.942223121926,640.035899998620 73.540844115093,19.942243437499,640.035899999552</coordinates></LineString><LineString><coordinates>73.540824088781,19.942192648450,640.035899999552 73.540832099204,19.942212964021,640.035899999552</coordinates></LineString><LineString><coordinates>73.540812072899,19.942162174970,640.035899999552 73.540820083572,19.942182490544,640.035899999552</coordinates></LineString><LineString><coordinates>73.540800057020,19.942131701491,640.035899999552 73.540808067691,19.942152017064,640.035900000483</coordinates></LineString><LineString><coordinates>73.540788041400,19.942101228012,640.035900000483 73.540796051814,19.942121543584,640.035899999552</coordinates></LineString><LineString><coordinates>73.540776025530,19.942070754531,640.035899999552 73.540784036193,19.942091070346,640.035899999552</coordinates></LineString><LineString><coordinates>73.540764009918,19.942040281051,640.035899999552 73.540772020324,19.942060596864,640.035900000483</coordinates></LineString><LineString><coordinates>73.540751994055,19.942009807809,640.035899999552 73.540760004460,19.942030123382,640.035900000483</coordinates></LineString><LineString><coordinates>73.540739978198,19.941979334326,640.035900000483 73.540747988854,19.941999649902,640.035900000483</coordinates></LineString><LineString><coordinates>73.540729900323,19.941953775478,640.035899999552 73.540735972998,19.941969176419,640.035899999552</coordinates></LineString><LineString><coordinates>73.540726689276,19.941949498690,640.035900000483 73.540729900323,19.941953775478,640.035899999552</coordinates></LineString><LineString><coordinates>73.540706778830,19.941922979997,640.035899999552 73.540720052545,19.941940659047,640.035900000483</coordinates></LineString><LineString><coordinates>73.540686868392,19.941896461063,640.035900000483 73.540700142101,19.941914140353,640.035899999552</coordinates></LineString><LineString><coordinates>73.540666957958,19.941869942366,640.035900000483 73.540680231409,19.941887621656,640.035900000483</coordinates></LineString><LineString><coordinates>73.540647047531,19.941843423667,640.035899999552 73.540660320978,19.941861102959,640.035900000483</coordinates></LineString><LineString><coordinates>73.540627136856,19.941816904965,640.035900000483 73.540640410553,19.941834584259,640.035899999552</coordinates></LineString><LineString><coordinates>73.540607226442,19.941790386262,640.035900000483 73.540620500134,19.941808065558,640.035899999552</coordinates></LineString><LineString><coordinates>73.540587316035,19.941763867558,640.035900000483 73.540600589724,19.941781546615,640.035899999552</coordinates></LineString><LineString><coordinates>73.540567405634,19.941737348852,640.035899999552 73.540580679319,19.941755027910,640.035899999552</coordinates></LineString><LineString><coordinates>73.540547495239,19.941710830144,640.035899998620 73.540560768920,19.941728509203,640.035900000483</coordinates></LineString><LineString><coordinates>73.540527584851,19.941684311433,640.035900000483 73.540540858528,19.941701990494,640.035899999552</coordinates></LineString><LineString><coordinates>73.540507674469,19.941657792722,640.035900000483 73.540520947888,19.941675471782,640.035899999552</coordinates></LineString><LineString><coordinates>73.540487764094,19.941631274008,640.035899999552 73.540501037508,19.941648953069,640.035900000483</coordinates></LineString><LineString><coordinates>73.540473097419,19.941611739239,640.035899999552 73.540481127135,19.941622434355,640.035899999552</coordinates></LineString><LineString><coordinates>73.540466837770,19.941605548460,640.035899998620 73.540473097419,19.941611739239,640.035899999552</coordinates></LineString><LineString><coordinates>73.539878839919,19.940687374407,640.035900000483 73.539896200059,19.940701537873,640.035899999552</coordinates></LineString><LineString><coordinates>73.540393325212,19.941592264257,640.035899999552 73.540384665867,19.941605790215,640.035900000483</coordinates></LineString><LineString><coordinates>73.540508701719,19.941659161024,640.035899999552 73.540521866188,19.941676694757,640.035899999552</coordinates></LineString><LineString><coordinates>73.540488791343,19.941632642310,640.035900000483 73.540502065011,19.941650321373,640.035899999552</coordinates></LineString><LineString><coordinates>73.540473097419,19.941611739239,640.035899999552 73.540482154638,19.941623802659,640.035899999552</coordinates></LineString><LineString><coordinates>73.540468064071,19.941606761266,640.035899999552 73.540473097419,19.941611739239,640.035899999552</coordinates></LineString><LineString><coordinates>73.540444296346,19.941583254498,640.035899999552 73.540460141580,19.941598925678,640.035899999552</coordinates></LineString><LineString><coordinates>73.539880183576,19.940688470595,640.035900000483 73.539897543717,19.940702634062,640.035899999552</coordinates></LineString><LineString><coordinates>73.539556077197,19.940393203100,640.035899999552 73.539524828353,19.940452485771,640.035899999552</coordinates></LineString><LineString><coordinates>73.540220668240,19.941352127538,640.035899999552 73.540016779697,19.940786017501,640.035899998620</coordinates></LineString><LineString><coordinates>73.540465852167,19.941585921997,640.035900000483 73.540220668240,19.941352127538,640.035899999552</coordinates></LineString><LineString><coordinates>73.540737080756,19.941936409165,640.035899999552 73.540465852167,19.941585921997,640.035900000483</coordinates></LineString><LineString><coordinates>73.540901140668,19.942325920279,640.035899999552 73.540737080756,19.941936409165,640.035899999552</coordinates></LineString><LineString><coordinates>73.539536509457,19.941981930125,640.035899999552 73.539537605704,19.941983983086,640.035899999552</coordinates></LineString><LineString><coordinates>73.539536520213,19.941984501351,640.035899999552 73.539537594821,19.941981411859,640.035899998620</coordinates></LineString><LineString><coordinates>73.540107374647,19.941035926605,640.035899999552 73.540107885918,19.941038174887,640.035899999552</coordinates></LineString><LineString><coordinates>73.540106697158,19.941038416687,640.035899999552 73.540108563406,19.941035684925,640.035900000483</coordinates></LineString><LineString><coordinates>73.539591623842,19.940586898982,640.035899999552 73.539593916078,19.940587667315,640.035899998620</coordinates></LineString><LineString><coordinates>73.539593509830,19.940588751076,640.035899998620 73.539592030090,19.940585815221,640.035900001414</coordinates></LineString><LineString><coordinates>73.540426444028,19.942164902963,640.035899999552 73.540426161896,19.942162618715,640.035899999552</coordinates></LineString><LineString><coordinates>73.540426302836,19.942163760718,640.035899999552 73.540427651686,19.942164769445,640.035899998620</coordinates></LineString><LineString><coordinates>73.540427242365,19.942162637632,640.035899999552 73.540425236117,19.942165036239,640.035900000483</coordinates></LineString><LineString><coordinates>73.540177847707,19.941455961541,640.035899999552 73.540179552025,19.941453136745,640.035899999552</coordinates></LineString><LinearRing><coordinates>73.540223864013,19.941355167496 73.540230338767,19.941365756603 73.540364016588,19.941489565570 73.540413351998,19.941551361548 73.540524314358,19.941690348786 73.540698238452,19.941937544829 73.540836469394,19.942313979191 73.540901135440,19.942325907998 73.540737075526,19.941936397123 73.540465847191,19.941585909957 73.540223864013,19.941355167496</coordinates></LinearRing><LineString><coordinates>73.540231776789,19.941367088265,640.035900000483 73.540233569505,19.941364422323,640.035900000483</coordinates></LineString><LineString><coordinates>73.540244857259,19.941379203279,640.035900000483 73.540246503704,19.941376755402,640.035900000483</coordinates></LineString><LineString><coordinates>73.540271018711,19.941403433310,640.035899999552 73.540272371599,19.941401421794,640.035900000483</coordinates></LineString><LineString><coordinates>73.540056668059,19.941842737557,640.035899999552 73.540046710739,19.941837364912,640.035899999552</coordinates></LineString><LineString><coordinates>73.540125902389,19.941542052669,640.035899998620 73.540275262684,19.941622641264,640.035899999552</coordinates></LineString><LineString><coordinates>73.540085659039,19.941608749694,640.035899999552 73.540235019118,19.941689338324,640.035899999552</coordinates></LineString><LineString><coordinates>73.540045415654,19.941675446708,640.035899998620 73.540194775771,19.941756035373,640.035899999552</coordinates></LineString><LineString><coordinates>73.540005172234,19.941742143710,640.035899999552 73.540154532515,19.941822732412,640.035900000483</coordinates></LineString><LineString><coordinates>73.539964928779,19.941808840700,640.035900000483 73.540114289098,19.941889429438,640.035899999552</coordinates></LineString><LineString><coordinates>73.539924685289,19.941875537678,640.035900000483 73.540074045645,19.941956126453,640.035899998620</coordinates></LineString><LineString><coordinates>73.539884441764,19.941942234645,640.035900000483 73.540033802032,19.942022823214,640.035899999552</coordinates></LineString><LineString><coordinates>73.539844198203,19.942008931600,640.035899999552 73.539993558509,19.942089520205,640.035899998620</coordinates></LineString><LineString><coordinates>73.540166145704,19.941475355632,640.035899999552 73.540315505961,19.941555944191,640.035900000483</coordinates></LineString><LineString><coordinates>73.540552234007,19.942144265254,640.035899999552 73.540687109233,19.942245143015,640.035899999552</coordinates></LineString><LineString><coordinates>73.540608536059,19.942076951050,640.035900000483 73.540743411017,19.942177828766,640.035899997689</coordinates></LineString><LinearRing><coordinates>73.540500482820,19.941898899288,640.035900000483 73.540500482820,19.941898899288,640.035900000483</coordinates></LinearRing><LineString><coordinates>73.540489668871,19.941888509487 73.540497351373,19.941891586582 73.540500482820,19.941898899288</coordinates></LineString><LineString><coordinates>73.540478681782,19.941898735562 73.540481935773,19.941891470700 73.540489668871,19.941888509487</coordinates></LineString><LineString><coordinates>73.540489495732,19.941909125364 73.540481813229,19.941906048268 73.540478681782,19.941898735562</coordinates></LineString><LineString><coordinates>73.540500482820,19.941898899288 73.540497228830,19.941906164150 73.540489495732,19.941909125364</coordinates></LineString><LineString><coordinates>73.540773333378,19.942142053795,640.035899999552 73.540657186577,19.942280918207,640.035900000483</coordinates></LineString><LineString><coordinates>73.540284493283,19.942099537505,640.035899999552 73.540419219424,19.942172229675,640.035899999552</coordinates></LineString><LineString><coordinates>73.540324736691,19.942032840441,640.035899999552 73.540470172319,19.942111311010,640.035900000483</coordinates></LineString><LineString><coordinates>73.540364980064,19.941966143365,640.035900000483 73.540521125176,19.942050392088,640.035899999552</coordinates></LineString><LineString><coordinates>73.540405223402,19.941899446277,640.035899998620 73.540572077991,19.941989473388,640.035899999552</coordinates></LineString><LineString><coordinates>73.540445466705,19.941832749177,640.035900001414 73.540623030515,19.941928554429,640.035899999552</coordinates></LineString><LineString><coordinates>73.540528118960,19.941695765698,640.035900000483 73.540223341781,19.942200886270,640.035900000483</coordinates></LineString><LineString><coordinates>73.540635672352,19.941913439966,640.035899999552 73.540386850708,19.942210929666,640.035900000483</coordinates></LineString><LineString><coordinates>73.540382852281,19.942230311533,640.035899999552 73.540386850708,19.942210929666,640.035900000483</coordinates></LineString><LineString><coordinates>73.540706442715,19.941959894340,640.035899999552 73.540467243115,19.942245879888,640.035899999552</coordinates></LineString><LineString><coordinates>73.540665109803,19.941867481206,640.035899999552 73.540673260872,19.941854749335,640.035900000483</coordinates></LineString><LineString><coordinates>73.540708410840,19.941385312563,640.035900000483 73.540698259145,19.941401169475,640.035899998620</coordinates></LineString><LineString><coordinates>73.540946096197,19.943047134807,640.035899999552 73.540946997215,19.943068800074,640.035899999552</coordinates></LineString><LineString><coordinates>73.540944744414,19.943014637145,640.035899999552 73.540945645688,19.943036302174,640.035899999552</coordinates></LineString><LineString><coordinates>73.540943392888,19.942982139244,640.035900000483 73.540944293905,19.943003804511,640.035900001414</coordinates></LineString><LineString><coordinates>73.540942041105,19.942949641582,640.035899999552 73.540942942377,19.942971306851,640.035900000483</coordinates></LineString><LineString><coordinates>73.540940689579,19.942917143681,640.035900000483 73.540941590596,19.942938808948,640.035899999552</coordinates></LineString><LineString><coordinates>73.540939337797,19.942884646018,640.035899999552 73.540940239068,19.942906311287,640.035899999552</coordinates></LineString><LineString><coordinates>73.540937986268,19.942852148357,640.035900000483 73.540938887288,19.942873813384,640.035899999552</coordinates></LineString><LineString><coordinates>73.540936634488,19.942819650454,640.035899999552 73.540937535760,19.942841315723,640.035900000483</coordinates></LineString><LineString><coordinates>73.540935282960,19.942787152792,640.035899999552 73.540936183980,19.942808817820,640.035899999552</coordinates></LineString><LineString><coordinates>73.540933931181,19.942754654889,640.035899999552 73.540934832452,19.942776320159,640.035899999552</coordinates></LineString><LineString><coordinates>73.540932579653,19.942722157228,640.035899999552 73.540933480672,19.942743822255,640.035899999552</coordinates></LineString><LineString><coordinates>73.540931227873,19.942689659324,640.035899999552 73.540932129144,19.942711324594,640.035900000483</coordinates></LineString><LineString><coordinates>73.540929876345,19.942657161663,640.035899999552 73.540930777365,19.942678826691,640.035899999552</coordinates></LineString><LineString><coordinates>73.540928524566,19.942624663759,640.035899998620 73.540929425837,19.942646329029,640.035900000483</coordinates></LineString><LineString><coordinates>73.540927173038,19.942592166097,640.035900000483 73.540928074057,19.942613831125,640.035899999552</coordinates></LineString><LineString><coordinates>73.540925821259,19.942559668194,640.035899999552 73.540926722530,19.942581333463,640.035899999552</coordinates></LineString><LineString><coordinates>73.540924469732,19.942527170532,640.035899999552 73.540925370749,19.942548835800,640.035900000483</coordinates></LineString><LineString><coordinates>73.540923117953,19.942494672628,640.035899998620 73.540924019223,19.942516337898,640.035899998620</coordinates></LineString><LineString><coordinates>73.540921766425,19.942462174966,640.035899999552 73.540922667442,19.942483840234,640.035900000483</coordinates></LineString><LineString><coordinates>73.540920752613,19.942437798957,640.035900000483 73.540921315917,19.942451342332,640.035899998620</coordinates></LineString><LineString><coordinates>73.540917749565,19.942430182996,640.035900000483 73.540920752613,19.942437798957,640.035900000483</coordinates></LineString><LineString><coordinates>73.540905733647,19.942399709762,640.035900001414 73.540913744342,19.942420025332,640.035899997689</coordinates></LineString><LineString><coordinates>73.540893717989,19.942369236289,640.035899999552 73.540901728428,19.942389551857,640.035899999552</coordinates></LineString><LineString><coordinates>73.540881702082,19.942338762813,640.035900000483 73.540889712772,19.942359078384,640.035900000483</coordinates></LineString><LineString><coordinates>73.540869686433,19.942308289339,640.035899999552 73.540877696866,19.942328604908,640.035899999552</coordinates></LineString><LineString><coordinates>73.540857670534,19.942277815862,640.035899998620 73.540865680964,19.942298131432,640.035899999552</coordinates></LineString><LineString><coordinates>73.540845654639,19.942247342384,640.035900000483 73.540853665320,19.942267657957,640.035899999552</coordinates></LineString><LineString><coordinates>73.540833639003,19.942216868908,640.035900000483 73.540841649427,19.942237184479,640.035900000483</coordinates></LineString><LineString><coordinates>73.540821623117,19.942186395430,640.035899998620 73.540829633790,19.942206711243,640.035899999552</coordinates></LineString><LineString><coordinates>73.540809607489,19.942155921952,640.035899999552 73.540817617905,19.942176237764,640.035899999552</coordinates></LineString><LineString><coordinates>73.540797591611,19.942125448472,640.035900000483 73.540805602025,19.942145764284,640.035900000483</coordinates></LineString><LineString><coordinates>73.540785575736,19.942094975232,640.035900000483 73.540793586403,19.942115290806,640.035899999552</coordinates></LineString><LineString><coordinates>73.540773560120,19.942064501752,640.035899998620 73.540781570531,19.942084817325,640.035899999552</coordinates></LineString><LineString><coordinates>73.540761544256,19.942034028270,640.035900000483 73.540769554663,19.942054343844,640.035899999552</coordinates></LineString><LineString><coordinates>73.540749528395,19.942003554788,640.035900000483 73.540757539054,19.942023870364,640.035900000483</coordinates></LineString><LineString><coordinates>73.540737512793,19.941973081307,640.035900000483 73.540745523195,19.941993396881,640.035899998620</coordinates></LineString><LineString><coordinates>73.540729900323,19.941953775478,640.035899999552 73.540733507594,19.941962923399,640.035899999552</coordinates></LineString><LineString><coordinates>73.540722603860,19.941944057109,640.035899999552 73.540729900323,19.941953775478,640.035899999552</coordinates></LineString><LineString><coordinates>73.540702693415,19.941917538416,640.035899998620 73.540715966876,19.941935217464,640.035899999552</coordinates></LineString><LineString><coordinates>73.540682782723,19.941891019719,640.035899999552 73.540696056433,19.941908698770,640.035899999552</coordinates></LineString><LineString><coordinates>73.540662872290,19.941864501021,640.035899999552 73.540676145996,19.941882180074,640.035900000483</coordinates></LineString><LineString><coordinates>73.540642961864,19.941837982322,640.035899999552 73.540656235566,19.941855661376,640.035899999552</coordinates></LineString><LineString><coordinates>73.540623051445,19.941811463621,640.035900000483 73.540636325143,19.941829142676,640.035899999552</coordinates></LineString><LineString><coordinates>73.540603141032,19.941784944919,640.035900000483 73.540616414726,19.941802623975,640.035900000483</coordinates></LineString><LineString><coordinates>73.540583230626,19.941758426214,640.035900000483 73.540596504315,19.941776105271,640.035899999552</coordinates></LineString><LineString><coordinates>73.540563320228,19.941731907267,640.035900000483 73.540576593911,19.941749586566,640.035900000483</coordinates></LineString><LineString><coordinates>73.540543409835,19.941705388559,640.035900000483 73.540556683259,19.941723067857,640.035900000483</coordinates></LineString><LineString><coordinates>73.540523499448,19.941678869848,640.035899999552 73.540536772868,19.941696549148,640.035899999552</coordinates></LineString><LineString><coordinates>73.540503588814,19.941652351134,640.035900000483 73.540516862484,19.941670030437,640.035899999552</coordinates></LineString><LineString><coordinates>73.540483678440,19.941625832420,640.035899999552 73.540496952106,19.941643511724,640.035899999552</coordinates></LineString><LineString><coordinates>73.540473097419,19.941611739239,640.035899999552 73.540477041736,19.941616992769,640.035900000483</coordinates></LineString><LineString><coordinates>73.540461960766,19.941600724811,640.035899999552 73.540473097419,19.941611739239,640.035899999552</coordinates></LineString><LineString><coordinates>73.540708410840,19.941385312563,640.035900000483 73.540698259145,19.941401169475,640.035899998620</coordinates></LineString><LineString><coordinates>73.540508701719,19.941659161024,640.035899999552 73.540521866188,19.941676694757,640.035899999552</coordinates></LineString><LineString><coordinates>73.540488791343,19.941632642310,640.035900000483 73.540502065011,19.941650321373,640.035899999552</coordinates></LineString><LineString><coordinates>73.540473097419,19.941611739239,640.035899999552 73.540482154638,19.941623802659,640.035899999552</coordinates></LineString><LineString><coordinates>73.540468064071,19.941606761266,640.035899999552 73.540473097419,19.941611739239,640.035899999552</coordinates></LineString><LineString><coordinates>73.540444296346,19.941583254498,640.035899999552 73.540460141580,19.941598925678,640.035899999552</coordinates></LineString><LineString><coordinates>73.539880183576,19.940688470595,640.035900000483 73.539897543717,19.940702634062,640.035899999552</coordinates></LineString><LinearRing><coordinates>73.539802347445,19.940772114516,640.035899998620 73.539802347445,19.940772114516,640.035899998620</coordinates></LinearRing><LineString><coordinates>73.539791533616,19.940761724679 73.539799216098,19.940764801756 73.539802347445,19.940772114516</coordinates></LineString><LineString><coordinates>73.539780546569,19.940771950714 73.539783800517,19.940764685819 73.539791533616,19.940761724679</coordinates></LineString><LineString><coordinates>73.539791360398,19.940782340552 73.539783677915,19.940779263475 73.539780546569,19.940771950714</coordinates></LineString><LineString><coordinates>73.539802347445,19.940772114516 73.539799093498,19.940779379411 73.539791360398,19.940782340552</coordinates></LineString><LinearRing><coordinates>73.540223865435,19.941355179509 73.540230340443,19.941365768618 73.540364018010,19.941489577583 73.540413353674,19.941551373563 73.540524316034,19.941690360801 73.540698240128,19.941937556844 73.540836470816,19.942313991204 73.540901137114,19.942325920253 73.540737077202,19.941936409138 73.540465848613,19.941585921970 73.540223865435,19.941355179509</coordinates></LinearRing><LinearRing><coordinates>73.540758730155,19.942234851553,640.035899999552 73.540758730155,19.942234851553,640.035899999552</coordinates></LinearRing><LineString><coordinates>73.540747916166,19.942224461765 73.540755598690,19.942227538850 73.540758730155,19.942234851553</coordinates></LineString><LineString><coordinates>73.540736929068,19.942234687855 73.540740183056,19.942227422988 73.540747916166,19.942224461765</coordinates></LineString><LineString><coordinates>73.540747743057,19.942245077643 73.540740060532,19.942242000558 73.540736929068,19.942234687855</coordinates></LineString><LineString><coordinates>73.540758730155,19.942234851553 73.540755476168,19.942242116420 73.540747743057,19.942245077643</coordinates></LineString><LinearRing><coordinates>73.540701344001,19.942084044258,640.035900000483 73.540701344001,19.942084044258,640.035900000483</coordinates></LinearRing><LineString><coordinates>73.540690530025,19.942073654467 73.540698212541,19.942076731554 73.540701344001,19.942084044258</coordinates></LineString><LineString><coordinates>73.540679542936,19.942083880554 73.540682796922,19.942076615689 73.540690530025,19.942073654467</coordinates></LineString><LineString><coordinates>73.540690356911,19.942094270345 73.540682674395,19.942091193258 73.540679542936,19.942083880554</coordinates></LineString><LineString><coordinates>73.540701344001,19.942084044258 73.540698090015,19.942091309124 73.540690356911,19.942094270345</coordinates></LineString><LinearRing><coordinates>73.540643973323,19.942155495364,640.035900001414 73.540643973323,19.942155495364,640.035900001414</coordinates></LinearRing><LineString><coordinates>73.540633159347,19.942145105570 73.540640841865,19.942148182660 73.540643973323,19.942155495364</coordinates></LineString><LineString><coordinates>73.540622172248,19.942155331653 73.540625426239,19.942148066789 73.540633159347,19.942145105570</coordinates></LineString><LineString><coordinates>73.540632986224,19.942165721447 73.540625303706,19.942162644357 73.540622172248,19.942155331653</coordinates></LineString><LineString><coordinates>73.540643973323,19.942155495364 73.540640719333,19.942162760229 73.540632986224,19.942165721447</coordinates></LineString><LinearRing><coordinates>73.540593264248,19.942224959193,640.035900000483 73.540593264248,19.942224959193,640.035900000483</coordinates></LinearRing><LineString><coordinates>73.540582450271,19.942214569396 73.540590132792,19.942217646488 73.540593264248,19.942224959193</coordinates></LineString><LineString><coordinates>73.540571463165,19.942224795475 73.540574717159,19.942217530612 73.540582450271,19.942214569396</coordinates></LineString><LineString><coordinates>73.540582277142,19.942235185273 73.540574594621,19.942232108180 73.540571463165,19.942224795475</coordinates></LineString><LineString><coordinates>73.540593264248,19.942224959193 73.540590010254,19.942232224057 73.540582277142,19.942235185273</coordinates></LineString><LinearRing><coordinates>73.540550768940,19.941815557573,640.035899999552 73.540550768940,19.941815557573,640.035899999552</coordinates></LinearRing><LineString><coordinates>73.540539954992,19.941805167775 73.540547637492,19.941808244868 73.540550768940,19.941815557573</coordinates></LineString><LineString><coordinates>73.540528967913,19.941815393854 73.540532221900,19.941808128990 73.540539954992,19.941805167775</coordinates></LineString><LineString><coordinates>73.540539781861,19.941825783652 73.540532099360,19.941822706559 73.540528967913,19.941815393854</coordinates></LineString><LineString><coordinates>73.540550768940,19.941815557573 73.540547514954,19.941822822436 73.540539781861,19.941825783652</coordinates></LineString><LinearRing><coordinates>73.540460239521,19.941965596400,640.035899999552 73.540460239521,19.941965596400,640.035899999552</coordinates></LinearRing><LineString><coordinates>73.540449425570,19.941955206597 73.540457108075,19.941958283693 73.540460239521,19.941965596400</coordinates></LineString><LineString><coordinates>73.540438438474,19.941965432668 73.540441692469,19.941958167807 73.540449425570,19.941955206597</coordinates></LineString><LineString><coordinates>73.540449252426,19.941975822472 73.540441569920,19.941972745375 73.540438438474,19.941965432668</coordinates></LineString><LineString><coordinates>73.540460239521,19.941965596400 73.540456985527,19.941972861261 73.540449252426,19.941975822472</coordinates></LineString><LinearRing><coordinates>73.540420144984,19.942032046649,640.035900000483 73.540420144984,19.942032046649,640.035900000483</coordinates></LinearRing><LineString><coordinates>73.540409331031,19.942021656843 73.540417013538,19.942024733942 73.540420144984,19.942032046649</coordinates></LineString><LineString><coordinates>73.540398343928,19.942031882912 73.540401597926,19.942024618052 73.540409331031,19.942021656843</coordinates></LineString><LineString><coordinates>73.540409157881,19.942042272718 73.540401475373,19.942039195619 73.540398343928,19.942031882912</coordinates></LineString><LineString><coordinates>73.540420144984,19.942032046649 73.540416890987,19.942039311509 73.540409157881,19.942042272718</coordinates></LineString><LinearRing><coordinates>73.540379411723,19.942099555738,640.035899999552 73.540379411723,19.942099555738,640.035899999552</coordinates></LinearRing><LineString><coordinates>73.540368597769,19.942089165930 73.540376280278,19.942092243031 73.540379411723,19.942099555738</coordinates></LineString><LineString><coordinates>73.540357610658,19.942099391996 73.540360864660,19.942092127137 73.540368597769,19.942089165930</coordinates></LineString><LineString><coordinates>73.540368424612,19.942109781805 73.540360742102,19.942106704704 73.540357610658,19.942099391996</coordinates></LineString><LineString><coordinates>73.540379411723,19.942099555738 73.540376157722,19.942106820598 73.540368424612,19.942109781805</coordinates></LineString><LinearRing><coordinates>73.540333899481,19.942170964975,640.035900001414 73.540333899481,19.942170964975,640.035900001414</coordinates></LinearRing><LineString><coordinates>73.540323085526,19.942160575164 73.540330768038,19.942163652267 73.540333899481,19.942170964975</coordinates></LineString><LineString><coordinates>73.540312098407,19.942170801226 73.540315352412,19.942163536369 73.540323085526,19.942160575164</coordinates></LineString><LineString><coordinates>73.540322912363,19.942181191038 73.540315229850,19.942178113935 73.540312098407,19.942170801226</coordinates></LineString><LineString><coordinates>73.540333899481,19.942170964975 73.540330645477,19.942178229834 73.540322912363,19.942181191038</coordinates></LineString><LinearRing><coordinates>73.540440182729,19.941673420632,640.035899999552 73.540440182729,19.941673420632,640.035899999552</coordinates></LinearRing><LineString><coordinates>73.540429368798,19.941663030828 73.540437051289,19.941666107925 73.540440182729,19.941673420632</coordinates></LineString><LineString><coordinates>73.540418381723,19.941673256900 73.540421635711,19.941665992039 73.540429368798,19.941663030828</coordinates></LineString><LineString><coordinates>73.540429195654,19.941683646705 73.540421513163,19.941680569607 73.540418381723,19.941673256900</coordinates></LineString><LineString><coordinates>73.540440182729,19.941673420632 73.540436928742,19.941680685493 73.540429195654,19.941683646705</coordinates></LineString><LinearRing><coordinates>73.540399939469,19.941740117734,640.035899999552 73.540399939469,19.941740117734,640.035899999552</coordinates></LinearRing><LineString><coordinates>73.540389125537,19.941729727928 73.540396808030,19.941732805026 73.540399939469,19.941740117734</coordinates></LineString><LineString><coordinates>73.540378138454,19.941739953997 73.540381392446,19.941732689136 73.540389125537,19.941729727928</coordinates></LineString><LineString><coordinates>73.540388952387,19.941750343803 73.540381269893,19.941747266704 73.540378138454,19.941739953997</coordinates></LineString><LineString><coordinates>73.540399939469,19.941740117734 73.540396685478,19.941747382594 73.540388952387,19.941750343803</coordinates></LineString><LinearRing><coordinates>73.540359696174,19.941806814824,640.035899999552 73.540359696174,19.941806814824,640.035899999552</coordinates></LinearRing><LineString><coordinates>73.540348882240,19.941796425015 73.540356564736,19.941799502116 73.540359696174,19.941806814824</coordinates></LineString><LineString><coordinates>73.540337895151,19.941806651081 73.540341149146,19.941799386222 73.540348882240,19.941796425015</coordinates></LineString><LineString><coordinates>73.540348709085,19.941817040890 73.540341026589,19.941813963789 73.540337895151,19.941806651081</coordinates></LineString><LineString><coordinates>73.540359696174,19.941806814824 73.540356442180,19.941814079683 73.540348709085,19.941817040890</coordinates></LineString><LinearRing><coordinates>73.540319452844,19.941873511902,640.035899999552 73.540319452844,19.941873511902,640.035899999552</coordinates></LinearRing><LineString><coordinates>73.540308638909,19.941863122091 73.540316321406,19.941866199194 73.540319452844,19.941873511902</coordinates></LineString><LineString><coordinates>73.540297651812,19.941873348154 73.540300905810,19.941866083296 73.540308638909,19.941863122091</coordinates></LineString><LineString><coordinates>73.540308465747,19.941883737966 73.540300783249,19.941880660863 73.540297651812,19.941873348154</coordinates></LineString><LineString><coordinates>73.540319452844,19.941873511902 73.540316198846,19.941880776761 73.540308465747,19.941883737966</coordinates></LineString><LinearRing><coordinates>73.540279209479,19.941940208969,640.035900000483 73.540279209479,19.941940208969,640.035900000483</coordinates></LinearRing><LineString><coordinates>73.540268395542,19.941929819155 73.540276078042,19.941932896260 73.540279209479,19.941940208969</coordinates></LineString><LineString><coordinates>73.540257408438,19.941940045215 73.540260662439,19.941932780358 73.540268395542,19.941929819155</coordinates></LineString><LineString><coordinates>73.540268222374,19.941950435029 73.540260539874,19.941947357925 73.540257408438,19.941940045215</coordinates></LineString><LineString><coordinates>73.540279209479,19.941940208969 73.540275955478,19.941947473826 73.540268222374,19.941950435029</coordinates></LineString><LinearRing><coordinates>73.540238966079,19.942006906024,640.035900001414 73.540238966079,19.942006906024,640.035900001414</coordinates></LinearRing><LineString><coordinates>73.540228152140,19.941996516208 73.540235834642,19.941999593314 73.540238966079,19.942006906024</coordinates></LineString><LineString><coordinates>73.540217165028,19.942006742265 73.540220419034,19.941999477408 73.540228152140,19.941996516208</coordinates></LineString><LineString><coordinates>73.540227978967,19.942017132081 73.540220296464,19.942014054975 73.540217165028,19.942006742265</coordinates></LineString><LineString><coordinates>73.540238966079,19.942006906024 73.540235712074,19.942014170880 73.540227978967,19.942017132081</coordinates></LineString><LinearRing><coordinates>73.540198722643,19.942073603067,640.035899999552 73.540198722643,19.942073603067,640.035899999552</coordinates></LinearRing><LineString><coordinates>73.540187908703,19.942063213248 73.540195591208,19.942066290357 73.540198722643,19.942073603067</coordinates></LineString><LineString><coordinates>73.540176921584,19.942073439302 73.540180175593,19.942066174447 73.540187908703,19.942063213248</coordinates></LineString><LineString><coordinates>73.540187735524,19.942083829122 73.540180053019,19.942080752013 73.540176921584,19.942073439302</coordinates></LineString><LineString><coordinates>73.540198722643,19.942073603067 73.540195468635,19.942080867923 73.540187735524,19.942083829122</coordinates></LineString><LinearRing><coordinates>73.540158479046,19.942140300098,640.035899999552 73.540158479046,19.942140300098,640.035899999552</coordinates></LinearRing><LineString><coordinates>73.540147665104,19.942129910276 73.540155347634,19.942132987363 73.540158479046,19.942140300098</coordinates></LineString><LineString><coordinates>73.540136677978,19.942140136327 73.540139931967,19.942132871450 73.540147665104,19.942129910276</coordinates></LineString><LineString><coordinates>73.540147491919,19.942150526149 73.540139809389,19.942147449062 73.540136677978,19.942140136327</coordinates></LineString><LineString><coordinates>73.540158479046,19.942140300098 73.540155225057,19.942147564975 73.540147491919,19.942150526149</coordinates></LineString><LinearRing><coordinates>73.540263272070,19.941487783650,640.035899999552 73.540263272070,19.941487783650,640.035899999552</coordinates></LinearRing><LineString><coordinates>73.540252458163,19.941477393837 73.540260140641,19.941480470941 73.540263272070,19.941487783650</coordinates></LineString><LineString><coordinates>73.540241471091,19.941487619898 73.540244725082,19.941480355040 73.540252458163,19.941477393837</coordinates></LineString><LineString><coordinates>73.540252284998,19.941498009712 73.540244602519,19.941494932608 73.540241471091,19.941487619898</coordinates></LineString><LineString><coordinates>73.540263272070,19.941487783650 73.540260018079,19.941495048508 73.540252284998,19.941498009712</coordinates></LineString><LinearRing><coordinates>73.540223644305,19.941553460813,640.035899999552 73.540223644305,19.941553460813,640.035899999552</coordinates></LinearRing><LineString><coordinates>73.540212830396,19.941543070997 73.540220512877,19.941546148103 73.540223644305,19.941553460813</coordinates></LineString><LineString><coordinates>73.540201843317,19.941553297056 73.540205097312,19.941546032199 73.540212830396,19.941543070997</coordinates></LineString><LineString><coordinates>73.540212657225,19.941563686872 73.540204974744,19.941560609766 73.540201843317,19.941553297056</coordinates></LineString><LineString><coordinates>73.540223644305,19.941553460813 73.540220390310,19.941560725670 73.540212657225,19.941563686872</coordinates></LineString><LinearRing><coordinates>73.540184016254,19.941619137723,640.035900000483 73.540184016254,19.941619137723,640.035900000483</coordinates></LinearRing><LineString><coordinates>73.540173202471,19.941608747906 73.540180884922,19.941611824998 73.540184016254,19.941619137723</coordinates></LineString><LineString><coordinates>73.540162215384,19.941618973961 73.540165469360,19.941611709082 73.540173202471,19.941608747906</coordinates></LineString><LineString><coordinates>73.540173029294,19.941629363780 73.540165346788,19.941626286695 73.540162215384,19.941618973961</coordinates></LineString><LineString><coordinates>73.540184016254,19.941619137723 73.540180762351,19.941626402595 73.540173029294,19.941629363780</coordinates></LineString><LinearRing><coordinates>73.540144388550,19.941684814624,640.035899999552 73.540144388550,19.941684814624,640.035899999552</coordinates></LinearRing><LineString><coordinates>73.540133574638,19.941674424804 73.540141257146,19.941677501890 73.540144388550,19.941684814624</coordinates></LineString><LineString><coordinates>73.540122587545,19.941684650856 73.540125841523,19.941677385978 73.540133574638,19.941674424804</coordinates></LineString><LineString><coordinates>73.540133401456,19.941695040677 73.540125718947,19.941691963591 73.540122587545,19.941684650856</coordinates></LineString><LineString><coordinates>73.540144388550,19.941684814624 73.540141134571,19.941692079503 73.540133401456,19.941695040677</coordinates></LineString><LineString><coordinates>73.540054318742,19.941805778805 73.540062001254,19.941808855895 73.540065132656,19.941816168630</coordinates></LineString><LineString><coordinates>73.540043331634,19.941816004851 73.540046585619,19.941808739975 73.540054318742,19.941805778805</coordinates></LineString><LineString><coordinates>73.540054145548,19.941826394677 73.540046463035,19.941823317587 73.540043331634,19.941816004851</coordinates></LineString><LineString><coordinates>73.540065132656,19.941816168630 73.540061878671,19.941823433507 73.540054145548,19.941826394677</coordinates></LineString><LinearRing><coordinates>73.540025504723,19.941881845497,640.035900000483 73.540025504723,19.941881845497,640.035900000483</coordinates></LinearRing><LineString><coordinates>73.540014690807,19.941871455669 73.540022373322,19.941874532761 73.540025504723,19.941881845497</coordinates></LineString><LineString><coordinates>73.540003703692,19.941881681712 73.540006957681,19.941874416837 73.540014690807,19.941871455669</coordinates></LineString><LineString><coordinates>73.540014517607,19.941892071541 73.540006835092,19.941888994448 73.540003703692,19.941881681712</coordinates></LineString><LineString><coordinates>73.540025504723,19.941881845497 73.540022250735,19.941889110372 73.540014517607,19.941892071541</coordinates></LineString><LinearRing><coordinates>73.539985876628,19.941947522351,640.035900000483 73.539985876628,19.941947522351,640.035900000483</coordinates></LinearRing><LineString><coordinates>73.539975062711,19.941937132520 73.539982745228,19.941940209614 73.539985876628,19.941947522351</coordinates></LineString><LineString><coordinates>73.539964075589,19.941947358561 73.539967329581,19.941940093686 73.539975062711,19.941937132520</coordinates></LineString><LineString><coordinates>73.539974889506,19.941957748392 73.539967206988,19.941954671298 73.539964075589,19.941947358561</coordinates></LineString><LineString><coordinates>73.539985876628,19.941947522351 73.539982622637,19.941954787225 73.539974889506,19.941957748392</coordinates></LineString><LinearRing><coordinates>73.539946248627,19.942013199194,640.035899999552 73.539946248627,19.942013199194,640.035899999552</coordinates></LinearRing><LineString><coordinates>73.539935434709,19.942002809361 73.539943117228,19.942005886457 73.539946248627,19.942013199194</coordinates></LineString><LineString><coordinates>73.539924447579,19.942013035399 73.539927701574,19.942005770526 73.539935434709,19.942002809361</coordinates></LineString><LineString><coordinates>73.539935261497,19.942023425232 73.539927578977,19.942020348136 73.539924447579,19.942013035399</coordinates></LineString><LineString><coordinates>73.539946248627,19.942013199194 73.539942994632,19.942020464068 73.539935261497,19.942023425232</coordinates></LineString><LinearRing><coordinates>73.539901877534,19.942086736982,640.035899999552 73.539901877534,19.942086736982,640.035899999552</coordinates></LinearRing><LineString><coordinates>73.539891063614,19.942076347146 73.539898746136,19.942079424244 73.539901877534,19.942086736982</coordinates></LineString><LineString><coordinates>73.539880076476,19.942086573181 73.539883330475,19.942079308308 73.539891063614,19.942076347146</coordinates></LineString><LineString><coordinates>73.539890890396,19.942096963017 73.539883207874,19.942093885919 73.539880076476,19.942086573181</coordinates></LineString><LineString><coordinates>73.539901877534,19.942086736982 73.539898623535,19.942094001855 73.539890890396,19.942096963017</coordinates></LineString><LineString><coordinates>73.540665109995,19.941867458403,640.035899999552 73.540635672352,19.941913439966,640.035899999552</coordinates></LineString><LineString><coordinates>73.539592665875,19.941823080147,640.035899999552 73.539867018904,19.941971110079,640.035899999552</coordinates></LineString><LineString><coordinates>73.539680400132,19.941662392708,640.035899999552 73.539961709472,19.941814176047,640.035900000483</coordinates></LineString><LineString><coordinates>73.539784243112,19.941510396897,640.035900000483 73.540056399973,19.941657241950,640.035899999552</coordinates></LineString><LineString><coordinates>73.539888085886,19.941358401251,640.035899999552 73.540151090279,19.941500307789,640.035900000483</coordinates></LineString><LineString><coordinates>73.540347481735,19.941667013920,640.035899999552 73.540496842270,19.941747602102,640.035899999552</coordinates></LineString><LineString><coordinates>73.540307238439,19.941733710998,640.035899999552 73.540456599012,19.941814299217,640.035899999552</coordinates></LineString><LineString><coordinates>73.540266995109,19.941800408065,640.035900000483 73.540416355719,19.941880996319,640.035899999552</coordinates></LineString><LineString><coordinates>73.540106021435,19.942067196215,640.035899999552 73.540255381942,19.942147784611,640.035900000483</coordinates></LineString><LineString><coordinates>73.540146264906,19.942000499195,640.035900000483 73.540295625375,19.942081087555,640.035899998620</coordinates></LineString><LineString><coordinates>73.540186508342,19.941933802163,640.035900000483 73.540335868774,19.942014390488,640.035899999552</coordinates></LineString><LineString><coordinates>73.540226751743,19.941867105120,640.035899999552 73.540376112137,19.941947693409,640.035900000483</coordinates></LineString><LineString><coordinates>73.539960898242,19.942152473011,640.035899999552 73.539963664229,19.942139065313,640.035899999552</coordinates></LineString><LineString><coordinates>73.540231577729,19.941366912255,640.035899998620 73.539778142898,19.942118406877,640.035899999552</coordinates></LineString><LineString><coordinates>73.540358585483,19.941484546112,640.035900000483 73.539963664229,19.942139065313,640.035899999552</coordinates></LineString><LineString><coordinates>73.540420885042,19.941545359091,640.035899999552 73.540045357927,19.942167736020,640.035899999552</coordinates></LineString><LineString><coordinates>73.539527580612,19.940447264516,640.035899998620 73.539537809128,19.940427859753,640.035899999552</coordinates></LineString><LineString><coordinates>73.540280989723,19.942908287814,640.035900000483 73.540279444174,19.942919029838,640.035900000483</coordinates></LineString><LineString><coordinates>73.540283308426,19.942892174780,640.035899999552 73.540281762624,19.942902916802,640.035899999552</coordinates></LineString><LineString><coordinates>73.540285627126,19.942876061986,640.035899999552 73.540284081327,19.942886803768,640.035900000483</coordinates></LineString><LineString><coordinates>73.540287457881,19.942863339554,640.035900000483 73.540286400027,19.942870690974,640.035899999552</coordinates></LineString><LineString><coordinates>73.539329618876,19.942782747766,640.035899999552 73.539328073012,19.942793489777,640.035900001414</coordinates></LineString><LineString><coordinates>73.539331937671,19.942766634991,640.035899999552 73.539330391807,19.942777377001,640.035899999552</coordinates></LineString><LineString><coordinates>73.539334256466,19.942750521975,640.035899999552 73.539332710602,19.942761263985,640.035899999552</coordinates></LineString><LineString><coordinates>73.539336131779,19.942737490231,640.035900000483 73.539335029398,19.942745150969,640.035900000483</coordinates></LineString><LineString><coordinates>73.539706090888,19.942832551600,640.035900000483 73.539704545050,19.942843293375,640.035899999552</coordinates></LineString><LineString><coordinates>73.539708409648,19.942816438577,640.035900000483 73.539706863808,19.942827180592,640.035900000483</coordinates></LineString><LineString><coordinates>73.539710728279,19.942800325553,640.035899999552 73.539709182567,19.942811067569,640.035899998620</coordinates></LineString><LineString><coordinates>73.539712603690,19.942787293804,640.035899999552 73.539711501199,19.942794954545,640.035899999552</coordinates></LineString><LineString><coordinates>73.540091961899,19.942883597649,640.035900000483 73.540090416084,19.942894339669,640.035900000483</coordinates></LineString><LineString><coordinates>73.540094280619,19.942867484859,640.035900000483 73.540092734806,19.942878226639,640.035900000483</coordinates></LineString><LineString><coordinates>73.540096599340,19.942851371828,640.035899999552 73.540095053526,19.942862113849,640.035899999552</coordinates></LineString><LineString><coordinates>73.540098474593,19.942838340073,640.035900000483 73.540097372247,19.942846000818,640.035899999552</coordinates></LineString><LineString><coordinates>73.539552056643,19.942845013797,640.035900000483 73.539550954270,19.942852674538,640.035899999552</coordinates></LineString><LineString><coordinates>73.539554375418,19.942828900778,640.035899998620 73.539552829568,19.942839642791,640.035900000483</coordinates></LineString><LineString><coordinates>73.539556694192,19.942812787757,640.035899999552 73.539555148343,19.942823529771,640.035899999552</coordinates></LineString><LineString><coordinates>73.539559012964,19.942796674977,640.035899999552 73.539557467115,19.942807416991,640.035899999552</coordinates></LineString><LineString><coordinates>73.539561331737,19.942780561957,640.035900001414 73.539559785889,19.942791303971,640.035899998620</coordinates></LineString><LineString><coordinates>73.539563207033,19.942767530210,640.035899998620 73.539562104535,19.942775190949,640.035899999552</coordinates></LineString><LineString><coordinates>73.539466903434,19.942833748831,640.035899999552 73.539465800930,19.942841409570,640.035900000483</coordinates></LineString><LineString><coordinates>73.539469222217,19.942817635813,640.035899999552 73.539467676362,19.942828377825,640.035899999552</coordinates></LineString><LineString><coordinates>73.539471540873,19.942801522794,640.035899999552 73.539469995145,19.942812264807,640.035900000483</coordinates></LineString><LineString><coordinates>73.539473859653,19.942785410015,640.035899999552 73.539472313798,19.942796152028,640.035900000483</coordinates></LineString><LineString><coordinates>73.539476178435,19.942769296997,640.035900000483 73.539474632580,19.942780039009,640.035899999552</coordinates></LineString><LineString><coordinates>73.539478053864,19.942756265251,640.035900000483 73.539476951362,19.942763925991,640.035899999552</coordinates></LineString><LineString><coordinates>73.539935940789,19.942895797283,640.035899999552 73.539934838306,19.942903458267,640.035900000483</coordinates></LineString><LineString><coordinates>73.539938259525,19.942879684496,640.035899998620 73.539936713700,19.942890426514,640.035899999552</coordinates></LineString><LineString><coordinates>73.539940578135,19.942863571468,640.035899999552 73.539939032310,19.942874313486,640.035900000483</coordinates></LineString><LineString><coordinates>73.539942896869,19.942847458681,640.035899999552 73.539941351047,19.942858200459,640.035899999552</coordinates></LineString><LineString><coordinates>73.539945215605,19.942831345653,640.035899999552 73.539943669781,19.942842087671,640.035899999552</coordinates></LineString><LineString><coordinates>73.539947090870,19.942818313899,640.035900000483 73.539945988517,19.942825974644,640.035900000483</coordinates></LineString><LineString><coordinates>73.539850787386,19.942884532497,640.035900000483 73.539849685025,19.942892193481,640.035899998620</coordinates></LineString><LineString><coordinates>73.539853106130,19.942868419712,640.035899998620 73.539851560299,19.942879161729,640.035900000483</coordinates></LineString><LineString><coordinates>73.539855424875,19.942852306686,640.035899999552 73.539853879045,19.942863048703,640.035900000483</coordinates></LineString><LineString><coordinates>73.539857743618,19.942836193900,640.035899999552 73.539856197790,19.942846935677,640.035899998620</coordinates></LineString><LineString><coordinates>73.539860062362,19.942820080874,640.035899999552 73.539858516533,19.942830822892,640.035899999552</coordinates></LineString><LineString><coordinates>73.539861937634,19.942807049122,640.035899999552 73.539860835150,19.942814709865,640.035899999552</coordinates></LineString><LineString><coordinates>73.540434454635,19.942621532929 73.540441009745,19.942620748477</coordinates></LineString><LineString><coordinates>73.540419008481,19.942628363405 73.540428962936,19.942623068073</coordinates></LineString><LineString><coordinates>73.540408242089,19.942640867256 73.540414769604,19.942632004530</coordinates></LineString><LineString><coordinates>73.540404646368,19.942651984681 73.540406100074,19.942645889519</coordinates></LineString><LineString><coordinates>73.540403823329,19.942657704346,640.035900000483 73.540404646368,19.942651984681,640.035899999552</coordinates></LineString><LineString><coordinates>73.540401504643,19.942673817383,640.035899999552 73.540403050433,19.942663075358,640.035899999552</coordinates></LineString><LineString><coordinates>73.540399185958,19.942689930179,640.035899999552 73.540400731747,19.942679188395,640.035899999552</coordinates></LineString><LineString><coordinates>73.540396867271,19.942706043216,640.035900000483 73.540398413063,19.942695301192,640.035899999552</coordinates></LineString><LineString><coordinates>73.540394548837,19.942722156255,640.035899999552 73.540396094375,19.942711414228,640.035899998620</coordinates></LineString><LineString><coordinates>73.540392230151,19.942738269051,640.035899999552 73.540393775943,19.942727527027,640.035899999552</coordinates></LineString><LineString><coordinates>73.540389911462,19.942754382088,640.035899998620 73.540391457255,19.942743640063,640.035899999552</coordinates></LineString><LineString><coordinates>73.540387592775,19.942770494884,640.035900000483 73.540389138566,19.942759753100,640.035899999552</coordinates></LineString><LineString><coordinates>73.540385274085,19.942786607920,640.035899999552 73.540386819878,19.942775865896,640.035900000483</coordinates></LineString><LineString><coordinates>73.540382955394,19.942802720956,640.035900000483 73.540384501188,19.942791978932,640.035900000483</coordinates></LineString><LineString><coordinates>73.540380636705,19.942818833753,640.035899999552 73.540382182497,19.942808091969,640.035899999552</coordinates></LineString><LineString><coordinates>73.540378318014,19.942834946789,640.035900000483 73.540379863808,19.942824204765,640.035899999552</coordinates></LineString><LineString><coordinates>73.540375999321,19.942851059825,640.035900000483 73.540377545116,19.942840317801,640.035899999552</coordinates></LineString><LineString><coordinates>73.540373680630,19.942867172620,640.035899999552 73.540375226424,19.942856430837,640.035900000483</coordinates></LineString><LineString><coordinates>73.540371361937,19.942883285656,640.035899999552 73.540372907733,19.942872543632,640.035900001414</coordinates></LineString><LineString><coordinates>73.540369043497,19.942899398694,640.035899999552 73.540370589293,19.942888656670,640.035900000483</coordinates></LineString><LineString><coordinates>73.540366724804,19.942915511489,640.035899999552 73.540368270600,19.942904769466,640.035899999552</coordinates></LineString><LineString><coordinates>73.540364406109,19.942931624525,640.035899999552 73.540365951906,19.942920882501,640.035899999552</coordinates></LineString><LineString><coordinates>73.540362087415,19.942947737320,640.035899999552 73.540363633210,19.942936995537,640.035899998620</coordinates></LineString><LineString><coordinates>73.540360491471,19.942958828236,640.035899999552 73.540361314516,19.942953108332,640.035899999552</coordinates></LineString><LineString><coordinates>73.540916734250,19.942603055724,640.035900001414 73.540922787883,19.942602830400,640.035899999552</coordinates></LineString><LineString><coordinates>73.540899551233,19.942603694626,640.035899999552 73.540911006663,19.942603268612,640.035900000483</coordinates></LineString><LineString><coordinates>73.540882367960,19.942604333766,640.035900000483 73.540893823390,19.942603907752,640.035899998620</coordinates></LineString><LineString><coordinates>73.540865184941,19.942604972905,640.035899999552 73.540876640371,19.942604546893,640.035900000483</coordinates></LineString><LineString><coordinates>73.540848001922,19.942605612043,640.035900000483 73.540859457352,19.942605186032,640.035899999552</coordinates></LineString><LineString><coordinates>73.540830818905,19.942606250939,640.035899999552 73.540842274335,19.942605824929,640.035899999552</coordinates></LineString><LineString><coordinates>73.540813635886,19.942606890073,640.035899999552 73.540825091062,19.942606464062,640.035899999552</coordinates></LineString><LineString><coordinates>73.540796452613,19.942607529204,640.035900000483 73.540807908043,19.942607103196,640.035899999552</coordinates></LineString><LineString><coordinates>73.540779269594,19.942608168335,640.035899999552 73.540790725024,19.942607742328,640.035899999552</coordinates></LineString><LineString><coordinates>73.540762086576,19.942608807224,640.035900000483 73.540773542006,19.942608381219,640.035899999552</coordinates></LineString><LineString><coordinates>73.540744903557,19.942609446352,640.035899999552 73.540756358733,19.942609020346,640.035899999552</coordinates></LineString><LineString><coordinates>73.540727720284,19.942610085476,640.035900000483 73.540739175714,19.942609659473,640.035899999552</coordinates></LineString><LineString><coordinates>73.540710537265,19.942610724600,640.035900000483 73.540721992695,19.942610298598,640.035899999552</coordinates></LineString><LineString><coordinates>73.540693354247,19.942611363483,640.035899999552 73.540704809677,19.942610937482,640.035900000483</coordinates></LineString><LineString><coordinates>73.540676171228,19.942612002604,640.035899999552 73.540687626658,19.942611576604,640.035899999552</coordinates></LineString><LineString><coordinates>73.540658987955,19.942612641721,640.035900000483 73.540670443385,19.942612215722,640.035899999552</coordinates></LineString><LineString><coordinates>73.540641804935,19.942613280839,640.035899999552 73.540653260365,19.942612854841,640.035899999552</coordinates></LineString><LineString><coordinates>73.540624621918,19.942613919715,640.035900000483 73.540636077348,19.942613493718,640.035899999552</coordinates></LineString><LineString><coordinates>73.540607438898,19.942614558829,640.035899999552 73.540618894329,19.942614132834,640.035899999552</coordinates></LineString><LineString><coordinates>73.540590255879,19.942615197942,640.035899999552 73.540601711055,19.942614771946,640.035900000483</coordinates></LineString><LineString><coordinates>73.540573072605,19.942615837051,640.035900000483 73.540584528036,19.942615411058,640.035900000483</coordinates></LineString><LineString><coordinates>73.540555889588,19.942616475920,640.035899999552 73.540567345018,19.942616049928,640.035899999552</coordinates></LineString><LineString><coordinates>73.540538706568,19.942617115028,640.035899999552 73.540550161999,19.942616689037,640.035899999552</coordinates></LineString><LineString><coordinates>73.540521523549,19.942617754134,640.035899999552 73.540532978725,19.942617328142,640.035899999552</coordinates></LineString><LineString><coordinates>73.540504340275,19.942618393236,640.035900000483 73.540515795706,19.942617967247,640.035900000483</coordinates></LineString><LineString><coordinates>73.540487157258,19.942619032098,640.035900000483 73.540498612688,19.942618606111,640.035899999552</coordinates></LineString><LineString><coordinates>73.540469974238,19.942619671199,640.035900000483 73.540481429669,19.942619245213,640.035899999552</coordinates></LineString><LineString><coordinates>73.540452791219,19.942620310299,640.035899999552 73.540464246649,19.942619884313,640.035900000483</coordinates></LineString><LineString><coordinates>73.540441009999,19.942620748479,640.035899999552 73.540447063375,19.942620523410,640.035899998620</coordinates></LineString><LineString><coordinates>73.540301679959,19.942770538036,640.035899999552 73.540300208038,19.942768707422,640.035900000483</coordinates></LineString><LineString><coordinates>73.540300943872,19.942769622728,640.035899998620 73.540302647891,19.942769841969,640.035900000483</coordinates></LineString><LineString><coordinates>73.540300790467,19.942770690026,640.035899999552 73.540301175717,19.942768011353,640.035900000483</coordinates></LineString><LineString><coordinates>73.540454951184,19.942538859778,640.035900000483 73.540466249682,19.942538439575,640.035900000483</coordinates></LineString><LineString><coordinates>73.540437768173,19.942539498877,640.035899999552 73.540449223597,19.942539072892,640.035900000483</coordinates></LineString><LineString><coordinates>73.540420742089,19.942540132191,640.035899999552 73.540432040587,19.942539711990,640.035899999552</coordinates></LineString><LineString><coordinates>73.540425358160,19.942508053344,640.035899999552 73.540426882910,19.942497458550,640.035899998620</coordinates></LineString><LineString><coordinates>73.540423039479,19.942524166382,640.035899999552 73.540424585266,19.942513424357,640.035899999552</coordinates></LineString><LineString><coordinates>73.540420742089,19.942540132191,640.035899999552 73.540422266586,19.942529537395,640.035899999552</coordinates></LineString><LineString><coordinates>73.540426563264,19.942503751147 73.540426882656,19.942497458548</coordinates></LineString><LineString><coordinates>73.540466249682,19.942538439575 73.540456313163,19.942537585424 73.540446953714,19.942534317599 73.540438808997,19.942528867648 73.540432423944,19.942521617520 73.540428243988,19.942513050974 73.540426563264,19.942503751147</coordinates></LineString><LineString><coordinates>73.540463192400,19.942245132445,640.035900000483 73.540426882910,19.942497458550,640.035899998620</coordinates></LineString><LineString><coordinates>73.540378773482,19.942228767401,640.035900000483 73.540287459221,19.942863331162,640.035900000483</coordinates></LineString><LineString><coordinates>73.540946153798,19.943048528234,640.035899999552 73.540947054818,19.943070193261,640.035899999552</coordinates></LineString><LineString><coordinates>73.540944802018,19.943016030332,640.035899998620 73.540945703289,19.943037695601,640.035899999552</coordinates></LineString><LineString><coordinates>73.540943450489,19.942983532671,640.035899999552 73.540944351509,19.943005197698,640.035900000483</coordinates></LineString><LineString><coordinates>73.540942098709,19.942951034768,640.035899999552 73.540942999980,19.942972700037,640.035899999552</coordinates></LineString><LineString><coordinates>73.540940747180,19.942918537107,640.035899999552 73.540941648198,19.942940202375,640.035900000483</coordinates></LineString><LineString><coordinates>73.540939395400,19.942886039204,640.035900000483 73.540940296672,19.942907704474,640.035900000483</coordinates></LineString><LineString><coordinates>73.540938043872,19.942853541543,640.035899999552 73.540938944889,19.942875206811,640.035899998620</coordinates></LineString><LineString><coordinates>73.540936692092,19.942821043640,640.035899999552 73.540937593363,19.942842708910,640.035900000483</coordinates></LineString><LineString><coordinates>73.540935340564,19.942788545979,640.035899999552 73.540936241581,19.942810211247,640.035899999552</coordinates></LineString><LineString><coordinates>73.540933988782,19.942756048316,640.035899999552 73.540934890055,19.942777713345,640.035900000483</coordinates></LineString><LineString><coordinates>73.540932637256,19.942723550414,640.035899999552 73.540933538273,19.942745215682,640.035899998620</coordinates></LineString><LineString><coordinates>73.540931285475,19.942691052751,640.035899999552 73.540932186748,19.942712717781,640.035900000483</coordinates></LineString><LineString><coordinates>73.540929933949,19.942658554849,640.035899999552 73.540930834966,19.942680220117,640.035899998620</coordinates></LineString><LineString><coordinates>73.540928582167,19.942626057186,640.035899999552 73.540929483440,19.942647722216,640.035900000483</coordinates></LineString><LineString><coordinates>73.540927230642,19.942593559284,640.035899999552 73.540928131659,19.942615224552,640.035899999552</coordinates></LineString><LineString><coordinates>73.540925879114,19.942561061622,640.035900000483 73.540926780133,19.942582726650,640.035900000483</coordinates></LineString><LineString><coordinates>73.540924527335,19.942528563718,640.035899999552 73.540925428352,19.942550228986,640.035900000483</coordinates></LineString><LineString><coordinates>73.540923175808,19.942496066056,640.035899999552 73.540924076827,19.942517731084,640.035899999552</coordinates></LineString><LineString><coordinates>73.540921824029,19.942463568152,640.035900000483 73.540922725046,19.942485233420,640.035899999552</coordinates></LineString><LineString><coordinates>73.540920752345,19.942437800635,640.035899999552 73.540921373519,19.942452735758,640.035899999552</coordinates></LineString><LineString><coordinates>73.540918263806,19.942431489593,640.035899999552 73.540920752345,19.942437800635,640.035899999552</coordinates></LineString><LineString><coordinates>73.540906248142,19.942401016361,640.035900000483 73.540914258584,19.942421331929,640.035899999552</coordinates></LineString><LineString><coordinates>73.540894232230,19.942370542886,640.035899999552 73.540902242669,19.942390858455,640.035900000483</coordinates></LineString><LineString><coordinates>73.540882216323,19.942340069410,640.035899998620 73.540890227013,19.942360384982,640.035899999552</coordinates></LineString><LineString><coordinates>73.540870200673,19.942309595936,640.035899999552 73.540878211106,19.942329911506,640.035899999552</coordinates></LineString><LineString><coordinates>73.540858184774,19.942279122459,640.035900000483 73.540866195204,19.942299438029,640.035899999552</coordinates></LineString><LineString><coordinates>73.540846168879,19.942248648982,640.035899999552 73.540854179561,19.942268964554,640.035900001414</coordinates></LineString><LineString><coordinates>73.540834153243,19.942218175506,640.035900000483 73.540842163667,19.942238491077,640.035900001414</coordinates></LineString><LineString><coordinates>73.540822137356,19.942187702027,640.035899999552 73.540830148030,19.942208017840,640.035900000483</coordinates></LineString><LineString><coordinates>73.540810121728,19.942157228550,640.035900000483 73.540818132145,19.942177544361,640.035900000483</coordinates></LineString><LineString><coordinates>73.540798105850,19.942126755070,640.035900000483 73.540806116265,19.942147070882,640.035900000483</coordinates></LineString><LineString><coordinates>73.540786089975,19.942096281829,640.035899999552 73.540794100642,19.942116597404,640.035900000483</coordinates></LineString><LineString><coordinates>73.540777740287,19.942075105780,640.035900000483 73.540782084770,19.942086123923,640.035900000483</coordinates></LineString><LineString><coordinates>73.540288652941,19.942370242378,640.035900000483 73.540286717081,19.942371634514,640.035899999552</coordinates></LineString><LineString><coordinates>73.540285980996,19.942370719206,640.035899999552 73.540289388773,19.942371157684,640.035900000483</coordinates></LineString><LineString><coordinates>73.540270967821,19.942531715075,640.035899999552 73.540269031959,19.942533107210,640.035899999552</coordinates></LineString><LineString><coordinates>73.540270584124,19.942532486345,640.035899999552 73.540268296127,19.942532191904,640.035899999552</coordinates></LineString><LineString><coordinates>73.540186784756,19.942522523594,640.035899999552 73.540188720617,19.942521131699,640.035900000483</coordinates></LineString><LineString><coordinates>73.540186270040,19.942521636834,640.035900000483 73.540189456451,19.942522046766,640.035899999552</coordinates></LineString><LineString><coordinates>73.539574010215,19.942686428900,640.035899999552 73.539575482254,19.942688259521,640.035900000483</coordinates></LineString><LineString><coordinates>73.539574746298,19.942687344211,640.035899999552 73.539573042408,19.942687124965,640.035900000483</coordinates></LineString><LineString><coordinates>73.539574746298,19.942687344211,640.035899999552 73.539574514448,19.942688955345,640.035899999552</coordinates></LineString><LinearRing><coordinates>73.540714215678,19.942328386818,640.035900000483 73.540714215678,19.942328386818,640.035900000483</coordinates></LinearRing><LineString><coordinates>73.540703401686,19.942317997028 73.540711084214,19.942321074115 73.540714215678,19.942328386818</coordinates></LineString><LineString><coordinates>73.540692414579,19.942328223114 73.540695668571,19.942320958249 73.540703401686,19.942317997028</coordinates></LineString><LineString><coordinates>73.540703228571,19.942338612905 73.540695546043,19.942335535818 73.540692414579,19.942328223114</coordinates></LineString><LineString><coordinates>73.540714215678,19.942328386818 73.540710961687,19.942335651684 73.540703228571,19.942338612905</coordinates></LineString><LinearRing><coordinates>73.540702622437,19.942408951796,640.035899999552 73.540702622437,19.942408951796,640.035899999552</coordinates></LinearRing><LineString><coordinates>73.540691808441,19.942398562005 73.540699490972,19.942401639093 73.540702622437,19.942408951796</coordinates></LineString><LineString><coordinates>73.540680821327,19.942408788090 73.540684075321,19.942401523225 73.540691808441,19.942398562005</coordinates></LineString><LineString><coordinates>73.540691635323,19.942419177882 73.540683952791,19.942416100794 73.540680821327,19.942408788090</coordinates></LineString><LineString><coordinates>73.540702622437,19.942408951796 73.540699368443,19.942416216662 73.540691635323,19.942419177882</coordinates></LineString><LinearRing><coordinates>73.540691029437,19.942489516534,640.035899999552 73.540691029437,19.942489516534,640.035899999552</coordinates></LinearRing><LineString><coordinates>73.540680215436,19.942479126742 73.540687897971,19.942482203831 73.540691029437,19.942489516534</coordinates></LineString><LineString><coordinates>73.540669228316,19.942489352826 73.540672482313,19.942482087962 73.540680215436,19.942479126742</coordinates></LineString><LineString><coordinates>73.540680042316,19.942499742619 73.540672359781,19.942496665530 73.540669228316,19.942489352826</coordinates></LineString><LineString><coordinates>73.540691029437,19.942489516534 73.540687775441,19.942496781399 73.540680042316,19.942499742619</coordinates></LineString><LinearRing><coordinates>73.540561290934,19.942311069594,640.035899998620 73.540561290934,19.942311069594,640.035899998620</coordinates></LinearRing><LineString><coordinates>73.540550476953,19.942300679795 73.540558159477,19.942303756889 73.540561290934,19.942311069594</coordinates></LineString><LineString><coordinates>73.540539489839,19.942310905872 73.540542743837,19.942303641010 73.540550476953,19.942300679795</coordinates></LineString><LineString><coordinates>73.540550303819,19.942321295671 73.540542621294,19.942318218577 73.540539489839,19.942310905872</coordinates></LineString><LineString><coordinates>73.540561290934,19.942311069594 73.540558036936,19.942318334457 73.540550303819,19.942321295671</coordinates></LineString><LinearRing><coordinates>73.540549697619,19.942391634318,640.035899999552 73.540549697619,19.942391634318,640.035899999552</coordinates></LinearRing><LineString><coordinates>73.540538883635,19.942381244518 73.540546566162,19.942384321612 73.540549697619,19.942391634318</coordinates></LineString><LineString><coordinates>73.540527896513,19.942391470593 73.540531150514,19.942384205731 73.540538883635,19.942381244518</coordinates></LineString><LineString><coordinates>73.540538710498,19.942401860394 73.540531027970,19.942398783299 73.540527896513,19.942391470593</coordinates></LineString><LineString><coordinates>73.540549697619,19.942391634318 73.540546443619,19.942398899180 73.540538710498,19.942401860394</coordinates></LineString><LinearRing><coordinates>73.540536691947,19.942482014525,640.035899999552 73.540536691947,19.942482014525,640.035899999552</coordinates></LinearRing><LineString><coordinates>73.540525877958,19.942471624725 73.540533560489,19.942474701820 73.540536691947,19.942482014525</coordinates></LineString><LineString><coordinates>73.540514890829,19.942481850799 73.540518144832,19.942474585937 73.540525877958,19.942471624725</coordinates></LineString><LineString><coordinates>73.540525704818,19.942492240600 73.540518022287,19.942489163505 73.540514890829,19.942481850799</coordinates></LineString><LineString><coordinates>73.540536691947,19.942482014525 73.540533437945,19.942489279387 73.540525704818,19.942492240600</coordinates></LineString><LinearRing><coordinates>73.540278520337,19.942247881422,640.035900000483 73.540278520337,19.942247881422,640.035900000483</coordinates></LinearRing><LineString><coordinates>73.540267706381,19.942237491608 73.540275388895,19.942240568713 73.540278520337,19.942247881422</coordinates></LineString><LineString><coordinates>73.540256719254,19.942247717666 73.540259973263,19.942240452809 73.540267706381,19.942237491608</coordinates></LineString><LineString><coordinates>73.540267533210,19.942258107481 73.540259850695,19.942255030376 73.540256719254,19.942247717666</coordinates></LineString><LineString><coordinates>73.540278520337,19.942247881422 73.540275266329,19.942255146279 73.540267533210,19.942258107481</coordinates></LineString><LinearRing><coordinates>73.540266952761,19.942328266998,640.035899999552 73.540266952761,19.942328266998,640.035899999552</coordinates></LinearRing><LineString><coordinates>73.540256138801,19.942317877183 73.540263821318,19.942320954289 73.540266952761,19.942328266998</coordinates></LineString><LineString><coordinates>73.540245151667,19.942328103240 73.540248405679,19.942320838384 73.540256138801,19.942317877183</coordinates></LineString><LineString><coordinates>73.540255965628,19.942338493056 73.540248283109,19.942335415950 73.540245151667,19.942328103240</coordinates></LineString><LineString><coordinates>73.540266952761,19.942328266998 73.540263698751,19.942335531855 73.540255965628,19.942338493056</coordinates></LineString><LinearRing><coordinates>73.540255385169,19.942408652812,640.035899999552 73.540255385169,19.942408652812,640.035899999552</coordinates></LinearRing><LineString><coordinates>73.540244571204,19.942398262996 73.540252253725,19.942401340102 73.540255385169,19.942408652812</coordinates></LineString><LineString><coordinates>73.540233584064,19.942408489052 73.540236838078,19.942401224196 73.540244571204,19.942398262996</coordinates></LineString><LineString><coordinates>73.540244398029,19.942418878869 73.540236715507,19.942415801762 73.540233584064,19.942408489052</coordinates></LineString><LineString><coordinates>73.540255385169,19.942408652812 73.540252131156,19.942415917668 73.540244398029,19.942418878869</coordinates></LineString><LinearRing><coordinates>73.540243817564,19.942489038384,640.035899999552 73.540243817564,19.942489038384,640.035899999552</coordinates></LinearRing><LineString><coordinates>73.540233003595,19.942478648566 73.540240686120,19.942481725674 73.540243817564,19.942489038384</coordinates></LineString><LineString><coordinates>73.540222016448,19.942488874621 73.540225270464,19.942481609766 73.540233003595,19.942478648566</coordinates></LineString><LineString><coordinates>73.540232830417,19.942499264439 73.540225147892,19.942496187331 73.540222016448,19.942488874621</coordinates></LineString><LineString><coordinates>73.540243817564,19.942489038384 73.540240563549,19.942496303239 73.540232830417,19.942499264439</coordinates></LineString><LinearRing><coordinates>73.540232249943,19.942569424193,640.035900000483 73.540232249943,19.942569424193,640.035900000483</coordinates></LinearRing><LineString><coordinates>73.540221435969,19.942559034375 73.540229118498,19.942562111483 73.540232249943,19.942569424193</coordinates></LineString><LineString><coordinates>73.540210448816,19.942569260428 73.540213702835,19.942561995574 73.540221435969,19.942559034375</coordinates></LineString><LineString><coordinates>73.540221262789,19.942579650247 73.540213580260,19.942576573139 73.540210448816,19.942569260428</coordinates></LineString><LineString><coordinates>73.540232249943,19.942569424193 73.540228995925,19.942576689049 73.540221262789,19.942579650247</coordinates></LineString><LinearRing><coordinates>73.540220682309,19.942649809761,640.035899999552 73.540220682309,19.942649809761,640.035899999552</coordinates></LinearRing><LineString><coordinates>73.540209868331,19.942639419941 73.540217550863,19.942642497050 73.540220682309,19.942649809760</coordinates></LineString><LineString><coordinates>73.540198881171,19.942649645994 73.540202135192,19.942642381139 73.540209868331,19.942639419941</coordinates></LineString><LineString><coordinates>73.540209695149,19.942660035813 73.540202012616,19.942656958704 73.540198881171,19.942649645994</coordinates></LineString><LineString><coordinates>73.540220682309,19.942649809760 73.540217428289,19.942657074615 73.540209695149,19.942660035813</coordinates></LineString><LinearRing><coordinates>73.540209114659,19.942730195566,640.035900000483 73.540209114659,19.942730195566,640.035900000483</coordinates></LinearRing><LineString><coordinates>73.540198300676,19.942719805745 73.540205983212,19.942722882855 73.540209114659,19.942730195566</coordinates></LineString><LineString><coordinates>73.540187313510,19.942730031796 73.540190567533,19.942722766942 73.540198300676,19.942719805745</coordinates></LineString><LineString><coordinates>73.540198127492,19.942740421617 73.540190444956,19.942737344507 73.540187313510,19.942730031796</coordinates></LineString><LineString><coordinates>73.540209114659,19.942730195566 73.540205860636,19.942737460420 73.540198127492,19.942740421617</coordinates></LineString><LinearRing><coordinates>73.540197546996,19.942810581128,640.035899999552 73.540197546996,19.942810581128,640.035899999552</coordinates></LinearRing><LineString><coordinates>73.540186733009,19.942800191307 73.540194415548,19.942803268418 73.540197546996,19.942810581128</coordinates></LineString><LineString><coordinates>73.540175745836,19.942810417357 73.540178999862,19.942803152504 73.540186733009,19.942800191307</coordinates></LineString><LineString><coordinates>73.540186559822,19.942820807179 73.540178877283,19.942817730068 73.540175745836,19.942810417357</coordinates></LineString><LineString><coordinates>73.540197546996,19.942810581128 73.540194292970,19.942817845982 73.540186559822,19.942820807179</coordinates></LineString><LinearRing><coordinates>73.540117779883,19.942227197266,640.035899999552 73.540117779883,19.942227197266,640.035899999552</coordinates></LinearRing><LineString><coordinates>73.540106965939,19.942216807442 73.540114648472,19.942219884532 73.540117779883,19.942227197266</coordinates></LineString><LineString><coordinates>73.540095978804,19.942227033490 73.540099232797,19.942219768614 73.540106965939,19.942216807442</coordinates></LineString><LineString><coordinates>73.540106792748,19.942237423315 73.540099110214,19.942234346225 73.540095978804,19.942227033490</coordinates></LineString><LineString><coordinates>73.540117779883,19.942227197266 73.540114525891,19.942234462143 73.540106792748,19.942237423315</coordinates></LineString><LinearRing><coordinates>73.540106212229,19.942307582827,640.035900000483 73.540106212229,19.942307582827,640.035900000483</coordinates></LinearRing><LineString><coordinates>73.540095398281,19.942297193002 73.540103080817,19.942300270092 73.540106212229,19.942307582827</coordinates></LineString><LineString><coordinates>73.540084411139,19.942307419049 73.540087665134,19.942300154173 73.540095398281,19.942297193002</coordinates></LineString><LineString><coordinates>73.540095225087,19.942317808874 73.540087542550,19.942314731784 73.540084411139,19.942307419049</coordinates></LineString><LineString><coordinates>73.540106212229,19.942307582827 73.540102958234,19.942314847703 73.540095225087,19.942317808874</coordinates></LineString><LinearRing><coordinates>73.540094644558,19.942387968625,640.035900000483 73.540094644558,19.942387968625,640.035900000483</coordinates></LinearRing><LineString><coordinates>73.540083830606,19.942377578800 73.540091513146,19.942380655890 73.540094644558,19.942387968625</coordinates></LineString><LineString><coordinates>73.540072843457,19.942387804845 73.540076097455,19.942380539970 73.540083830606,19.942377578800</coordinates></LineString><LineString><coordinates>73.540083657409,19.942398194671 73.540075974869,19.942395117581 73.540072843457,19.942387804845</coordinates></LineString><LineString><coordinates>73.540094644558,19.942387968625 73.540091390561,19.942395233502 73.540083657409,19.942398194671</coordinates></LineString><LinearRing><coordinates>73.540083076875,19.942468354182,640.035899999552 73.540083076875,19.942468354182,640.035899999552</coordinates></LinearRing><LineString><coordinates>73.540072262918,19.942457964355 73.540079945462,19.942461041446 73.540083076875,19.942468354182</coordinates></LineString><LineString><coordinates>73.540061275763,19.942468190399 73.540064529763,19.942460925524 73.540072262918,19.942457964355</coordinates></LineString><LineString><coordinates>73.540072089720,19.942478580227 73.540064407175,19.942475503135 73.540061275763,19.942468190399</coordinates></LineString><LineString><coordinates>73.540083076875,19.942468354182 73.540079822875,19.942475619057 73.540072089720,19.942478580227</coordinates></LineString><LinearRing><coordinates>73.540071509175,19.942548739976,640.035899999552 73.540071509175,19.942548739976,640.035899999552</coordinates></LinearRing><LineString><coordinates>73.540060695214,19.942538350149 73.540068377761,19.942541427240 73.540071509175,19.942548739976</coordinates></LineString><LineString><coordinates>73.540049708052,19.942548576191 73.540052962055,19.942541311317 73.540060695214,19.942538350149</coordinates></LineString><LineString><coordinates>73.540060522013,19.942558966020 73.540052839466,19.942555888927 73.540049708052,19.942548576191</coordinates></LineString><LineString><coordinates>73.540071509175,19.942548739976 73.540068255173,19.942556004851 73.540060522013,19.942558966020</coordinates></LineString><LinearRing><coordinates>73.540059941463,19.942629125528,640.035900000483 73.540059941463,19.942629125528,640.035900000483</coordinates></LinearRing><LineString><coordinates>73.540049127497,19.942618735700 73.540056810048,19.942621812792 73.540059941463,19.942629125528</coordinates></LineString><LineString><coordinates>73.540038140329,19.942628961741 73.540041394334,19.942621696867 73.540049127497,19.942618735700</coordinates></LineString><LineString><coordinates>73.540048954294,19.942639351570 73.540041271743,19.942636274477 73.540038140329,19.942628961741</coordinates></LineString><LineString><coordinates>73.540059941463,19.942629125528 73.540056687458,19.942636390403 73.540048954294,19.942639351570</coordinates></LineString><LinearRing><coordinates>73.540048373734,19.942709511318,640.035899999552 73.540048373734,19.942709511318,640.035899999552</coordinates></LinearRing><LineString><coordinates>73.540037559764,19.942699121488 73.540045242318,19.942702198582 73.540048373734,19.942709511318</coordinates></LineString><LineString><coordinates>73.540026572589,19.942709347529 73.540029826597,19.942702082655 73.540037559764,19.942699121488</coordinates></LineString><LineString><coordinates>73.540037386559,19.942719737359 73.540029704004,19.942716660265 73.540026572589,19.942709347529</coordinates></LineString><LineString><coordinates>73.540048373734,19.942709511318 73.540045119727,19.942716776192 73.540037386559,19.942719737359</coordinates></LineString><LinearRing><coordinates>73.540036805991,19.942789897105,640.035900000483 73.540036805991,19.942789897105,640.035900000483</coordinates></LinearRing><LineString><coordinates>73.540025992017,19.942779507275 73.540033674574,19.942782584369 73.540036805991,19.942789897105</coordinates></LineString><LineString><coordinates>73.540015004835,19.942789733314 73.540018258845,19.942782468441 73.540025992017,19.942779507275</coordinates></LineString><LineString><coordinates>73.540025818809,19.942800123145 73.540018136251,19.942797046051 73.540015004835,19.942789733314</coordinates></LineString><LineString><coordinates>73.540036805991,19.942789897105 73.540033551982,19.942797161979 73.540025818809,19.942800123145</coordinates></LineString><LinearRing><coordinates>73.539887781278,19.942185211724,640.035900000483 73.539887781278,19.942185211724,640.035900000483</coordinates></LinearRing><LineString><coordinates>73.539876967352,19.942174821888 73.539884649878,19.942177898986 73.539887781278,19.942185211724</coordinates></LineString><LineString><coordinates>73.539865980206,19.942185047920 73.539869234209,19.942177783049 73.539876967352,19.942174821888</coordinates></LineString><LineString><coordinates>73.539876794132,19.942195437758 73.539869111605,19.942192360659 73.539865980206,19.942185047920</coordinates></LineString><LineString><coordinates>73.539887781278,19.942185211724 73.539884527276,19.942192476596 73.539876794132,19.942195437758</coordinates></LineString><LinearRing><coordinates>73.539875994474,19.942267119197,640.035899999552 73.539875994474,19.942267119197,640.035899999552</coordinates></LinearRing><LineString><coordinates>73.539865180544,19.942256729359 73.539872863074,19.942259806459 73.539875994474,19.942267119197</coordinates></LineString><LineString><coordinates>73.539854193391,19.942266955391 73.539857447396,19.942259690520 73.539865180544,19.942256729359</coordinates></LineString><LineString><coordinates>73.539865007321,19.942277345229 73.539857324791,19.942274268129 73.539854193391,19.942266955391</coordinates></LineString><LineString><coordinates>73.539875994474,19.942267119197 73.539872740470,19.942274384069 73.539865007321,19.942277345229</coordinates></LineString><LinearRing><coordinates>73.539864207782,19.942349026668,640.035899999552 73.539864207782,19.942349026668,640.035899999552</coordinates></LinearRing><LineString><coordinates>73.539853393848,19.942338636830 73.539861076381,19.942341713930 73.539864207782,19.942349026668</coordinates></LineString><LineString><coordinates>73.539842406688,19.942348862860 73.539845660695,19.942341597989 73.539853393848,19.942338636830</coordinates></LineString><LineString><coordinates>73.539853220622,19.942359252699 73.539845538088,19.942356175599 73.539842406688,19.942348862860</coordinates></LineString><LineString><coordinates>73.539864207782,19.942349026668 73.539860953775,19.942356291539 73.539853220622,19.942359252699</coordinates></LineString><LinearRing><coordinates>73.539852420949,19.942430933896,640.035899999552 73.539852420949,19.942430933896,640.035899999552</coordinates></LinearRing><LineString><coordinates>73.539841607011,19.942420544057 73.539849289548,19.942423621157 73.539852420949,19.942430933896</coordinates></LineString><LineString><coordinates>73.539830619845,19.942430770086 73.539833873854,19.942423505215 73.539841607011,19.942420544057</coordinates></LineString><LineString><coordinates>73.539841433783,19.942441159926 73.539833751246,19.942438082825 73.539830619845,19.942430770086</coordinates></LineString><LineString><coordinates>73.539852420949,19.942430933896 73.539849166941,19.942438198767 73.539841433783,19.942441159926</coordinates></LineString><LinearRing><coordinates>73.539840634227,19.942512841363,640.035900000483 73.539840634227,19.942512841363,640.035900000483</coordinates></LinearRing><LineString><coordinates>73.539829820284,19.942502451522 73.539837502825,19.942505528624 73.539840634227,19.942512841363</coordinates></LineString><LineString><coordinates>73.539818833111,19.942512677550 73.539822087123,19.942505412680 73.539829820284,19.942502451522</coordinates></LineString><LineString><coordinates>73.539829647054,19.942523067391 73.539821964513,19.942519990290 73.539818833111,19.942512677550</coordinates></LineString><LineString><coordinates>73.539840634227,19.942512841363 73.539837380216,19.942520106233 73.539829647054,19.942523067391</coordinates></LineString><LinearRing><coordinates>73.539828847363,19.942594748826,640.035899999552 73.539828847363,19.942594748826,640.035899999552</coordinates></LinearRing><LineString><coordinates>73.539818033416,19.942584358985 73.539825715959,19.942587436087 73.539828847363,19.942594748826</coordinates></LineString><LineString><coordinates>73.539807046236,19.942594585012 73.539810300250,19.942587320142 73.539818033416,19.942584358985</coordinates></LineString><LineString><coordinates>73.539817860183,19.942604974854 73.539810177639,19.942601897751 73.539807046236,19.942594585012</coordinates></LineString><LineString><coordinates>73.539828847363,19.942594748826 73.539825593349,19.942602013696 73.539817860183,19.942604974854</coordinates></LineString><LinearRing><coordinates>73.539817060610,19.942676656288,640.035899999552 73.539817060610,19.942676656288,640.035899999552</coordinates></LinearRing><LineString><coordinates>73.539806246659,19.942666266446 73.539813929206,19.942669343549 73.539817060610,19.942676656288</coordinates></LineString><LineString><coordinates>73.539795259472,19.942676492472 73.539798513489,19.942669227602 73.539806246659,19.942666266446</coordinates></LineString><LineString><coordinates>73.539806073424,19.942686882315 73.539798390876,19.942683805211 73.539795259472,19.942676492472</coordinates></LineString><LineString><coordinates>73.539817060610,19.942676656288 73.539813806594,19.942683921158 73.539806073424,19.942686882315</coordinates></LineString><LinearRing><coordinates>73.539805273716,19.942758563747,640.035900000483 73.539805273716,19.942758563747,640.035900000483</coordinates></LinearRing><LineString><coordinates>73.539794459760,19.942748173904 73.539802142311,19.942751251008 73.539805273716,19.942758563747</coordinates></LineString><LineString><coordinates>73.539783472567,19.942758399928 73.539786726586,19.942751135060 73.539794459760,19.942748173904</coordinates></LineString><LineString><coordinates>73.539794286523,19.942768789772 73.539786603971,19.942765712668 73.539783472567,19.942758399928</coordinates></LineString><LineString><coordinates>73.539805273716,19.942758563747 73.539802019697,19.942765828617 73.539794286523,19.942768789772</coordinates></LineString><LinearRing><coordinates>73.539680984672,19.942530574701,640.035899999552 73.539680984672,19.942530574701,640.035899999552</coordinates></LinearRing><LineString><coordinates>73.539670170739,19.942520184852 73.539677853277,19.942523261960 73.539680984672,19.942530574701</coordinates></LineString><LineString><coordinates>73.539659183555,19.942530410869 73.539662437575,19.942523146002 73.539670170739,19.942520184852</coordinates></LineString><LineString><coordinates>73.539669997488,19.942540800719 73.539662314950,19.942537723610 73.539659183555,19.942530410869</coordinates></LineString><LineString><coordinates>73.539680984672,19.942530574701 73.539677730653,19.942537839568 73.539669997488,19.942540800719</coordinates></LineString><LinearRing><coordinates>73.539670679258,19.942602187818,640.035899999552 73.539670679258,19.942602187818,640.035899999552</coordinates></LinearRing><LineString><coordinates>73.539659865321,19.942591797968 73.539667547862,19.942594875077 73.539670679258,19.942602187818</coordinates></LineString><LineString><coordinates>73.539648878132,19.942602023984 73.539652132153,19.942594759118 73.539659865321,19.942591797968</coordinates></LineString><LineString><coordinates>73.539659692068,19.942612413835 73.539652009527,19.942609336726 73.539648878132,19.942602023984</coordinates></LineString><LineString><coordinates>73.539670679258,19.942602187818 73.539667425237,19.942609452685 73.539659692068,19.942612413835</coordinates></LineString><LinearRing><coordinates>73.539660373706,19.942673800932,640.035899999552 73.539660373706,19.942673800932,640.035899999552</coordinates></LinearRing><LineString><coordinates>73.539649559765,19.942663411081 73.539657242309,19.942666488191 73.539660373706,19.942673800932</coordinates></LineString><LineString><coordinates>73.539638572569,19.942673637096 73.539641826593,19.942666372231 73.539649559765,19.942663411081</coordinates></LineString><LineString><coordinates>73.539649386510,19.942684026948 73.539641703965,19.942680949838 73.539638572569,19.942673637096</coordinates></LineString><LineString><coordinates>73.539660373706,19.942673800932 73.539657119682,19.942681065799 73.539649386510,19.942684026948</coordinates></LineString><LinearRing><coordinates>73.539650068271,19.942745413806,640.035899999552 73.539650068271,19.942745413806,640.035899999552</coordinates></LinearRing><LineString><coordinates>73.539639254326,19.942735023954 73.539646936873,19.942738101064 73.539650068271,19.942745413806</coordinates></LineString><LineString><coordinates>73.539628267125,19.942745249968 73.539631521151,19.942737985103 73.539639254326,19.942735023954</coordinates></LineString><LineString><coordinates>73.539639081069,19.942755639821 73.539631398521,19.942752562710 73.539628267125,19.942745249968</coordinates></LineString><LineString><coordinates>73.539650068271,19.942745413806 73.539646814245,19.942752678672 73.539639081069,19.942755639821</coordinates></LineString><LineString><coordinates>73.540766185982,19.942457982239,640.035899999552 73.540438628633,19.942415832775,640.035900000483</coordinates></LineString><LineString><coordinates>73.540777779195,19.942377417495,640.035899999552 73.540450222006,19.942335268063,640.035900000483</coordinates></LineString><LineString><coordinates>73.540637911825,19.942277363116,640.035899999552 73.540601064538,19.942533425888,640.035900000483</coordinates></LineString><LineString><coordinates>73.540872719566,19.942320666143,640.035899998620 73.540849544009,19.942481721555,640.035899999552</coordinates></LineString><LineString><coordinates>73.540788187618,19.942305083955,640.035899999552 73.540760463905,19.942497747027,640.035899999552</coordinates></LineString><LineString><coordinates>73.540758648387,19.942510020453,640.035899999552 73.540760463905,19.942497747027,640.035899999552</coordinates></LineString><LineString><coordinates>73.540756038434,19.942527662091,640.035899999552 73.540757854205,19.942515388667,640.035899999552</coordinates></LineString><LineString><coordinates>73.540727186192,19.942528735219,640.035899999552 73.540721244546,19.942528956096,640.035899999552</coordinates></LineString><LineString><coordinates>73.540744369202,19.942528096092,640.035900000483 73.540732913778,19.942528522096,640.035900000483</coordinates></LineString><LineString><coordinates>73.540756038434,19.942527662091,640.035899999552 73.540750096786,19.942527883209,640.035900000483</coordinates></LineString><LineString><coordinates>73.539503510693,19.942579365894,640.035900000483 73.539502480169,19.942586527157,640.035899999552</coordinates></LineString><LineString><coordinates>73.539505829467,19.942563252874,640.035899998620 73.539504283618,19.942573994888,640.035900000483</coordinates></LineString><LineString><coordinates>73.539507632915,19.942550720605,640.035899999552 73.539506602392,19.942557881868,640.035900000483</coordinates></LineString><LineString><coordinates>73.539477340871,19.942546822614,640.035899999552 73.539469767893,19.942545847996,640.035899999552</coordinates></LineString><LineString><coordinates>73.539494380137,19.942549015325,640.035899999552 73.539483020669,19.942547553518,640.035899999552</coordinates></LineString><LineString><coordinates>73.539507632915,19.942550720605,640.035899999552 73.539500059934,19.942549746228,640.035900000483</coordinates></LineString><LineString><coordinates>73.540849332404,19.942488027928 73.540849671436,19.942481601288</coordinates></LineString><LineString><coordinates>73.540889018917,19.942522716267 73.540879082395,19.942521862139 73.540869722938,19.942518594335 73.540861578205,19.942513144403 73.540855193133,19.942505894289 73.540851013153,19.942497327752 73.540849332404,19.942488027928</coordinates></LineString><LineString><coordinates>73.540760463905,19.942497747027 73.540758235863,19.942505845999 73.540754092328,19.942513240352 73.540748260049,19.942519534425 73.540741056732,19.942524395814 73.540732863811,19.942527558730 73.540724120273,19.942528849264</coordinates></LineString><LineString><coordinates>73.539350882311,19.942634989846,640.035900001414 73.539492876563,19.942653262254,640.035900000483</coordinates></LineString><LineString><coordinates>73.539252037993,19.942435772764,640.035900000483 73.539260588869,19.942436873326,640.035899999552</coordinates></LineString><LineString><coordinates>73.539234998617,19.942433580030,640.035899999552 73.539246358201,19.942435041853,640.035900000483</coordinates></LineString><LineString><coordinates>73.539217959367,19.942431387535,640.035900000483 73.539229318950,19.942432849359,640.035899999552</coordinates></LineString><LineString><coordinates>73.539200920120,19.942429194799,640.035899999552 73.539212279576,19.942430656623,640.035900000483</coordinates></LineString><LineString><coordinates>73.539183880873,19.942427002061,640.035899999552 73.539195240329,19.942428463886,640.035899999552</coordinates></LineString><LineString><coordinates>73.539169650079,19.942425170821,640.035900000483 73.539178201082,19.942426271148,640.035899998620</coordinates></LineString><LineString><coordinates>73.539121536138,19.942501035829,640.035900000483 73.539132895727,19.942502497420,640.035900000483</coordinates></LineString><LineString><coordinates>73.539108254085,19.942499326459,640.035899999552 73.539115856472,19.942500304915,640.035899999552</coordinates></LineString><LineString><coordinates>73.540368598360,19.942299476100,640.035899999552 73.540028059168,19.942255655368,640.035900000483</coordinates></LineString><LineString><coordinates>73.540357030822,19.942379861924,640.035899999552 73.540016491463,19.942336041159,640.035900000483</coordinates></LineString><LineString><coordinates>73.540345463272,19.942460247506,640.035899999552 73.540004923747,19.942416426709,640.035900000483</coordinates></LineString><LineString><coordinates>73.540333895704,19.942540633325,640.035899999552 73.539993356013,19.942496812496,640.035899999552</coordinates></LineString><LineString><coordinates>73.540322328125,19.942621018903,640.035899999552 73.539981788265,19.942577198281,640.035899999552</coordinates></LineString><LineString><coordinates>73.540310760528,19.942701404718,640.035900000483 73.539970220505,19.942657583824,640.035899999552</coordinates></LineString><LineString><coordinates>73.540299192920,19.942781790291,640.035899999552 73.539958652728,19.942737969604,640.035899999552</coordinates></LineString><LineString><coordinates>73.539795029518,19.942214512063,640.035899999552 73.539944439099,19.942233738308,640.035899998620</coordinates></LineString><LineString><coordinates>73.539783242792,19.942296419287,640.035900000483 73.539932652319,19.942315645785,640.035900000483</coordinates></LineString><LineString><coordinates>73.539771455922,19.942378326748,640.035899999552 73.539920865650,19.942397553262,640.035899999552</coordinates></LineString><LineString><coordinates>73.539759669037,19.942460234206,640.035899999552 73.539909078840,19.942479460735,640.035899999552</coordinates></LineString><LineString><coordinates>73.539747882264,19.942542141663,640.035899999552 73.539897292141,19.942561368206,640.035899999552</coordinates></LineString><LineString><coordinates>73.539736095349,19.942624049117,640.035899999552 73.539885505302,19.942643275435,640.035900000483</coordinates></LineString><LineString><coordinates>73.539724308546,19.942705956570,640.035899999552 73.539873718446,19.942725182901,640.035899999552</coordinates></LineString><LineString><coordinates>73.539722979327,19.942715193197,640.035899999552 73.539573506578,19.942695958587,640.035900000483</coordinates></LineString><LineString><coordinates>73.539733284729,19.942643580077,640.035900000483 73.539583812171,19.942624345481,640.035899999552</coordinates></LineString><LineString><coordinates>73.539743590246,19.942571966956,640.035899999552 73.539594117626,19.942552732372,640.035899999552</coordinates></LineString><LineString><coordinates>73.540873104322,19.942320735765,640.035899998620 73.540890176854,19.942349155675,640.035900000483</coordinates></LineString><LineString><coordinates>73.539365638878,19.942532448216,640.035900000483 73.539336125848,19.942737531474,640.035900000483</coordinates></LineString><LineString><coordinates>73.539780496615,19.942315502805,640.035900000483 73.539350028009,19.942260108315,640.035900000483</coordinates></LineString><LineString><coordinates>73.539753895622,19.942500354073,640.035899999552 73.539604423194,19.942481119501,640.035899999552</coordinates></LineString><LineString><coordinates>73.539808015759,19.942124269810,640.035899999552 73.539712597757,19.942787335288,640.035899999552</coordinates></LineString><LineString><coordinates>73.540191062292,19.942194931873,640.035899999552 73.540098468662,19.942838381316,640.035899999552</coordinates></LineString><LineString><coordinates>73.538880565842,19.942757850310,640.035899998620 73.538875691555,19.942763384671,640.035900000483</coordinates></LineString><LineString><coordinates>73.539469767893,19.942545847996,640.035899999552 73.539129226010,19.942502025264,640.035899999552</coordinates></LineString><LineString><coordinates>73.539478047806,19.942756306494,640.035900001414 73.539502480169,19.942586527157,640.035899999552</coordinates></LineString><LineString><coordinates>73.540883636586,19.942343669020,640.035899999552 73.540885350382,19.942341121063,640.035899999552</coordinates></LineString><LineString><coordinates>73.540871315336,19.942330425044,640.035899998620 73.540875334679,19.942324448518,640.035900000483</coordinates></LineString><LineString><coordinates>73.540466249682,19.942538439575,640.035900000483 73.540724120019,19.942528849262,640.035899998620</coordinates></LineString><LineString><coordinates>73.540906706401,19.942603428604,640.035899999552 73.540918161577,19.942603002587,640.035899998620</coordinates></LineString><LineString><coordinates>73.540889523128,19.942604067744,640.035899999552 73.540900978558,19.942603641730,640.035899999552</coordinates></LineString><LineString><coordinates>73.540876174670,19.942604564040,640.035900000483 73.540883795541,19.942604280631,640.035899999552</coordinates></LineString><LineString><coordinates>73.539604423194,19.942481119501,640.035899999552 73.539563201102,19.942767571453,640.035900000483</coordinates></LineString><LineString><coordinates>73.540040786756,19.942167208861,640.035900000483 73.539947084939,19.942818355143,640.035900000483</coordinates></LineString><LineString><coordinates>73.539956305804,19.942151274519,640.035899999552 73.539861931703,19.942807090366,640.035899998620</coordinates></LineString><LineString><coordinates>73.539245558809,19.942434939105,640.035900000483 73.539604423194,19.942481119501,640.035899999552</coordinates></LineString><LineString><coordinates>73.539879878492,19.943360652960,640.035900000483 73.539881661077,19.943362217299,640.035899999552</coordinates></LineString><LineString><coordinates>73.539880769783,19.943361435250,640.035900000483 73.539879051349,19.943361495792,640.035899999552</coordinates></LineString><LineString><coordinates>73.539880769783,19.943361435250,640.035900000483 73.539880833934,19.943363060131,640.035899999552</coordinates></LineString><LineString><coordinates>73.539934688672,19.943446324979,640.035900000483 73.539936342958,19.943444639316,640.035900000483</coordinates></LineString><LineString><coordinates>73.539935543112,19.943445481152,640.035899999552 73.539933797378,19.943445542930,640.035900000483</coordinates></LineString><LineString><coordinates>73.539795817401,19.943367242647,640.035899999552 73.539794034817,19.943365678307,640.035899999552</coordinates></LineString><LineString><coordinates>73.539794926108,19.943366460597,640.035899999552 73.539796644544,19.943366399816,640.035899999552</coordinates></LineString><LineString><coordinates>73.539794926108,19.943366460597,640.035899999552 73.539794861960,19.943364835476,640.035899999552</coordinates></LineString><LineString><coordinates>73.539686486474,19.943659228614,640.035900000483 73.539684832057,19.943660914274,640.035899999552</coordinates></LineString><LineString><coordinates>73.539687377768,19.943660010665,640.035899999552 73.539683940763,19.943660132224,640.035899999552</coordinates></LineString><LinearRing><coordinates>73.540475606765,19.943280713004,640.035899999552 73.540475606765,19.943280713004,640.035899999552</coordinates></LinearRing><LineString><coordinates>73.540462089221,19.943267725745 73.540471692502,19.943271572053 73.540475606765,19.943280713004</coordinates></LineString><LineString><coordinates>73.540448355231,19.943280508327 73.540452422692,19.943271427186 73.540462089221,19.943267725745</coordinates></LineString><LineString><coordinates>73.540461872776,19.943293495586 73.540452269494,19.943289649278 73.540448355231,19.943280508327</coordinates></LineString><LineString><coordinates>73.540475606765,19.943280713004 73.540471539306,19.943289794145 73.540461872776,19.943293495586</coordinates></LineString><LinearRing><coordinates>73.540486461832,19.943555750827,640.035900000483 73.540486461832,19.943555750827,640.035900000483</coordinates></LinearRing><LineString><coordinates>73.540472944264,19.943542763568 73.540482547512,19.943546609920 73.540486461832,19.943555750827</coordinates></LineString><LineString><coordinates>73.540459210250,19.943555546149 73.540463277767,19.943546465052 73.540472944264,19.943542763568</coordinates></LineString><LineString><coordinates>73.540472727817,19.943568533409 73.540463124568,19.943564687057 73.540459210250,19.943555546149</coordinates></LineString><LineString><coordinates>73.540486461832,19.943555750827 73.540482394316,19.943564831924 73.540472727817,19.943568533409</coordinates></LineString><LineString><coordinates>73.540368859226,19.943660391780,640.035899999552 73.540377665078,19.943659569269,640.035900000483</coordinates></LineString><LineString><coordinates>73.540351746218,19.943661990618,640.035899998620 73.540363154807,19.943660924566,640.035900000483</coordinates></LineString><LineString><coordinates>73.540337235946,19.943663345912,640.035899999552 73.540346041798,19.943662523403,640.035899998620</coordinates></LineString><LineString><coordinates>73.540336050894,19.943633317191,640.035899999552 73.540335720814,19.943624955309,640.035899999552</coordinates></LineString><LineString><coordinates>73.540336692186,19.943649567441,640.035899999552 73.540336264575,19.943638733781,640.035900000483</coordinates></LineString><LineString><coordinates>73.540337235946,19.943663345912,640.035899999552 73.540336905866,19.943654984030,640.035900000483</coordinates></LineString><LineString><coordinates>73.540250411835,19.943643536029,640.035899999552 73.540250169037,19.943637385636,640.035899999552</coordinates></LineString><LineString><coordinates>73.540251053118,19.943659786278,640.035900000483 73.540250625766,19.943648952620,640.035899999552</coordinates></LineString><LineString><coordinates>73.540251509847,19.943671353261,640.035900000483 73.540251267049,19.943665202869,640.035899998620</coordinates></LineString><LineString><coordinates>73.540222214928,19.943674089617,640.035899999552 73.540215737941,19.943674694849,640.035900000483</coordinates></LineString><LineString><coordinates>73.540239328188,19.943672491274,640.035899999552 73.540227919348,19.943673556836,640.035899999552</coordinates></LineString><LineString><coordinates>73.540251509847,19.943671353261,640.035900000483 73.540245032608,19.943671958492,640.035899999552</coordinates></LineString><LineString><coordinates>73.539943227270,19.943783343310,640.035899999552 73.539953322637,19.943777828946,640.035899999552</coordinates></LineString><LineString><coordinates>73.539928336496,19.943791477043,640.035899999552 73.539938263679,19.943786054554,640.035899999552</coordinates></LineString><LineString><coordinates>73.539913445594,19.943799610773,640.035900000483 73.539923372905,19.943794188287,640.035899999552</coordinates></LineString><LineString><coordinates>73.539898386631,19.943807836378,640.035900000483 73.539908482002,19.943802322017,640.035899998620</coordinates></LineString><LineString><coordinates>73.539896455550,19.943758902182,640.035900000483 73.539896020749,19.943747885553,640.035899998620</coordinates></LineString><LineString><coordinates>73.539897096796,19.943775152430,640.035900000483 73.539896669343,19.943764318772,640.035900000483</coordinates></LineString><LineString><coordinates>73.539897738169,19.943791402680,640.035899999552 73.539897310589,19.943780569020,640.035900000483</coordinates></LineString><LineString><coordinates>73.539898386631,19.943807836378,640.035900000483 73.539897951835,19.943796819268,640.035900000483</coordinates></LineString><LineString><coordinates>73.539812149568,19.943802900169,640.035899999552 73.539811808645,19.943794261192,640.035900000483</coordinates></LineString><LineString><coordinates>73.539812790933,19.943819150418,640.035899999552 73.539812363358,19.943808316759,640.035900000483</coordinates></LineString><LineString><coordinates>73.539813345515,19.943833206464,640.035900000483 73.539813004595,19.943824567006,640.035900000483</coordinates></LineString><LineString><coordinates>73.539781297918,19.943832048659,640.035900000483 73.539772162341,19.943831718837,640.035899999552</coordinates></LineString><LineString><coordinates>73.539798481903,19.943832669407,640.035900001414 73.539787025956,19.943832255416,640.035900000483</coordinates></LineString><LineString><coordinates>73.539813345515,19.943833206464,640.035900000483 73.539804209942,19.943832876163,640.035899999552</coordinates></LineString><LineString><coordinates>73.539537437013,19.943735810710,640.035899999552 73.539537602526,19.943735916135,640.035900001414</coordinates></LineString><LineString><coordinates>73.539513152629,19.943720373673,640.035900000483 73.539518845386,19.943723992202,640.035900000483</coordinates></LineString><LineString><coordinates>73.539502702762,19.943713730802,640.035899999552 73.539508395518,19.943717349332,640.035899999552</coordinates></LineString><LineString><coordinates>73.539502233264,19.943701831979,640.035899998620 73.539501977419,19.943695349745,640.035899998620</coordinates></LineString><LineString><coordinates>73.539502702762,19.943713730802,640.035899999552 73.539502446916,19.943707248568,640.035899999552</coordinates></LineString><LineString><coordinates>73.539411031629,19.943571086067,640.035899999552 73.539410748687,19.943563917094,640.035899999552</coordinates></LineString><LineString><coordinates>73.539411672826,19.943587336314,640.035899999552 73.539411245405,19.943576502657,640.035899999552</coordinates></LineString><LineString><coordinates>73.539412314154,19.943603586082,640.035899999552 73.539411886602,19.943592752904,640.035899999552</coordinates></LineString><LineString><coordinates>73.539412955351,19.943619836330,640.035900000483 73.539412527926,19.943609003152,640.035899999552</coordinates></LineString><LineString><coordinates>73.539413596674,19.943636086578,640.035900000483 73.539413169126,19.943625252919,640.035900000483</coordinates></LineString><LineString><coordinates>73.539414093266,19.943648672139,640.035900001414 73.539413810323,19.943641503166,640.035900000483</coordinates></LineString><LineString><coordinates>73.539365636867,19.943607834521,640.035899999552 73.539357078290,19.943600621584,640.035900000483</coordinates></LineString><LineString><coordinates>73.539404150347,19.943640292732,640.035900000483 73.539395591766,19.943633079796,640.035900000483</coordinates></LineString><LineString><coordinates>73.539414093266,19.943648672139,640.035900001414 73.539408429638,19.943643899199,640.035899998620</coordinates></LineString><LineString><coordinates>73.539775045942,19.943831719862 73.539772162341,19.943831718837</coordinates></LineString><LineString><coordinates>73.539518845381,19.943723992683 73.539512035919,19.943718463478 73.539506778801,19.943711584367 73.539503362597,19.943703735832 73.539501977415,19.943695350225</coordinates></LineString><LineString><coordinates>73.540335879226,19.943627160132 73.540335720810,19.943624955789</coordinates></LineString><LineString><coordinates>73.540377665078,19.943659569269 73.540367692465,19.943659272113 73.540358145015,19.943656533251 73.540349673761,19.943651548163 73.540342846584,19.943644667653 73.540338138388,19.943636349745 73.540335879226,19.943627160132</coordinates></LineString><LineString><coordinates>73.540250169037,19.943637385636 73.540249328711,19.943646420167 73.540246127158,19.943654969004 73.540240773395,19.943662493932 73.540233613569,19.943668528377 73.540225089732,19.943672684900 73.540215737688,19.943674694847</coordinates></LineString><LineString><coordinates>73.540335720814,19.943624955309,640.035899999552 73.540320490132,19.943239043799,640.035900000483</coordinates></LineString><LineString><coordinates>73.540250169037,19.943637385636,640.035899999552 73.540235215700,19.943258492793,640.035899999552</coordinates></LineString><LineString><coordinates>73.539653592530,19.943661202804,640.035899999552 73.539806343695,19.943655812792,640.035899999552</coordinates></LineString><LineString><coordinates>73.539650012074,19.943570473132,640.035899999552 73.539802763282,19.943565082638,640.035899999552</coordinates></LineString><LineString><coordinates>73.539646431750,19.943479742980,640.035900001414 73.539799182739,19.943474352963,640.035900000483</coordinates></LineString><LineString><coordinates>73.539642851295,19.943389013306,640.035899999552 73.539795602201,19.943383622807,640.035900000483</coordinates></LineString><LineString><coordinates>73.539496822987,19.943564733059,640.035900000483 73.539649574185,19.943559342697,640.035899999552</coordinates></LineString><LineString><coordinates>73.539491621696,19.943432926346,640.035900000483 73.539644372640,19.943427535980,640.035900000483</coordinates></LineString><LineString><coordinates>73.540604021571,19.943456679040,640.035900000483 73.540329461840,19.943466368657,640.035899999552</coordinates></LineString><LineString><coordinates>73.540599193630,19.943334351455,640.035900000483 73.540324633855,19.943344041316,640.035899999552</coordinates></LineString><LineString><coordinates>73.539890286186,19.943602573617,640.035899999552 73.540062131192,19.943596509250,640.035899999552</coordinates></LineString><LineString><coordinates>73.539887222225,19.943524934233,640.035899998620 73.540059067147,19.943518869863,640.035900000483</coordinates></LineString><LineString><coordinates>73.539884158264,19.943447294848,640.035899999552 73.540056003101,19.943441230476,640.035900000483</coordinates></LineString><LineString><coordinates>73.539881094178,19.943369655221,640.035899999552 73.540052939059,19.943363590848,640.035899999552</coordinates></LineString><LineString><coordinates>73.540246051932,19.943533063816,640.035899999552 73.540059886512,19.943539633857,640.035900000483</coordinates></LineString><LineString><coordinates>73.540241045905,19.943406222733,640.035899999552 73.540054880762,19.943412792779,640.035899999552</coordinates></LineString><LineString><coordinates>73.539410748687,19.943563917094,640.035899999552 73.539400470009,19.943303440020,640.035899999552</coordinates></LineString><LineString><coordinates>73.539501977419,19.943695349745,640.035899998620 73.539486558074,19.943304608286,640.035899998620</coordinates></LineString><LineString><coordinates>73.539653673335,19.943663216927,640.035900000483 73.539639246997,19.943297648347,640.035900000483</coordinates></LineString><LineString><coordinates>73.539659602732,19.943813470971,640.035899999552 73.539653673335,19.943663216927,640.035900000483</coordinates></LineString><LineString><coordinates>73.539811808645,19.943794261192,640.035900000483 73.539791935546,19.943290679728,640.035899999552</coordinates></LineString><LineString><coordinates>73.539890303752,19.943603020717,640.035900000483 73.539877823032,19.943286764687,640.035900000483</coordinates></LineString><LineString><coordinates>73.539896020749,19.943747885553,640.035899998620 73.539890303752,19.943603020717,640.035900000483</coordinates></LineString><LineString><coordinates>73.540062148759,19.943596956350,640.035899999552 73.540049598000,19.943278934480,640.035899999552</coordinates></LineString><LineString><coordinates>73.540066839970,19.943715823577,640.035899999552 73.540062148759,19.943596956350,640.035899999552</coordinates></LineString><LineString><coordinates>73.540498559922,19.943198430141,640.035899999552 73.540524480449,19.943192839195,640.035900000483</coordinates></LineString><LineString><coordinates>73.539347135381,19.943592241693,640.035900001414 73.539023935267,19.943319856156,640.035899999552</coordinates></LineString><LineString><coordinates>73.539683256773,19.943828507654,640.035900000483 73.539518845386,19.943723992202,640.035900000483</coordinates></LineString><LineString><coordinates>73.539772162341,19.943831718837,640.035899999552 73.539683256773,19.943828507654,640.035900000483</coordinates></LineString><LineString><coordinates>73.540126954605,19.943682987871,640.035899999552 73.539953322637,19.943777828946,640.035899999552</coordinates></LineString><LineString><coordinates>73.540215737941,19.943674694849,640.035900000483 73.540126954605,19.943682987871,640.035899999552</coordinates></LineString><LineString><coordinates>73.540612590415,19.943637624717,640.035900000483 73.540377665078,19.943659569269,640.035900000483</coordinates></LineString><LineString><coordinates>73.540525357816,19.943192650146,640.035899999552 73.540500314659,19.943198051803,640.035899999552</coordinates></LineString></MultiGeometry></Placemark><Placemark><name>Poly_Vahivat</name><styleUrl>#s13</styleUrl><MultiGeometry><Point><coordinates>73.539225899694,19.944208507585,640.035899999552</coordinates></Point><Point><coordinates>73.539225899694,19.944208507585,640.035899999552</coordinates></Point><Point><coordinates>73.539225899694,19.944208507585,640.035899999552</coordinates></Point><Point><coordinates>73.539225899694,19.944208507585,640.035899999552</coordinates></Point><Point><coordinates>73.539225899694,19.944208507585,640.035899999552</coordinates></Point><Point><coordinates>73.539225899694,19.944208507585,640.035899999552</coordinates></Point></MultiGeometry></Placemark><Placemark><name>Point_Codes</name><styleUrl>#s14</styleUrl><MultiGeometry><LinearRing><coordinates>73.546534175280,19.946171162240 73.546532479091,19.946179819735 73.546527753847,19.946187406542 73.546520569483,19.946193007578 73.546511792537,19.946195947276 73.546502481641,19.946195871065 73.546493759826,19.946192788136 73.546486679071,19.946187070338 73.546482093422,19.946179407321 73.546480555973,19.946170723358 73.546482252165,19.946162065863 73.546486977410,19.946154479058 73.546494161774,19.946148878023 73.546502938716,19.946145938325 73.546512249610,19.946146014536 73.546520971423,19.946149097464 73.546528052177,19.946154815260 73.546532637828,19.946162478277 73.546534175280,19.946171162240</coordinates></LinearRing><LineString><coordinates>73.544908539226,19.946498370537,640.035900000483 73.544846214081,19.946490251653,640.035899999552</coordinates></LineString><LinearRing><coordinates>73.545152192931,19.946853470254 73.545076400830,19.946852616692 73.545075718995,19.946930253528 73.545151511133,19.946931107093 73.545152192931,19.946853470254</coordinates></LinearRing><LineString><coordinates>73.544908539226,19.946498370537,640.035900000483 73.544846214081,19.946490251653,640.035899999552</coordinates></LineString><LinearRing><coordinates>73.546534175280,19.946171162240 73.546532479091,19.946179819735 73.546527753847,19.946187406542 73.546520569483,19.946193007578 73.546511792537,19.946195947276 73.546502481641,19.946195871065 73.546493759826,19.946192788136 73.546486679071,19.946187070338 73.546482093422,19.946179407321 73.546480555973,19.946170723358 73.546482252165,19.946162065863 73.546486977410,19.946154479058 73.546494161774,19.946148878023 73.546502938716,19.946145938325 73.546512249610,19.946146014536 73.546520971423,19.946149097464 73.546528052177,19.946154815260 73.546532637828,19.946162478277 73.546534175280,19.946171162240</coordinates></LinearRing><LinearRing><coordinates>73.545152192931,19.946853470254 73.545076400830,19.946852616692 73.545075718995,19.946930253528 73.545151511133,19.946931107093 73.545152192931,19.946853470254</coordinates></LinearRing><LineString><coordinates>73.544908539226,19.946498370537,640.035900000483 73.544846214081,19.946490251653,640.035899999552</coordinates></LineString></MultiGeometry></Placemark><Placemark><name>SNAME$0$SNAME$0$buliding</name><styleUrl>#s15</styleUrl><MultiGeometry><LinearRing><coordinates>73.548080782960,19.947601028824 73.548075513731,19.947607763540 73.548067111893,19.947605105950 73.548067188499,19.947596728753 73.548075637683,19.947594208951 73.548080782960,19.947601028824</coordinates></LinearRing><LinearRing><coordinates>73.538947588597,19.940049624262 73.538942319273,19.940056358704 73.538933918009,19.940053700714 73.538933995065,19.940045323544 73.538942443953,19.940042804159 73.538947588597,19.940049624262</coordinates></LinearRing><LinearRing><coordinates>73.550110778435,19.948735211573 73.550105509248,19.948741946351 73.550097107309,19.948739288851 73.550097183814,19.948730911648 73.550105633034,19.948728391752 73.550110778435,19.948735211573</coordinates></LinearRing><LinearRing><coordinates>73.549835463225,19.948647189621 73.549830194030,19.948653924391 73.549821792102,19.948651266879 73.549821868621,19.948642889677 73.549830317839,19.948640369793 73.549835463225,19.948647189621</coordinates></LinearRing><LinearRing><coordinates>73.549604716407,19.948560507048 73.549599447205,19.948567241810 73.549591045286,19.948564584288 73.549591121817,19.948556207087 73.549599571033,19.948553687214 73.549604716407,19.948560507048</coordinates></LinearRing><LinearRing><coordinates>73.549372941310,19.948476598414 73.549367672103,19.948483333169 73.549359270193,19.948480675636 73.549359346735,19.948472298435 73.549367795950,19.948469778573 73.549372941310,19.948476598414</coordinates></LinearRing><LinearRing><coordinates>73.549153957674,19.948298808071 73.549148688464,19.948305542820 73.549140286567,19.948302885277 73.549140363120,19.948294508077 73.549148812329,19.948291988225 73.549153957674,19.948298808071</coordinates></LinearRing><LinearRing><coordinates>73.548904456341,19.948115997867 73.548899187127,19.948122732608 73.548890785245,19.948120075054 73.548890861811,19.948111697855 73.548899311012,19.948109178015 73.548904456341,19.948115997867</coordinates></LinearRing><LinearRing><coordinates>73.548665829980,19.947943458111 73.548660560763,19.947950192844 73.548652158895,19.947947535280 73.548652235472,19.947939158082 73.548660684667,19.947936638253 73.548665829980,19.947943458111</coordinates></LinearRing><LinearRing><coordinates>73.547972106468,19.947299842407 73.547966837246,19.947306577120 73.547958435425,19.947303919526 73.547958512036,19.947295542330 73.547966961205,19.947293022532 73.547972106468,19.947299842407</coordinates></LinearRing><LinearRing><coordinates>73.547859203697,19.946901907046 73.547853934485,19.946908641757 73.547845532686,19.946905984159 73.547845609302,19.946897606962 73.547854058451,19.946895087168 73.547859203697,19.946901907046</coordinates></LinearRing><LinearRing><coordinates>73.547862925182,19.946828243058 73.547857655973,19.946834977769 73.547849254178,19.946832320171 73.547849330793,19.946823942975 73.547857779938,19.946821423180 73.547862925182,19.946828243058</coordinates></LinearRing><LinearRing><coordinates>73.547116235644,19.946670807408 73.547110966410,19.946677542095 73.547102564639,19.946674884463 73.547102641292,19.946666507270 73.547111090438,19.946663987511 73.547116235644,19.946670807408</coordinates></LinearRing><LinearRing><coordinates>73.546886494486,19.946436099496 73.546881225252,19.946442834176 73.546872823497,19.946440176534 73.546872900162,19.946431799341 73.546881349298,19.946429279593 73.546886494486,19.946436099496</coordinates></LinearRing><LinearRing><coordinates>73.546258946382,19.945745588125 73.546253677148,19.945752322787 73.546245275441,19.945749665119 73.546245352137,19.945741287927 73.546253801242,19.945738768207 73.546258946382,19.945745588125</coordinates></LinearRing><LinearRing><coordinates>73.545187709716,19.946009620879 73.545182440429,19.946016355506 73.545174038730,19.946013697787 73.545174115483,19.946005320600 73.545182564617,19.946002800932 73.545187709716,19.946009620879</coordinates></LinearRing><LinearRing><coordinates>73.544973983917,19.946199401036 73.544968714614,19.946206135655 73.544960312910,19.946203477926 73.544960389674,19.946195100740 73.544968838821,19.946192581083 73.544973983917,19.946199401036</coordinates></LinearRing><LinearRing><coordinates>73.544532599369,19.946278937327 73.544527330045,19.946285671932 73.544518928346,19.946283014181 73.544519005134,19.946274636997 73.544527454291,19.946272117362 73.544532599369,19.946278937327</coordinates></LinearRing><LinearRing><coordinates>73.544282963307,19.946296233900 73.544277693973,19.946302968496 73.544269292277,19.946300310734 73.544269369079,19.946291933551 73.544277818240,19.946289413929 73.544282963307,19.946296233900</coordinates></LinearRing><LinearRing><coordinates>73.543956521010,19.946252116314 73.543951251664,19.946258850900 73.543942849978,19.946256193123 73.543942926797,19.946247815941 73.543951375959,19.946245296334 73.543956521010,19.946252116314</coordinates></LinearRing><LinearRing><coordinates>73.543701446075,19.946151982363 73.543696176723,19.946158716941 73.543687775047,19.946156059153 73.543687851878,19.946147681971 73.543696301038,19.946145162377 73.543701446075,19.946151982363</coordinates></LinearRing><LinearRing><coordinates>73.543413898325,19.946018379963 73.543408628966,19.946025114532 73.543400227302,19.946022456731 73.543400304149,19.946014079550 73.543408753305,19.946011559969 73.543413898325,19.946018379963</coordinates></LinearRing><LinearRing><coordinates>73.543186561479,19.945860778593 73.543181292116,19.945867513155 73.543172890465,19.945864855344 73.543172967323,19.945856478164 73.543181416474,19.945853958593 73.543186561479,19.945860778593</coordinates></LinearRing><LinearRing><coordinates>73.543000297962,19.945675082424 73.542995028598,19.945681816981 73.542986626961,19.945679159162 73.542986703828,19.945670781982 73.542995152970,19.945668262420 73.543000297962,19.945675082424</coordinates></LinearRing><LinearRing><coordinates>73.542825001882,19.945445776265 73.542819732520,19.945452510817 73.542811330898,19.945449852990 73.542811407773,19.945441475811 73.542819856905,19.945438956257 73.542825001882,19.945445776265</coordinates></LinearRing><LinearRing><coordinates>73.542513628051,19.945132127490 73.542508358687,19.945138862033 73.542499957088,19.945136204192 73.542500033978,19.945127827014 73.542508483097,19.945125307474 73.542513628051,19.945132127490</coordinates></LinearRing><LinearRing><coordinates>73.542235817991,19.944967389095 73.542230548622,19.944974123629 73.542222147037,19.944971465776 73.542222223941,19.944963088599 73.542230673055,19.944960569071 73.542235817991,19.944967389095</coordinates></LinearRing><LinearRing><coordinates>73.541291859076,19.944576349900 73.541286589683,19.944583084405 73.541278188137,19.944580426510 73.541278265089,19.944572049336 73.541286714194,19.944569529853 73.541291859076,19.944576349900</coordinates></LinearRing><LinearRing><coordinates>73.540907068711,19.944450780632 73.540901799307,19.944457515125 73.540893397775,19.944454857212 73.540893474747,19.944446480040 73.540901923850,19.944443960575 73.540907068711,19.944450780632</coordinates></LinearRing><LinearRing><coordinates>73.540788422898,19.944273434644 73.540783153496,19.944280169133 73.540774751975,19.944277511216 73.540774828953,19.944269134044 73.540783278047,19.944266614584 73.540788422898,19.944273434644</coordinates></LinearRing><LinearRing><coordinates>73.540484530368,19.944347125157 73.540479260951,19.944353859636 73.540470859433,19.944351201704 73.540470936427,19.944342824533 73.540479385529,19.944340305088 73.540484530368,19.944347125157</coordinates></LinearRing><LinearRing><coordinates>73.540237987914,19.944410680073 73.540232718485,19.944417414544 73.540224316968,19.944414756601 73.540224393975,19.944406379431 73.540232843084,19.944403859998 73.540237987914,19.944410680073</coordinates></LinearRing><LinearRing><coordinates>73.539946990903,19.944509519209 73.539941721458,19.944516253671 73.539933319943,19.944513595714 73.539933396965,19.944505218545 73.539941846083,19.944502699126 73.539946990903,19.944509519209</coordinates></LinearRing><LinearRing><coordinates>73.539657160562,19.944595737241 73.539651891102,19.944602471693 73.539643489588,19.944599813722 73.539643566626,19.944591436555 73.539652015752,19.944588917151 73.539657160562,19.944595737241</coordinates></LinearRing><LinearRing><coordinates>73.539320522788,19.944579344691 73.539315253315,19.944586079132 73.539306851808,19.944583421146 73.539306928865,19.944575043979 73.539315377994,19.944572524592 73.539320522788,19.944579344691</coordinates></LinearRing><LinearRing><coordinates>73.538709178144,19.944015849215 73.538703908667,19.944022583638 73.538695507202,19.944019925625 73.538695584288,19.944011548460 73.538704033395,19.944009029100 73.538709178144,19.944015849215</coordinates></LinearRing><LinearRing><coordinates>73.538145949484,19.943604102439 73.538140680000,19.943610836844 73.538132278567,19.943608178807 73.538132355681,19.943599801644 73.538140804772,19.943597282310 73.538145949484,19.943604102439</coordinates></LinearRing><LinearRing><coordinates>73.538134926886,19.943052691972 73.538129657421,19.943059426379 73.538121256017,19.943056768342 73.538121333129,19.943048391179 73.538129782191,19.943045871843 73.538134926886,19.943052691972</coordinates></LinearRing><LinearRing><coordinates>73.538361414217,19.942278042955 73.538356144790,19.942284777371 73.538347743421,19.942282119348 73.538347820518,19.942273742183 73.538356269535,19.942271222833 73.538361414217,19.942278042955</coordinates></LinearRing><LinearRing><coordinates>73.538956526829,19.941762716266 73.538951257443,19.941769450703 73.538942856090,19.941766792708 73.538942933153,19.941758415541 73.538951382134,19.941755896161 73.538956526829,19.941762716266</coordinates></LinearRing></MultiGeometry></Placemark><Placemark><name>SNAME$0$SNAME$0$SYMBOLS</name><styleUrl>#s16</styleUrl><MultiGeometry><Point><coordinates>73.541017625091,19.944141363522,641.503999998793</coordinates></Point><Point><coordinates>73.540984898502,19.943666585583,642.237000000663</coordinates></Point></MultiGeometry></Placemark></Folder></Document></kml>
