{
  "type": "FeatureCollection",
  "features": [
    {
      "type": "Feature",
      "properties": {
        "name": "Nashik-Trimbakeshwar Road",
        "nameHindi": "नाशिक-त्र्यंबकेश्वर रोड",
        "roadType": "State Highway",
        "from": "Nashik",
        "to": "Trimbakeshwar",
        "distance": "28 km",
        "states": "Maharashtra",
        "lineType": "road"
      },
      "geometry": {
        "coordinates": [
          [
            73.789185,
            19.997455
          ],
          [
            73.789176,
            19.997421
          ],
          [
            73.789142,
            19.997369
          ],
          [
            73.78908,
            19.997275
          ],
          [
            73.78904,
            19.997164
          ],
          [
            73.789061,
            19.996832
          ],
          [
            73.788973,
            19.996766
          ],
          [
            73.788809,
            19.996761
          ],
          [
            73.788715,
            19.996695
          ],
          [
            73.78849,
            19.996468
          ],
          [
            73.788284,
            19.996171
          ],
          [
            73.78814,
            19.995933
          ],
          [
            73.788237,
            19.99582
          ],
          [
            73.788321,
            19.995722
          ],
          [
            73.788253,
            19.995666
          ],
          [
            73.788137,
            19.995802
          ],
          [
            73.787766,
            19.996251
          ],
          [
            73.787455,
            19.9967
          ],
          [
            73.787387,
            19.996843
          ],
          [
            73.787263,
            19.997083
          ],
          [
            73.787098,
            19.997385
          ],
          [
            73.787074,
            19.997442
          ],
          [
            73.786941,
            19.997706
          ],
          [
            73.786708,
            19.998172
          ],
          [
            73.78659,
            19.998465
          ],
          [
            73.786465,
            19.998845
          ],
          [
            73.78644,
            19.998942
          ],
          [
            73.786407,
            19.999104
          ],
          [
            73.78642,
            19.999861
          ],
          [
            73.786462,
            20.000104
          ],
          [
            73.786439,
            20.000332
          ],
          [
            73.786386,
            20.000455
          ],
          [
            73.786281,
            20.000544
          ],
          [
            73.786189,
            20.00062
          ],
          [
            73.785973,
            20.000799
          ],
          [
            73.785633,
            20.000905
          ],
          [
            73.785046,
            20.001043
          ],
          [
            73.784637,
            20.001128
          ],
          [
            73.784455,
            20.001144
          ],
          [
            73.784259,
            20.001102
          ],
          [
            73.784211,
            20.001092
          ],
          [
            73.783817,
            20.000968
          ],
          [
            73.782964,
            20.000732
          ],
          [
            73.782741,
            20.000662
          ],
          [
            73.782518,
            20.000626
          ],
          [
            73.782392,
            20.000612
          ],
          [
            73.782163,
            20.000639
          ],
          [
            73.781699,
            20.000675
          ],
          [
            73.781343,
            20.00073
          ],
          [
            73.780474,
            20.000761
          ],
          [
            73.77968,
            20.000801
          ],
          [
            73.778304,
            20.000837
          ],
          [
            73.777941,
            20.000847
          ],
          [
            73.777444,
            20.000844
          ],
          [
            73.777235,
            20.000829
          ],
          [
            73.777054,
            20.000846
          ],
          [
            73.777019,
            20.000858
          ],
          [
            73.776912,
            20.000893
          ],
          [
            73.776837,
            20.000919
          ],
          [
            73.776775,
            20.000939
          ],
          [
            73.776737,
            20.000954
          ],
          [
            73.776599,
            20.001007
          ],
          [
            73.776545,
            20.001049
          ],
          [
            73.776389,
            20.001148
          ],
          [
            73.776151,
            20.001256
          ],
          [
            73.776059,
            20.001299
          ],
          [
            73.775782,
            20.001425
          ],
          [
            73.775701,
            20.001462
          ],
          [
            73.775554,
            20.001513
          ],
          [
            73.775172,
            20.001648
          ],
          [
            73.77511,
            20.001667
          ],
          [
            73.774958,
            20.001714
          ],
          [
            73.774907,
            20.001753
          ],
          [
            73.773901,
            20.001952
          ],
          [
            73.7737,
            20.001997
          ],
          [
            73.773368,
            20.002077
          ],
          [
            73.773148,
            20.00211
          ],
          [
            73.772974,
            20.002169
          ],
          [
            73.772867,
            20.002213
          ],
          [
            73.772696,
            20.002348
          ],
          [
            73.772124,
            20.002569
          ],
          [
            73.771706,
            20.002714
          ],
          [
            73.771357,
            20.002801
          ],
          [
            73.771037,
            20.00288
          ],
          [
            73.770892,
            20.002884
          ],
          [
            73.770237,
            20.00303
          ],
          [
            73.770144,
            20.00306
          ],
          [
            73.770173,
            20.003141
          ],
          [
            73.770376,
            20.003842
          ],
          [
            73.770402,
            20.003942
          ],
          [
            73.770503,
            20.004186
          ],
          [
            73.770659,
            20.004628
          ],
          [
            73.770903,
            20.005484
          ],
          [
            73.771088,
            20.006231
          ],
          [
            73.771351,
            20.007085
          ],
          [
            73.771388,
            20.00722
          ],
          [
            73.771052,
            20.007383
          ],
          [
            73.770267,
            20.007689
          ],
          [
            73.76944,
            20.008096
          ],
          [
            73.768802,
            20.008377
          ],
          [
            73.767293,
            20.009012
          ],
          [
            73.766796,
            20.009218
          ],
          [
            73.766736,
            20.009223
          ],
          [
            73.766703,
            20.00924
          ],
          [
            73.766695,
            20.009257
          ],
          [
            73.765851,
            20.009521
          ],
          [
            73.765327,
            20.009703
          ],
          [
            73.764162,
            20.01015
          ],
          [
            73.76414,
            20.010148
          ],
          [
            73.76412,
            20.010152
          ],
          [
            73.764102,
            20.010162
          ],
          [
            73.764088,
            20.010177
          ],
          [
            73.76408,
            20.010195
          ],
          [
            73.76287,
            20.010665
          ],
          [
            73.762327,
            20.010833
          ],
          [
            73.762002,
            20.010922
          ],
          [
            73.761717,
            20.011
          ],
          [
            73.760686,
            20.011236
          ],
          [
            73.760659,
            20.011229
          ],
          [
            73.760631,
            20.01123
          ],
          [
            73.760605,
            20.011239
          ],
          [
            73.760583,
            20.011256
          ],
          [
            73.760569,
            20.011279
          ],
          [
            73.760564,
            20.011305
          ],
          [
            73.759447,
            20.01163
          ],
          [
            73.759307,
            20.011671
          ],
          [
            73.758821,
            20.01178
          ],
          [
            73.758759,
            20.011794
          ],
          [
            73.758359,
            20.011891
          ],
          [
            73.758335,
            20.01187
          ],
          [
            73.758304,
            20.011858
          ],
          [
            73.758271,
            20.011856
          ],
          [
            73.758239,
            20.011864
          ],
          [
            73.758212,
            20.011881
          ],
          [
            73.758192,
            20.011906
          ],
          [
            73.758181,
            20.011935
          ],
          [
            73.757207,
            20.011949
          ],
          [
            73.756679,
            20.011933
          ],
          [
            73.75594,
            20.011913
          ],
          [
            73.755799,
            20.011931
          ],
          [
            73.755215,
            20.011983
          ],
          [
            73.753654,
            20.012098
          ],
          [
            73.751131,
            20.012129
          ],
          [
            73.750992,
            20.01213
          ],
          [
            73.750142,
            20.012127
          ],
          [
            73.748981,
            20.012134
          ],
          [
            73.74845,
            20.012123
          ],
          [
            73.748316,
            20.01212
          ],
          [
            73.747578,
            20.012174
          ],
          [
            73.746225,
            20.012254
          ],
          [
            73.746008,
            20.012267
          ],
          [
            73.745615,
            20.01229
          ],
          [
            73.745503,
            20.01147
          ],
          [
            73.745467,
            20.011395
          ],
          [
            73.745363,
            20.011178
          ],
          [
            73.745261,
            20.011054
          ],
          [
            73.744919,
            20.010643
          ],
          [
            73.743419,
            20.00873
          ],
          [
            73.743317,
            20.008595
          ],
          [
            73.743048,
            20.00821
          ],
          [
            73.742894,
            20.007998
          ],
          [
            73.742725,
            20.007767
          ],
          [
            73.742611,
            20.007604
          ],
          [
            73.742565,
            20.007537
          ],
          [
            73.742347,
            20.00724
          ],
          [
            73.74178,
            20.00643
          ],
          [
            73.741744,
            20.006373
          ],
          [
            73.74142,
            20.005862
          ],
          [
            73.741346,
            20.005744
          ],
          [
            73.741211,
            20.005532
          ],
          [
            73.741089,
            20.005358
          ],
          [
            73.741048,
            20.005289
          ],
          [
            73.741037,
            20.00527
          ],
          [
            73.740891,
            20.005024
          ],
          [
            73.74079,
            20.004804
          ],
          [
            73.740111,
            20.004912
          ],
          [
            73.739988,
            20.004932
          ],
          [
            73.739826,
            20.004958
          ],
          [
            73.739289,
            20.005044
          ],
          [
            73.73855,
            20.005162
          ],
          [
            73.7381,
            20.005234
          ],
          [
            73.737906,
            20.005265
          ],
          [
            73.737831,
            20.005315
          ],
          [
            73.737815,
            20.005457
          ],
          [
            73.737794,
            20.005578
          ],
          [
            73.737719,
            20.005623
          ],
          [
            73.737584,
            20.005638
          ],
          [
            73.737182,
            20.005643
          ],
          [
            73.736587,
            20.005648
          ],
          [
            73.736538,
            20.00565
          ],
          [
            73.736345,
            20.005658
          ],
          [
            73.736163,
            20.005703
          ],
          [
            73.735997,
            20.005774
          ],
          [
            73.735364,
            20.006011
          ],
          [
            73.735084,
            20.006113
          ],
          [
            73.734607,
            20.006288
          ],
          [
            73.734472,
            20.005322
          ],
          [
            73.734405,
            20.004866
          ],
          [
            73.734124,
            20.002224
          ],
          [
            73.733984,
            20.000908
          ],
          [
            73.733927,
            20.000453
          ],
          [
            73.733765,
            19.999161
          ],
          [
            73.73366,
            19.997775
          ],
          [
            73.733656,
            19.99773
          ],
          [
            73.733641,
            19.997528
          ],
          [
            73.733638,
            19.997488
          ],
          [
            73.733615,
            19.997195
          ],
          [
            73.733635,
            19.996971
          ],
          [
            73.733687,
            19.996798
          ],
          [
            73.733786,
            19.996557
          ],
          [
            73.733906,
            19.996314
          ],
          [
            73.733936,
            19.996257
          ],
          [
            73.734184,
            19.995844
          ],
          [
            73.734547,
            19.995206
          ],
          [
            73.735182,
            19.993706
          ],
          [
            73.735349,
            19.993237
          ],
          [
            73.735563,
            19.99268
          ],
          [
            73.735966,
            19.991629
          ],
          [
            73.7361,
            19.991218
          ],
          [
            73.736118,
            19.991112
          ],
          [
            73.735626,
            19.991083
          ],
          [
            73.735453,
            19.991064
          ],
          [
            73.735246,
            19.99104
          ],
          [
            73.734966,
            19.991004
          ],
          [
            73.734441,
            19.990947
          ],
          [
            73.733929,
            19.990887
          ],
          [
            73.73366,
            19.990836
          ],
          [
            73.733284,
            19.990774
          ],
          [
            73.731994,
            19.990523
          ],
          [
            73.731439,
            19.990404
          ],
          [
            73.731217,
            19.990299
          ],
          [
            73.73097,
            19.990264
          ],
          [
            73.730947,
            19.990252
          ],
          [
            73.730922,
            19.990248
          ],
          [
            73.729027,
            19.989379
          ],
          [
            73.729011,
            19.989358
          ],
          [
            73.728987,
            19.989343
          ],
          [
            73.72896,
            19.989335
          ],
          [
            73.728931,
            19.989337
          ],
          [
            73.72869,
            19.989202
          ],
          [
            73.728133,
            19.988814
          ],
          [
            73.726605,
            19.987681
          ],
          [
            73.726288,
            19.987446
          ],
          [
            73.725768,
            19.987054
          ],
          [
            73.725615,
            19.986938
          ],
          [
            73.72533,
            19.986723
          ],
          [
            73.724931,
            19.98642
          ],
          [
            73.724248,
            19.985968
          ],
          [
            73.724165,
            19.985913
          ],
          [
            73.723695,
            19.985674
          ],
          [
            73.723674,
            19.985658
          ],
          [
            73.723621,
            19.985648
          ],
          [
            73.723594,
            19.985656
          ],
          [
            73.72337,
            19.985589
          ],
          [
            73.723141,
            19.98552
          ],
          [
            73.722847,
            19.985367
          ],
          [
            73.722145,
            19.984998
          ],
          [
            73.721797,
            19.984818
          ],
          [
            73.721734,
            19.984786
          ],
          [
            73.721431,
            19.984675
          ],
          [
            73.720241,
            19.98421
          ],
          [
            73.719773,
            19.984025
          ],
          [
            73.719377,
            19.983869
          ],
          [
            73.719255,
            19.98382
          ],
          [
            73.718892,
            19.983613
          ],
          [
            73.718499,
            19.983329
          ],
          [
            73.7184,
            19.983256
          ],
          [
            73.718341,
            19.983212
          ],
          [
            73.718288,
            19.983173
          ],
          [
            73.718072,
            19.983014
          ],
          [
            73.717316,
            19.982378
          ],
          [
            73.717013,
            19.982124
          ],
          [
            73.716656,
            19.981929
          ],
          [
            73.716372,
            19.981815
          ],
          [
            73.716015,
            19.981719
          ],
          [
            73.71448,
            19.981392
          ],
          [
            73.71426,
            19.981398
          ],
          [
            73.71413,
            19.981404
          ],
          [
            73.714038,
            19.98142
          ],
          [
            73.713256,
            19.981581
          ],
          [
            73.712841,
            19.981614
          ],
          [
            73.712585,
            19.981564
          ],
          [
            73.712285,
            19.981445
          ],
          [
            73.711363,
            19.980724
          ],
          [
            73.710567,
            19.980178
          ],
          [
            73.710059,
            19.979811
          ],
          [
            73.710032,
            19.979792
          ],
          [
            73.709763,
            19.9796
          ],
          [
            73.709565,
            19.979514
          ],
          [
            73.709349,
            19.979461
          ],
          [
            73.708391,
            19.979305
          ],
          [
            73.708227,
            19.979279
          ],
          [
            73.707772,
            19.979248
          ],
          [
            73.707329,
            19.979236
          ],
          [
            73.706558,
            19.979191
          ],
          [
            73.705983,
            19.979116
          ],
          [
            73.705678,
            19.979072
          ],
          [
            73.7054,
            19.97903
          ],
          [
            73.705007,
            19.978992
          ],
          [
            73.704804,
            19.97898
          ],
          [
            73.704059,
            19.978958
          ],
          [
            73.703614,
            19.978946
          ],
          [
            73.703145,
            19.978939
          ],
          [
            73.702799,
            19.978929
          ],
          [
            73.702488,
            19.978913
          ],
          [
            73.702366,
            19.978906
          ],
          [
            73.702179,
            19.978895
          ],
          [
            73.701854,
            19.978868
          ],
          [
            73.701427,
            19.978792
          ],
          [
            73.701167,
            19.978732
          ],
          [
            73.700744,
            19.978618
          ],
          [
            73.700319,
            19.978503
          ],
          [
            73.700012,
            19.978423
          ],
          [
            73.699702,
            19.978362
          ],
          [
            73.69965,
            19.978352
          ],
          [
            73.69927,
            19.978293
          ],
          [
            73.69902,
            19.978268
          ],
          [
            73.698618,
            19.978217
          ],
          [
            73.698322,
            19.978183
          ],
          [
            73.697806,
            19.978117
          ],
          [
            73.69743,
            19.97807
          ],
          [
            73.697088,
            19.978023
          ],
          [
            73.696529,
            19.977941
          ],
          [
            73.696182,
            19.97789
          ],
          [
            73.695756,
            19.977825
          ],
          [
            73.695423,
            19.97777
          ],
          [
            73.695212,
            19.977733
          ],
          [
            73.694957,
            19.977692
          ],
          [
            73.694788,
            19.977647
          ],
          [
            73.694658,
            19.977602
          ],
          [
            73.6944,
            19.977516
          ],
          [
            73.694085,
            19.977391
          ],
          [
            73.69386,
            19.977308
          ],
          [
            73.693551,
            19.977176
          ],
          [
            73.69319,
            19.977018
          ],
          [
            73.693095,
            19.976976
          ],
          [
            73.693039,
            19.97695
          ],
          [
            73.692958,
            19.9769
          ],
          [
            73.692852,
            19.97684
          ],
          [
            73.692761,
            19.976789
          ],
          [
            73.692614,
            19.976695
          ],
          [
            73.692404,
            19.976539
          ],
          [
            73.692131,
            19.976294
          ],
          [
            73.692011,
            19.976207
          ],
          [
            73.691998,
            19.976195
          ],
          [
            73.691771,
            19.976004
          ],
          [
            73.691593,
            19.975851
          ],
          [
            73.691393,
            19.975718
          ],
          [
            73.691188,
            19.975607
          ],
          [
            73.691012,
            19.975508
          ],
          [
            73.690586,
            19.975355
          ],
          [
            73.690105,
            19.975184
          ],
          [
            73.690072,
            19.975173
          ],
          [
            73.689764,
            19.975062
          ],
          [
            73.689363,
            19.974917
          ],
          [
            73.688613,
            19.974655
          ],
          [
            73.688161,
            19.974501
          ],
          [
            73.687685,
            19.974323
          ],
          [
            73.686241,
            19.973815
          ],
          [
            73.685655,
            19.973607
          ],
          [
            73.685388,
            19.973513
          ],
          [
            73.683953,
            19.972989
          ],
          [
            73.682542,
            19.972519
          ],
          [
            73.681895,
            19.972351
          ],
          [
            73.681347,
            19.972191
          ],
          [
            73.68116,
            19.972144
          ],
          [
            73.680826,
            19.972061
          ],
          [
            73.680723,
            19.972034
          ],
          [
            73.68066,
            19.972017
          ],
          [
            73.680314,
            19.971927
          ],
          [
            73.680257,
            19.971912
          ],
          [
            73.679708,
            19.971782
          ],
          [
            73.67942,
            19.971717
          ],
          [
            73.679054,
            19.971637
          ],
          [
            73.678594,
            19.97156
          ],
          [
            73.678045,
            19.971411
          ],
          [
            73.677423,
            19.971209
          ],
          [
            73.676899,
            19.971029
          ],
          [
            73.676675,
            19.970957
          ],
          [
            73.676322,
            19.970857
          ],
          [
            73.676023,
            19.970756
          ],
          [
            73.675639,
            19.970638
          ],
          [
            73.675167,
            19.970479
          ],
          [
            73.674653,
            19.970332
          ],
          [
            73.674374,
            19.970244
          ],
          [
            73.673962,
            19.970116
          ],
          [
            73.673468,
            19.969957
          ],
          [
            73.673111,
            19.969851
          ],
          [
            73.672408,
            19.969628
          ],
          [
            73.672116,
            19.969536
          ],
          [
            73.671523,
            19.969363
          ],
          [
            73.671174,
            19.969251
          ],
          [
            73.670742,
            19.969112
          ],
          [
            73.67056,
            19.969065
          ],
          [
            73.670466,
            19.969028
          ],
          [
            73.66988,
            19.968843
          ],
          [
            73.669602,
            19.968753
          ],
          [
            73.669163,
            19.968615
          ],
          [
            73.668671,
            19.96847
          ],
          [
            73.668436,
            19.968398
          ],
          [
            73.66777,
            19.968175
          ],
          [
            73.667104,
            19.967968
          ],
          [
            73.666665,
            19.967704
          ],
          [
            73.6666,
            19.967665
          ],
          [
            73.666326,
            19.967479
          ],
          [
            73.666116,
            19.967361
          ],
          [
            73.666048,
            19.967323
          ],
          [
            73.665887,
            19.967237
          ],
          [
            73.665661,
            19.967156
          ],
          [
            73.665559,
            19.967121
          ],
          [
            73.665361,
            19.967074
          ],
          [
            73.665093,
            19.967024
          ],
          [
            73.664616,
            19.966958
          ],
          [
            73.663403,
            19.966762
          ],
          [
            73.662899,
            19.966651
          ],
          [
            73.662196,
            19.966373
          ],
          [
            73.661799,
            19.966228
          ],
          [
            73.66178,
            19.966321
          ],
          [
            73.662734,
            19.966684
          ],
          [
            73.66314,
            19.966805
          ],
          [
            73.663807,
            19.96693
          ],
          [
            73.66458,
            19.967044
          ],
          [
            73.665525,
            19.967194
          ],
          [
            73.66568,
            19.967252
          ],
          [
            73.665911,
            19.967345
          ],
          [
            73.666104,
            19.967454
          ],
          [
            73.666471,
            19.967681
          ],
          [
            73.666761,
            19.967877
          ],
          [
            73.666927,
            19.967964
          ],
          [
            73.667174,
            19.96808
          ],
          [
            73.668416,
            19.968474
          ],
          [
            73.66898,
            19.968649
          ],
          [
            73.669418,
            19.968783
          ],
          [
            73.669865,
            19.968917
          ],
          [
            73.677428,
            19.971294
          ],
          [
            73.67809,
            19.971513
          ],
          [
            73.678327,
            19.971586
          ],
          [
            73.678559,
            19.971641
          ],
          [
            73.678959,
            19.971715
          ],
          [
            73.679111,
            19.971747
          ],
          [
            73.679362,
            19.9718
          ],
          [
            73.680793,
            19.972152
          ],
          [
            73.681673,
            19.972368
          ],
          [
            73.68221,
            19.97252
          ],
          [
            73.682726,
            19.972675
          ],
          [
            73.684687,
            19.973351
          ],
          [
            73.685104,
            19.973495
          ],
          [
            73.685624,
            19.973677
          ],
          [
            73.685655,
            19.973607
          ],
          [
            73.685388,
            19.973513
          ],
          [
            73.683953,
            19.972989
          ],
          [
            73.682542,
            19.972519
          ],
          [
            73.681895,
            19.972351
          ],
          [
            73.681347,
            19.972191
          ],
          [
            73.68116,
            19.972144
          ],
          [
            73.680826,
            19.972061
          ],
          [
            73.680723,
            19.972034
          ],
          [
            73.68066,
            19.972017
          ],
          [
            73.680314,
            19.971927
          ],
          [
            73.680257,
            19.971912
          ],
          [
            73.679708,
            19.971782
          ],
          [
            73.67942,
            19.971717
          ],
          [
            73.679054,
            19.971637
          ],
          [
            73.678594,
            19.97156
          ],
          [
            73.678045,
            19.971411
          ],
          [
            73.677423,
            19.971209
          ],
          [
            73.676899,
            19.971029
          ],
          [
            73.676675,
            19.970957
          ],
          [
            73.676322,
            19.970857
          ],
          [
            73.676023,
            19.970756
          ],
          [
            73.675639,
            19.970638
          ],
          [
            73.675167,
            19.970479
          ],
          [
            73.674653,
            19.970332
          ],
          [
            73.674374,
            19.970244
          ],
          [
            73.673962,
            19.970116
          ],
          [
            73.673468,
            19.969957
          ],
          [
            73.673111,
            19.969851
          ],
          [
            73.672408,
            19.969628
          ],
          [
            73.672116,
            19.969536
          ],
          [
            73.671523,
            19.969363
          ],
          [
            73.671174,
            19.969251
          ],
          [
            73.670742,
            19.969112
          ],
          [
            73.67056,
            19.969065
          ],
          [
            73.670466,
            19.969028
          ],
          [
            73.66988,
            19.968843
          ],
          [
            73.669602,
            19.968753
          ],
          [
            73.669163,
            19.968615
          ],
          [
            73.668671,
            19.96847
          ],
          [
            73.668436,
            19.968398
          ],
          [
            73.66777,
            19.968175
          ],
          [
            73.667104,
            19.967968
          ],
          [
            73.666665,
            19.967704
          ],
          [
            73.6666,
            19.967665
          ],
          [
            73.666326,
            19.967479
          ],
          [
            73.666116,
            19.967361
          ],
          [
            73.666048,
            19.967323
          ],
          [
            73.665887,
            19.967237
          ],
          [
            73.665661,
            19.967156
          ],
          [
            73.665559,
            19.967121
          ],
          [
            73.665361,
            19.967074
          ],
          [
            73.665093,
            19.967024
          ],
          [
            73.664616,
            19.966958
          ],
          [
            73.663403,
            19.966762
          ],
          [
            73.662899,
            19.966651
          ],
          [
            73.662196,
            19.966373
          ],
          [
            73.661799,
            19.966228
          ],
          [
            73.661714,
            19.966197
          ],
          [
            73.661236,
            19.966041
          ],
          [
            73.660802,
            19.965935
          ],
          [
            73.660238,
            19.965854
          ],
          [
            73.660197,
            19.96585
          ],
          [
            73.658023,
            19.965642
          ],
          [
            73.655255,
            19.965486
          ],
          [
            73.652819,
            19.965294
          ],
          [
            73.651484,
            19.965138
          ],
          [
            73.650754,
            19.965062
          ],
          [
            73.650025,
            19.964941
          ],
          [
            73.649322,
            19.96474
          ],
          [
            73.648458,
            19.964459
          ],
          [
            73.647912,
            19.964241
          ],
          [
            73.64746,
            19.963999
          ],
          [
            73.644688,
            19.962273
          ],
          [
            73.644342,
            19.962063
          ],
          [
            73.64396,
            19.961837
          ],
          [
            73.643629,
            19.961653
          ],
          [
            73.642298,
            19.960851
          ],
          [
            73.641733,
            19.960494
          ],
          [
            73.64146,
            19.96034
          ],
          [
            73.641255,
            19.960259
          ],
          [
            73.641012,
            19.960209
          ],
          [
            73.639195,
            19.959999
          ],
          [
            73.637458,
            19.959795
          ],
          [
            73.63635,
            19.959674
          ],
          [
            73.635902,
            19.95966
          ],
          [
            73.635478,
            19.959681
          ],
          [
            73.633972,
            19.959966
          ],
          [
            73.63305,
            19.960098
          ],
          [
            73.632523,
            19.960088
          ],
          [
            73.631309,
            19.959895
          ],
          [
            73.63008,
            19.959698
          ],
          [
            73.629116,
            19.959556
          ],
          [
            73.628771,
            19.959471
          ],
          [
            73.627831,
            19.959072
          ],
          [
            73.627379,
            19.958875
          ],
          [
            73.627047,
            19.958628
          ],
          [
            73.626914,
            19.958496
          ],
          [
            73.626793,
            19.958367
          ],
          [
            73.626603,
            19.958079
          ],
          [
            73.626455,
            19.957893
          ],
          [
            73.626288,
            19.957722
          ],
          [
            73.625894,
            19.957483
          ],
          [
            73.625564,
            19.957394
          ],
          [
            73.625314,
            19.957355
          ],
          [
            73.625128,
            19.957358
          ],
          [
            73.623231,
            19.957596
          ],
          [
            73.621882,
            19.957935
          ],
          [
            73.621151,
            19.958155
          ],
          [
            73.620105,
            19.958567
          ],
          [
            73.61974,
            19.958728
          ],
          [
            73.618986,
            19.959046
          ],
          [
            73.618571,
            19.959156
          ],
          [
            73.618206,
            19.959186
          ],
          [
            73.617601,
            19.959173
          ],
          [
            73.615693,
            19.958995
          ],
          [
            73.615179,
            19.958944
          ],
          [
            73.614575,
            19.958838
          ],
          [
            73.613348,
            19.958615
          ],
          [
            73.613335,
            19.958672
          ],
          [
            73.613766,
            19.95875
          ],
          [
            73.615271,
            19.959021
          ],
          [
            73.615952,
            19.959086
          ],
          [
            73.617666,
            19.959251
          ],
          [
            73.617976,
            19.959271
          ],
          [
            73.618374,
            19.959255
          ],
          [
            73.618764,
            19.959188
          ],
          [
            73.618875,
            19.959149
          ],
          [
            73.619031,
            19.959987
          ],
          [
            73.619229,
            19.960396
          ],
          [
            73.619326,
            19.961167
          ],
          [
            73.619326,
            19.961293
          ],
          [
            73.619272,
            19.961732
          ],
          [
            73.619263,
            19.961976
          ],
          [
            73.619245,
            19.962478
          ],
          [
            73.619133,
            19.963396
          ],
          [
            73.619733,
            19.963441
          ],
          [
            73.620104,
            19.963583
          ],
          [
            73.620152,
            19.963628
          ],
          [
            73.620254,
            19.963668
          ],
          [
            73.620297,
            19.963668
          ],
          [
            73.621112,
            19.96386
          ],
          [
            73.622228,
            19.96386
          ],
          [
            73.621112,
            19.96386
          ],
          [
            73.620297,
            19.963668
          ],
          [
            73.620254,
            19.963668
          ],
          [
            73.620152,
            19.963628
          ],
          [
            73.620104,
            19.963583
          ],
          [
            73.619733,
            19.963441
          ],
          [
            73.619133,
            19.963396
          ],
          [
            73.619245,
            19.962478
          ],
          [
            73.619272,
            19.961732
          ],
          [
            73.619326,
            19.961293
          ],
          [
            73.619326,
            19.961167
          ],
          [
            73.619229,
            19.960396
          ],
          [
            73.619031,
            19.959987
          ],
          [
            73.618875,
            19.959149
          ],
          [
            73.61916,
            19.959049
          ],
          [
            73.619802,
            19.958771
          ],
          [
            73.620369,
            19.95851
          ],
          [
            73.621348,
            19.958134
          ],
          [
            73.622216,
            19.957908
          ],
          [
            73.622346,
            19.957878
          ],
          [
            73.623422,
            19.957629
          ],
          [
            73.624248,
            19.957516
          ],
          [
            73.62458,
            19.957486
          ],
          [
            73.624988,
            19.957433
          ],
          [
            73.625272,
            19.957422
          ],
          [
            73.625489,
            19.957436
          ],
          [
            73.625808,
            19.957517
          ],
          [
            73.625987,
            19.957607
          ],
          [
            73.626256,
            19.957794
          ],
          [
            73.626406,
            19.957933
          ],
          [
            73.626568,
            19.958162
          ],
          [
            73.626775,
            19.95847
          ],
          [
            73.627018,
            19.958698
          ],
          [
            73.627179,
            19.958807
          ],
          [
            73.627322,
            19.958903
          ],
          [
            73.627685,
            19.959076
          ],
          [
            73.628585,
            19.959468
          ],
          [
            73.628713,
            19.959524
          ],
          [
            73.629216,
            19.959664
          ],
          [
            73.629658,
            19.959731
          ],
          [
            73.630073,
            19.959795
          ],
          [
            73.631556,
            19.960033
          ],
          [
            73.632234,
            19.960144
          ],
          [
            73.632497,
            19.96017
          ],
          [
            73.632782,
            19.960179
          ],
          [
            73.633027,
            19.960165
          ],
          [
            73.633199,
            19.960155
          ],
          [
            73.633654,
            19.960085
          ],
          [
            73.635754,
            19.959734
          ],
          [
            73.636187,
            19.959742
          ],
          [
            73.637143,
            19.959838
          ],
          [
            73.638884,
            19.960038
          ],
          [
            73.641092,
            19.960329
          ],
          [
            73.641281,
            19.960381
          ],
          [
            73.641448,
            19.960447
          ],
          [
            73.641725,
            19.960593
          ],
          [
            73.642033,
            19.960788
          ],
          [
            73.64267,
            19.961172
          ],
          [
            73.643313,
            19.961574
          ],
          [
            73.643904,
            19.961922
          ],
          [
            73.64396,
            19.961837
          ],
          [
            73.643629,
            19.961653
          ],
          [
            73.642298,
            19.960851
          ],
          [
            73.641733,
            19.960494
          ],
          [
            73.64146,
            19.96034
          ],
          [
            73.641255,
            19.960259
          ],
          [
            73.641012,
            19.960209
          ],
          [
            73.639195,
            19.959999
          ],
          [
            73.637458,
            19.959795
          ],
          [
            73.63635,
            19.959674
          ],
          [
            73.635902,
            19.95966
          ],
          [
            73.635478,
            19.959681
          ],
          [
            73.633972,
            19.959966
          ],
          [
            73.63305,
            19.960098
          ],
          [
            73.632523,
            19.960088
          ],
          [
            73.631309,
            19.959895
          ],
          [
            73.63008,
            19.959698
          ],
          [
            73.629116,
            19.959556
          ],
          [
            73.628771,
            19.959471
          ],
          [
            73.627831,
            19.959072
          ],
          [
            73.627379,
            19.958875
          ],
          [
            73.627047,
            19.958628
          ],
          [
            73.626914,
            19.958496
          ],
          [
            73.626793,
            19.958367
          ],
          [
            73.626603,
            19.958079
          ],
          [
            73.626455,
            19.957893
          ],
          [
            73.626288,
            19.957722
          ],
          [
            73.625894,
            19.957483
          ],
          [
            73.625564,
            19.957394
          ],
          [
            73.625314,
            19.957355
          ],
          [
            73.625128,
            19.957358
          ],
          [
            73.623231,
            19.957596
          ],
          [
            73.621882,
            19.957935
          ],
          [
            73.621151,
            19.958155
          ],
          [
            73.620105,
            19.958567
          ],
          [
            73.61974,
            19.958728
          ],
          [
            73.618986,
            19.959046
          ],
          [
            73.618571,
            19.959156
          ],
          [
            73.618206,
            19.959186
          ],
          [
            73.617601,
            19.959173
          ],
          [
            73.615693,
            19.958995
          ],
          [
            73.615179,
            19.958944
          ],
          [
            73.614575,
            19.958838
          ],
          [
            73.613348,
            19.958615
          ],
          [
            73.612283,
            19.958431
          ],
          [
            73.610835,
            19.958172
          ],
          [
            73.609734,
            19.957969
          ],
          [
            73.60823,
            19.957693
          ],
          [
            73.607835,
            19.957621
          ],
          [
            73.605959,
            19.957286
          ],
          [
            73.603919,
            19.956949
          ],
          [
            73.603603,
            19.956864
          ],
          [
            73.603093,
            19.956596
          ],
          [
            73.60187,
            19.955815
          ],
          [
            73.601521,
            19.955618
          ],
          [
            73.601234,
            19.95554
          ],
          [
            73.600674,
            19.955452
          ],
          [
            73.59911,
            19.955237
          ],
          [
            73.597927,
            19.955074
          ],
          [
            73.596142,
            19.954945
          ],
          [
            73.595816,
            19.954921
          ],
          [
            73.593818,
            19.954776
          ],
          [
            73.591877,
            19.95464
          ],
          [
            73.590862,
            19.954559
          ],
          [
            73.590256,
            19.954474
          ],
          [
            73.588277,
            19.954035
          ],
          [
            73.586093,
            19.953521
          ],
          [
            73.585119,
            19.953217
          ],
          [
            73.584672,
            19.953188
          ],
          [
            73.584157,
            19.953193
          ],
          [
            73.583309,
            19.953132
          ],
          [
            73.582736,
            19.953052
          ],
          [
            73.58053,
            19.952744
          ],
          [
            73.578218,
            19.952472
          ],
          [
            73.575461,
            19.952079
          ],
          [
            73.574899,
            19.952011
          ],
          [
            73.573347,
            19.951826
          ],
          [
            73.572419,
            19.951796
          ],
          [
            73.572051,
            19.951823
          ],
          [
            73.569533,
            19.952003
          ],
          [
            73.568809,
            19.951978
          ],
          [
            73.567768,
            19.951791
          ],
          [
            73.56676,
            19.951489
          ],
          [
            73.565,
            19.950858
          ],
          [
            73.5649,
            19.950825
          ],
          [
            73.564118,
            19.950567
          ],
          [
            73.564099,
            19.950561
          ],
          [
            73.562071,
            19.949668
          ],
          [
            73.558821,
            19.948226
          ],
          [
            73.556991,
            19.947359
          ],
          [
            73.555382,
            19.946406
          ],
          [
            73.554947,
            19.946116
          ],
          [
            73.554545,
            19.945881
          ],
          [
            73.553703,
            19.945377
          ],
          [
            73.553518,
            19.945269
          ],
          [
            73.553275,
            19.945145
          ],
          [
            73.552743,
            19.944968
          ],
          [
            73.552017,
            19.944879
          ],
          [
            73.551285,
            19.944805
          ],
          [
            73.550222,
            19.944724
          ],
          [
            73.549705,
            19.94467
          ],
          [
            73.549229,
            19.944556
          ],
          [
            73.54877,
            19.9444
          ],
          [
            73.54774,
            19.943891
          ],
          [
            73.546796,
            19.943383
          ],
          [
            73.54589,
            19.942988
          ],
          [
            73.544467,
            19.942282
          ],
          [
            73.543227,
            19.94174
          ],
          [
            73.54171,
            19.941024
          ],
          [
            73.539833,
            19.939904
          ],
          [
            73.537556,
            19.938453
          ],
          [
            73.537364,
            19.938309
          ],
          [
            73.536305,
            19.937422
          ],
          [
            73.536292,
            19.937409
          ],
          [
            73.536215,
            19.937337
          ],
          [
            73.536152,
            19.937395
          ],
          [
            73.536073,
            19.937487
          ],
          [
            73.535438,
            19.938249
          ],
          [
            73.534651,
            19.939192
          ],
          [
            73.533449,
            19.940633
          ],
          [
            73.533129,
            19.941022
          ],
          [
            73.531902,
            19.942614
          ]
        ],
        "type": "LineString"
      }
    },
    {
      "type": "Feature",
      "properties": {
        "name": "Peth Road",
        "nameHindi": "पेठ रोड",
        "roadType": "State Highway",
        "from": "Peth, Dindori",
        "to": "Trimbakeshwar",
        "distance": "45 km",
        "states": "Gujarat, Madhyapradesh, Rajasthan, Delhi",
        "lineType": "road"
      },
      "geometry": {
        "coordinates": [
          [
            73.546141,
            20.159616
          ],
          [
            73.546019,
            20.159296
          ],
          [
            73.545778,
            20.158962
          ],
          [
            73.545512,
            20.158401
          ],
          [
            73.545445,
            20.158209
          ],
          [
            73.545427,
            20.158012
          ],
          [
            73.54544,
            20.157865
          ],
          [
            73.545384,
            20.157701
          ],
          [
            73.545345,
            20.157625
          ],
          [
            73.545232,
            20.157531
          ],
          [
            73.545138,
            20.157398
          ],
          [
            73.54484,
            20.156824
          ],
          [
            73.544787,
            20.15679
          ],
          [
            73.544646,
            20.156739
          ],
          [
            73.54453,
            20.156653
          ],
          [
            73.544046,
            20.15603
          ],
          [
            73.543887,
            20.155907
          ],
          [
            73.543347,
            20.155594
          ],
          [
            73.543067,
            20.155327
          ],
          [
            73.543008,
            20.155226
          ],
          [
            73.542993,
            20.155053
          ],
          [
            73.54288,
            20.15487
          ],
          [
            73.542614,
            20.154563
          ],
          [
            73.542193,
            20.154185
          ],
          [
            73.541289,
            20.153377
          ],
          [
            73.540964,
            20.153059
          ],
          [
            73.540669,
            20.152809
          ],
          [
            73.540349,
            20.152689
          ],
          [
            73.540197,
            20.152542
          ],
          [
            73.540098,
            20.152378
          ],
          [
            73.539928,
            20.152095
          ],
          [
            73.539408,
            20.151589
          ],
          [
            73.538886,
            20.151046
          ],
          [
            73.538542,
            20.15062
          ],
          [
            73.538207,
            20.150377
          ],
          [
            73.53802,
            20.150211
          ],
          [
            73.537856,
            20.149992
          ],
          [
            73.537704,
            20.149655
          ],
          [
            73.537674,
            20.149408
          ],
          [
            73.537699,
            20.148931
          ],
          [
            73.537643,
            20.148794
          ],
          [
            73.537571,
            20.148648
          ],
          [
            73.537487,
            20.148597
          ],
          [
            73.537148,
            20.148508
          ],
          [
            73.537059,
            20.148453
          ],
          [
            73.53701,
            20.148203
          ],
          [
            73.537018,
            20.147866
          ],
          [
            73.537033,
            20.147767
          ],
          [
            73.537154,
            20.147587
          ],
          [
            73.537182,
            20.147418
          ],
          [
            73.537113,
            20.147224
          ],
          [
            73.536978,
            20.146935
          ],
          [
            73.53715,
            20.146809
          ],
          [
            73.537811,
            20.146589
          ],
          [
            73.538194,
            20.146355
          ],
          [
            73.538346,
            20.146152
          ],
          [
            73.538521,
            20.145711
          ],
          [
            73.538809,
            20.145307
          ],
          [
            73.539095,
            20.145006
          ],
          [
            73.538845,
            20.144821
          ],
          [
            73.53841,
            20.144524
          ],
          [
            73.538181,
            20.144414
          ],
          [
            73.53787,
            20.144318
          ],
          [
            73.537665,
            20.144237
          ],
          [
            73.537486,
            20.14414
          ],
          [
            73.537183,
            20.143833
          ],
          [
            73.536449,
            20.142781
          ],
          [
            73.53628,
            20.142508
          ],
          [
            73.536136,
            20.142239
          ],
          [
            73.536099,
            20.142068
          ],
          [
            73.536113,
            20.141829
          ],
          [
            73.536141,
            20.141317
          ],
          [
            73.536204,
            20.141014
          ],
          [
            73.536332,
            20.140577
          ],
          [
            73.536358,
            20.140347
          ],
          [
            73.536336,
            20.140039
          ],
          [
            73.536269,
            20.139595
          ],
          [
            73.536206,
            20.139334
          ],
          [
            73.536089,
            20.139118
          ],
          [
            73.535974,
            20.138958
          ],
          [
            73.535854,
            20.138824
          ],
          [
            73.535713,
            20.138624
          ],
          [
            73.535598,
            20.138383
          ],
          [
            73.535563,
            20.138308
          ],
          [
            73.535472,
            20.138188
          ],
          [
            73.535357,
            20.138072
          ],
          [
            73.535246,
            20.137992
          ],
          [
            73.535194,
            20.13791
          ],
          [
            73.535144,
            20.137796
          ],
          [
            73.535161,
            20.137509
          ],
          [
            73.535009,
            20.137181
          ],
          [
            73.534823,
            20.136889
          ],
          [
            73.534605,
            20.136375
          ],
          [
            73.534336,
            20.13579
          ],
          [
            73.534232,
            20.135501
          ],
          [
            73.534123,
            20.135305
          ],
          [
            73.533958,
            20.135115
          ],
          [
            73.533845,
            20.13506
          ],
          [
            73.533704,
            20.135048
          ],
          [
            73.533474,
            20.135007
          ],
          [
            73.533237,
            20.134822
          ],
          [
            73.53312,
            20.134654
          ],
          [
            73.53302,
            20.134463
          ],
          [
            73.532809,
            20.13392
          ],
          [
            73.532714,
            20.133588
          ],
          [
            73.532627,
            20.132927
          ],
          [
            73.53261,
            20.132487
          ],
          [
            73.532577,
            20.132171
          ],
          [
            73.53254,
            20.13193
          ],
          [
            73.532406,
            20.131533
          ],
          [
            73.532308,
            20.131372
          ],
          [
            73.532151,
            20.131109
          ],
          [
            73.531978,
            20.130817
          ],
          [
            73.531797,
            20.130409
          ],
          [
            73.531672,
            20.129895
          ],
          [
            73.531548,
            20.129573
          ],
          [
            73.531413,
            20.129335
          ],
          [
            73.531187,
            20.12908
          ],
          [
            73.531031,
            20.128862
          ],
          [
            73.530907,
            20.128705
          ],
          [
            73.530718,
            20.128513
          ],
          [
            73.53062,
            20.128397
          ],
          [
            73.530588,
            20.128319
          ],
          [
            73.530553,
            20.128195
          ],
          [
            73.530505,
            20.128095
          ],
          [
            73.530395,
            20.127969
          ],
          [
            73.530236,
            20.127879
          ],
          [
            73.529997,
            20.127806
          ],
          [
            73.529741,
            20.127746
          ],
          [
            73.529552,
            20.127757
          ],
          [
            73.529374,
            20.127808
          ],
          [
            73.529257,
            20.127816
          ],
          [
            73.52889,
            20.127736
          ],
          [
            73.528633,
            20.127618
          ],
          [
            73.528388,
            20.127494
          ],
          [
            73.528114,
            20.127318
          ],
          [
            73.52793,
            20.127127
          ],
          [
            73.527821,
            20.127002
          ],
          [
            73.527721,
            20.126933
          ],
          [
            73.527517,
            20.12687
          ],
          [
            73.527248,
            20.12679
          ],
          [
            73.527107,
            20.126776
          ],
          [
            73.526883,
            20.126757
          ],
          [
            73.526694,
            20.126727
          ],
          [
            73.526384,
            20.126668
          ],
          [
            73.525997,
            20.126505
          ],
          [
            73.525643,
            20.126429
          ],
          [
            73.525478,
            20.126397
          ],
          [
            73.525293,
            20.126388
          ],
          [
            73.525061,
            20.126364
          ],
          [
            73.524863,
            20.126382
          ],
          [
            73.52472,
            20.126441
          ],
          [
            73.524599,
            20.12656
          ],
          [
            73.524418,
            20.126792
          ],
          [
            73.524197,
            20.127027
          ],
          [
            73.52411,
            20.127065
          ],
          [
            73.523962,
            20.1271
          ],
          [
            73.523799,
            20.127118
          ],
          [
            73.523537,
            20.127129
          ],
          [
            73.523461,
            20.127118
          ],
          [
            73.523354,
            20.12708
          ],
          [
            73.523243,
            20.127037
          ],
          [
            73.523078,
            20.126963
          ],
          [
            73.522976,
            20.126917
          ],
          [
            73.52277,
            20.126898
          ],
          [
            73.52269,
            20.126906
          ],
          [
            73.522505,
            20.126947
          ],
          [
            73.522231,
            20.127004
          ],
          [
            73.522023,
            20.127031
          ],
          [
            73.521882,
            20.127033
          ],
          [
            73.521723,
            20.12708
          ],
          [
            73.521617,
            20.127116
          ],
          [
            73.521521,
            20.127175
          ],
          [
            73.521417,
            20.127235
          ],
          [
            73.521233,
            20.1273
          ],
          [
            73.520868,
            20.127367
          ],
          [
            73.520527,
            20.127439
          ],
          [
            73.520416,
            20.127451
          ],
          [
            73.520229,
            20.127467
          ],
          [
            73.520045,
            20.127388
          ],
          [
            73.519847,
            20.127279
          ],
          [
            73.519756,
            20.127184
          ],
          [
            73.519688,
            20.127088
          ],
          [
            73.519632,
            20.126986
          ],
          [
            73.519608,
            20.126866
          ],
          [
            73.519563,
            20.126431
          ],
          [
            73.51951,
            20.125956
          ],
          [
            73.519504,
            20.125693
          ],
          [
            73.51951,
            20.125589
          ],
          [
            73.519523,
            20.125524
          ],
          [
            73.519547,
            20.125463
          ],
          [
            73.519543,
            20.125379
          ],
          [
            73.519528,
            20.125342
          ],
          [
            73.519473,
            20.125324
          ],
          [
            73.519434,
            20.125324
          ],
          [
            73.519417,
            20.125353
          ],
          [
            73.519384,
            20.125426
          ],
          [
            73.519367,
            20.125534
          ],
          [
            73.51935,
            20.125654
          ],
          [
            73.519332,
            20.125864
          ],
          [
            73.519278,
            20.12618
          ],
          [
            73.519235,
            20.126643
          ],
          [
            73.519178,
            20.127037
          ],
          [
            73.519191,
            20.127202
          ],
          [
            73.519217,
            20.127288
          ],
          [
            73.519278,
            20.1274
          ],
          [
            73.519356,
            20.12751
          ],
          [
            73.519369,
            20.127671
          ],
          [
            73.519374,
            20.127797
          ],
          [
            73.519395,
            20.127903
          ],
          [
            73.519502,
            20.128014
          ],
          [
            73.51971,
            20.128232
          ],
          [
            73.519717,
            20.128297
          ],
          [
            73.51971,
            20.128383
          ],
          [
            73.519649,
            20.128601
          ],
          [
            73.519476,
            20.129115
          ],
          [
            73.519317,
            20.129394
          ],
          [
            73.519074,
            20.129792
          ],
          [
            73.518774,
            20.130106
          ],
          [
            73.518505,
            20.130358
          ],
          [
            73.518188,
            20.130593
          ],
          [
            73.517958,
            20.130715
          ],
          [
            73.517825,
            20.130813
          ],
          [
            73.517471,
            20.131158
          ],
          [
            73.517146,
            20.131423
          ],
          [
            73.516846,
            20.1316
          ],
          [
            73.516488,
            20.1317
          ],
          [
            73.51622,
            20.131782
          ],
          [
            73.515877,
            20.131816
          ],
          [
            73.515373,
            20.131822
          ],
          [
            73.51505,
            20.131792
          ],
          [
            73.514822,
            20.131771
          ],
          [
            73.514346,
            20.13171
          ],
          [
            73.513905,
            20.131616
          ],
          [
            73.513567,
            20.131476
          ],
          [
            73.513158,
            20.131274
          ],
          [
            73.512713,
            20.131086
          ],
          [
            73.512416,
            20.130895
          ],
          [
            73.51189,
            20.130587
          ],
          [
            73.511378,
            20.130238
          ],
          [
            73.510909,
            20.129942
          ],
          [
            73.51034,
            20.129506
          ],
          [
            73.510088,
            20.12929
          ],
          [
            73.509675,
            20.128821
          ],
          [
            73.509388,
            20.128578
          ],
          [
            73.5091,
            20.128171
          ],
          [
            73.508976,
            20.128097
          ],
          [
            73.508826,
            20.128028
          ],
          [
            73.508624,
            20.127936
          ],
          [
            73.508242,
            20.12772
          ],
          [
            73.507758,
            20.127428
          ],
          [
            73.507234,
            20.127069
          ],
          [
            73.506876,
            20.126853
          ],
          [
            73.506615,
            20.126696
          ],
          [
            73.506201,
            20.126433
          ],
          [
            73.505771,
            20.126156
          ],
          [
            73.505217,
            20.125769
          ],
          [
            73.504739,
            20.125371
          ],
          [
            73.504181,
            20.124977
          ],
          [
            73.503586,
            20.124455
          ],
          [
            73.502934,
            20.123836
          ],
          [
            73.502398,
            20.123413
          ],
          [
            73.501996,
            20.123134
          ],
          [
            73.501832,
            20.123067
          ],
          [
            73.501707,
            20.123016
          ],
          [
            73.501167,
            20.122798
          ],
          [
            73.500509,
            20.122551
          ],
          [
            73.500324,
            20.12243
          ],
          [
            73.499382,
            20.121843
          ],
          [
            73.498767,
            20.121415
          ],
          [
            73.498074,
            20.12095
          ],
          [
            73.497733,
            20.12073
          ],
          [
            73.497403,
            20.120618
          ],
          [
            73.49719,
            20.12054
          ],
          [
            73.497023,
            20.12051
          ],
          [
            73.496713,
            20.120514
          ],
          [
            73.496493,
            20.120505
          ],
          [
            73.496263,
            20.120461
          ],
          [
            73.495953,
            20.120375
          ],
          [
            73.495382,
            20.120212
          ],
          [
            73.494695,
            20.119988
          ],
          [
            73.494387,
            20.119833
          ],
          [
            73.49357,
            20.119388
          ],
          [
            73.493166,
            20.119141
          ],
          [
            73.492865,
            20.119043
          ],
          [
            73.492558,
            20.118956
          ],
          [
            73.492241,
            20.118882
          ],
          [
            73.49124,
            20.118621
          ],
          [
            73.490695,
            20.118507
          ],
          [
            73.490277,
            20.118453
          ],
          [
            73.490067,
            20.118429
          ],
          [
            73.489929,
            20.118411
          ],
          [
            73.489779,
            20.118383
          ],
          [
            73.489286,
            20.118275
          ],
          [
            73.488702,
            20.118063
          ],
          [
            73.488332,
            20.117993
          ],
          [
            73.488059,
            20.117967
          ],
          [
            73.487742,
            20.117944
          ],
          [
            73.487531,
            20.117922
          ],
          [
            73.48727,
            20.117871
          ],
          [
            73.486743,
            20.117602
          ],
          [
            73.486341,
            20.117477
          ],
          [
            73.486109,
            20.117398
          ],
          [
            73.485924,
            20.117377
          ],
          [
            73.485713,
            20.117388
          ],
          [
            73.485416,
            20.117435
          ],
          [
            73.485203,
            20.117469
          ],
          [
            73.484864,
            20.11752
          ],
          [
            73.484608,
            20.117571
          ],
          [
            73.484443,
            20.1176
          ],
          [
            73.48428,
            20.117608
          ],
          [
            73.484122,
            20.117581
          ],
          [
            73.484054,
            20.117459
          ],
          [
            73.484041,
            20.117404
          ],
          [
            73.483928,
            20.116662
          ],
          [
            73.483798,
            20.116081
          ],
          [
            73.483655,
            20.115332
          ],
          [
            73.483509,
            20.115112
          ],
          [
            73.483349,
            20.114971
          ],
          [
            73.483197,
            20.114941
          ],
          [
            73.48273,
            20.114914
          ],
          [
            73.482302,
            20.114945
          ],
          [
            73.481889,
            20.114963
          ],
          [
            73.4817,
            20.114977
          ],
          [
            73.481548,
            20.114967
          ],
          [
            73.481318,
            20.11493
          ],
          [
            73.481107,
            20.114855
          ],
          [
            73.480373,
            20.114488
          ],
          [
            73.479861,
            20.114278
          ],
          [
            73.479433,
            20.114133
          ],
          [
            73.478484,
            20.113974
          ],
          [
            73.477261,
            20.11365
          ],
          [
            73.476067,
            20.113293
          ],
          [
            73.475184,
            20.112918
          ],
          [
            73.475556,
            20.111028
          ],
          [
            73.476134,
            20.10956
          ],
          [
            73.476094,
            20.109145
          ],
          [
            73.475855,
            20.108762
          ],
          [
            73.475385,
            20.107895
          ],
          [
            73.475334,
            20.107221
          ],
          [
            73.475498,
            20.106719
          ],
          [
            73.475931,
            20.106101
          ],
          [
            73.477325,
            20.105205
          ],
          [
            73.47783,
            20.104468
          ],
          [
            73.47906,
            20.103384
          ],
          [
            73.479385,
            20.103111
          ],
          [
            73.480564,
            20.102119
          ],
          [
            73.4811,
            20.101615
          ],
          [
            73.481304,
            20.101177
          ],
          [
            73.481506,
            20.100252
          ],
          [
            73.481467,
            20.099743
          ],
          [
            73.481489,
            20.099219
          ],
          [
            73.481618,
            20.099012
          ],
          [
            73.481845,
            20.098906
          ],
          [
            73.48222,
            20.09887
          ],
          [
            73.482568,
            20.098735
          ],
          [
            73.48302,
            20.098451
          ],
          [
            73.484161,
            20.097567
          ],
          [
            73.484588,
            20.097176
          ],
          [
            73.484624,
            20.096809
          ],
          [
            73.484574,
            20.096278
          ],
          [
            73.484571,
            20.095731
          ],
          [
            73.484462,
            20.095435
          ],
          [
            73.484348,
            20.095159
          ],
          [
            73.484232,
            20.094891
          ],
          [
            73.483926,
            20.094406
          ],
          [
            73.483713,
            20.093993
          ],
          [
            73.483732,
            20.093722
          ],
          [
            73.483857,
            20.093375
          ],
          [
            73.484008,
            20.093135
          ],
          [
            73.484232,
            20.092991
          ],
          [
            73.484317,
            20.092871
          ],
          [
            73.484314,
            20.092675
          ],
          [
            73.484272,
            20.092495
          ],
          [
            73.48431,
            20.092335
          ],
          [
            73.484438,
            20.092144
          ],
          [
            73.48469,
            20.091829
          ],
          [
            73.484897,
            20.091647
          ],
          [
            73.485146,
            20.091536
          ],
          [
            73.485363,
            20.091455
          ],
          [
            73.485466,
            20.091248
          ],
          [
            73.485657,
            20.091081
          ],
          [
            73.485864,
            20.090895
          ],
          [
            73.4863,
            20.09074
          ],
          [
            73.486365,
            20.090575
          ],
          [
            73.486431,
            20.090346
          ],
          [
            73.486535,
            20.090208
          ],
          [
            73.486744,
            20.090089
          ],
          [
            73.486921,
            20.089937
          ],
          [
            73.487147,
            20.089665
          ],
          [
            73.487429,
            20.089486
          ],
          [
            73.4877,
            20.089324
          ],
          [
            73.487853,
            20.089217
          ],
          [
            73.487986,
            20.089064
          ],
          [
            73.488248,
            20.088143
          ],
          [
            73.488279,
            20.087413
          ],
          [
            73.488219,
            20.08632
          ],
          [
            73.488231,
            20.085716
          ],
          [
            73.488306,
            20.085554
          ],
          [
            73.48834,
            20.085284
          ],
          [
            73.488359,
            20.085014
          ],
          [
            73.488245,
            20.084764
          ],
          [
            73.488187,
            20.084552
          ],
          [
            73.48813,
            20.084228
          ],
          [
            73.487935,
            20.08372
          ],
          [
            73.487736,
            20.083491
          ],
          [
            73.487597,
            20.083249
          ],
          [
            73.487578,
            20.082811
          ],
          [
            73.487584,
            20.082248
          ],
          [
            73.48765,
            20.081918
          ],
          [
            73.48768,
            20.081732
          ],
          [
            73.487684,
            20.081544
          ],
          [
            73.487607,
            20.081433
          ],
          [
            73.487501,
            20.081351
          ],
          [
            73.48721,
            20.08117
          ],
          [
            73.487202,
            20.081055
          ],
          [
            73.487251,
            20.080902
          ],
          [
            73.48738,
            20.080494
          ],
          [
            73.487338,
            20.080244
          ],
          [
            73.487337,
            20.079895
          ],
          [
            73.487328,
            20.079524
          ],
          [
            73.487496,
            20.079452
          ],
          [
            73.48771,
            20.079392
          ],
          [
            73.487977,
            20.079348
          ],
          [
            73.488163,
            20.079208
          ],
          [
            73.488497,
            20.078899
          ],
          [
            73.488905,
            20.078617
          ],
          [
            73.489177,
            20.078427
          ],
          [
            73.489424,
            20.078285
          ],
          [
            73.489923,
            20.077756
          ],
          [
            73.490201,
            20.077586
          ],
          [
            73.490411,
            20.077402
          ],
          [
            73.49041,
            20.077062
          ],
          [
            73.490282,
            20.076734
          ],
          [
            73.490139,
            20.076279
          ],
          [
            73.49031,
            20.076123
          ],
          [
            73.490754,
            20.076235
          ],
          [
            73.491301,
            20.076396
          ],
          [
            73.491855,
            20.076517
          ],
          [
            73.492418,
            20.076647
          ],
          [
            73.492915,
            20.076749
          ],
          [
            73.493095,
            20.076964
          ],
          [
            73.493262,
            20.077276
          ],
          [
            73.493348,
            20.077397
          ],
          [
            73.493435,
            20.077468
          ],
          [
            73.493492,
            20.077476
          ],
          [
            73.493548,
            20.077454
          ],
          [
            73.49359,
            20.077405
          ],
          [
            73.493597,
            20.077342
          ],
          [
            73.493394,
            20.077096
          ],
          [
            73.493255,
            20.076819
          ],
          [
            73.493056,
            20.076552
          ],
          [
            73.492771,
            20.076386
          ],
          [
            73.492332,
            20.076253
          ],
          [
            73.492003,
            20.075913
          ],
          [
            73.491549,
            20.075669
          ],
          [
            73.491142,
            20.075433
          ],
          [
            73.490807,
            20.075243
          ],
          [
            73.490577,
            20.075139
          ],
          [
            73.490554,
            20.07506
          ],
          [
            73.490599,
            20.074981
          ],
          [
            73.490754,
            20.074975
          ],
          [
            73.491104,
            20.07502
          ],
          [
            73.491393,
            20.075298
          ],
          [
            73.491589,
            20.075398
          ],
          [
            73.491855,
            20.075468
          ],
          [
            73.492465,
            20.075787
          ],
          [
            73.492972,
            20.076005
          ],
          [
            73.49326,
            20.076051
          ],
          [
            73.493375,
            20.07597
          ],
          [
            73.493453,
            20.075666
          ],
          [
            73.49359,
            20.075248
          ],
          [
            73.4938,
            20.074423
          ],
          [
            73.493874,
            20.074089
          ],
          [
            73.493717,
            20.073793
          ],
          [
            73.493747,
            20.073599
          ],
          [
            73.493924,
            20.073469
          ],
          [
            73.494224,
            20.073419
          ],
          [
            73.494322,
            20.073353
          ],
          [
            73.494507,
            20.073135
          ],
          [
            73.494646,
            20.072995
          ],
          [
            73.494811,
            20.072922
          ],
          [
            73.494891,
            20.072941
          ],
          [
            73.494977,
            20.073043
          ],
          [
            73.495203,
            20.073414
          ],
          [
            73.495265,
            20.073494
          ],
          [
            73.49555,
            20.073889
          ],
          [
            73.49579,
            20.074273
          ],
          [
            73.496144,
            20.074684
          ],
          [
            73.496354,
            20.074773
          ],
          [
            73.496584,
            20.074713
          ],
          [
            73.496763,
            20.074566
          ],
          [
            73.49687,
            20.07429
          ],
          [
            73.496915,
            20.074001
          ],
          [
            73.49686,
            20.073699
          ],
          [
            73.496853,
            20.073572
          ],
          [
            73.496875,
            20.073493
          ],
          [
            73.496916,
            20.073477
          ],
          [
            73.496963,
            20.073472
          ],
          [
            73.497143,
            20.07356
          ],
          [
            73.497289,
            20.07373
          ],
          [
            73.497484,
            20.073787
          ],
          [
            73.49759,
            20.073745
          ],
          [
            73.497661,
            20.073502
          ],
          [
            73.497674,
            20.073216
          ],
          [
            73.497722,
            20.072965
          ],
          [
            73.497909,
            20.07264
          ],
          [
            73.497997,
            20.072295
          ],
          [
            73.498068,
            20.072022
          ],
          [
            73.49807,
            20.07177
          ],
          [
            73.498163,
            20.071598
          ],
          [
            73.498339,
            20.071579
          ],
          [
            73.498501,
            20.071764
          ],
          [
            73.498652,
            20.072183
          ],
          [
            73.498744,
            20.072434
          ],
          [
            73.498922,
            20.07269
          ],
          [
            73.499055,
            20.072842
          ],
          [
            73.499339,
            20.072913
          ],
          [
            73.499607,
            20.073038
          ],
          [
            73.499826,
            20.073105
          ],
          [
            73.49999,
            20.073097
          ],
          [
            73.500182,
            20.072946
          ],
          [
            73.500323,
            20.072681
          ],
          [
            73.500497,
            20.072548
          ],
          [
            73.500675,
            20.072524
          ],
          [
            73.500903,
            20.072567
          ],
          [
            73.501156,
            20.072678
          ],
          [
            73.50143,
            20.072686
          ],
          [
            73.501548,
            20.072612
          ],
          [
            73.501679,
            20.072398
          ],
          [
            73.501836,
            20.072208
          ],
          [
            73.502043,
            20.072073
          ],
          [
            73.502154,
            20.071951
          ],
          [
            73.50218,
            20.071757
          ],
          [
            73.502085,
            20.071423
          ],
          [
            73.502074,
            20.071046
          ],
          [
            73.50216,
            20.070571
          ],
          [
            73.50223,
            20.070258
          ],
          [
            73.502229,
            20.069967
          ],
          [
            73.502147,
            20.06971
          ],
          [
            73.502035,
            20.069501
          ],
          [
            73.50195,
            20.0693
          ],
          [
            73.50198,
            20.069148
          ],
          [
            73.502117,
            20.069065
          ],
          [
            73.502326,
            20.069167
          ],
          [
            73.502552,
            20.069372
          ],
          [
            73.502749,
            20.069497
          ],
          [
            73.502912,
            20.069668
          ],
          [
            73.503106,
            20.070115
          ],
          [
            73.503313,
            20.070205
          ],
          [
            73.503541,
            20.070168
          ],
          [
            73.50368,
            20.070067
          ],
          [
            73.503876,
            20.069861
          ],
          [
            73.503886,
            20.06965
          ],
          [
            73.503812,
            20.069457
          ],
          [
            73.503715,
            20.069266
          ],
          [
            73.503672,
            20.069068
          ],
          [
            73.503654,
            20.06884
          ],
          [
            73.503715,
            20.068511
          ],
          [
            73.503596,
            20.068224
          ],
          [
            73.503542,
            20.067701
          ],
          [
            73.503593,
            20.067451
          ],
          [
            73.503982,
            20.066803
          ],
          [
            73.504402,
            20.066213
          ],
          [
            73.504691,
            20.065866
          ],
          [
            73.504855,
            20.065788
          ],
          [
            73.505157,
            20.065642
          ],
          [
            73.505551,
            20.065452
          ],
          [
            73.506623,
            20.064884
          ],
          [
            73.507674,
            20.064141
          ],
          [
            73.507844,
            20.06419
          ],
          [
            73.509028,
            20.064683
          ],
          [
            73.509998,
            20.064987
          ],
          [
            73.511477,
            20.065478
          ],
          [
            73.512263,
            20.06611
          ],
          [
            73.512728,
            20.066313
          ],
          [
            73.513352,
            20.066936
          ],
          [
            73.513665,
            20.067203
          ],
          [
            73.513813,
            20.06733
          ],
          [
            73.51461,
            20.067676
          ],
          [
            73.514847,
            20.067921
          ],
          [
            73.515509,
            20.068341
          ],
          [
            73.516126,
            20.068765
          ],
          [
            73.51696,
            20.069009
          ],
          [
            73.517181,
            20.069175
          ],
          [
            73.517444,
            20.069326
          ],
          [
            73.517786,
            20.069427
          ],
          [
            73.519166,
            20.069754
          ],
          [
            73.51962,
            20.069806
          ],
          [
            73.520204,
            20.069807
          ],
          [
            73.520796,
            20.069633
          ],
          [
            73.521384,
            20.069517
          ],
          [
            73.521845,
            20.069496
          ],
          [
            73.522296,
            20.069489
          ],
          [
            73.522664,
            20.069709
          ],
          [
            73.523999,
            20.070137
          ],
          [
            73.524253,
            20.070166
          ],
          [
            73.52479,
            20.070163
          ],
          [
            73.525312,
            20.070178
          ],
          [
            73.52584,
            20.070212
          ],
          [
            73.526463,
            20.070439
          ],
          [
            73.527378,
            20.071034
          ],
          [
            73.528032,
            20.071524
          ],
          [
            73.528179,
            20.071603
          ],
          [
            73.52846,
            20.07175
          ],
          [
            73.528677,
            20.071773
          ],
          [
            73.528961,
            20.071751
          ],
          [
            73.528961,
            20.071751
          ],
          [
            73.529284,
            20.071684
          ],
          [
            73.52956,
            20.071419
          ],
          [
            73.52983,
            20.071056
          ],
          [
            73.530143,
            20.070539
          ],
          [
            73.530398,
            20.070368
          ],
          [
            73.530673,
            20.070217
          ],
          [
            73.53079,
            20.070182
          ],
          [
            73.530784,
            20.07011
          ],
          [
            73.530778,
            20.069967
          ],
          [
            73.53077,
            20.069833
          ],
          [
            73.530774,
            20.069746
          ],
          [
            73.530735,
            20.069618
          ],
          [
            73.530695,
            20.069509
          ],
          [
            73.530676,
            20.069465
          ],
          [
            73.530656,
            20.069383
          ],
          [
            73.530624,
            20.069312
          ],
          [
            73.530599,
            20.06923
          ],
          [
            73.530583,
            20.069157
          ],
          [
            73.530577,
            20.0691
          ],
          [
            73.530577,
            20.069012
          ],
          [
            73.530615,
            20.06893
          ],
          [
            73.530642,
            20.068865
          ],
          [
            73.530707,
            20.068753
          ],
          [
            73.530743,
            20.068695
          ],
          [
            73.530833,
            20.06859
          ],
          [
            73.530892,
            20.068495
          ],
          [
            73.530955,
            20.068403
          ],
          [
            73.531028,
            20.0683
          ],
          [
            73.531087,
            20.068212
          ],
          [
            73.53115,
            20.068077
          ],
          [
            73.531193,
            20.067983
          ],
          [
            73.531241,
            20.067838
          ],
          [
            73.531272,
            20.067678
          ],
          [
            73.531315,
            20.067508
          ],
          [
            73.531355,
            20.067372
          ],
          [
            73.531386,
            20.067267
          ],
          [
            73.53142,
            20.067164
          ],
          [
            73.531463,
            20.067017
          ],
          [
            73.531516,
            20.066838
          ],
          [
            73.531559,
            20.066704
          ],
          [
            73.531622,
            20.066547
          ],
          [
            73.531652,
            20.066479
          ],
          [
            73.531705,
            20.066362
          ],
          [
            73.531764,
            20.066238
          ],
          [
            73.531817,
            20.066116
          ],
          [
            73.531878,
            20.06599
          ],
          [
            73.531924,
            20.065873
          ],
          [
            73.532004,
            20.06573
          ],
          [
            73.532034,
            20.06564
          ],
          [
            73.532083,
            20.065543
          ],
          [
            73.532134,
            20.065425
          ],
          [
            73.532197,
            20.065295
          ],
          [
            73.532256,
            20.065159
          ],
          [
            73.532321,
            20.065039
          ],
          [
            73.532374,
            20.064928
          ],
          [
            73.532416,
            20.064833
          ],
          [
            73.532485,
            20.064688
          ],
          [
            73.532542,
            20.064562
          ],
          [
            73.532605,
            20.064441
          ],
          [
            73.532668,
            20.064298
          ],
          [
            73.532715,
            20.064191
          ],
          [
            73.532766,
            20.064088
          ],
          [
            73.532807,
            20.063991
          ],
          [
            73.53288,
            20.063855
          ],
          [
            73.532933,
            20.063741
          ],
          [
            73.532992,
            20.063611
          ],
          [
            73.533028,
            20.063521
          ],
          [
            73.533073,
            20.063433
          ],
          [
            73.533118,
            20.063353
          ],
          [
            73.53315,
            20.063269
          ],
          [
            73.533187,
            20.06316
          ],
          [
            73.533211,
            20.063051
          ],
          [
            73.533238,
            20.06295
          ],
          [
            73.533229,
            20.06288
          ],
          [
            73.533207,
            20.062788
          ],
          [
            73.533166,
            20.062727
          ],
          [
            73.533114,
            20.062673
          ],
          [
            73.533038,
            20.062603
          ],
          [
            73.532957,
            20.062555
          ],
          [
            73.532878,
            20.062511
          ],
          [
            73.53278,
            20.062465
          ],
          [
            73.532668,
            20.062417
          ],
          [
            73.532575,
            20.06237
          ],
          [
            73.532465,
            20.062303
          ],
          [
            73.532388,
            20.062253
          ],
          [
            73.532317,
            20.062223
          ],
          [
            73.532191,
            20.062175
          ],
          [
            73.532071,
            20.062139
          ],
          [
            73.531941,
            20.062089
          ],
          [
            73.531841,
            20.062053
          ],
          [
            73.531746,
            20.062013
          ],
          [
            73.531652,
            20.061976
          ],
          [
            73.531563,
            20.061942
          ],
          [
            73.531469,
            20.061902
          ],
          [
            73.53142,
            20.061879
          ],
          [
            73.531402,
            20.061854
          ],
          [
            73.531408,
            20.061793
          ],
          [
            73.53142,
            20.06173
          ],
          [
            73.531451,
            20.061621
          ],
          [
            73.531471,
            20.061516
          ],
          [
            73.531485,
            20.061428
          ],
          [
            73.531504,
            20.06131
          ],
          [
            73.531518,
            20.06123
          ],
          [
            73.531532,
            20.061123
          ],
          [
            73.531555,
            20.061031
          ],
          [
            73.531573,
            20.060943
          ],
          [
            73.531579,
            20.06088
          ],
          [
            73.531585,
            20.060817
          ],
          [
            73.531583,
            20.060743
          ],
          [
            73.531571,
            20.060699
          ],
          [
            73.531552,
            20.060651
          ],
          [
            73.531532,
            20.060598
          ],
          [
            73.531479,
            20.060569
          ],
          [
            73.531388,
            20.060539
          ],
          [
            73.531268,
            20.06051
          ],
          [
            73.531166,
            20.060483
          ],
          [
            73.531048,
            20.060451
          ],
          [
            73.530953,
            20.060422
          ],
          [
            73.530831,
            20.060382
          ],
          [
            73.530711,
            20.06034
          ],
          [
            73.530591,
            20.060304
          ],
          [
            73.530455,
            20.060264
          ],
          [
            73.530355,
            20.060241
          ],
          [
            73.530243,
            20.060225
          ],
          [
            73.530146,
            20.06018
          ],
          [
            73.529995,
            20.060124
          ],
          [
            73.529851,
            20.060054
          ],
          [
            73.529729,
            20.060004
          ],
          [
            73.529558,
            20.059916
          ],
          [
            73.529384,
            20.05983
          ],
          [
            73.529227,
            20.059765
          ],
          [
            73.529093,
            20.059702
          ],
          [
            73.529014,
            20.059662
          ],
          [
            73.528936,
            20.059616
          ],
          [
            73.528833,
            20.059527
          ],
          [
            73.528739,
            20.059446
          ],
          [
            73.52865,
            20.059376
          ],
          [
            73.528566,
            20.059288
          ],
          [
            73.528483,
            20.059192
          ],
          [
            73.52841,
            20.059108
          ],
          [
            73.528349,
            20.059021
          ],
          [
            73.528304,
            20.058958
          ],
          [
            73.528247,
            20.058883
          ],
          [
            73.528194,
            20.058803
          ],
          [
            73.528131,
            20.058715
          ],
          [
            73.528068,
            20.058622
          ],
          [
            73.528011,
            20.058518
          ],
          [
            73.527965,
            20.058436
          ],
          [
            73.527875,
            20.058339
          ],
          [
            73.527824,
            20.058261
          ],
          [
            73.527739,
            20.058161
          ],
          [
            73.52769,
            20.058112
          ],
          [
            73.527629,
            20.058043
          ],
          [
            73.527566,
            20.057995
          ],
          [
            73.527483,
            20.057948
          ],
          [
            73.527345,
            20.0579
          ],
          [
            73.527247,
            20.057858
          ],
          [
            73.527156,
            20.057818
          ],
          [
            73.527082,
            20.057766
          ],
          [
            73.526991,
            20.057703
          ],
          [
            73.526869,
            20.057638
          ],
          [
            73.526751,
            20.057571
          ],
          [
            73.526656,
            20.057522
          ],
          [
            73.526538,
            20.057459
          ],
          [
            73.526428,
            20.057405
          ],
          [
            73.526286,
            20.057344
          ],
          [
            73.526168,
            20.057285
          ],
          [
            73.526019,
            20.057222
          ],
          [
            73.525875,
            20.057155
          ],
          [
            73.52579,
            20.05709
          ],
          [
            73.52567,
            20.057
          ],
          [
            73.525554,
            20.056928
          ],
          [
            73.525469,
            20.056855
          ],
          [
            73.525332,
            20.056764
          ],
          [
            73.525241,
            20.056687
          ],
          [
            73.525153,
            20.056638
          ],
          [
            73.525064,
            20.056601
          ],
          [
            73.524995,
            20.056577
          ],
          [
            73.524889,
            20.056536
          ],
          [
            73.524777,
            20.056496
          ],
          [
            73.524613,
            20.05646
          ],
          [
            73.524468,
            20.05643
          ],
          [
            73.52434,
            20.056399
          ],
          [
            73.524155,
            20.056367
          ],
          [
            73.523985,
            20.056328
          ],
          [
            73.523814,
            20.056305
          ],
          [
            73.523694,
            20.056277
          ],
          [
            73.523594,
            20.05625
          ],
          [
            73.523476,
            20.056214
          ],
          [
            73.523348,
            20.056174
          ],
          [
            73.523239,
            20.056122
          ],
          [
            73.523125,
            20.056057
          ],
          [
            73.523009,
            20.056
          ],
          [
            73.522889,
            20.05591
          ],
          [
            73.522757,
            20.055839
          ],
          [
            73.522657,
            20.055771
          ],
          [
            73.522507,
            20.055662
          ],
          [
            73.522385,
            20.05557
          ],
          [
            73.522257,
            20.055473
          ],
          [
            73.522151,
            20.055395
          ],
          [
            73.522098,
            20.055345
          ],
          [
            73.521995,
            20.055269
          ],
          [
            73.521873,
            20.05519
          ],
          [
            73.521761,
            20.055104
          ],
          [
            73.521661,
            20.055032
          ],
          [
            73.521582,
            20.054944
          ],
          [
            73.521519,
            20.054845
          ],
          [
            73.521482,
            20.054776
          ],
          [
            73.521419,
            20.054671
          ],
          [
            73.521385,
            20.054616
          ],
          [
            73.521336,
            20.054526
          ],
          [
            73.521295,
            20.054442
          ],
          [
            73.521238,
            20.054329
          ],
          [
            73.52119,
            20.054245
          ],
          [
            73.521149,
            20.054129
          ],
          [
            73.521096,
            20.054031
          ],
          [
            73.521045,
            20.053919
          ],
          [
            73.521007,
            20.053852
          ],
          [
            73.520974,
            20.053775
          ],
          [
            73.520958,
            20.053703
          ],
          [
            73.520946,
            20.053628
          ],
          [
            73.52094,
            20.053546
          ],
          [
            73.520938,
            20.05347
          ],
          [
            73.520954,
            20.053369
          ],
          [
            73.520966,
            20.053279
          ],
          [
            73.520984,
            20.053183
          ],
          [
            73.521003,
            20.053107
          ],
          [
            73.521021,
            20.053013
          ],
          [
            73.521031,
            20.052895
          ],
          [
            73.521039,
            20.05279
          ],
          [
            73.521041,
            20.052681
          ],
          [
            73.521041,
            20.052582
          ],
          [
            73.521033,
            20.052483
          ],
          [
            73.521025,
            20.052416
          ],
          [
            73.520992,
            20.052349
          ],
          [
            73.520944,
            20.052257
          ],
          [
            73.520909,
            20.052169
          ],
          [
            73.520889,
            20.052087
          ],
          [
            73.52087,
            20.052009
          ],
          [
            73.520858,
            20.051938
          ],
          [
            73.520838,
            20.051843
          ],
          [
            73.520828,
            20.051767
          ],
          [
            73.520824,
            20.051683
          ],
          [
            73.520814,
            20.051578
          ],
          [
            73.520799,
            20.051492
          ],
          [
            73.520775,
            20.051371
          ],
          [
            73.520746,
            20.05128
          ],
          [
            73.520696,
            20.051224
          ],
          [
            73.520647,
            20.051203
          ],
          [
            73.52057,
            20.051202
          ],
          [
            73.520661,
            20.051149
          ],
          [
            73.520731,
            20.051091
          ],
          [
            73.520816,
            20.051004
          ],
          [
            73.520881,
            20.050923
          ],
          [
            73.521003,
            20.050767
          ],
          [
            73.521109,
            20.050668
          ],
          [
            73.521259,
            20.050515
          ],
          [
            73.521365,
            20.050404
          ],
          [
            73.521519,
            20.050259
          ],
          [
            73.521588,
            20.050148
          ],
          [
            73.52171,
            20.050018
          ],
          [
            73.521828,
            20.049888
          ],
          [
            73.521983,
            20.049724
          ],
          [
            73.522105,
            20.049579
          ],
          [
            73.522206,
            20.049411
          ],
          [
            73.522304,
            20.049274
          ],
          [
            73.522402,
            20.049117
          ],
          [
            73.522519,
            20.048953
          ],
          [
            73.522597,
            20.048781
          ],
          [
            73.522637,
            20.04862
          ],
          [
            73.522674,
            20.048452
          ],
          [
            73.52269,
            20.048212
          ],
          [
            73.522735,
            20.048025
          ],
          [
            73.522767,
            20.047818
          ],
          [
            73.522808,
            20.047712
          ],
          [
            73.522877,
            20.047517
          ],
          [
            73.522958,
            20.047349
          ],
          [
            73.523068,
            20.047173
          ],
          [
            73.523162,
            20.047013
          ],
          [
            73.523251,
            20.046841
          ],
          [
            73.523349,
            20.046684
          ],
          [
            73.523446,
            20.046524
          ],
          [
            73.523552,
            20.046356
          ],
          [
            73.523678,
            20.046119
          ],
          [
            73.523816,
            20.045886
          ],
          [
            73.523902,
            20.04571
          ],
          [
            73.524028,
            20.045516
          ],
          [
            73.524142,
            20.045344
          ],
          [
            73.524304,
            20.045122
          ],
          [
            73.524438,
            20.044927
          ],
          [
            73.524621,
            20.044675
          ],
          [
            73.524715,
            20.044587
          ],
          [
            73.524898,
            20.044435
          ],
          [
            73.525068,
            20.044309
          ],
          [
            73.525235,
            20.044186
          ],
          [
            73.525386,
            20.044049
          ],
          [
            73.525544,
            20.043904
          ],
          [
            73.525707,
            20.043774
          ],
          [
            73.52591,
            20.04364
          ],
          [
            73.526109,
            20.043514
          ],
          [
            73.526256,
            20.0434
          ],
          [
            73.526451,
            20.043255
          ],
          [
            73.526593,
            20.043148
          ],
          [
            73.526756,
            20.043006
          ],
          [
            73.526886,
            20.042903
          ],
          [
            73.527028,
            20.042777
          ],
          [
            73.527207,
            20.042617
          ],
          [
            73.527418,
            20.04243
          ],
          [
            73.527613,
            20.042262
          ],
          [
            73.527784,
            20.042086
          ],
          [
            73.527987,
            20.041914
          ],
          [
            73.528183,
            20.041746
          ],
          [
            73.528414,
            20.041551
          ],
          [
            73.528577,
            20.04141
          ],
          [
            73.528703,
            20.04128
          ],
          [
            73.528853,
            20.041139
          ],
          [
            73.528971,
            20.041009
          ],
          [
            73.529032,
            20.040948
          ],
          [
            73.529162,
            20.040814
          ],
          [
            73.529292,
            20.040677
          ],
          [
            73.529435,
            20.040562
          ],
          [
            73.529512,
            20.040474
          ],
          [
            73.529618,
            20.040356
          ],
          [
            73.529748,
            20.040157
          ],
          [
            73.529902,
            20.039955
          ],
          [
            73.530045,
            20.039783
          ],
          [
            73.530183,
            20.039588
          ],
          [
            73.530337,
            20.039359
          ],
          [
            73.530488,
            20.039164
          ],
          [
            73.530642,
            20.03895
          ],
          [
            73.53074,
            20.038843
          ],
          [
            73.530845,
            20.038733
          ],
          [
            73.530996,
            20.03858
          ],
          [
            73.531142,
            20.038416
          ],
          [
            73.531305,
            20.038255
          ],
          [
            73.531484,
            20.038068
          ],
          [
            73.531663,
            20.037885
          ],
          [
            73.531821,
            20.037705
          ],
          [
            73.531996,
            20.037526
          ],
          [
            73.532138,
            20.03735
          ],
          [
            73.532244,
            20.037212
          ],
          [
            73.532293,
            20.037098
          ],
          [
            73.532354,
            20.036949
          ],
          [
            73.532374,
            20.036769
          ],
          [
            73.532411,
            20.036544
          ],
          [
            73.532447,
            20.036342
          ],
          [
            73.532508,
            20.036158
          ],
          [
            73.532525,
            20.035937
          ],
          [
            73.532541,
            20.035776
          ],
          [
            73.532581,
            20.03557
          ],
          [
            73.53259,
            20.035417
          ],
          [
            73.532614,
            20.035234
          ],
          [
            73.532642,
            20.035051
          ],
          [
            73.532667,
            20.034871
          ],
          [
            73.532707,
            20.034726
          ],
          [
            73.532756,
            20.034569
          ],
          [
            73.532805,
            20.03444
          ],
          [
            73.532903,
            20.034294
          ],
          [
            73.533061,
            20.034153
          ],
          [
            73.533212,
            20.034031
          ],
          [
            73.533419,
            20.033901
          ],
          [
            73.533598,
            20.033794
          ],
          [
            73.533793,
            20.033699
          ],
          [
            73.533976,
            20.033595
          ],
          [
            73.534224,
            20.033527
          ],
          [
            73.534431,
            20.033416
          ],
          [
            73.534578,
            20.033301
          ],
          [
            73.534752,
            20.033202
          ],
          [
            73.534952,
            20.033091
          ],
          [
            73.535008,
            20.033024
          ],
          [
            73.534987,
            20.03294
          ],
          [
            73.535008,
            20.032737
          ],
          [
            73.535056,
            20.032382
          ],
          [
            73.535089,
            20.03218
          ],
          [
            73.535109,
            20.032011
          ],
          [
            73.535138,
            20.03184
          ],
          [
            73.535207,
            20.031503
          ],
          [
            73.535251,
            20.031232
          ],
          [
            73.535292,
            20.030961
          ],
          [
            73.535292,
            20.030633
          ],
          [
            73.535312,
            20.030312
          ],
          [
            73.535312,
            20.030132
          ],
          [
            73.535341,
            20.029857
          ],
          [
            73.535365,
            20.029594
          ],
          [
            73.535394,
            20.029387
          ],
          [
            73.535406,
            20.029219
          ],
          [
            73.535422,
            20.028975
          ],
          [
            73.535418,
            20.028704
          ],
          [
            73.53541,
            20.028459
          ],
          [
            73.53539,
            20.028303
          ],
          [
            73.535341,
            20.028096
          ],
          [
            73.535243,
            20.027883
          ],
          [
            73.535125,
            20.027695
          ],
          [
            73.534955,
            20.027462
          ],
          [
            73.534825,
            20.027264
          ],
          [
            73.534682,
            20.027096
          ],
          [
            73.534593,
            20.026931
          ],
          [
            73.534528,
            20.026821
          ],
          [
            73.534455,
            20.026649
          ],
          [
            73.534442,
            20.0265
          ],
          [
            73.534467,
            20.026418
          ],
          [
            73.534483,
            20.026198
          ],
          [
            73.534542,
            20.025957
          ],
          [
            73.534532,
            20.02582
          ],
          [
            73.53454,
            20.025541
          ],
          [
            73.53456,
            20.025281
          ],
          [
            73.534581,
            20.025094
          ],
          [
            73.534638,
            20.024896
          ],
          [
            73.53467,
            20.024743
          ],
          [
            73.534703,
            20.024544
          ],
          [
            73.534719,
            20.024384
          ],
          [
            73.534703,
            20.024246
          ],
          [
            73.53465,
            20.02412
          ],
          [
            73.534524,
            20.023906
          ],
          [
            73.534373,
            20.023773
          ],
          [
            73.534239,
            20.023647
          ],
          [
            73.53415,
            20.023543
          ],
          [
            73.534064,
            20.023391
          ],
          [
            73.533983,
            20.023238
          ],
          [
            73.533906,
            20.023074
          ],
          [
            73.533812,
            20.022883
          ],
          [
            73.533719,
            20.022669
          ],
          [
            73.533581,
            20.022455
          ],
          [
            73.533483,
            20.022252
          ],
          [
            73.533385,
            20.022077
          ],
          [
            73.533316,
            20.021874
          ],
          [
            73.533247,
            20.021702
          ],
          [
            73.533198,
            20.0215
          ],
          [
            73.53317,
            20.021324
          ],
          [
            73.533133,
            20.021152
          ],
          [
            73.533105,
            20.021015
          ],
          [
            73.532995,
            20.020686
          ],
          [
            73.532869,
            20.020415
          ],
          [
            73.532747,
            20.020155
          ],
          [
            73.532597,
            20.019934
          ],
          [
            73.532491,
            20.019811
          ],
          [
            73.532349,
            20.01962
          ],
          [
            73.532219,
            20.019479
          ],
          [
            73.532131,
            20.019432
          ],
          [
            73.532013,
            20.019401
          ],
          [
            73.531889,
            20.019376
          ],
          [
            73.531793,
            20.019366
          ],
          [
            73.531688,
            20.019349
          ],
          [
            73.53161,
            20.019344
          ],
          [
            73.531506,
            20.019336
          ],
          [
            73.531374,
            20.019341
          ],
          [
            73.531251,
            20.019351
          ],
          [
            73.531133,
            20.019376
          ],
          [
            73.530985,
            20.019386
          ],
          [
            73.530851,
            20.019419
          ],
          [
            73.530712,
            20.019417
          ],
          [
            73.530494,
            20.019404
          ],
          [
            73.53032,
            20.019389
          ],
          [
            73.53013,
            20.019354
          ],
          [
            73.529904,
            20.019306
          ],
          [
            73.52973,
            20.019258
          ],
          [
            73.529569,
            20.0192
          ],
          [
            73.529427,
            20.019157
          ],
          [
            73.529295,
            20.019112
          ],
          [
            73.529159,
            20.019036
          ],
          [
            73.529006,
            20.01894
          ],
          [
            73.528861,
            20.018855
          ],
          [
            73.528861,
            20.018855
          ],
          [
            73.528738,
            20.018774
          ],
          [
            73.528617,
            20.018716
          ],
          [
            73.528448,
            20.018643
          ],
          [
            73.528292,
            20.018595
          ],
          [
            73.528086,
            20.018555
          ],
          [
            73.527885,
            20.018514
          ],
          [
            73.52767,
            20.018482
          ],
          [
            73.527539,
            20.018474
          ],
          [
            73.527405,
            20.018464
          ],
          [
            73.527313,
            20.018464
          ],
          [
            73.527219,
            20.018461
          ],
          [
            73.52712,
            20.018456
          ],
          [
            73.527002,
            20.018426
          ],
          [
            73.526892,
            20.018381
          ],
          [
            73.526796,
            20.018333
          ],
          [
            73.526694,
            20.018288
          ],
          [
            73.526592,
            20.018214
          ],
          [
            73.526509,
            20.018157
          ],
          [
            73.526391,
            20.018088
          ],
          [
            73.526291,
            20.018015
          ],
          [
            73.526184,
            20.017952
          ],
          [
            73.526031,
            20.017922
          ],
          [
            73.525809,
            20.017872
          ],
          [
            73.525565,
            20.017824
          ],
          [
            73.525393,
            20.017801
          ],
          [
            73.525194,
            20.017766
          ],
          [
            73.525074,
            20.017756
          ],
          [
            73.524827,
            20.017761
          ],
          [
            73.524636,
            20.017763
          ],
          [
            73.524481,
            20.017756
          ],
          [
            73.524261,
            20.017736
          ],
          [
            73.524122,
            20.017715
          ],
          [
            73.523982,
            20.017668
          ],
          [
            73.523867,
            20.01761
          ],
          [
            73.523789,
            20.017572
          ],
          [
            73.523703,
            20.017519
          ],
          [
            73.523612,
            20.017451
          ],
          [
            73.523513,
            20.017373
          ],
          [
            73.523387,
            20.01731
          ],
          [
            73.52325,
            20.017239
          ],
          [
            73.523153,
            20.017189
          ],
          [
            73.523016,
            20.017136
          ],
          [
            73.522896,
            20.017101
          ],
          [
            73.522762,
            20.017068
          ],
          [
            73.522577,
            20.017012
          ],
          [
            73.522442,
            20.016992
          ],
          [
            73.522273,
            20.016949
          ],
          [
            73.522161,
            20.016912
          ],
          [
            73.522056,
            20.016886
          ],
          [
            73.521941,
            20.016876
          ],
          [
            73.521799,
            20.016879
          ],
          [
            73.52164,
            20.016876
          ],
          [
            73.521533,
            20.016864
          ],
          [
            73.521359,
            20.016844
          ],
          [
            73.521176,
            20.016808
          ],
          [
            73.521018,
            20.01677
          ],
          [
            73.520857,
            20.01673
          ],
          [
            73.520712,
            20.016705
          ],
          [
            73.520562,
            20.016665
          ],
          [
            73.520417,
            20.016637
          ],
          [
            73.520232,
            20.016591
          ],
          [
            73.520063,
            20.016561
          ],
          [
            73.519929,
            20.016526
          ],
          [
            73.519814,
            20.016478
          ],
          [
            73.519712,
            20.016448
          ],
          [
            73.519567,
            20.016397
          ],
          [
            73.519433,
            20.016365
          ],
          [
            73.519299,
            20.016317
          ],
          [
            73.519143,
            20.016284
          ],
          [
            73.519033,
            20.016269
          ],
          [
            73.518926,
            20.016266
          ],
          [
            73.518813,
            20.016256
          ],
          [
            73.518722,
            20.016266
          ],
          [
            73.518607,
            20.016266
          ],
          [
            73.518465,
            20.016236
          ],
          [
            73.51832,
            20.016181
          ],
          [
            73.51817,
            20.016128
          ],
          [
            73.518025,
            20.016057
          ],
          [
            73.517875,
            20.015964
          ],
          [
            73.517732,
            20.015871
          ],
          [
            73.517588,
            20.015785
          ],
          [
            73.517472,
            20.01573
          ],
          [
            73.517319,
            20.015684
          ],
          [
            73.517145,
            20.015654
          ],
          [
            73.516909,
            20.015609
          ],
          [
            73.516721,
            20.015568
          ],
          [
            73.516523,
            20.015513
          ],
          [
            73.516346,
            20.01546
          ],
          [
            73.516177,
            20.015417
          ],
          [
            73.516032,
            20.015384
          ],
          [
            73.515941,
            20.015367
          ],
          [
            73.515831,
            20.015326
          ],
          [
            73.515697,
            20.015324
          ],
          [
            73.515592,
            20.015316
          ],
          [
            73.515517,
            20.015336
          ],
          [
            73.515361,
            20.015384
          ],
          [
            73.515125,
            20.01544
          ],
          [
            73.514919,
            20.015488
          ],
          [
            73.514736,
            20.015525
          ],
          [
            73.514559,
            20.01552
          ],
          [
            73.514345,
            20.015518
          ],
          [
            73.514136,
            20.0155
          ],
          [
            73.513951,
            20.015483
          ],
          [
            73.5138,
            20.015467
          ],
          [
            73.513583,
            20.015457
          ],
          [
            73.513428,
            20.015445
          ],
          [
            73.513259,
            20.015427
          ],
          [
            73.51313,
            20.015404
          ],
          [
            73.512966,
            20.015397
          ],
          [
            73.512803,
            20.015404
          ],
          [
            73.512628,
            20.015412
          ],
          [
            73.512416,
            20.01542
          ],
          [
            73.512266,
            20.015422
          ],
          [
            73.512084,
            20.01543
          ],
          [
            73.511909,
            20.01543
          ],
          [
            73.511765,
            20.015435
          ],
          [
            73.511652,
            20.01542
          ],
          [
            73.511496,
            20.015415
          ],
          [
            73.51137,
            20.015402
          ],
          [
            73.511148,
            20.015394
          ],
          [
            73.511014,
            20.01542
          ],
          [
            73.510847,
            20.015442
          ],
          [
            73.510668,
            20.015467
          ],
          [
            73.510525,
            20.015515
          ],
          [
            73.51041,
            20.015528
          ],
          [
            73.510257,
            20.015525
          ],
          [
            73.510075,
            20.015515
          ],
          [
            73.509903,
            20.0155
          ],
          [
            73.509723,
            20.015485
          ],
          [
            73.509544,
            20.01548
          ],
          [
            73.509334,
            20.015467
          ],
          [
            73.509292,
            20.015467
          ],
          [
            73.509245,
            20.015469
          ],
          [
            73.509272,
            20.015002
          ],
          [
            73.509324,
            20.014354
          ],
          [
            73.509501,
            20.013892
          ],
          [
            73.509494,
            20.013642
          ],
          [
            73.509562,
            20.01345
          ],
          [
            73.509408,
            20.013131
          ],
          [
            73.509263,
            20.012432
          ],
          [
            73.509295,
            20.011877
          ],
          [
            73.509349,
            20.011336
          ],
          [
            73.509301,
            20.011035
          ],
          [
            73.509367,
            20.010903
          ],
          [
            73.509487,
            20.010799
          ],
          [
            73.509508,
            20.010645
          ],
          [
            73.509413,
            20.010266
          ],
          [
            73.509433,
            20.009923
          ],
          [
            73.509501,
            20.009569
          ],
          [
            73.509633,
            20.009279
          ],
          [
            73.509551,
            20.009031
          ],
          [
            73.509283,
            20.00859
          ],
          [
            73.509138,
            20.008224
          ],
          [
            73.508941,
            20.007682
          ],
          [
            73.508922,
            20.007501
          ],
          [
            73.509011,
            20.00726
          ],
          [
            73.509274,
            20.006704
          ],
          [
            73.50934,
            20.006377
          ],
          [
            73.509342,
            20.006073
          ],
          [
            73.509265,
            20.005723
          ],
          [
            73.508975,
            20.005356
          ],
          [
            73.508689,
            20.005052
          ],
          [
            73.508516,
            20.004664
          ],
          [
            73.508419,
            20.00432
          ],
          [
            73.508398,
            20.004039
          ],
          [
            73.508442,
            20.003868
          ],
          [
            73.508634,
            20.003365
          ],
          [
            73.508702,
            20.003048
          ],
          [
            73.508891,
            20.002455
          ],
          [
            73.50902,
            20.00198
          ],
          [
            73.509236,
            20.001169
          ],
          [
            73.509285,
            20.000784
          ],
          [
            73.509492,
            20.000315
          ],
          [
            73.509775,
            19.999918
          ],
          [
            73.509857,
            19.999735
          ],
          [
            73.509916,
            19.999279
          ],
          [
            73.50993,
            19.998701
          ],
          [
            73.509864,
            19.998552
          ],
          [
            73.50951,
            19.998274
          ],
          [
            73.508986,
            19.997835
          ],
          [
            73.508877,
            19.997611
          ],
          [
            73.508519,
            19.997096
          ],
          [
            73.508099,
            19.996582
          ],
          [
            73.507727,
            19.99614
          ],
          [
            73.507432,
            19.995392
          ],
          [
            73.507167,
            19.994825
          ],
          [
            73.506865,
            19.994362
          ],
          [
            73.50677,
            19.994224
          ],
          [
            73.506738,
            19.993904
          ],
          [
            73.50662,
            19.993733
          ],
          [
            73.506228,
            19.993485
          ],
          [
            73.506078,
            19.993464
          ],
          [
            73.505917,
            19.993434
          ],
          [
            73.50567,
            19.993374
          ],
          [
            73.505437,
            19.993258
          ],
          [
            73.505273,
            19.993112
          ],
          [
            73.505137,
            19.992915
          ],
          [
            73.504997,
            19.992643
          ],
          [
            73.504919,
            19.992396
          ],
          [
            73.504879,
            19.992129
          ],
          [
            73.50489,
            19.991917
          ],
          [
            73.504876,
            19.99166
          ],
          [
            73.504783,
            19.991403
          ],
          [
            73.504726,
            19.990914
          ],
          [
            73.504793,
            19.990637
          ],
          [
            73.504908,
            19.99042
          ],
          [
            73.504997,
            19.990193
          ],
          [
            73.505126,
            19.989871
          ],
          [
            73.505265,
            19.989598
          ],
          [
            73.505294,
            19.989391
          ],
          [
            73.505327,
            19.989109
          ],
          [
            73.505273,
            19.988796
          ],
          [
            73.505101,
            19.988423
          ],
          [
            73.504168,
            19.986608
          ],
          [
            73.503975,
            19.985872
          ],
          [
            73.503914,
            19.985515
          ],
          [
            73.503878,
            19.984773
          ],
          [
            73.503943,
            19.984209
          ],
          [
            73.503948,
            19.984097
          ],
          [
            73.503985,
            19.983402
          ],
          [
            73.504007,
            19.98317
          ],
          [
            73.503964,
            19.982928
          ],
          [
            73.503824,
            19.982676
          ],
          [
            73.503406,
            19.982232
          ],
          [
            73.502926,
            19.981764
          ],
          [
            73.502623,
            19.981567
          ],
          [
            73.502215,
            19.981426
          ],
          [
            73.501732,
            19.981254
          ],
          [
            73.501521,
            19.981109
          ],
          [
            73.500394,
            19.980221
          ],
          [
            73.500319,
            19.98007
          ],
          [
            73.50018,
            19.979848
          ],
          [
            73.500116,
            19.979596
          ],
          [
            73.500155,
            19.979258
          ],
          [
            73.500276,
            19.978719
          ],
          [
            73.500545,
            19.978013
          ],
          [
            73.500777,
            19.977695
          ],
          [
            73.501003,
            19.977504
          ],
          [
            73.501357,
            19.977171
          ],
          [
            73.501542,
            19.976904
          ],
          [
            73.501789,
            19.97643
          ],
          [
            73.502151,
            19.976021
          ],
          [
            73.502487,
            19.975664
          ],
          [
            73.502712,
            19.975361
          ],
          [
            73.50287,
            19.974932
          ],
          [
            73.502991,
            19.974514
          ],
          [
            73.502994,
            19.974401
          ],
          [
            73.503002,
            19.974061
          ],
          [
            73.502977,
            19.97224
          ],
          [
            73.503055,
            19.971842
          ],
          [
            73.503149,
            19.971322
          ],
          [
            73.50346,
            19.970274
          ],
          [
            73.503556,
            19.969759
          ],
          [
            73.503588,
            19.969285
          ],
          [
            73.503546,
            19.968933
          ],
          [
            73.503248,
            19.96678
          ],
          [
            73.503065,
            19.966483
          ],
          [
            73.504636,
            19.965418
          ],
          [
            73.504996,
            19.965178
          ],
          [
            73.506668,
            19.964127
          ],
          [
            73.508644,
            19.962657
          ],
          [
            73.511064,
            19.960346
          ],
          [
            73.511778,
            19.95961
          ],
          [
            73.512062,
            19.959351
          ],
          [
            73.512328,
            19.959139
          ],
          [
            73.512601,
            19.958955
          ],
          [
            73.513143,
            19.958693
          ],
          [
            73.513999,
            19.958298
          ],
          [
            73.514296,
            19.958198
          ],
          [
            73.515692,
            19.957943
          ],
          [
            73.516349,
            19.957895
          ],
          [
            73.516875,
            19.95781
          ],
          [
            73.517521,
            19.957677
          ],
          [
            73.518179,
            19.957498
          ],
          [
            73.518676,
            19.957316
          ],
          [
            73.519011,
            19.957173
          ],
          [
            73.519392,
            19.956925
          ],
          [
            73.519683,
            19.956661
          ],
          [
            73.520054,
            19.956236
          ],
          [
            73.520267,
            19.956015
          ],
          [
            73.520489,
            19.955848
          ],
          [
            73.520783,
            19.9557
          ],
          [
            73.520976,
            19.95563
          ],
          [
            73.521425,
            19.955502
          ],
          [
            73.521614,
            19.955405
          ],
          [
            73.521853,
            19.955231
          ],
          [
            73.522487,
            19.954547
          ],
          [
            73.52337,
            19.953594
          ],
          [
            73.523757,
            19.953116
          ],
          [
            73.525609,
            19.950441
          ],
          [
            73.525733,
            19.950262
          ],
          [
            73.52626,
            19.949573
          ],
          [
            73.527028,
            19.948578
          ],
          [
            73.527969,
            19.947358
          ],
          [
            73.528724,
            19.946381
          ],
          [
            73.529062,
            19.945965
          ],
          [
            73.529495,
            19.945491
          ],
          [
            73.529814,
            19.94516
          ],
          [
            73.530559,
            19.944389
          ],
          [
            73.531223,
            19.943638
          ],
          [
            73.533226,
            19.941091
          ],
          [
            73.533129,
            19.941022
          ],
          [
            73.531902,
            19.942614
          ]
        ],
        "type": "LineString"
      }
    },
    {
      "type": "Feature",
      "properties": {
        "name": "Jawahar Mokhada Road",
        "nameHindi": "जव्हार मोखाडा रोड",
        "roadType": "State Highway",
        "from": "Jawahar",
        "to": "Trimbakeshwar",
        "distance": "80 km",
        "states": "Goa, Karnatak, Keral, Tamilnadu",
        "lineType": "road"
      },
      "geometry": {
        "coordinates": [
          [
            73.228438,
            19.836999
          ],
          [
            73.228438,
            19.836999
          ],
          [
            73.228358,
            19.837125
          ],
          [
            73.22824,
            19.837352
          ],
          [
            73.228176,
            19.837413
          ],
          [
            73.2281,
            19.837478
          ],
          [
            73.228004,
            19.837579
          ],
          [
            73.227923,
            19.8377
          ],
          [
            73.227773,
            19.838018
          ],
          [
            73.22773,
            19.83817
          ],
          [
            73.227741,
            19.838281
          ],
          [
            73.227816,
            19.838599
          ],
          [
            73.227827,
            19.83877
          ],
          [
            73.227811,
            19.838947
          ],
          [
            73.227784,
            19.839113
          ],
          [
            73.227811,
            19.839426
          ],
          [
            73.227875,
            19.839618
          ],
          [
            73.227913,
            19.839714
          ],
          [
            73.227982,
            19.83983
          ],
          [
            73.228079,
            19.839971
          ],
          [
            73.228079,
            19.840148
          ],
          [
            73.228058,
            19.840274
          ],
          [
            73.22802,
            19.84037
          ],
          [
            73.22795,
            19.84045
          ],
          [
            73.227805,
            19.840506
          ],
          [
            73.227671,
            19.840486
          ],
          [
            73.227478,
            19.84039
          ],
          [
            73.227307,
            19.840254
          ],
          [
            73.227172,
            19.840183
          ],
          [
            73.227028,
            19.840148
          ],
          [
            73.226888,
            19.840168
          ],
          [
            73.226775,
            19.840213
          ],
          [
            73.2267,
            19.840284
          ],
          [
            73.226754,
            19.840349
          ],
          [
            73.226888,
            19.840481
          ],
          [
            73.227038,
            19.840622
          ],
          [
            73.227162,
            19.840824
          ],
          [
            73.227269,
            19.841016
          ],
          [
            73.22736,
            19.841409
          ],
          [
            73.227366,
            19.841596
          ],
          [
            73.227349,
            19.841767
          ],
          [
            73.227419,
            19.841914
          ],
          [
            73.227473,
            19.842095
          ],
          [
            73.227526,
            19.842206
          ],
          [
            73.227537,
            19.842307
          ],
          [
            73.227575,
            19.842519
          ],
          [
            73.227666,
            19.842857
          ],
          [
            73.227677,
            19.842968
          ],
          [
            73.227661,
            19.843175
          ],
          [
            73.227687,
            19.843831
          ],
          [
            73.227677,
            19.844331
          ],
          [
            73.227645,
            19.844871
          ],
          [
            73.227607,
            19.845532
          ],
          [
            73.2275,
            19.845961
          ],
          [
            73.227457,
            19.846016
          ],
          [
            73.227371,
            19.846289
          ],
          [
            73.227344,
            19.846495
          ],
          [
            73.227307,
            19.846677
          ],
          [
            73.227178,
            19.846965
          ],
          [
            73.227092,
            19.847172
          ],
          [
            73.226733,
            19.847494
          ],
          [
            73.226647,
            19.84757
          ],
          [
            73.226604,
            19.847621
          ],
          [
            73.22662,
            19.847722
          ],
          [
            73.226856,
            19.847913
          ],
          [
            73.226995,
            19.847999
          ],
          [
            73.22729,
            19.848049
          ],
          [
            73.2275,
            19.847954
          ],
          [
            73.227687,
            19.847797
          ],
          [
            73.227881,
            19.847701
          ],
          [
            73.228106,
            19.847636
          ],
          [
            73.228213,
            19.8476
          ],
          [
            73.228288,
            19.847621
          ],
          [
            73.228342,
            19.847686
          ],
          [
            73.228401,
            19.847812
          ],
          [
            73.22846,
            19.847954
          ],
          [
            73.228685,
            19.848342
          ],
          [
            73.228996,
            19.848842
          ],
          [
            73.229077,
            19.849028
          ],
          [
            73.229141,
            19.84919
          ],
          [
            73.229157,
            19.849407
          ],
          [
            73.229173,
            19.849649
          ],
          [
            73.229265,
            19.849891
          ],
          [
            73.229329,
            19.850063
          ],
          [
            73.229383,
            19.850169
          ],
          [
            73.229399,
            19.850411
          ],
          [
            73.229442,
            19.850648
          ],
          [
            73.229468,
            19.85084
          ],
          [
            73.229393,
            19.851102
          ],
          [
            73.229366,
            19.851334
          ],
          [
            73.22935,
            19.851546
          ],
          [
            73.229356,
            19.851733
          ],
          [
            73.229393,
            19.852081
          ],
          [
            73.22935,
            19.852303
          ],
          [
            73.229313,
            19.852434
          ],
          [
            73.229232,
            19.85257
          ],
          [
            73.229161,
            19.852825
          ],
          [
            73.229129,
            19.852936
          ],
          [
            73.229139,
            19.853017
          ],
          [
            73.229182,
            19.853088
          ],
          [
            73.22923,
            19.853189
          ],
          [
            73.22929,
            19.85331
          ],
          [
            73.229322,
            19.853456
          ],
          [
            73.229332,
            19.853572
          ],
          [
            73.229327,
            19.853885
          ],
          [
            73.229236,
            19.854208
          ],
          [
            73.229193,
            19.854485
          ],
          [
            73.229098,
            19.85524
          ],
          [
            73.22907,
            19.855429
          ],
          [
            73.229139,
            19.855595
          ],
          [
            73.229418,
            19.856206
          ],
          [
            73.229654,
            19.856831
          ],
          [
            73.229839,
            19.857389
          ],
          [
            73.229914,
            19.857914
          ],
          [
            73.230016,
            19.858453
          ],
          [
            73.230069,
            19.858877
          ],
          [
            73.230091,
            19.859059
          ],
          [
            73.230148,
            19.859218
          ],
          [
            73.230175,
            19.859359
          ],
          [
            73.230234,
            19.859541
          ],
          [
            73.230336,
            19.859667
          ],
          [
            73.230378,
            19.859904
          ],
          [
            73.230448,
            19.860146
          ],
          [
            73.230504,
            19.860315
          ],
          [
            73.230749,
            19.860767
          ],
          [
            73.230802,
            19.860893
          ],
          [
            73.230797,
            19.861014
          ],
          [
            73.230775,
            19.86116
          ],
          [
            73.230733,
            19.861337
          ],
          [
            73.230679,
            19.861483
          ],
          [
            73.230652,
            19.861594
          ],
          [
            73.230636,
            19.86169
          ],
          [
            73.230604,
            19.861852
          ],
          [
            73.230545,
            19.862053
          ],
          [
            73.230496,
            19.8622
          ],
          [
            73.230486,
            19.862336
          ],
          [
            73.230529,
            19.862689
          ],
          [
            73.230552,
            19.863141
          ],
          [
            73.230513,
            19.86332
          ],
          [
            73.230454,
            19.863718
          ],
          [
            73.2303,
            19.864427
          ],
          [
            73.230204,
            19.864969
          ],
          [
            73.230075,
            19.865704
          ],
          [
            73.229978,
            19.865951
          ],
          [
            73.229924,
            19.866087
          ],
          [
            73.229871,
            19.866183
          ],
          [
            73.229767,
            19.866236
          ],
          [
            73.229686,
            19.866291
          ],
          [
            73.229509,
            19.866362
          ],
          [
            73.229359,
            19.866468
          ],
          [
            73.229173,
            19.866713
          ],
          [
            73.229032,
            19.866998
          ],
          [
            73.22898,
            19.867167
          ],
          [
            73.228841,
            19.867384
          ],
          [
            73.228701,
            19.867646
          ],
          [
            73.228369,
            19.868125
          ],
          [
            73.228272,
            19.868246
          ],
          [
            73.22817,
            19.868408
          ],
          [
            73.228147,
            19.868547
          ],
          [
            73.228174,
            19.868693
          ],
          [
            73.228206,
            19.868809
          ],
          [
            73.228243,
            19.868905
          ],
          [
            73.228308,
            19.869162
          ],
          [
            73.228345,
            19.869329
          ],
          [
            73.228378,
            19.869475
          ],
          [
            73.228431,
            19.869672
          ],
          [
            73.228592,
            19.870181
          ],
          [
            73.228683,
            19.870595
          ],
          [
            73.22871,
            19.871019
          ],
          [
            73.228555,
            19.871513
          ],
          [
            73.228319,
            19.872088
          ],
          [
            73.228324,
            19.872224
          ],
          [
            73.228351,
            19.872335
          ],
          [
            73.22839,
            19.872494
          ],
          [
            73.228447,
            19.872648
          ],
          [
            73.22846,
            19.872863
          ],
          [
            73.228444,
            19.873029
          ],
          [
            73.228294,
            19.873145
          ],
          [
            73.227854,
            19.873448
          ],
          [
            73.227396,
            19.873763
          ],
          [
            73.227042,
            19.874
          ],
          [
            73.226661,
            19.874217
          ],
          [
            73.226328,
            19.87455
          ],
          [
            73.226178,
            19.874858
          ],
          [
            73.226151,
            19.874964
          ],
          [
            73.226146,
            19.875105
          ],
          [
            73.226157,
            19.875241
          ],
          [
            73.226259,
            19.875574
          ],
          [
            73.226346,
            19.875678
          ],
          [
            73.226403,
            19.875831
          ],
          [
            73.226403,
            19.875897
          ],
          [
            73.226377,
            19.875973
          ],
          [
            73.226339,
            19.876023
          ],
          [
            73.22628,
            19.876064
          ],
          [
            73.226189,
            19.876089
          ],
          [
            73.226087,
            19.876069
          ],
          [
            73.22598,
            19.876028
          ],
          [
            73.225905,
            19.875993
          ],
          [
            73.225808,
            19.875988
          ],
          [
            73.22569,
            19.876038
          ],
          [
            73.225647,
            19.876114
          ],
          [
            73.225588,
            19.876366
          ],
          [
            73.225572,
            19.876588
          ],
          [
            73.225556,
            19.876699
          ],
          [
            73.225583,
            19.8768
          ],
          [
            73.225738,
            19.876941
          ],
          [
            73.225797,
            19.877002
          ],
          [
            73.225831,
            19.87705
          ],
          [
            73.225792,
            19.877128
          ],
          [
            73.225744,
            19.877178
          ],
          [
            73.22562,
            19.877315
          ],
          [
            73.22539,
            19.877481
          ],
          [
            73.225336,
            19.877577
          ],
          [
            73.225288,
            19.877673
          ],
          [
            73.225266,
            19.877819
          ],
          [
            73.225384,
            19.878087
          ],
          [
            73.225599,
            19.878324
          ],
          [
            73.225894,
            19.878596
          ],
          [
            73.226362,
            19.879229
          ],
          [
            73.226475,
            19.879295
          ],
          [
            73.226538,
            19.879323
          ],
          [
            73.226674,
            19.879375
          ],
          [
            73.226877,
            19.879436
          ],
          [
            73.227047,
            19.879454
          ],
          [
            73.22728,
            19.879466
          ],
          [
            73.227755,
            19.879504
          ],
          [
            73.227895,
            19.879544
          ],
          [
            73.227966,
            19.879582
          ],
          [
            73.228025,
            19.879668
          ],
          [
            73.228058,
            19.879754
          ],
          [
            73.22804,
            19.879822
          ],
          [
            73.227988,
            19.87991
          ],
          [
            73.227809,
            19.879993
          ],
          [
            73.227712,
            19.880029
          ],
          [
            73.227655,
            19.880062
          ],
          [
            73.227628,
            19.880127
          ],
          [
            73.227639,
            19.880193
          ],
          [
            73.227664,
            19.880331
          ],
          [
            73.227707,
            19.880447
          ],
          [
            73.227741,
            19.880722
          ],
          [
            73.22778,
            19.880832
          ],
          [
            73.22779,
            19.881013
          ],
          [
            73.227739,
            19.881073
          ],
          [
            73.227728,
            19.881169
          ],
          [
            73.227718,
            19.881265
          ],
          [
            73.227734,
            19.881381
          ],
          [
            73.227761,
            19.881421
          ],
          [
            73.22782,
            19.881492
          ],
          [
            73.227879,
            19.881572
          ],
          [
            73.228007,
            19.881658
          ],
          [
            73.228083,
            19.881734
          ],
          [
            73.228131,
            19.881865
          ],
          [
            73.228211,
            19.882102
          ],
          [
            73.228261,
            19.882407
          ],
          [
            73.228304,
            19.883078
          ],
          [
            73.22831,
            19.883623
          ],
          [
            73.228308,
            19.883747
          ],
          [
            73.228331,
            19.883966
          ],
          [
            73.228431,
            19.884221
          ],
          [
            73.228503,
            19.884476
          ],
          [
            73.228769,
            19.885058
          ],
          [
            73.229263,
            19.886113
          ],
          [
            73.229332,
            19.886254
          ],
          [
            73.229324,
            19.886433
          ],
          [
            73.229238,
            19.886574
          ],
          [
            73.229161,
            19.886784
          ],
          [
            73.229021,
            19.88691
          ],
          [
            73.228916,
            19.886968
          ],
          [
            73.228796,
            19.887026
          ],
          [
            73.228657,
            19.887081
          ],
          [
            73.228492,
            19.887164
          ],
          [
            73.228278,
            19.887401
          ],
          [
            73.228052,
            19.887563
          ],
          [
            73.227698,
            19.887805
          ],
          [
            73.227543,
            19.888002
          ],
          [
            73.227419,
            19.888193
          ],
          [
            73.227296,
            19.888395
          ],
          [
            73.227138,
            19.888761
          ],
          [
            73.227076,
            19.889132
          ],
          [
            73.227106,
            19.889639
          ],
          [
            73.22702,
            19.89032
          ],
          [
            73.227092,
            19.89061
          ],
          [
            73.22716,
            19.890915
          ],
          [
            73.227374,
            19.891924
          ],
          [
            73.227374,
            19.892075
          ],
          [
            73.22732,
            19.892327
          ],
          [
            73.226966,
            19.893366
          ],
          [
            73.226926,
            19.893757
          ],
          [
            73.226936,
            19.893949
          ],
          [
            73.226969,
            19.894121
          ],
          [
            73.227044,
            19.894312
          ],
          [
            73.227183,
            19.894534
          ],
          [
            73.22729,
            19.894696
          ],
          [
            73.227355,
            19.894887
          ],
          [
            73.227374,
            19.895167
          ],
          [
            73.227289,
            19.895258
          ],
          [
            73.227272,
            19.895349
          ],
          [
            73.227192,
            19.895495
          ],
          [
            73.227176,
            19.895591
          ],
          [
            73.227213,
            19.895671
          ],
          [
            73.227321,
            19.895772
          ],
          [
            73.227557,
            19.895903
          ],
          [
            73.227755,
            19.896014
          ],
          [
            73.228262,
            19.896285
          ],
          [
            73.228345,
            19.896418
          ],
          [
            73.228404,
            19.896554
          ],
          [
            73.22842,
            19.896736
          ],
          [
            73.228345,
            19.897391
          ],
          [
            73.228356,
            19.897512
          ],
          [
            73.228431,
            19.897628
          ],
          [
            73.228635,
            19.897876
          ],
          [
            73.228973,
            19.898284
          ],
          [
            73.229171,
            19.898642
          ],
          [
            73.229445,
            19.899086
          ],
          [
            73.229504,
            19.899419
          ],
          [
            73.229488,
            19.899818
          ],
          [
            73.229515,
            19.899954
          ],
          [
            73.229595,
            19.900024
          ],
          [
            73.229729,
            19.900095
          ],
          [
            73.229939,
            19.90013
          ],
          [
            73.23011,
            19.900186
          ],
          [
            73.230207,
            19.900231
          ],
          [
            73.230293,
            19.900312
          ],
          [
            73.230336,
            19.900413
          ],
          [
            73.230325,
            19.900468
          ],
          [
            73.230309,
            19.900544
          ],
          [
            73.230266,
            19.900589
          ],
          [
            73.230212,
            19.90062
          ],
          [
            73.230125,
            19.900619
          ],
          [
            73.230061,
            19.900548
          ],
          [
            73.230018,
            19.900493
          ],
          [
            73.229933,
            19.900448
          ],
          [
            73.229869,
            19.900438
          ],
          [
            73.229826,
            19.900483
          ],
          [
            73.229815,
            19.900544
          ],
          [
            73.229863,
            19.900635
          ],
          [
            73.229928,
            19.900756
          ],
          [
            73.229998,
            19.900882
          ],
          [
            73.23003,
            19.901119
          ],
          [
            73.230073,
            19.901225
          ],
          [
            73.230201,
            19.901255
          ],
          [
            73.230405,
            19.901255
          ],
          [
            73.230539,
            19.901306
          ],
          [
            73.230657,
            19.901371
          ],
          [
            73.230722,
            19.901467
          ],
          [
            73.230765,
            19.901639
          ],
          [
            73.230786,
            19.901739
          ],
          [
            73.230883,
            19.90178
          ],
          [
            73.231135,
            19.901881
          ],
          [
            73.231323,
            19.901941
          ],
          [
            73.231564,
            19.902077
          ],
          [
            73.231854,
            19.902264
          ],
          [
            73.232197,
            19.902415
          ],
          [
            73.232497,
            19.902491
          ],
          [
            73.232857,
            19.902627
          ],
          [
            73.233045,
            19.902693
          ],
          [
            73.233227,
            19.902834
          ],
          [
            73.233356,
            19.903005
          ],
          [
            73.233377,
            19.903222
          ],
          [
            73.233345,
            19.903394
          ],
          [
            73.233286,
            19.90353
          ],
          [
            73.23313,
            19.903697
          ],
          [
            73.232927,
            19.903828
          ],
          [
            73.232615,
            19.904065
          ],
          [
            73.23239,
            19.904307
          ],
          [
            73.232133,
            19.904746
          ],
          [
            73.231891,
            19.905159
          ],
          [
            73.231697,
            19.905743
          ],
          [
            73.231623,
            19.906153
          ],
          [
            73.231446,
            19.906501
          ],
          [
            73.231364,
            19.906722
          ],
          [
            73.231376,
            19.906899
          ],
          [
            73.231473,
            19.907076
          ],
          [
            73.231472,
            19.907206
          ],
          [
            73.231446,
            19.907379
          ],
          [
            73.231414,
            19.907515
          ],
          [
            73.231403,
            19.907737
          ],
          [
            73.231343,
            19.907857
          ],
          [
            73.231273,
            19.907948
          ],
          [
            73.231188,
            19.907949
          ],
          [
            73.231135,
            19.907918
          ],
          [
            73.231119,
            19.907812
          ],
          [
            73.231135,
            19.907661
          ],
          [
            73.23114,
            19.9075
          ],
          [
            73.231124,
            19.907252
          ],
          [
            73.23114,
            19.907046
          ],
          [
            73.231081,
            19.906864
          ],
          [
            73.230861,
            19.906773
          ],
          [
            73.230655,
            19.906741
          ],
          [
            73.230514,
            19.907726
          ],
          [
            73.230473,
            19.907925
          ],
          [
            73.230341,
            19.907913
          ],
          [
            73.230196,
            19.907918
          ],
          [
            73.230121,
            19.907933
          ],
          [
            73.230014,
            19.907969
          ],
          [
            73.229853,
            19.908034
          ],
          [
            73.229728,
            19.908079
          ],
          [
            73.229638,
            19.908065
          ],
          [
            73.229519,
            19.908013
          ],
          [
            73.229381,
            19.907943
          ],
          [
            73.229278,
            19.907907
          ],
          [
            73.229188,
            19.907944
          ],
          [
            73.229066,
            19.908175
          ],
          [
            73.228753,
            19.908423
          ],
          [
            73.228587,
            19.908524
          ],
          [
            73.228374,
            19.908598
          ],
          [
            73.228072,
            19.90867
          ],
          [
            73.227691,
            19.908726
          ],
          [
            73.22698,
            19.908973
          ],
          [
            73.226813,
            19.909041
          ],
          [
            73.226756,
            19.909062
          ],
          [
            73.226608,
            19.909089
          ],
          [
            73.226119,
            19.909114
          ],
          [
            73.225958,
            19.909134
          ],
          [
            73.225835,
            19.909149
          ],
          [
            73.225552,
            19.909247
          ],
          [
            73.225369,
            19.909309
          ],
          [
            73.22509,
            19.90938
          ],
          [
            73.224875,
            19.909492
          ],
          [
            73.224812,
            19.909546
          ],
          [
            73.224773,
            19.90962
          ],
          [
            73.224725,
            19.909714
          ],
          [
            73.224682,
            19.909926
          ],
          [
            73.224607,
            19.91034
          ],
          [
            73.224526,
            19.910546
          ],
          [
            73.224376,
            19.910683
          ],
          [
            73.22422,
            19.910753
          ],
          [
            73.224108,
            19.910819
          ],
          [
            73.223931,
            19.91092
          ],
          [
            73.223872,
            19.910965
          ],
          [
            73.223834,
            19.911026
          ],
          [
            73.223797,
            19.911268
          ],
          [
            73.223775,
            19.911575
          ],
          [
            73.223785,
            19.911807
          ],
          [
            73.223802,
            19.912231
          ],
          [
            73.223802,
            19.912756
          ],
          [
            73.223765,
            19.913213
          ],
          [
            73.223791,
            19.913442
          ],
          [
            73.223904,
            19.913598
          ],
          [
            73.224098,
            19.913743
          ],
          [
            73.22424,
            19.913818
          ],
          [
            73.224393,
            19.913869
          ],
          [
            73.224692,
            19.913795
          ],
          [
            73.225166,
            19.913687
          ],
          [
            73.225471,
            19.913642
          ],
          [
            73.225991,
            19.913623
          ],
          [
            73.226303,
            19.913682
          ],
          [
            73.226447,
            19.913734
          ],
          [
            73.226565,
            19.913845
          ],
          [
            73.226667,
            19.914017
          ],
          [
            73.226701,
            19.914104
          ],
          [
            73.226742,
            19.914208
          ],
          [
            73.226801,
            19.914632
          ],
          [
            73.226838,
            19.915121
          ],
          [
            73.226844,
            19.915333
          ],
          [
            73.226909,
            19.915523
          ],
          [
            73.227327,
            19.916371
          ],
          [
            73.22797,
            19.917725
          ],
          [
            73.228233,
            19.918278
          ],
          [
            73.228485,
            19.918727
          ],
          [
            73.228614,
            19.918884
          ],
          [
            73.228753,
            19.918944
          ],
          [
            73.228887,
            19.918995
          ],
          [
            73.229205,
            19.919044
          ],
          [
            73.22972,
            19.919094
          ],
          [
            73.230284,
            19.919166
          ],
          [
            73.233689,
            19.9196
          ],
          [
            73.234844,
            19.920736
          ],
          [
            73.234981,
            19.920871
          ],
          [
            73.235019,
            19.920913
          ],
          [
            73.235437,
            19.921385
          ],
          [
            73.235711,
            19.921668
          ],
          [
            73.23607,
            19.922374
          ],
          [
            73.236216,
            19.922635
          ],
          [
            73.23629,
            19.922918
          ],
          [
            73.236263,
            19.92317
          ],
          [
            73.23627,
            19.923326
          ],
          [
            73.236307,
            19.923452
          ],
          [
            73.236403,
            19.923639
          ],
          [
            73.236559,
            19.923876
          ],
          [
            73.23666,
            19.923977
          ],
          [
            73.236821,
            19.924073
          ],
          [
            73.236993,
            19.924149
          ],
          [
            73.238029,
            19.924334
          ],
          [
            73.238163,
            19.924371
          ],
          [
            73.238242,
            19.924383
          ],
          [
            73.238313,
            19.924376
          ],
          [
            73.238431,
            19.924335
          ],
          [
            73.238753,
            19.924174
          ],
          [
            73.238876,
            19.924093
          ],
          [
            73.238984,
            19.924042
          ],
          [
            73.239054,
            19.924028
          ],
          [
            73.239129,
            19.924037
          ],
          [
            73.239235,
            19.924073
          ],
          [
            73.240476,
            19.924723
          ],
          [
            73.240598,
            19.924779
          ],
          [
            73.240613,
            19.924796
          ],
          [
            73.240625,
            19.924819
          ],
          [
            73.240626,
            19.924857
          ],
          [
            73.240606,
            19.924891
          ],
          [
            73.240587,
            19.92493
          ],
          [
            73.240532,
            19.924953
          ],
          [
            73.240453,
            19.924949
          ],
          [
            73.240228,
            19.924946
          ],
          [
            73.240131,
            19.924966
          ],
          [
            73.24004,
            19.925041
          ],
          [
            73.239892,
            19.925278
          ],
          [
            73.239809,
            19.925525
          ],
          [
            73.239799,
            19.925626
          ],
          [
            73.239805,
            19.925689
          ],
          [
            73.239849,
            19.92575
          ],
          [
            73.240025,
            19.925872
          ],
          [
            73.240701,
            19.926195
          ],
          [
            73.240861,
            19.926244
          ],
          [
            73.241027,
            19.926242
          ],
          [
            73.241094,
            19.92623
          ],
          [
            73.241145,
            19.926196
          ],
          [
            73.241189,
            19.926135
          ],
          [
            73.241239,
            19.92596
          ],
          [
            73.241248,
            19.925817
          ],
          [
            73.241272,
            19.925727
          ],
          [
            73.241317,
            19.925662
          ],
          [
            73.241385,
            19.925605
          ],
          [
            73.241463,
            19.925585
          ],
          [
            73.241618,
            19.9256
          ],
          [
            73.241878,
            19.925681
          ],
          [
            73.242046,
            19.925707
          ],
          [
            73.242239,
            19.925707
          ],
          [
            73.24241,
            19.925647
          ],
          [
            73.242571,
            19.925565
          ],
          [
            73.242776,
            19.925451
          ],
          [
            73.242906,
            19.925426
          ],
          [
            73.243034,
            19.925444
          ],
          [
            73.243201,
            19.925494
          ],
          [
            73.243651,
            19.925772
          ],
          [
            73.243916,
            19.925913
          ],
          [
            73.243961,
            19.92593
          ],
          [
            73.244007,
            19.925923
          ],
          [
            73.244074,
            19.925914
          ],
          [
            73.24416,
            19.925863
          ],
          [
            73.244274,
            19.925746
          ],
          [
            73.244633,
            19.925338
          ],
          [
            73.244669,
            19.92528
          ],
          [
            73.244692,
            19.925207
          ],
          [
            73.244715,
            19.925127
          ],
          [
            73.244719,
            19.92504
          ],
          [
            73.244256,
            19.923463
          ],
          [
            73.244239,
            19.923339
          ],
          [
            73.244244,
            19.923217
          ],
          [
            73.244263,
            19.923134
          ],
          [
            73.244289,
            19.923044
          ],
          [
            73.24445,
            19.922812
          ],
          [
            73.244659,
            19.922646
          ],
          [
            73.245191,
            19.922384
          ],
          [
            73.245313,
            19.922229
          ],
          [
            73.246199,
            19.920441
          ],
          [
            73.246413,
            19.920074
          ],
          [
            73.246767,
            19.919388
          ],
          [
            73.246862,
            19.919247
          ],
          [
            73.246988,
            19.91914
          ],
          [
            73.247111,
            19.919084
          ],
          [
            73.247207,
            19.919046
          ],
          [
            73.247305,
            19.919034
          ],
          [
            73.247589,
            19.919059
          ],
          [
            73.247927,
            19.919054
          ],
          [
            73.247998,
            19.919039
          ],
          [
            73.248057,
            19.919003
          ],
          [
            73.248111,
            19.918954
          ],
          [
            73.248152,
            19.918896
          ],
          [
            73.248168,
            19.918797
          ],
          [
            73.248166,
            19.918741
          ],
          [
            73.248147,
            19.918691
          ],
          [
            73.248087,
            19.918601
          ],
          [
            73.247936,
            19.918334
          ],
          [
            73.247916,
            19.918274
          ],
          [
            73.247915,
            19.918213
          ],
          [
            73.247942,
            19.918137
          ],
          [
            73.247997,
            19.918075
          ],
          [
            73.248435,
            19.917915
          ],
          [
            73.248632,
            19.917846
          ],
          [
            73.248792,
            19.917751
          ],
          [
            73.248882,
            19.917649
          ],
          [
            73.248934,
            19.917522
          ],
          [
            73.248964,
            19.917409
          ],
          [
            73.248972,
            19.917302
          ],
          [
            73.248987,
            19.917174
          ],
          [
            73.24898,
            19.917017
          ],
          [
            73.248992,
            19.916632
          ],
          [
            73.248988,
            19.916231
          ],
          [
            73.248954,
            19.914889
          ],
          [
            73.248985,
            19.914767
          ],
          [
            73.249048,
            19.914661
          ],
          [
            73.249192,
            19.914556
          ],
          [
            73.249638,
            19.914352
          ],
          [
            73.249841,
            19.914264
          ],
          [
            73.250538,
            19.914001
          ],
          [
            73.250829,
            19.913919
          ],
          [
            73.251262,
            19.913865
          ],
          [
            73.251568,
            19.9138
          ],
          [
            73.251816,
            19.913773
          ],
          [
            73.251911,
            19.913768
          ],
          [
            73.252009,
            19.913793
          ],
          [
            73.25218,
            19.91389
          ],
          [
            73.252443,
            19.914097
          ],
          [
            73.253108,
            19.914773
          ],
          [
            73.253999,
            19.915594
          ],
          [
            73.254798,
            19.916306
          ],
          [
            73.255103,
            19.916501
          ],
          [
            73.255384,
            19.916614
          ],
          [
            73.255634,
            19.916721
          ],
          [
            73.25637,
            19.916986
          ],
          [
            73.256938,
            19.917113
          ],
          [
            73.257776,
            19.917238
          ],
          [
            73.258016,
            19.917242
          ],
          [
            73.258758,
            19.917152
          ],
          [
            73.259143,
            19.917113
          ],
          [
            73.260919,
            19.917183
          ],
          [
            73.262184,
            19.917219
          ],
          [
            73.262587,
            19.91726
          ],
          [
            73.262655,
            19.917285
          ],
          [
            73.262721,
            19.917321
          ],
          [
            73.262752,
            19.917355
          ],
          [
            73.262781,
            19.917395
          ],
          [
            73.262807,
            19.917482
          ],
          [
            73.262811,
            19.917571
          ],
          [
            73.262793,
            19.917652
          ],
          [
            73.262754,
            19.917836
          ],
          [
            73.262737,
            19.918049
          ],
          [
            73.262746,
            19.918085
          ],
          [
            73.262772,
            19.918112
          ],
          [
            73.2628,
            19.918143
          ],
          [
            73.262849,
            19.918167
          ],
          [
            73.262989,
            19.918208
          ],
          [
            73.263193,
            19.918243
          ],
          [
            73.263344,
            19.918292
          ],
          [
            73.263457,
            19.918375
          ],
          [
            73.263544,
            19.918456
          ],
          [
            73.263681,
            19.918585
          ],
          [
            73.263796,
            19.91872
          ],
          [
            73.263972,
            19.918909
          ],
          [
            73.264105,
            19.919121
          ],
          [
            73.264357,
            19.919539
          ],
          [
            73.264518,
            19.919832
          ],
          [
            73.264696,
            19.920073
          ],
          [
            73.264948,
            19.920239
          ],
          [
            73.265442,
            19.920532
          ],
          [
            73.266669,
            19.921012
          ],
          [
            73.267105,
            19.921142
          ],
          [
            73.267271,
            19.921202
          ],
          [
            73.267407,
            19.921277
          ],
          [
            73.267517,
            19.921375
          ],
          [
            73.26771,
            19.921617
          ],
          [
            73.268069,
            19.922066
          ],
          [
            73.268317,
            19.922317
          ],
          [
            73.268927,
            19.922742
          ],
          [
            73.270049,
            19.923402
          ],
          [
            73.270311,
            19.923483
          ],
          [
            73.2705,
            19.923487
          ],
          [
            73.270708,
            19.923438
          ],
          [
            73.270989,
            19.923332
          ],
          [
            73.271268,
            19.923185
          ],
          [
            73.271809,
            19.922892
          ],
          [
            73.272371,
            19.922591
          ],
          [
            73.272786,
            19.922292
          ],
          [
            73.272988,
            19.922026
          ],
          [
            73.273075,
            19.921777
          ],
          [
            73.273129,
            19.921515
          ],
          [
            73.273271,
            19.920639
          ],
          [
            73.273305,
            19.920487
          ],
          [
            73.273364,
            19.920331
          ],
          [
            73.273612,
            19.920083
          ],
          [
            73.273887,
            19.919779
          ],
          [
            73.274313,
            19.919438
          ],
          [
            73.275114,
            19.919089
          ],
          [
            73.275461,
            19.918919
          ],
          [
            73.275799,
            19.918677
          ],
          [
            73.276063,
            19.918444
          ],
          [
            73.276282,
            19.918349
          ],
          [
            73.276545,
            19.918294
          ],
          [
            73.276698,
            19.918288
          ],
          [
            73.276864,
            19.918311
          ],
          [
            73.277033,
            19.918384
          ],
          [
            73.2772,
            19.918534
          ],
          [
            73.277517,
            19.919029
          ],
          [
            73.277635,
            19.91915
          ],
          [
            73.277806,
            19.919237
          ],
          [
            73.278016,
            19.919256
          ],
          [
            73.278793,
            19.919282
          ],
          [
            73.278991,
            19.91923
          ],
          [
            73.279173,
            19.919146
          ],
          [
            73.279442,
            19.918979
          ],
          [
            73.279893,
            19.918413
          ],
          [
            73.28008,
            19.918092
          ],
          [
            73.280167,
            19.917531
          ],
          [
            73.280162,
            19.917157
          ],
          [
            73.280128,
            19.916765
          ],
          [
            73.280048,
            19.916458
          ],
          [
            73.279919,
            19.916059
          ],
          [
            73.279808,
            19.915846
          ],
          [
            73.279788,
            19.915659
          ],
          [
            73.279818,
            19.915473
          ],
          [
            73.279849,
            19.915202
          ],
          [
            73.279907,
            19.915045
          ],
          [
            73.28001,
            19.914894
          ],
          [
            73.280209,
            19.914723
          ],
          [
            73.280456,
            19.914561
          ],
          [
            73.280788,
            19.914435
          ],
          [
            73.281711,
            19.914228
          ],
          [
            73.282204,
            19.914168
          ],
          [
            73.282347,
            19.914255
          ],
          [
            73.282433,
            19.914306
          ],
          [
            73.282487,
            19.91436
          ],
          [
            73.282536,
            19.914434
          ],
          [
            73.282572,
            19.914489
          ],
          [
            73.282596,
            19.914571
          ],
          [
            73.282606,
            19.914592
          ],
          [
            73.282542,
            19.914839
          ],
          [
            73.282542,
            19.915348
          ],
          [
            73.282628,
            19.915631
          ],
          [
            73.282832,
            19.916079
          ],
          [
            73.282902,
            19.916165
          ],
          [
            73.283052,
            19.916266
          ],
          [
            73.283278,
            19.916446
          ],
          [
            73.283685,
            19.91672
          ],
          [
            73.283862,
            19.916785
          ],
          [
            73.283987,
            19.916856
          ],
          [
            73.284081,
            19.916957
          ],
          [
            73.284153,
            19.917087
          ],
          [
            73.284237,
            19.917497
          ],
          [
            73.284345,
            19.917744
          ],
          [
            73.284388,
            19.91778
          ],
          [
            73.284452,
            19.917794
          ],
          [
            73.284518,
            19.917812
          ],
          [
            73.284598,
            19.917818
          ],
          [
            73.284699,
            19.917764
          ],
          [
            73.284747,
            19.917732
          ],
          [
            73.284774,
            19.917673
          ],
          [
            73.28487,
            19.917291
          ],
          [
            73.284912,
            19.91718
          ],
          [
            73.284972,
            19.917088
          ],
          [
            73.285124,
            19.916971
          ],
          [
            73.285166,
            19.916922
          ],
          [
            73.285273,
            19.91673
          ],
          [
            73.285439,
            19.916256
          ],
          [
            73.285584,
            19.915992
          ],
          [
            73.285832,
            19.915765
          ],
          [
            73.28632,
            19.915498
          ],
          [
            73.286523,
            19.915415
          ],
          [
            73.286981,
            19.915095
          ],
          [
            73.287311,
            19.914879
          ],
          [
            73.28763,
            19.914699
          ],
          [
            73.287742,
            19.914454
          ],
          [
            73.28782,
            19.914377
          ],
          [
            73.287893,
            19.914335
          ],
          [
            73.287972,
            19.914323
          ],
          [
            73.288105,
            19.914329
          ],
          [
            73.289072,
            19.914626
          ],
          [
            73.289532,
            19.914782
          ],
          [
            73.289744,
            19.91489
          ],
          [
            73.289826,
            19.915
          ],
          [
            73.289866,
            19.915044
          ],
          [
            73.289913,
            19.915096
          ],
          [
            73.290004,
            19.915138
          ],
          [
            73.290139,
            19.915137
          ],
          [
            73.29027,
            19.915086
          ],
          [
            73.290336,
            19.915034
          ],
          [
            73.290353,
            19.915021
          ],
          [
            73.290433,
            19.91494
          ],
          [
            73.290621,
            19.914854
          ],
          [
            73.29119,
            19.914697
          ],
          [
            73.291368,
            19.914631
          ],
          [
            73.291538,
            19.914602
          ],
          [
            73.291608,
            19.914614
          ],
          [
            73.291673,
            19.914647
          ],
          [
            73.291742,
            19.914706
          ],
          [
            73.291792,
            19.914787
          ],
          [
            73.291941,
            19.915091
          ],
          [
            73.292096,
            19.915348
          ],
          [
            73.29221,
            19.915609
          ],
          [
            73.292247,
            19.91613
          ],
          [
            73.292271,
            19.91618
          ],
          [
            73.292301,
            19.916229
          ],
          [
            73.292762,
            19.916513
          ],
          [
            73.293008,
            19.916725
          ],
          [
            73.293272,
            19.917031
          ],
          [
            73.293373,
            19.917244
          ],
          [
            73.293486,
            19.917592
          ],
          [
            73.293555,
            19.918097
          ],
          [
            73.293534,
            19.918929
          ],
          [
            73.293502,
            19.919141
          ],
          [
            73.293503,
            19.919306
          ],
          [
            73.293551,
            19.919467
          ],
          [
            73.293701,
            19.919725
          ],
          [
            73.293931,
            19.920028
          ],
          [
            73.294157,
            19.920214
          ],
          [
            73.294442,
            19.92036
          ],
          [
            73.294747,
            19.920481
          ],
          [
            73.294966,
            19.920578
          ],
          [
            73.295192,
            19.920694
          ],
          [
            73.295433,
            19.920911
          ],
          [
            73.295674,
            19.921199
          ],
          [
            73.295969,
            19.921486
          ],
          [
            73.296131,
            19.921576
          ],
          [
            73.296341,
            19.921641
          ],
          [
            73.296512,
            19.921646
          ],
          [
            73.297939,
            19.921253
          ],
          [
            73.298181,
            19.921212
          ],
          [
            73.299451,
            19.921264
          ],
          [
            73.300536,
            19.921293
          ],
          [
            73.300905,
            19.921294
          ],
          [
            73.301096,
            19.921269
          ],
          [
            73.301249,
            19.92122
          ],
          [
            73.301371,
            19.921138
          ],
          [
            73.301489,
            19.921062
          ],
          [
            73.301689,
            19.92091
          ],
          [
            73.301839,
            19.920819
          ],
          [
            73.302047,
            19.920745
          ],
          [
            73.302311,
            19.920678
          ],
          [
            73.30245,
            19.920614
          ],
          [
            73.302621,
            19.920477
          ],
          [
            73.302954,
            19.919998
          ],
          [
            73.303079,
            19.919858
          ],
          [
            73.30328,
            19.91971
          ],
          [
            73.303445,
            19.919607
          ],
          [
            73.3035,
            19.919576
          ],
          [
            73.303557,
            19.919572
          ],
          [
            73.303612,
            19.919572
          ],
          [
            73.303662,
            19.919595
          ],
          [
            73.303779,
            19.919687
          ],
          [
            73.303861,
            19.919766
          ],
          [
            73.304043,
            19.919897
          ],
          [
            73.304284,
            19.919968
          ],
          [
            73.304574,
            19.920028
          ],
          [
            73.305309,
            19.920331
          ],
          [
            73.305464,
            19.920427
          ],
          [
            73.305631,
            19.920508
          ],
          [
            73.305777,
            19.920542
          ],
          [
            73.305982,
            19.920581
          ],
          [
            73.30614,
            19.920603
          ],
          [
            73.306345,
            19.920622
          ],
          [
            73.306624,
            19.920567
          ],
          [
            73.30746,
            19.920155
          ],
          [
            73.307579,
            19.920133
          ],
          [
            73.307751,
            19.920138
          ],
          [
            73.308244,
            19.920255
          ],
          [
            73.308421,
            19.920305
          ],
          [
            73.308533,
            19.920306
          ],
          [
            73.308667,
            19.92025
          ],
          [
            73.308801,
            19.920139
          ],
          [
            73.309107,
            19.919802
          ],
          [
            73.309768,
            19.919099
          ],
          [
            73.310202,
            19.918681
          ],
          [
            73.310346,
            19.918569
          ],
          [
            73.311371,
            19.917774
          ],
          [
            73.311725,
            19.917441
          ],
          [
            73.311865,
            19.917238
          ],
          [
            73.31201,
            19.916875
          ],
          [
            73.312234,
            19.916528
          ],
          [
            73.312787,
            19.915928
          ],
          [
            73.312992,
            19.915745
          ],
          [
            73.313121,
            19.915584
          ],
          [
            73.3132,
            19.915353
          ],
          [
            73.313298,
            19.91511
          ],
          [
            73.313463,
            19.914864
          ],
          [
            73.315223,
            19.913607
          ],
          [
            73.315585,
            19.913421
          ],
          [
            73.315814,
            19.913304
          ],
          [
            73.315937,
            19.913138
          ],
          [
            73.316151,
            19.9128
          ],
          [
            73.316468,
            19.912149
          ],
          [
            73.316554,
            19.911932
          ],
          [
            73.31681,
            19.911767
          ],
          [
            73.317003,
            19.911661
          ],
          [
            73.317137,
            19.911535
          ],
          [
            73.317262,
            19.911398
          ],
          [
            73.317428,
            19.911282
          ],
          [
            73.31798,
            19.911031
          ],
          [
            73.318092,
            19.910925
          ],
          [
            73.318142,
            19.910752
          ],
          [
            73.318292,
            19.910459
          ],
          [
            73.318544,
            19.910076
          ],
          [
            73.318977,
            19.909447
          ],
          [
            73.319132,
            19.909189
          ],
          [
            73.319519,
            19.908649
          ],
          [
            73.319616,
            19.908514
          ],
          [
            73.319956,
            19.908227
          ],
          [
            73.320077,
            19.908125
          ],
          [
            73.320386,
            19.907971
          ],
          [
            73.320541,
            19.907894
          ],
          [
            73.320695,
            19.907817
          ],
          [
            73.320946,
            19.907732
          ],
          [
            73.321205,
            19.907645
          ],
          [
            73.32135,
            19.90761
          ],
          [
            73.321548,
            19.90761
          ],
          [
            73.321747,
            19.90765
          ],
          [
            73.321918,
            19.907675
          ],
          [
            73.322031,
            19.90768
          ],
          [
            73.322192,
            19.907625
          ],
          [
            73.322412,
            19.907534
          ],
          [
            73.322872,
            19.907318
          ],
          [
            73.323001,
            19.907258
          ],
          [
            73.32313,
            19.907197
          ],
          [
            73.32329,
            19.907182
          ],
          [
            73.323372,
            19.907247
          ],
          [
            73.323533,
            19.907393
          ],
          [
            73.323661,
            19.907475
          ],
          [
            73.323768,
            19.907475
          ],
          [
            73.324032,
            19.907418
          ],
          [
            73.324224,
            19.907364
          ],
          [
            73.324348,
            19.907373
          ],
          [
            73.324487,
            19.907434
          ],
          [
            73.324814,
            19.907692
          ],
          [
            73.325035,
            19.907847
          ],
          [
            73.325282,
            19.908023
          ],
          [
            73.325404,
            19.908191
          ],
          [
            73.325549,
            19.908453
          ],
          [
            73.325679,
            19.908523
          ],
          [
            73.32585,
            19.908518
          ],
          [
            73.326076,
            19.908402
          ],
          [
            73.326268,
            19.908302
          ],
          [
            73.326423,
            19.908206
          ],
          [
            73.326513,
            19.908184
          ],
          [
            73.326341,
            19.907921
          ],
          [
            73.326008,
            19.907487
          ],
          [
            73.325844,
            19.907343
          ],
          [
            73.325672,
            19.907111
          ],
          [
            73.325585,
            19.907023
          ],
          [
            73.32557,
            19.906814
          ],
          [
            73.325619,
            19.906698
          ],
          [
            73.325688,
            19.906572
          ],
          [
            73.325833,
            19.906365
          ],
          [
            73.326171,
            19.905825
          ],
          [
            73.326391,
            19.905638
          ],
          [
            73.326541,
            19.905492
          ],
          [
            73.326649,
            19.905361
          ],
          [
            73.326799,
            19.90525
          ],
          [
            73.326976,
            19.905068
          ],
          [
            73.327528,
            19.904347
          ],
          [
            73.328768,
            19.903535
          ],
          [
            73.329733,
            19.902799
          ],
          [
            73.330221,
            19.902451
          ],
          [
            73.330559,
            19.902082
          ],
          [
            73.33086,
            19.901785
          ],
          [
            73.33123,
            19.901366
          ],
          [
            73.331648,
            19.901023
          ],
          [
            73.331772,
            19.900872
          ],
          [
            73.331836,
            19.900731
          ],
          [
            73.332061,
            19.899984
          ],
          [
            73.332158,
            19.899782
          ],
          [
            73.332313,
            19.899661
          ],
          [
            73.332576,
            19.899525
          ],
          [
            73.33278,
            19.899374
          ],
          [
            73.33351,
            19.898728
          ],
          [
            73.333601,
            19.898627
          ],
          [
            73.333719,
            19.898441
          ],
          [
            73.333821,
            19.898214
          ],
          [
            73.33396,
            19.897815
          ],
          [
            73.334031,
            19.897485
          ],
          [
            73.334148,
            19.897301
          ],
          [
            73.334411,
            19.896922
          ],
          [
            73.334647,
            19.896746
          ],
          [
            73.334888,
            19.896655
          ],
          [
            73.335178,
            19.896569
          ],
          [
            73.335425,
            19.896448
          ],
          [
            73.335586,
            19.896302
          ],
          [
            73.335682,
            19.896191
          ],
          [
            73.335779,
            19.895883
          ],
          [
            73.335916,
            19.895271
          ],
          [
            73.335913,
            19.89498
          ],
          [
            73.335927,
            19.894554
          ],
          [
            73.335847,
            19.894408
          ],
          [
            73.33572,
            19.894269
          ],
          [
            73.335559,
            19.894138
          ],
          [
            73.335462,
            19.894087
          ],
          [
            73.335355,
            19.894087
          ],
          [
            73.335275,
            19.894158
          ],
          [
            73.335258,
            19.894239
          ],
          [
            73.335216,
            19.89435
          ],
          [
            73.335076,
            19.894602
          ],
          [
            73.335001,
            19.894778
          ],
          [
            73.334808,
            19.895056
          ],
          [
            73.334218,
            19.895313
          ],
          [
            73.334035,
            19.895354
          ],
          [
            73.333714,
            19.89548
          ],
          [
            73.333445,
            19.895686
          ],
          [
            73.33337,
            19.895797
          ],
          [
            73.333097,
            19.895913
          ],
          [
            73.332946,
            19.895989
          ],
          [
            73.332869,
            19.896048
          ],
          [
            73.332753,
            19.896034
          ],
          [
            73.332625,
            19.895934
          ],
          [
            73.332362,
            19.895782
          ],
          [
            73.332217,
            19.895787
          ],
          [
            73.331916,
            19.895959
          ],
          [
            73.331815,
            19.896029
          ],
          [
            73.331455,
            19.895959
          ],
          [
            73.331348,
            19.895959
          ],
          [
            73.331029,
            19.895932
          ],
          [
            73.330842,
            19.895866
          ],
          [
            73.330606,
            19.89575
          ],
          [
            73.330366,
            19.895686
          ],
          [
            73.330037,
            19.895725
          ],
          [
            73.329876,
            19.895659
          ],
          [
            73.329747,
            19.895578
          ],
          [
            73.32964,
            19.895462
          ],
          [
            73.32934,
            19.895094
          ],
          [
            73.329272,
            19.895061
          ],
          [
            73.329057,
            19.895248
          ],
          [
            73.328891,
            19.895369
          ],
          [
            73.328709,
            19.89557
          ],
          [
            73.328601,
            19.895596
          ],
          [
            73.328508,
            19.895573
          ],
          [
            73.328462,
            19.8955
          ],
          [
            73.328521,
            19.895354
          ],
          [
            73.32865,
            19.895172
          ],
          [
            73.328794,
            19.895016
          ],
          [
            73.328971,
            19.894789
          ],
          [
            73.329132,
            19.894536
          ],
          [
            73.329229,
            19.89441
          ],
          [
            73.329363,
            19.894279
          ],
          [
            73.329556,
            19.894118
          ],
          [
            73.329712,
            19.893941
          ],
          [
            73.329803,
            19.8938
          ],
          [
            73.329819,
            19.893664
          ],
          [
            73.329744,
            19.893437
          ],
          [
            73.329613,
            19.893329
          ],
          [
            73.32949,
            19.893208
          ],
          [
            73.329272,
            19.893038
          ],
          [
            73.329216,
            19.892804
          ],
          [
            73.328794,
            19.891399
          ],
          [
            73.32873,
            19.891252
          ],
          [
            73.328583,
            19.891018
          ],
          [
            73.328499,
            19.890945
          ],
          [
            73.328387,
            19.890965
          ],
          [
            73.328317,
            19.891005
          ],
          [
            73.328247,
            19.891071
          ],
          [
            73.328161,
            19.891177
          ],
          [
            73.327984,
            19.891298
          ],
          [
            73.327791,
            19.891444
          ],
          [
            73.327703,
            19.891442
          ],
          [
            73.327662,
            19.891389
          ],
          [
            73.327705,
            19.891298
          ],
          [
            73.327872,
            19.891081
          ],
          [
            73.327945,
            19.890938
          ],
          [
            73.327974,
            19.890793
          ],
          [
            73.327999,
            19.890575
          ],
          [
            73.327993,
            19.890317
          ],
          [
            73.328006,
            19.890012
          ],
          [
            73.328004,
            19.889873
          ],
          [
            73.327968,
            19.889754
          ],
          [
            73.327913,
            19.889672
          ],
          [
            73.327628,
            19.889399
          ],
          [
            73.327528,
            19.88928
          ],
          [
            73.327231,
            19.88897
          ],
          [
            73.326992,
            19.888826
          ],
          [
            73.32648,
            19.888622
          ],
          [
            73.326391,
            19.888528
          ],
          [
            73.326271,
            19.888365
          ],
          [
            73.326255,
            19.888163
          ],
          [
            73.326198,
            19.887958
          ],
          [
            73.326289,
            19.887726
          ],
          [
            73.326434,
            19.887414
          ],
          [
            73.3266,
            19.887156
          ],
          [
            73.32704,
            19.886627
          ],
          [
            73.32733,
            19.886178
          ],
          [
            73.327614,
            19.885714
          ],
          [
            73.327748,
            19.885547
          ],
          [
            73.32792,
            19.885204
          ],
          [
            73.328063,
            19.884864
          ],
          [
            73.328076,
            19.884735
          ],
          [
            73.328049,
            19.884412
          ],
          [
            73.328022,
            19.884301
          ],
          [
            73.32795,
            19.884223
          ],
          [
            73.327827,
            19.884138
          ],
          [
            73.327566,
            19.884069
          ],
          [
            73.327172,
            19.883916
          ],
          [
            73.326727,
            19.883623
          ],
          [
            73.326663,
            19.883558
          ],
          [
            73.326609,
            19.883467
          ],
          [
            73.326606,
            19.882969
          ],
          [
            73.326724,
            19.882672
          ],
          [
            73.327233,
            19.882172
          ],
          [
            73.327695,
            19.881602
          ],
          [
            73.328017,
            19.881179
          ],
          [
            73.328338,
            19.880815
          ],
          [
            73.328891,
            19.880392
          ],
          [
            73.329132,
            19.88019
          ],
          [
            73.329787,
            19.879786
          ],
          [
            73.330119,
            19.879478
          ],
          [
            73.330302,
            19.879282
          ],
          [
            73.330473,
            19.878974
          ],
          [
            73.330704,
            19.878676
          ],
          [
            73.330854,
            19.8785
          ],
          [
            73.33109,
            19.878258
          ],
          [
            73.331316,
            19.878076
          ],
          [
            73.331401,
            19.87799
          ],
          [
            73.33146,
            19.877879
          ],
          [
            73.33141,
            19.877711
          ],
          [
            73.331357,
            19.87762
          ],
          [
            73.331223,
            19.877504
          ],
          [
            73.33108,
            19.877405
          ],
          [
            73.330929,
            19.877334
          ],
          [
            73.33082,
            19.877267
          ],
          [
            73.330767,
            19.877196
          ],
          [
            73.330742,
            19.877097
          ],
          [
            73.330811,
            19.877017
          ],
          [
            73.330944,
            19.876974
          ],
          [
            73.331149,
            19.876966
          ],
          [
            73.331385,
            19.876906
          ],
          [
            73.33168,
            19.87681
          ],
          [
            73.331933,
            19.876694
          ],
          [
            73.332179,
            19.876507
          ],
          [
            73.332362,
            19.876452
          ],
          [
            73.332528,
            19.876442
          ],
          [
            73.332694,
            19.876447
          ],
          [
            73.332764,
            19.876522
          ],
          [
            73.33293,
            19.876815
          ],
          [
            73.33314,
            19.877092
          ],
          [
            73.333365,
            19.877203
          ],
          [
            73.333531,
            19.877203
          ],
          [
            73.333751,
            19.877148
          ],
          [
            73.334062,
            19.877097
          ],
          [
            73.334352,
            19.877067
          ],
          [
            73.334491,
            19.877082
          ],
          [
            73.334926,
            19.877097
          ],
          [
            73.335071,
            19.877057
          ],
          [
            73.335489,
            19.876764
          ],
          [
            73.335645,
            19.876689
          ],
          [
            73.33579,
            19.876527
          ],
          [
            73.335995,
            19.876422
          ],
          [
            73.336327,
            19.876208
          ],
          [
            73.336391,
            19.876062
          ],
          [
            73.336535,
            19.875973
          ],
          [
            73.336707,
            19.875973
          ],
          [
            73.336862,
            19.875937
          ],
          [
            73.33698,
            19.875867
          ],
          [
            73.337093,
            19.875741
          ],
          [
            73.337152,
            19.875614
          ],
          [
            73.33727,
            19.875503
          ],
          [
            73.337361,
            19.875473
          ],
          [
            73.337635,
            19.875327
          ],
          [
            73.337849,
            19.875236
          ],
          [
            73.337989,
            19.875165
          ],
          [
            73.338166,
            19.875059
          ],
          [
            73.338343,
            19.874933
          ],
          [
            73.338482,
            19.874817
          ],
          [
            73.338863,
            19.874434
          ],
          [
            73.338912,
            19.874217
          ],
          [
            73.33891,
            19.874134
          ],
          [
            73.33884,
            19.874028
          ],
          [
            73.338754,
            19.873962
          ],
          [
            73.338713,
            19.873864
          ],
          [
            73.338735,
            19.873808
          ],
          [
            73.338826,
            19.873803
          ],
          [
            73.338917,
            19.873849
          ],
          [
            73.339099,
            19.87398
          ],
          [
            73.339169,
            19.874091
          ],
          [
            73.339169,
            19.874277
          ],
          [
            73.339217,
            19.874323
          ],
          [
            73.339314,
            19.874313
          ],
          [
            73.339394,
            19.874262
          ],
          [
            73.339486,
            19.874167
          ],
          [
            73.339738,
            19.87399
          ],
          [
            73.339974,
            19.873894
          ],
          [
            73.340076,
            19.873864
          ],
          [
            73.340258,
            19.873763
          ],
          [
            73.340532,
            19.873707
          ],
          [
            73.34073,
            19.873723
          ],
          [
            73.340837,
            19.873748
          ],
          [
            73.340988,
            19.873803
          ],
          [
            73.341165,
            19.873854
          ],
          [
            73.341588,
            19.873899
          ],
          [
            73.341814,
            19.873955
          ],
          [
            73.342109,
            19.87399
          ],
          [
            73.342302,
            19.87404
          ],
          [
            73.34264,
            19.874086
          ],
          [
            73.342806,
            19.874131
          ],
          [
            73.342994,
            19.874217
          ],
          [
            73.3433,
            19.874217
          ],
          [
            73.343702,
            19.874328
          ],
          [
            73.344013,
            19.874378
          ],
          [
            73.344421,
            19.874378
          ],
          [
            73.345252,
            19.874338
          ],
          [
            73.34551,
            19.874272
          ],
          [
            73.345665,
            19.874338
          ],
          [
            73.345762,
            19.874399
          ],
          [
            73.345896,
            19.874499
          ],
          [
            73.346105,
            19.874595
          ],
          [
            73.346481,
            19.874706
          ],
          [
            73.346658,
            19.874772
          ],
          [
            73.347039,
            19.874853
          ],
          [
            73.347597,
            19.874848
          ],
          [
            73.347811,
            19.874797
          ],
          [
            73.348149,
            19.874535
          ],
          [
            73.34845,
            19.874257
          ],
          [
            73.348664,
            19.873924
          ],
          [
            73.34875,
            19.873839
          ],
          [
            73.348889,
            19.873768
          ],
          [
            73.349158,
            19.873536
          ],
          [
            73.349319,
            19.87344
          ],
          [
            73.349598,
            19.873319
          ],
          [
            73.349713,
            19.873296
          ],
          [
            73.349909,
            19.87346
          ],
          [
            73.350155,
            19.873773
          ],
          [
            73.350209,
            19.873798
          ],
          [
            73.350305,
            19.873914
          ],
          [
            73.350456,
            19.874257
          ],
          [
            73.350595,
            19.874474
          ],
          [
            73.350729,
            19.87458
          ],
          [
            73.350836,
            19.874651
          ],
          [
            73.351078,
            19.874888
          ],
          [
            73.351346,
            19.875226
          ],
          [
            73.351904,
            19.876003
          ],
          [
            73.352033,
            19.876124
          ],
          [
            73.352339,
            19.87619
          ],
          [
            73.352705,
            19.87634
          ],
          [
            73.353059,
            19.876345
          ],
          [
            73.353709,
            19.876311
          ],
          [
            73.353819,
            19.876331
          ],
          [
            73.35397,
            19.876331
          ],
          [
            73.354325,
            19.876259
          ],
          [
            73.355191,
            19.876018
          ],
          [
            73.355367,
            19.876054
          ],
          [
            73.355479,
            19.876179
          ],
          [
            73.355493,
            19.876331
          ],
          [
            73.355536,
            19.876513
          ],
          [
            73.355702,
            19.877062
          ],
          [
            73.355777,
            19.877168
          ],
          [
            73.355847,
            19.877244
          ],
          [
            73.356031,
            19.877339
          ],
          [
            73.356031,
            19.877339
          ],
          [
            73.356245,
            19.877364
          ],
          [
            73.356433,
            19.877409
          ],
          [
            73.356647,
            19.877521
          ],
          [
            73.357263,
            19.877804
          ],
          [
            73.357812,
            19.878121
          ],
          [
            73.358123,
            19.878343
          ],
          [
            73.358438,
            19.878435
          ],
          [
            73.358771,
            19.87849
          ],
          [
            73.358938,
            19.878504
          ],
          [
            73.359126,
            19.878555
          ],
          [
            73.359228,
            19.878605
          ],
          [
            73.359345,
            19.878697
          ],
          [
            73.359641,
            19.879024
          ],
          [
            73.35979,
            19.879111
          ],
          [
            73.360183,
            19.879266
          ],
          [
            73.360766,
            19.87964
          ],
          [
            73.36097,
            19.879741
          ],
          [
            73.361513,
            19.879836
          ],
          [
            73.362141,
            19.879987
          ],
          [
            73.362672,
            19.880174
          ],
          [
            73.363277,
            19.880442
          ],
          [
            73.364195,
            19.88088
          ],
          [
            73.365032,
            19.881264
          ],
          [
            73.366014,
            19.881692
          ],
          [
            73.366581,
            19.882097
          ],
          [
            73.366947,
            19.882257
          ],
          [
            73.367069,
            19.882349
          ],
          [
            73.367134,
            19.882445
          ],
          [
            73.367161,
            19.882556
          ],
          [
            73.367134,
            19.882637
          ],
          [
            73.367065,
            19.882722
          ],
          [
            73.366629,
            19.882955
          ],
          [
            73.36656,
            19.883035
          ],
          [
            73.366517,
            19.883101
          ],
          [
            73.36662,
            19.883221
          ],
          [
            73.36669,
            19.883271
          ],
          [
            73.366929,
            19.883389
          ],
          [
            73.367477,
            19.883716
          ],
          [
            73.367547,
            19.883792
          ],
          [
            73.367563,
            19.883868
          ],
          [
            73.367537,
            19.883922
          ],
          [
            73.367375,
            19.884029
          ],
          [
            73.367053,
            19.884155
          ],
          [
            73.36693,
            19.884226
          ],
          [
            73.366914,
            19.884297
          ],
          [
            73.366919,
            19.884347
          ],
          [
            73.366983,
            19.884397
          ],
          [
            73.367087,
            19.884422
          ],
          [
            73.367321,
            19.884539
          ],
          [
            73.367391,
            19.884609
          ],
          [
            73.367466,
            19.88473
          ],
          [
            73.367504,
            19.884912
          ],
          [
            73.367602,
            19.885264
          ],
          [
            73.367735,
            19.885593
          ],
          [
            73.367783,
            19.885749
          ],
          [
            73.367804,
            19.885901
          ],
          [
            73.367718,
            19.887172
          ],
          [
            73.36767,
            19.887369
          ],
          [
            73.367671,
            19.88761
          ],
          [
            73.36759,
            19.887808
          ],
          [
            73.367375,
            19.888115
          ],
          [
            73.367112,
            19.888529
          ],
          [
            73.366475,
            19.889209
          ],
          [
            73.366399,
            19.889321
          ],
          [
            73.36634,
            19.889442
          ],
          [
            73.366334,
            19.889533
          ],
          [
            73.366372,
            19.889629
          ],
          [
            73.36662,
            19.889875
          ],
          [
            73.366742,
            19.890017
          ],
          [
            73.366817,
            19.890188
          ],
          [
            73.367,
            19.890748
          ],
          [
            73.367037,
            19.891071
          ],
          [
            73.366973,
            19.891828
          ],
          [
            73.367022,
            19.892397
          ],
          [
            73.367199,
            19.893613
          ],
          [
            73.367268,
            19.893861
          ],
          [
            73.36745,
            19.894224
          ],
          [
            73.367557,
            19.894406
          ],
          [
            73.367697,
            19.894597
          ],
          [
            73.367757,
            19.894732
          ],
          [
            73.367772,
            19.89486
          ],
          [
            73.367707,
            19.895374
          ],
          [
            73.367761,
            19.895616
          ],
          [
            73.367825,
            19.895848
          ],
          [
            73.367836,
            19.8961
          ],
          [
            73.367825,
            19.896534
          ],
          [
            73.367886,
            19.897345
          ],
          [
            73.367875,
            19.89784
          ],
          [
            73.367922,
            19.898267
          ],
          [
            73.367938,
            19.898708
          ],
          [
            73.367974,
            19.899214
          ],
          [
            73.368035,
            19.899684
          ],
          [
            73.368064,
            19.899948
          ],
          [
            73.368033,
            19.90018
          ],
          [
            73.367896,
            19.900525
          ],
          [
            73.367734,
            19.900834
          ],
          [
            73.367541,
            19.901085
          ],
          [
            73.367446,
            19.901307
          ],
          [
            73.367369,
            19.901498
          ],
          [
            73.367198,
            19.901651
          ],
          [
            73.367128,
            19.901783
          ],
          [
            73.36709,
            19.902018
          ],
          [
            73.367175,
            19.902693
          ],
          [
            73.367217,
            19.902799
          ],
          [
            73.367298,
            19.902882
          ],
          [
            73.367439,
            19.902987
          ],
          [
            73.367606,
            19.903166
          ],
          [
            73.367665,
            19.903233
          ],
          [
            73.367686,
            19.903354
          ],
          [
            73.367695,
            19.903506
          ],
          [
            73.368116,
            19.903301
          ],
          [
            73.36854,
            19.903092
          ],
          [
            73.368802,
            19.902993
          ],
          [
            73.369105,
            19.902902
          ],
          [
            73.369339,
            19.902849
          ],
          [
            73.369538,
            19.902842
          ],
          [
            73.369849,
            19.90289
          ],
          [
            73.370136,
            19.902935
          ],
          [
            73.370514,
            19.902997
          ],
          [
            73.370812,
            19.90302
          ],
          [
            73.371473,
            19.903
          ],
          [
            73.371788,
            19.902975
          ],
          [
            73.371892,
            19.902916
          ],
          [
            73.371998,
            19.902861
          ],
          [
            73.372313,
            19.902577
          ],
          [
            73.372995,
            19.902018
          ],
          [
            73.373571,
            19.901572
          ],
          [
            73.374204,
            19.901037
          ],
          [
            73.374462,
            19.900836
          ],
          [
            73.374893,
            19.90065
          ],
          [
            73.376927,
            19.899792
          ],
          [
            73.377906,
            19.899368
          ],
          [
            73.379085,
            19.898858
          ],
          [
            73.379226,
            19.898786
          ],
          [
            73.37937,
            19.898717
          ],
          [
            73.37953,
            19.898617
          ],
          [
            73.379652,
            19.898489
          ],
          [
            73.379916,
            19.898139
          ],
          [
            73.381491,
            19.895993
          ],
          [
            73.382884,
            19.894137
          ],
          [
            73.384091,
            19.892489
          ],
          [
            73.384444,
            19.892003
          ],
          [
            73.384549,
            19.89184
          ],
          [
            73.384685,
            19.891711
          ],
          [
            73.384954,
            19.891504
          ],
          [
            73.385292,
            19.891226
          ],
          [
            73.385491,
            19.891035
          ],
          [
            73.385635,
            19.890853
          ],
          [
            73.385668,
            19.890695
          ],
          [
            73.385648,
            19.8905
          ],
          [
            73.385529,
            19.890365
          ],
          [
            73.385325,
            19.890278
          ],
          [
            73.385147,
            19.890225
          ],
          [
            73.385026,
            19.890101
          ],
          [
            73.384979,
            19.889951
          ],
          [
            73.385041,
            19.889809
          ],
          [
            73.385331,
            19.889284
          ],
          [
            73.385652,
            19.888916
          ],
          [
            73.385946,
            19.888563
          ],
          [
            73.386178,
            19.88834
          ],
          [
            73.386297,
            19.888181
          ],
          [
            73.386359,
            19.888058
          ],
          [
            73.386392,
            19.887912
          ],
          [
            73.386359,
            19.887745
          ],
          [
            73.38629,
            19.887617
          ],
          [
            73.386301,
            19.887512
          ],
          [
            73.386413,
            19.887393
          ],
          [
            73.386552,
            19.887281
          ],
          [
            73.386649,
            19.887181
          ],
          [
            73.386714,
            19.886977
          ],
          [
            73.386744,
            19.886756
          ],
          [
            73.387221,
            19.88537
          ],
          [
            73.387555,
            19.884452
          ],
          [
            73.387701,
            19.884036
          ],
          [
            73.388053,
            19.883423
          ],
          [
            73.388205,
            19.883162
          ],
          [
            73.3885,
            19.8827
          ],
          [
            73.38868,
            19.882372
          ],
          [
            73.388876,
            19.881969
          ],
          [
            73.38916,
            19.881479
          ],
          [
            73.389388,
            19.881063
          ],
          [
            73.389492,
            19.880841
          ],
          [
            73.389624,
            19.880519
          ],
          [
            73.390023,
            19.879408
          ],
          [
            73.390133,
            19.879507
          ],
          [
            73.390154,
            19.879557
          ],
          [
            73.390176,
            19.879648
          ],
          [
            73.390202,
            19.879784
          ],
          [
            73.390224,
            19.879895
          ],
          [
            73.390224,
            19.879991
          ],
          [
            73.390251,
            19.880062
          ],
          [
            73.390294,
            19.880102
          ],
          [
            73.390379,
            19.880082
          ],
          [
            73.39046,
            19.880011
          ],
          [
            73.390503,
            19.879936
          ],
          [
            73.390572,
            19.879825
          ],
          [
            73.390701,
            19.879754
          ],
          [
            73.390862,
            19.879703
          ],
          [
            73.390991,
            19.879683
          ],
          [
            73.391168,
            19.879724
          ],
          [
            73.391399,
            19.879794
          ],
          [
            73.392772,
            19.880576
          ],
          [
            73.393158,
            19.880743
          ],
          [
            73.393335,
            19.880818
          ],
          [
            73.393459,
            19.880854
          ],
          [
            73.393582,
            19.880859
          ],
          [
            73.393705,
            19.880803
          ],
          [
            73.393845,
            19.880697
          ],
          [
            73.394,
            19.880551
          ],
          [
            73.394311,
            19.880354
          ],
          [
            73.394542,
            19.880284
          ],
          [
            73.394698,
            19.880274
          ],
          [
            73.394848,
            19.880324
          ],
          [
            73.395079,
            19.880405
          ],
          [
            73.395197,
            19.880405
          ],
          [
            73.395331,
            19.880369
          ],
          [
            73.395449,
            19.880284
          ],
          [
            73.395508,
            19.880132
          ],
          [
            73.395518,
            19.880011
          ],
          [
            73.395583,
            19.879774
          ],
          [
            73.395604,
            19.879592
          ],
          [
            73.395631,
            19.879159
          ],
          [
            73.395636,
            19.879017
          ],
          [
            73.395663,
            19.878906
          ],
          [
            73.395728,
            19.878841
          ],
          [
            73.395894,
            19.878826
          ],
          [
            73.396012,
            19.878826
          ],
          [
            73.396146,
            19.878846
          ],
          [
            73.396296,
            19.878856
          ],
          [
            73.396452,
            19.878881
          ],
          [
            73.39657,
            19.878962
          ],
          [
            73.396661,
            19.879043
          ],
          [
            73.396752,
            19.879118
          ],
          [
            73.396929,
            19.879204
          ],
          [
            73.397106,
            19.879204
          ],
          [
            73.397257,
            19.879209
          ],
          [
            73.397487,
            19.879285
          ],
          [
            73.398372,
            19.879668
          ],
          [
            73.398528,
            19.879759
          ],
          [
            73.398635,
            19.879875
          ],
          [
            73.39863,
            19.879981
          ],
          [
            73.398646,
            19.880097
          ],
          [
            73.398726,
            19.880193
          ],
          [
            73.398807,
            19.880314
          ],
          [
            73.398946,
            19.88043
          ],
          [
            73.399038,
            19.880501
          ],
          [
            73.399156,
            19.880576
          ],
          [
            73.399327,
            19.880622
          ],
          [
            73.399483,
            19.880672
          ],
          [
            73.399617,
            19.880707
          ],
          [
            73.399687,
            19.880768
          ],
          [
            73.399735,
            19.880869
          ],
          [
            73.399821,
            19.880929
          ],
          [
            73.399955,
            19.88097
          ],
          [
            73.400068,
            19.880965
          ],
          [
            73.400169,
            19.880909
          ],
          [
            73.400255,
            19.880818
          ],
          [
            73.400346,
            19.880723
          ],
          [
            73.400432,
            19.880667
          ],
          [
            73.400566,
            19.880627
          ],
          [
            73.400722,
            19.880601
          ],
          [
            73.400851,
            19.880556
          ],
          [
            73.400985,
            19.88047
          ],
          [
            73.401156,
            19.880334
          ],
          [
            73.401323,
            19.880233
          ],
          [
            73.401623,
            19.880127
          ],
          [
            73.401784,
            19.880117
          ],
          [
            73.401945,
            19.880102
          ],
          [
            73.402133,
            19.880057
          ],
          [
            73.40253,
            19.879814
          ],
          [
            73.402841,
            19.879562
          ],
          [
            73.402986,
            19.879476
          ],
          [
            73.4032,
            19.87934
          ],
          [
            73.403313,
            19.879265
          ],
          [
            73.403463,
            19.879239
          ],
          [
            73.403587,
            19.879244
          ],
          [
            73.403753,
            19.87928
          ],
          [
            73.403935,
            19.879345
          ],
          [
            73.404107,
            19.879436
          ],
          [
            73.404364,
            19.879567
          ],
          [
            73.404552,
            19.879658
          ],
          [
            73.404772,
            19.879698
          ],
          [
            73.404944,
            19.87983
          ],
          [
            73.405115,
            19.879925
          ],
          [
            73.405303,
            19.880021
          ],
          [
            73.4062,
            19.880183
          ],
          [
            73.406479,
            19.880222
          ],
          [
            73.406689,
            19.880207
          ],
          [
            73.406909,
            19.880148
          ],
          [
            73.407147,
            19.880058
          ],
          [
            73.407411,
            19.879967
          ],
          [
            73.407737,
            19.879924
          ],
          [
            73.408101,
            19.87992
          ],
          [
            73.408398,
            19.879895
          ],
          [
            73.408978,
            19.879693
          ],
          [
            73.409284,
            19.879547
          ],
          [
            73.409874,
            19.879335
          ],
          [
            73.410067,
            19.879285
          ],
          [
            73.41033,
            19.879244
          ],
          [
            73.410528,
            19.879152
          ],
          [
            73.41072,
            19.879081
          ],
          [
            73.410867,
            19.879066
          ],
          [
            73.411047,
            19.879079
          ],
          [
            73.411334,
            19.879067
          ],
          [
            73.411617,
            19.878947
          ],
          [
            73.411762,
            19.878942
          ],
          [
            73.411918,
            19.878997
          ],
          [
            73.412025,
            19.879043
          ],
          [
            73.412186,
            19.879083
          ],
          [
            73.412379,
            19.879093
          ],
          [
            73.412534,
            19.879083
          ],
          [
            73.412787,
            19.879007
          ],
          [
            73.413356,
            19.878831
          ],
          [
            73.4136,
            19.878769
          ],
          [
            73.413875,
            19.878716
          ],
          [
            73.414175,
            19.878701
          ],
          [
            73.414553,
            19.878701
          ],
          [
            73.414795,
            19.878656
          ],
          [
            73.415011,
            19.878639
          ],
          [
            73.4154,
            19.878646
          ],
          [
            73.415618,
            19.878654
          ],
          [
            73.41572,
            19.878636
          ],
          [
            73.415875,
            19.878509
          ],
          [
            73.415995,
            19.878409
          ],
          [
            73.416203,
            19.878292
          ],
          [
            73.41652,
            19.878153
          ],
          [
            73.416884,
            19.877993
          ],
          [
            73.416955,
            19.877914
          ],
          [
            73.417077,
            19.877661
          ],
          [
            73.417179,
            19.877573
          ],
          [
            73.417322,
            19.877526
          ],
          [
            73.417481,
            19.877472
          ],
          [
            73.417588,
            19.877423
          ],
          [
            73.417706,
            19.877262
          ],
          [
            73.417893,
            19.87704
          ],
          [
            73.418017,
            19.876924
          ],
          [
            73.418221,
            19.876793
          ],
          [
            73.418414,
            19.876702
          ],
          [
            73.418618,
            19.876626
          ],
          [
            73.418741,
            19.87653
          ],
          [
            73.418832,
            19.876429
          ],
          [
            73.418961,
            19.876268
          ],
          [
            73.419004,
            19.876046
          ],
          [
            73.418999,
            19.875975
          ],
          [
            73.41917,
            19.875678
          ],
          [
            73.419208,
            19.875516
          ],
          [
            73.419326,
            19.875143
          ],
          [
            73.419374,
            19.874709
          ],
          [
            73.419363,
            19.874618
          ],
          [
            73.419342,
            19.874472
          ],
          [
            73.419336,
            19.874351
          ],
          [
            73.419326,
            19.8742
          ],
          [
            73.419315,
            19.874043
          ],
          [
            73.419213,
            19.873907
          ],
          [
            73.419074,
            19.873771
          ],
          [
            73.418923,
            19.873524
          ],
          [
            73.418714,
            19.873155
          ],
          [
            73.418108,
            19.872267
          ],
          [
            73.418033,
            19.872177
          ],
          [
            73.417936,
            19.87206
          ],
          [
            73.417824,
            19.871944
          ],
          [
            73.417733,
            19.871844
          ],
          [
            73.417625,
            19.871717
          ],
          [
            73.417529,
            19.871586
          ],
          [
            73.417395,
            19.871198
          ],
          [
            73.417325,
            19.871031
          ],
          [
            73.417373,
            19.870824
          ],
          [
            73.417341,
            19.870713
          ],
          [
            73.417223,
            19.870618
          ],
          [
            73.417132,
            19.870512
          ],
          [
            73.417046,
            19.87036
          ],
          [
            73.416837,
            19.869629
          ],
          [
            73.416787,
            19.869393
          ],
          [
            73.416729,
            19.869119
          ],
          [
            73.416772,
            19.868998
          ],
          [
            73.416858,
            19.868867
          ],
          [
            73.41703,
            19.868786
          ],
          [
            73.417094,
            19.868665
          ],
          [
            73.417126,
            19.868453
          ],
          [
            73.417126,
            19.868272
          ],
          [
            73.417126,
            19.867818
          ],
          [
            73.417169,
            19.867616
          ],
          [
            73.417298,
            19.867535
          ],
          [
            73.417491,
            19.867505
          ],
          [
            73.417684,
            19.867485
          ],
          [
            73.417931,
            19.867394
          ],
          [
            73.41806,
            19.867273
          ],
          [
            73.418167,
            19.867131
          ],
          [
            73.418231,
            19.86696
          ],
          [
            73.418274,
            19.866708
          ],
          [
            73.418376,
            19.86643
          ],
          [
            73.418585,
            19.866148
          ],
          [
            73.418596,
            19.866037
          ],
          [
            73.418602,
            19.865911
          ],
          [
            73.418623,
            19.86582
          ],
          [
            73.418661,
            19.865704
          ],
          [
            73.418693,
            19.865608
          ],
          [
            73.418773,
            19.865512
          ],
          [
            73.418838,
            19.865451
          ],
          [
            73.419079,
            19.865305
          ],
          [
            73.419218,
            19.86527
          ],
          [
            73.419342,
            19.865265
          ],
          [
            73.419465,
            19.86529
          ],
          [
            73.419573,
            19.86534
          ],
          [
            73.419669,
            19.865366
          ],
          [
            73.419809,
            19.865406
          ],
          [
            73.419927,
            19.865446
          ],
          [
            73.42005,
            19.865512
          ],
          [
            73.420141,
            19.865613
          ],
          [
            73.420238,
            19.865709
          ],
          [
            73.42035,
            19.865794
          ],
          [
            73.420452,
            19.865875
          ],
          [
            73.420533,
            19.865976
          ],
          [
            73.420694,
            19.866122
          ],
          [
            73.420833,
            19.866122
          ],
          [
            73.421085,
            19.866198
          ],
          [
            73.42116,
            19.866299
          ],
          [
            73.421289,
            19.86643
          ],
          [
            73.421466,
            19.866687
          ],
          [
            73.4216,
            19.866834
          ],
          [
            73.421691,
            19.86694
          ],
          [
            73.421756,
            19.866995
          ],
          [
            73.421858,
            19.867005
          ],
          [
            73.421949,
            19.86698
          ],
          [
            73.422056,
            19.866854
          ],
          [
            73.42211,
            19.866798
          ],
          [
            73.422174,
            19.866652
          ],
          [
            73.422206,
            19.866617
          ],
          [
            73.422501,
            19.866511
          ],
          [
            73.422662,
            19.866501
          ],
          [
            73.422807,
            19.866501
          ],
          [
            73.422957,
            19.866536
          ],
          [
            73.423043,
            19.866627
          ],
          [
            73.423118,
            19.866723
          ],
          [
            73.423253,
            19.866753
          ],
          [
            73.423381,
            19.866733
          ],
          [
            73.423617,
            19.866713
          ],
          [
            73.423725,
            19.866687
          ],
          [
            73.423816,
            19.866607
          ],
          [
            73.423971,
            19.866592
          ],
          [
            73.4241,
            19.866566
          ],
          [
            73.424293,
            19.866435
          ],
          [
            73.424422,
            19.866228
          ],
          [
            73.424545,
            19.866047
          ],
          [
            73.42469,
            19.865911
          ],
          [
            73.424712,
            19.865835
          ],
          [
            73.424733,
            19.865653
          ],
          [
            73.42469,
            19.865229
          ],
          [
            73.424679,
            19.864901
          ],
          [
            73.424647,
            19.864599
          ],
          [
            73.424631,
            19.864417
          ],
          [
            73.424653,
            19.864225
          ],
          [
            73.424749,
            19.864069
          ],
          [
            73.424856,
            19.863913
          ],
          [
            73.424937,
            19.863756
          ],
          [
            73.424953,
            19.86363
          ],
          [
            73.424953,
            19.863448
          ],
          [
            73.424932,
            19.863262
          ],
          [
            73.424985,
            19.863126
          ],
          [
            73.42505,
            19.863055
          ],
          [
            73.425114,
            19.863045
          ],
          [
            73.425216,
            19.863045
          ],
          [
            73.42535,
            19.86308
          ],
          [
            73.425629,
            19.8631
          ],
          [
            73.425752,
            19.863105
          ],
          [
            73.425897,
            19.863131
          ],
          [
            73.425924,
            19.863226
          ],
          [
            73.425929,
            19.863438
          ],
          [
            73.425924,
            19.863565
          ],
          [
            73.425935,
            19.863655
          ],
          [
            73.42601,
            19.863721
          ],
          [
            73.426133,
            19.863771
          ],
          [
            73.426262,
            19.863807
          ],
          [
            73.4269,
            19.863908
          ],
          [
            73.427077,
            19.863923
          ],
          [
            73.427195,
            19.863923
          ],
          [
            73.427362,
            19.863943
          ],
          [
            73.427469,
            19.863958
          ],
          [
            73.427582,
            19.863918
          ],
          [
            73.427823,
            19.863807
          ],
          [
            73.428418,
            19.863343
          ],
          [
            73.428762,
            19.863055
          ],
          [
            73.428912,
            19.862868
          ],
          [
            73.429057,
            19.862656
          ],
          [
            73.429223,
            19.86249
          ],
          [
            73.4294,
            19.862424
          ],
          [
            73.429534,
            19.862424
          ],
          [
            73.429701,
            19.86248
          ],
          [
            73.429845,
            19.862571
          ],
          [
            73.430173,
            19.862651
          ],
          [
            73.430285,
            19.862682
          ],
          [
            73.430366,
            19.862682
          ],
          [
            73.430478,
            19.862651
          ],
          [
            73.430537,
            19.862621
          ],
          [
            73.430655,
            19.862545
          ],
          [
            73.430763,
            19.862485
          ],
          [
            73.430822,
            19.862399
          ],
          [
            73.430827,
            19.862273
          ],
          [
            73.430849,
            19.862192
          ],
          [
            73.430918,
            19.862056
          ],
          [
            73.430999,
            19.861748
          ],
          [
            73.431138,
            19.861587
          ],
          [
            73.431283,
            19.861456
          ],
          [
            73.43138,
            19.861334
          ],
          [
            73.431648,
            19.860971
          ],
          [
            73.431868,
            19.860502
          ],
          [
            73.431988,
            19.860569
          ],
          [
            73.433104,
            19.861033
          ],
          [
            73.433426,
            19.861033
          ],
          [
            73.433812,
            19.860953
          ],
          [
            73.434196,
            19.860824
          ],
          [
            73.434826,
            19.860801
          ],
          [
            73.436537,
            19.860953
          ],
          [
            73.437653,
            19.861094
          ],
          [
            73.438232,
            19.860953
          ],
          [
            73.438898,
            19.86065
          ],
          [
            73.440105,
            19.859989
          ],
          [
            73.440374,
            19.859924
          ],
          [
            73.4407,
            19.85985
          ],
          [
            73.440889,
            19.859837
          ],
          [
            73.441055,
            19.859849
          ],
          [
            73.441211,
            19.859913
          ],
          [
            73.441344,
            19.860027
          ],
          [
            73.441601,
            19.860327
          ],
          [
            73.441923,
            19.860731
          ],
          [
            73.442336,
            19.861044
          ],
          [
            73.442761,
            19.861322
          ],
          [
            73.443184,
            19.861593
          ],
          [
            73.44342,
            19.861754
          ],
          [
            73.443628,
            19.861915
          ],
          [
            73.443695,
            19.862062
          ],
          [
            73.443736,
            19.862248
          ],
          [
            73.44379,
            19.862507
          ],
          [
            73.44384,
            19.862689
          ],
          [
            73.443921,
            19.862842
          ],
          [
            73.444027,
            19.862956
          ],
          [
            73.444141,
            19.863069
          ],
          [
            73.445785,
            19.864565
          ],
          [
            73.447502,
            19.866402
          ],
          [
            73.447845,
            19.866886
          ],
          [
            73.448124,
            19.867471
          ],
          [
            73.448661,
            19.868823
          ],
          [
            73.448826,
            19.869312
          ],
          [
            73.448846,
            19.86937
          ],
          [
            73.449068,
            19.869792
          ],
          [
            73.449412,
            19.870276
          ],
          [
            73.450013,
            19.871104
          ],
          [
            73.450334,
            19.871527
          ],
          [
            73.450399,
            19.87187
          ],
          [
            73.450292,
            19.872133
          ],
          [
            73.449068,
            19.873485
          ],
          [
            73.448768,
            19.873687
          ],
          [
            73.448317,
            19.873929
          ],
          [
            73.446429,
            19.875039
          ],
          [
            73.446107,
            19.875301
          ],
          [
            73.445957,
            19.875543
          ],
          [
            73.445936,
            19.875765
          ],
          [
            73.445785,
            19.877743
          ],
          [
            73.445785,
            19.878328
          ],
          [
            73.445785,
            19.87861
          ],
          [
            73.445936,
            19.878873
          ],
          [
            73.446064,
            19.879175
          ],
          [
            73.446107,
            19.879418
          ],
          [
            73.446021,
            19.880003
          ],
          [
            73.445936,
            19.880669
          ],
          [
            73.445743,
            19.880971
          ],
          [
            73.445442,
            19.881395
          ],
          [
            73.445185,
            19.88192
          ],
          [
            73.44512,
            19.882384
          ],
          [
            73.445206,
            19.883009
          ],
          [
            73.44532,
            19.883207
          ],
          [
            73.445399,
            19.883393
          ],
          [
            73.445456,
            19.883741
          ],
          [
            73.445351,
            19.884149
          ],
          [
            73.445268,
            19.884533
          ],
          [
            73.445191,
            19.884697
          ],
          [
            73.445053,
            19.884788
          ],
          [
            73.444862,
            19.884871
          ],
          [
            73.44467,
            19.884957
          ],
          [
            73.444498,
            19.885088
          ],
          [
            73.444416,
            19.885252
          ],
          [
            73.444401,
            19.885428
          ],
          [
            73.444409,
            19.885761
          ],
          [
            73.444348,
            19.886139
          ],
          [
            73.444026,
            19.88652
          ],
          [
            73.44364,
            19.886863
          ],
          [
            73.442545,
            19.887711
          ],
          [
            73.442245,
            19.887892
          ],
          [
            73.441709,
            19.888296
          ],
          [
            73.441451,
            19.888619
          ],
          [
            73.441258,
            19.888901
          ],
          [
            73.441215,
            19.889285
          ],
          [
            73.441258,
            19.889628
          ],
          [
            73.441344,
            19.890273
          ],
          [
            73.441387,
            19.890637
          ],
          [
            73.441318,
            19.891128
          ],
          [
            73.44131,
            19.891182
          ],
          [
            73.441279,
            19.891403
          ],
          [
            73.441172,
            19.892311
          ],
          [
            73.441086,
            19.892574
          ],
          [
            73.441093,
            19.892713
          ],
          [
            73.441132,
            19.892856
          ],
          [
            73.441211,
            19.892948
          ],
          [
            73.441322,
            19.893018
          ],
          [
            73.441515,
            19.893058
          ],
          [
            73.442181,
            19.892997
          ],
          [
            73.442781,
            19.89302
          ],
          [
            73.442954,
            19.893081
          ],
          [
            73.443082,
            19.893189
          ],
          [
            73.443168,
            19.893381
          ],
          [
            73.443253,
            19.893784
          ],
          [
            73.443296,
            19.894672
          ],
          [
            73.443425,
            19.895035
          ],
          [
            73.44364,
            19.895217
          ],
          [
            73.445013,
            19.896004
          ],
          [
            73.446601,
            19.896972
          ],
          [
            73.447137,
            19.897053
          ],
          [
            73.448661,
            19.897093
          ],
          [
            73.449068,
            19.897295
          ],
          [
            73.449669,
            19.897739
          ],
          [
            73.450227,
            19.897981
          ],
          [
            73.450828,
            19.897961
          ],
          [
            73.451558,
            19.897941
          ],
          [
            73.452416,
            19.898203
          ],
          [
            73.452382,
            19.898284
          ],
          [
            73.452082,
            19.898499
          ],
          [
            73.451905,
            19.898726
          ],
          [
            73.451538,
            19.898895
          ],
          [
            73.451275,
            19.899039
          ],
          [
            73.451041,
            19.899258
          ],
          [
            73.450612,
            19.899384
          ],
          [
            73.450376,
            19.899432
          ],
          [
            73.449963,
            19.899593
          ],
          [
            73.449542,
            19.8998
          ],
          [
            73.44937,
            19.899878
          ],
          [
            73.449083,
            19.900103
          ],
          [
            73.448512,
            19.900569
          ],
          [
            73.448169,
            19.900907
          ],
          [
            73.447917,
            19.901139
          ],
          [
            73.447707,
            19.901371
          ],
          [
            73.44752,
            19.901699
          ],
          [
            73.447434,
            19.901931
          ],
          [
            73.44731,
            19.902168
          ],
          [
            73.447187,
            19.902375
          ],
          [
            73.447053,
            19.902648
          ],
          [
            73.44694,
            19.902905
          ],
          [
            73.44672,
            19.903127
          ],
          [
            73.446356,
            19.903384
          ],
          [
            73.446103,
            19.903606
          ],
          [
            73.445857,
            19.903772
          ],
          [
            73.445647,
            19.903949
          ],
          [
            73.445476,
            19.904156
          ],
          [
            73.445347,
            19.904302
          ],
          [
            73.445229,
            19.90466
          ],
          [
            73.445224,
            19.904983
          ],
          [
            73.445256,
            19.905492
          ],
          [
            73.445245,
            19.906143
          ],
          [
            73.445277,
            19.906789
          ],
          [
            73.445347,
            19.907671
          ],
          [
            73.445326,
            19.908302
          ],
          [
            73.445218,
            19.908862
          ],
          [
            73.445202,
            19.909084
          ],
          [
            73.445175,
            19.909306
          ],
          [
            73.445154,
            19.909573
          ],
          [
            73.445154,
            19.90978
          ],
          [
            73.445352,
            19.909976
          ],
          [
            73.445647,
            19.910269
          ],
          [
            73.44598,
            19.910516
          ],
          [
            73.446103,
            19.910652
          ],
          [
            73.446184,
            19.910778
          ],
          [
            73.446248,
            19.91102
          ],
          [
            73.446409,
            19.911227
          ],
          [
            73.446559,
            19.911409
          ],
          [
            73.446618,
            19.911641
          ],
          [
            73.446596,
            19.911805
          ],
          [
            73.44658,
            19.912056
          ],
          [
            73.44662,
            19.912339
          ],
          [
            73.446669,
            19.912613
          ],
          [
            73.446721,
            19.912861
          ],
          [
            73.446872,
            19.913321
          ],
          [
            73.447144,
            19.913737
          ],
          [
            73.447441,
            19.914178
          ],
          [
            73.447454,
            19.914571
          ],
          [
            73.447638,
            19.915023
          ],
          [
            73.447581,
            19.915779
          ],
          [
            73.447885,
            19.916244
          ],
          [
            73.448087,
            19.916988
          ],
          [
            73.448366,
            19.917845
          ],
          [
            73.448714,
            19.91894
          ],
          [
            73.448777,
            19.919893
          ],
          [
            73.448803,
            19.920518
          ],
          [
            73.448961,
            19.921012
          ],
          [
            73.449157,
            19.921709
          ],
          [
            73.449316,
            19.922268
          ],
          [
            73.449822,
            19.923697
          ],
          [
            73.450132,
            19.924709
          ],
          [
            73.450211,
            19.924857
          ],
          [
            73.450411,
            19.925233
          ],
          [
            73.450443,
            19.925667
          ],
          [
            73.450861,
            19.925886
          ],
          [
            73.450841,
            19.925997
          ],
          [
            73.450841,
            19.92615
          ],
          [
            73.450886,
            19.926341
          ],
          [
            73.450955,
            19.926517
          ],
          [
            73.45104,
            19.926739
          ],
          [
            73.451117,
            19.926968
          ],
          [
            73.45117,
            19.927121
          ],
          [
            73.451207,
            19.927274
          ],
          [
            73.451243,
            19.927449
          ],
          [
            73.451264,
            19.927606
          ],
          [
            73.451292,
            19.927786
          ],
          [
            73.451317,
            19.927923
          ],
          [
            73.451378,
            19.928103
          ],
          [
            73.451394,
            19.928252
          ],
          [
            73.451402,
            19.928447
          ],
          [
            73.451434,
            19.928642
          ],
          [
            73.451439,
            19.928829
          ],
          [
            73.451439,
            19.928932
          ],
          [
            73.451443,
            19.929055
          ],
          [
            73.451414,
            19.929158
          ],
          [
            73.451333,
            19.929223
          ],
          [
            73.451268,
            19.929265
          ],
          [
            73.451142,
            19.929231
          ],
          [
            73.451028,
            19.929192
          ],
          [
            73.450918,
            19.929166
          ],
          [
            73.450808,
            19.929143
          ],
          [
            73.450699,
            19.929124
          ],
          [
            73.450564,
            19.929116
          ],
          [
            73.450463,
            19.929104
          ],
          [
            73.450333,
            19.929112
          ],
          [
            73.450231,
            19.929127
          ],
          [
            73.450101,
            19.929162
          ],
          [
            73.450012,
            19.929204
          ],
          [
            73.44993,
            19.929261
          ],
          [
            73.449841,
            19.929326
          ],
          [
            73.449768,
            19.92936
          ],
          [
            73.449666,
            19.929353
          ],
          [
            73.449548,
            19.92933
          ],
          [
            73.449434,
            19.929299
          ],
          [
            73.449312,
            19.929273
          ],
          [
            73.449162,
            19.929242
          ],
          [
            73.449089,
            19.929204
          ],
          [
            73.448963,
            19.929131
          ],
          [
            73.448865,
            19.92907
          ],
          [
            73.448784,
            19.929062
          ],
          [
            73.448625,
            19.929097
          ],
          [
            73.448402,
            19.929135
          ],
          [
            73.448239,
            19.929158
          ],
          [
            73.44804,
            19.929108
          ],
          [
            73.447902,
            19.929043
          ],
          [
            73.447771,
            19.928986
          ],
          [
            73.447678,
            19.928971
          ],
          [
            73.447564,
            19.928986
          ],
          [
            73.447442,
            19.929051
          ],
          [
            73.447332,
            19.929135
          ],
          [
            73.447231,
            19.929169
          ],
          [
            73.447109,
            19.929166
          ],
          [
            73.446987,
            19.929089
          ],
          [
            73.446897,
            19.929039
          ],
          [
            73.446853,
            19.928986
          ],
          [
            73.446718,
            19.928929
          ],
          [
            73.446653,
            19.928894
          ],
          [
            73.44654,
            19.928894
          ],
          [
            73.446458,
            19.928932
          ],
          [
            73.446316,
            19.92907
          ],
          [
            73.446231,
            19.929127
          ],
          [
            73.446125,
            19.929208
          ],
          [
            73.445987,
            19.929246
          ],
          [
            73.445857,
            19.929273
          ],
          [
            73.445702,
            19.929273
          ],
          [
            73.44556,
            19.929253
          ],
          [
            73.445361,
            19.929238
          ],
          [
            73.445231,
            19.9292
          ],
          [
            73.445133,
            19.929143
          ],
          [
            73.445031,
            19.929104
          ],
          [
            73.44495,
            19.929066
          ],
          [
            73.444773,
            19.928955
          ],
          [
            73.444558,
            19.92892
          ],
          [
            73.444435,
            19.92898
          ],
          [
            73.444092,
            19.929071
          ],
          [
            73.44384,
            19.92898
          ],
          [
            73.443636,
            19.928849
          ],
          [
            73.443491,
            19.928622
          ],
          [
            73.44341,
            19.928516
          ],
          [
            73.443314,
            19.928511
          ],
          [
            73.443223,
            19.928607
          ],
          [
            73.443051,
            19.928688
          ],
          [
            73.442847,
            19.928713
          ],
          [
            73.442692,
            19.928663
          ],
          [
            73.442541,
            19.928511
          ],
          [
            73.44245,
            19.928173
          ],
          [
            73.442295,
            19.928037
          ],
          [
            73.442139,
            19.928178
          ],
          [
            73.442037,
            19.928481
          ],
          [
            73.441844,
            19.928622
          ],
          [
            73.44171,
            19.928592
          ],
          [
            73.441522,
            19.928466
          ],
          [
            73.441409,
            19.928229
          ],
          [
            73.441356,
            19.928057
          ],
          [
            73.441286,
            19.928067
          ],
          [
            73.441195,
            19.928289
          ],
          [
            73.441007,
            19.928486
          ],
          [
            73.440932,
            19.928572
          ],
          [
            73.440825,
            19.928587
          ],
          [
            73.440739,
            19.928577
          ],
          [
            73.440632,
            19.928541
          ],
          [
            73.440573,
            19.928355
          ],
          [
            73.44039,
            19.928047
          ],
          [
            73.440133,
            19.927891
          ],
          [
            73.439859,
            19.927851
          ],
          [
            73.439682,
            19.927846
          ],
          [
            73.43935,
            19.927714
          ],
          [
            73.439081,
            19.927583
          ],
          [
            73.438754,
            19.927397
          ],
          [
            73.438566,
            19.927255
          ],
          [
            73.438384,
            19.927013
          ],
          [
            73.438196,
            19.926681
          ],
          [
            73.437949,
            19.926474
          ],
          [
            73.43759,
            19.926196
          ],
          [
            73.437949,
            19.926474
          ],
          [
            73.438196,
            19.926681
          ],
          [
            73.438384,
            19.927013
          ],
          [
            73.438566,
            19.927255
          ],
          [
            73.438754,
            19.927397
          ],
          [
            73.439081,
            19.927583
          ],
          [
            73.43935,
            19.927714
          ],
          [
            73.439682,
            19.927846
          ],
          [
            73.439859,
            19.927851
          ],
          [
            73.440133,
            19.927891
          ],
          [
            73.44039,
            19.928047
          ],
          [
            73.440573,
            19.928355
          ],
          [
            73.440632,
            19.928541
          ],
          [
            73.440739,
            19.928577
          ],
          [
            73.440825,
            19.928587
          ],
          [
            73.440932,
            19.928572
          ],
          [
            73.441007,
            19.928486
          ],
          [
            73.441195,
            19.928289
          ],
          [
            73.441286,
            19.928067
          ],
          [
            73.441356,
            19.928057
          ],
          [
            73.441409,
            19.928229
          ],
          [
            73.441522,
            19.928466
          ],
          [
            73.44171,
            19.928592
          ],
          [
            73.441844,
            19.928622
          ],
          [
            73.442037,
            19.928481
          ],
          [
            73.442139,
            19.928178
          ],
          [
            73.442295,
            19.928037
          ],
          [
            73.44245,
            19.928173
          ],
          [
            73.442541,
            19.928511
          ],
          [
            73.442692,
            19.928663
          ],
          [
            73.442847,
            19.928713
          ],
          [
            73.443051,
            19.928688
          ],
          [
            73.443223,
            19.928607
          ],
          [
            73.443314,
            19.928511
          ],
          [
            73.44341,
            19.928516
          ],
          [
            73.443491,
            19.928622
          ],
          [
            73.443636,
            19.928849
          ],
          [
            73.44384,
            19.92898
          ],
          [
            73.444092,
            19.929071
          ],
          [
            73.444435,
            19.92898
          ],
          [
            73.444558,
            19.92892
          ],
          [
            73.444773,
            19.928955
          ],
          [
            73.44495,
            19.929066
          ],
          [
            73.445031,
            19.929104
          ],
          [
            73.445133,
            19.929143
          ],
          [
            73.445231,
            19.9292
          ],
          [
            73.445361,
            19.929238
          ],
          [
            73.44556,
            19.929253
          ],
          [
            73.445702,
            19.929273
          ],
          [
            73.445857,
            19.929273
          ],
          [
            73.445987,
            19.929246
          ],
          [
            73.446125,
            19.929208
          ],
          [
            73.446231,
            19.929127
          ],
          [
            73.446316,
            19.92907
          ],
          [
            73.446458,
            19.928932
          ],
          [
            73.44654,
            19.928894
          ],
          [
            73.446653,
            19.928894
          ],
          [
            73.446718,
            19.928929
          ],
          [
            73.446853,
            19.928986
          ],
          [
            73.446897,
            19.929039
          ],
          [
            73.446987,
            19.929089
          ],
          [
            73.447109,
            19.929166
          ],
          [
            73.447231,
            19.929169
          ],
          [
            73.447332,
            19.929135
          ],
          [
            73.447442,
            19.929051
          ],
          [
            73.447564,
            19.928986
          ],
          [
            73.447678,
            19.928971
          ],
          [
            73.447771,
            19.928986
          ],
          [
            73.447902,
            19.929043
          ],
          [
            73.44804,
            19.929108
          ],
          [
            73.448239,
            19.929158
          ],
          [
            73.448402,
            19.929135
          ],
          [
            73.448625,
            19.929097
          ],
          [
            73.448784,
            19.929062
          ],
          [
            73.448865,
            19.92907
          ],
          [
            73.448963,
            19.929131
          ],
          [
            73.449089,
            19.929204
          ],
          [
            73.449162,
            19.929242
          ],
          [
            73.449312,
            19.929273
          ],
          [
            73.449434,
            19.929299
          ],
          [
            73.449548,
            19.92933
          ],
          [
            73.449666,
            19.929353
          ],
          [
            73.449768,
            19.92936
          ],
          [
            73.449768,
            19.92936
          ],
          [
            73.449841,
            19.929326
          ],
          [
            73.44993,
            19.929261
          ],
          [
            73.450012,
            19.929204
          ],
          [
            73.450101,
            19.929162
          ],
          [
            73.450231,
            19.929127
          ],
          [
            73.450333,
            19.929112
          ],
          [
            73.450463,
            19.929104
          ],
          [
            73.450564,
            19.929116
          ],
          [
            73.450699,
            19.929124
          ],
          [
            73.450808,
            19.929143
          ],
          [
            73.450918,
            19.929166
          ],
          [
            73.451028,
            19.929192
          ],
          [
            73.451142,
            19.929231
          ],
          [
            73.451268,
            19.929265
          ],
          [
            73.451333,
            19.929223
          ],
          [
            73.451414,
            19.929158
          ],
          [
            73.451443,
            19.929055
          ],
          [
            73.451439,
            19.928932
          ],
          [
            73.451439,
            19.928829
          ],
          [
            73.451434,
            19.928642
          ],
          [
            73.451402,
            19.928447
          ],
          [
            73.451394,
            19.928252
          ],
          [
            73.451378,
            19.928103
          ],
          [
            73.451317,
            19.927923
          ],
          [
            73.451292,
            19.927786
          ],
          [
            73.451264,
            19.927606
          ],
          [
            73.451243,
            19.927449
          ],
          [
            73.451207,
            19.927274
          ],
          [
            73.45117,
            19.927121
          ],
          [
            73.451117,
            19.926968
          ],
          [
            73.45104,
            19.926739
          ],
          [
            73.450955,
            19.926517
          ],
          [
            73.450886,
            19.926341
          ],
          [
            73.450841,
            19.92615
          ],
          [
            73.450841,
            19.925997
          ],
          [
            73.450861,
            19.925886
          ],
          [
            73.450898,
            19.925848
          ],
          [
            73.451069,
            19.925882
          ],
          [
            73.451247,
            19.92594
          ],
          [
            73.451318,
            19.925961
          ],
          [
            73.45136,
            19.925943
          ],
          [
            73.451444,
            19.925882
          ],
          [
            73.451514,
            19.925847
          ],
          [
            73.451626,
            19.925798
          ],
          [
            73.451799,
            19.925733
          ],
          [
            73.451939,
            19.925689
          ],
          [
            73.452075,
            19.925649
          ],
          [
            73.452266,
            19.92557
          ],
          [
            73.452523,
            19.925482
          ],
          [
            73.452691,
            19.925452
          ],
          [
            73.452869,
            19.925438
          ],
          [
            73.453013,
            19.925425
          ],
          [
            73.453247,
            19.925403
          ],
          [
            73.453434,
            19.925377
          ],
          [
            73.45363,
            19.925355
          ],
          [
            73.453779,
            19.925346
          ],
          [
            73.453966,
            19.925346
          ],
          [
            73.454171,
            19.925329
          ],
          [
            73.45441,
            19.925311
          ],
          [
            73.454568,
            19.925298
          ],
          [
            73.454704,
            19.925272
          ],
          [
            73.454867,
            19.925228
          ],
          [
            73.455035,
            19.925197
          ],
          [
            73.455161,
            19.925179
          ],
          [
            73.455274,
            19.925171
          ],
          [
            73.455485,
            19.925141
          ],
          [
            73.45584,
            19.925092
          ],
          [
            73.455904,
            19.925092
          ],
          [
            73.455995,
            19.925091
          ],
          [
            73.45618,
            19.925122
          ],
          [
            73.456329,
            19.925171
          ],
          [
            73.45651,
            19.925223
          ],
          [
            73.457095,
            19.925289
          ],
          [
            73.457342,
            19.925315
          ],
          [
            73.457749,
            19.925345
          ],
          [
            73.458075,
            19.925374
          ],
          [
            73.458743,
            19.925474
          ],
          [
            73.458879,
            19.9255
          ],
          [
            73.459281,
            19.925599
          ],
          [
            73.459472,
            19.925654
          ],
          [
            73.4596,
            19.925717
          ],
          [
            73.459761,
            19.925803
          ],
          [
            73.459915,
            19.925882
          ],
          [
            73.460004,
            19.925891
          ],
          [
            73.460103,
            19.925858
          ],
          [
            73.460349,
            19.925701
          ],
          [
            73.460443,
            19.925658
          ],
          [
            73.460526,
            19.925661
          ],
          [
            73.460578,
            19.925686
          ],
          [
            73.460618,
            19.925753
          ],
          [
            73.460686,
            19.92594
          ],
          [
            73.460736,
            19.926001
          ],
          [
            73.460778,
            19.926011
          ],
          [
            73.460824,
            19.925979
          ],
          [
            73.461206,
            19.925536
          ],
          [
            73.461259,
            19.925463
          ],
          [
            73.461302,
            19.925379
          ],
          [
            73.461385,
            19.925185
          ],
          [
            73.461444,
            19.925093
          ],
          [
            73.461511,
            19.925012
          ],
          [
            73.461687,
            19.924922
          ],
          [
            73.461816,
            19.924884
          ],
          [
            73.461943,
            19.92482
          ],
          [
            73.462279,
            19.924693
          ],
          [
            73.462534,
            19.924557
          ],
          [
            73.462778,
            19.924357
          ],
          [
            73.462904,
            19.92418
          ],
          [
            73.462993,
            19.924145
          ],
          [
            73.463243,
            19.924125
          ],
          [
            73.463428,
            19.924125
          ],
          [
            73.463579,
            19.924111
          ],
          [
            73.463905,
            19.924099
          ],
          [
            73.464682,
            19.923995
          ],
          [
            73.464944,
            19.923925
          ],
          [
            73.465033,
            19.92387
          ],
          [
            73.465135,
            19.923824
          ],
          [
            73.4654,
            19.923621
          ],
          [
            73.465471,
            19.923583
          ],
          [
            73.465535,
            19.923578
          ],
          [
            73.465742,
            19.923607
          ],
          [
            73.4658,
            19.923639
          ],
          [
            73.46588,
            19.92372
          ],
          [
            73.465954,
            19.923737
          ],
          [
            73.466111,
            19.923928
          ],
          [
            73.466161,
            19.92403
          ],
          [
            73.466238,
            19.924143
          ],
          [
            73.466278,
            19.924232
          ],
          [
            73.466342,
            19.924331
          ],
          [
            73.466386,
            19.924374
          ],
          [
            73.466601,
            19.924502
          ],
          [
            73.466709,
            19.924536
          ],
          [
            73.467002,
            19.924681
          ],
          [
            73.46707,
            19.924699
          ],
          [
            73.467177,
            19.924786
          ],
          [
            73.467353,
            19.924904
          ],
          [
            73.467476,
            19.924956
          ],
          [
            73.467529,
            19.924948
          ],
          [
            73.467735,
            19.924849
          ],
          [
            73.467852,
            19.924783
          ],
          [
            73.467951,
            19.924704
          ],
          [
            73.468043,
            19.924658
          ],
          [
            73.468148,
            19.92458
          ],
          [
            73.468271,
            19.924597
          ],
          [
            73.468333,
            19.924644
          ],
          [
            73.468413,
            19.924678
          ],
          [
            73.46861,
            19.924803
          ],
          [
            73.468687,
            19.924864
          ],
          [
            73.468916,
            19.924989
          ],
          [
            73.468981,
            19.925039
          ],
          [
            73.469042,
            19.925041
          ],
          [
            73.469117,
            19.925
          ],
          [
            73.469289,
            19.924932
          ],
          [
            73.469444,
            19.924837
          ],
          [
            73.469609,
            19.924721
          ],
          [
            73.46996,
            19.924442
          ],
          [
            73.470076,
            19.924315
          ],
          [
            73.470109,
            19.924258
          ],
          [
            73.470179,
            19.924185
          ],
          [
            73.470294,
            19.923977
          ],
          [
            73.470343,
            19.923911
          ],
          [
            73.470441,
            19.923832
          ],
          [
            73.470487,
            19.92381
          ],
          [
            73.470541,
            19.92381
          ],
          [
            73.470588,
            19.923823
          ],
          [
            73.470646,
            19.923889
          ],
          [
            73.470732,
            19.924047
          ],
          [
            73.470798,
            19.924108
          ],
          [
            73.470828,
            19.924122
          ],
          [
            73.470863,
            19.924113
          ],
          [
            73.47095,
            19.924069
          ],
          [
            73.471069,
            19.923994
          ],
          [
            73.471111,
            19.924001
          ],
          [
            73.471136,
            19.924021
          ],
          [
            73.471197,
            19.924097
          ],
          [
            73.471242,
            19.924212
          ],
          [
            73.471277,
            19.924385
          ],
          [
            73.471284,
            19.924736
          ],
          [
            73.471295,
            19.924769
          ],
          [
            73.471321,
            19.924796
          ],
          [
            73.471358,
            19.924798
          ],
          [
            73.471438,
            19.924734
          ],
          [
            73.471515,
            19.924605
          ],
          [
            73.471571,
            19.924543
          ],
          [
            73.471622,
            19.924508
          ],
          [
            73.471673,
            19.924493
          ],
          [
            73.471767,
            19.924497
          ],
          [
            73.471933,
            19.924541
          ],
          [
            73.472061,
            19.9246
          ],
          [
            73.472119,
            19.924638
          ],
          [
            73.472409,
            19.924741
          ],
          [
            73.472535,
            19.924815
          ],
          [
            73.472563,
            19.924861
          ],
          [
            73.472584,
            19.924929
          ],
          [
            73.4726,
            19.925412
          ],
          [
            73.472591,
            19.925654
          ],
          [
            73.472575,
            19.925718
          ],
          [
            73.472554,
            19.925757
          ],
          [
            73.472428,
            19.92595
          ],
          [
            73.47243,
            19.926005
          ],
          [
            73.472446,
            19.926053
          ],
          [
            73.472502,
            19.926146
          ],
          [
            73.472493,
            19.926266
          ],
          [
            73.472365,
            19.926449
          ],
          [
            73.472304,
            19.926519
          ],
          [
            73.472253,
            19.9266
          ],
          [
            73.472206,
            19.926747
          ],
          [
            73.472215,
            19.926868
          ],
          [
            73.472211,
            19.926918
          ],
          [
            73.47219,
            19.926975
          ],
          [
            73.472199,
            19.927046
          ],
          [
            73.472239,
            19.927107
          ],
          [
            73.472355,
            19.927199
          ],
          [
            73.472619,
            19.927309
          ],
          [
            73.472715,
            19.927362
          ],
          [
            73.472762,
            19.92741
          ],
          [
            73.47282,
            19.927522
          ],
          [
            73.472899,
            19.927781
          ],
          [
            73.472941,
            19.92795
          ],
          [
            73.472974,
            19.928163
          ],
          [
            73.472974,
            19.928235
          ],
          [
            73.47303,
            19.92838
          ],
          [
            73.473126,
            19.928505
          ],
          [
            73.473236,
            19.9286
          ],
          [
            73.473434,
            19.928725
          ],
          [
            73.473509,
            19.928789
          ],
          [
            73.473623,
            19.928854
          ],
          [
            73.473749,
            19.928947
          ],
          [
            73.473796,
            19.92896
          ],
          [
            73.473892,
            19.928964
          ],
          [
            73.474004,
            19.928942
          ],
          [
            73.474055,
            19.928964
          ],
          [
            73.474125,
            19.929072
          ],
          [
            73.474209,
            19.929296
          ],
          [
            73.474258,
            19.929373
          ],
          [
            73.474363,
            19.929605
          ],
          [
            73.474391,
            19.92973
          ],
          [
            73.474398,
            19.929814
          ],
          [
            73.474391,
            19.930068
          ],
          [
            73.474419,
            19.930123
          ],
          [
            73.474457,
            19.930158
          ],
          [
            73.474494,
            19.930178
          ],
          [
            73.474816,
            19.930211
          ],
          [
            73.474861,
            19.930242
          ],
          [
            73.474905,
            19.930301
          ],
          [
            73.474952,
            19.930387
          ],
          [
            73.475234,
            19.931034
          ],
          [
            73.475407,
            19.931385
          ],
          [
            73.47548,
            19.931497
          ],
          [
            73.475557,
            19.93159
          ],
          [
            73.475629,
            19.931655
          ],
          [
            73.475923,
            19.931818
          ],
          [
            73.476042,
            19.931897
          ],
          [
            73.476357,
            19.932062
          ],
          [
            73.476596,
            19.93227
          ],
          [
            73.476677,
            19.932325
          ],
          [
            73.47681,
            19.932441
          ],
          [
            73.476857,
            19.932472
          ],
          [
            73.47696,
            19.932481
          ],
          [
            73.477067,
            19.932468
          ],
          [
            73.477261,
            19.932498
          ],
          [
            73.477331,
            19.932545
          ],
          [
            73.477378,
            19.932597
          ],
          [
            73.47752,
            19.93272
          ],
          [
            73.477595,
            19.932766
          ],
          [
            73.477768,
            19.932933
          ],
          [
            73.477903,
            19.93317
          ],
          [
            73.477966,
            19.933376
          ],
          [
            73.478004,
            19.933442
          ],
          [
            73.478296,
            19.933763
          ],
          [
            73.478408,
            19.933901
          ],
          [
            73.478482,
            19.933965
          ],
          [
            73.478548,
            19.934042
          ],
          [
            73.478583,
            19.934105
          ],
          [
            73.478636,
            19.934147
          ],
          [
            73.478667,
            19.934342
          ],
          [
            73.478714,
            19.934448
          ],
          [
            73.478765,
            19.934531
          ],
          [
            73.478884,
            19.934658
          ],
          [
            73.478921,
            19.934718
          ],
          [
            73.478966,
            19.934766
          ],
          [
            73.479003,
            19.934827
          ],
          [
            73.478998,
            19.934885
          ],
          [
            73.479026,
            19.934961
          ],
          [
            73.479092,
            19.935029
          ],
          [
            73.479171,
            19.935082
          ],
          [
            73.479311,
            19.935144
          ],
          [
            73.479447,
            19.935253
          ],
          [
            73.479545,
            19.935359
          ],
          [
            73.479701,
            19.935607
          ],
          [
            73.479879,
            19.935778
          ],
          [
            73.479953,
            19.935835
          ],
          [
            73.480175,
            19.936074
          ],
          [
            73.480217,
            19.936149
          ],
          [
            73.480271,
            19.936322
          ],
          [
            73.480304,
            19.936559
          ],
          [
            73.480311,
            19.936781
          ],
          [
            73.480343,
            19.937198
          ],
          [
            73.480336,
            19.93726
          ],
          [
            73.480371,
            19.937483
          ],
          [
            73.480388,
            19.937552
          ],
          [
            73.480418,
            19.937617
          ],
          [
            73.480642,
            19.937949
          ],
          [
            73.480866,
            19.938195
          ],
          [
            73.481018,
            19.938346
          ],
          [
            73.48106,
            19.938432
          ],
          [
            73.481114,
            19.938491
          ],
          [
            73.48138,
            19.938693
          ],
          [
            73.481462,
            19.93879
          ],
          [
            73.481842,
            19.939419
          ],
          [
            73.481891,
            19.939529
          ],
          [
            73.481994,
            19.939696
          ],
          [
            73.482032,
            19.939762
          ],
          [
            73.48216,
            19.939922
          ],
          [
            73.482305,
            19.940137
          ],
          [
            73.482372,
            19.940282
          ],
          [
            73.482426,
            19.940647
          ],
          [
            73.482407,
            19.940704
          ],
          [
            73.482372,
            19.940743
          ],
          [
            73.482351,
            19.940798
          ],
          [
            73.482351,
            19.940835
          ],
          [
            73.482452,
            19.940884
          ],
          [
            73.482599,
            19.940895
          ],
          [
            73.482655,
            19.940912
          ],
          [
            73.482751,
            19.941017
          ],
          [
            73.48279,
            19.941101
          ],
          [
            73.482832,
            19.94116
          ],
          [
            73.483029,
            19.94134
          ],
          [
            73.483094,
            19.941353
          ],
          [
            73.483197,
            19.941351
          ],
          [
            73.483276,
            19.941338
          ],
          [
            73.483351,
            19.941349
          ],
          [
            73.483442,
            19.94145
          ],
          [
            73.483507,
            19.941562
          ],
          [
            73.483584,
            19.941617
          ],
          [
            73.483666,
            19.941641
          ],
          [
            73.483762,
            19.94163
          ],
          [
            73.483991,
            19.941575
          ],
          [
            73.484196,
            19.941489
          ],
          [
            73.484275,
            19.941492
          ],
          [
            73.484348,
            19.941511
          ],
          [
            73.484402,
            19.941557
          ],
          [
            73.484544,
            19.941748
          ],
          [
            73.484605,
            19.941805
          ],
          [
            73.484663,
            19.941849
          ],
          [
            73.484929,
            19.94201
          ],
          [
            73.48499,
            19.942097
          ],
          [
            73.48517,
            19.942405
          ],
          [
            73.485235,
            19.942473
          ],
          [
            73.485389,
            19.942593
          ],
          [
            73.485476,
            19.94262
          ],
          [
            73.485581,
            19.942626
          ],
          [
            73.485686,
            19.942622
          ],
          [
            73.485891,
            19.942582
          ],
          [
            73.486069,
            19.942495
          ],
          [
            73.486302,
            19.942348
          ],
          [
            73.486384,
            19.942317
          ],
          [
            73.486573,
            19.942293
          ],
          [
            73.486671,
            19.942299
          ],
          [
            73.486776,
            19.942321
          ],
          [
            73.486846,
            19.942376
          ],
          [
            73.486961,
            19.942514
          ],
          [
            73.487007,
            19.942558
          ],
          [
            73.487299,
            19.942743
          ],
          [
            73.487358,
            19.942802
          ],
          [
            73.487388,
            19.942874
          ],
          [
            73.487393,
            19.942931
          ],
          [
            73.487362,
            19.942982
          ],
          [
            73.487318,
            19.943028
          ],
          [
            73.487187,
            19.943107
          ],
          [
            73.487145,
            19.943158
          ],
          [
            73.487138,
            19.943219
          ],
          [
            73.487157,
            19.943263
          ],
          [
            73.487199,
            19.943309
          ],
          [
            73.487383,
            19.943395
          ],
          [
            73.487598,
            19.943401
          ],
          [
            73.487678,
            19.943379
          ],
          [
            73.487888,
            19.943228
          ],
          [
            73.488021,
            19.943182
          ],
          [
            73.488082,
            19.943197
          ],
          [
            73.48831,
            19.943311
          ],
          [
            73.488462,
            19.943357
          ],
          [
            73.488563,
            19.943342
          ],
          [
            73.488602,
            19.943318
          ],
          [
            73.488691,
            19.943228
          ],
          [
            73.488717,
            19.943177
          ],
          [
            73.488752,
            19.943151
          ],
          [
            73.488805,
            19.943138
          ],
          [
            73.488861,
            19.943144
          ],
          [
            73.488917,
            19.943175
          ],
          [
            73.488964,
            19.943221
          ],
          [
            73.488994,
            19.943281
          ],
          [
            73.489171,
            19.943679
          ],
          [
            73.489236,
            19.943866
          ],
          [
            73.489299,
            19.94398
          ],
          [
            73.489342,
            19.94404
          ],
          [
            73.489586,
            19.94428
          ],
          [
            73.489814,
            19.94446
          ],
          [
            73.490131,
            19.944642
          ],
          [
            73.490305,
            19.944744
          ],
          [
            73.490424,
            19.944829
          ],
          [
            73.490535,
            19.944959
          ],
          [
            73.49062,
            19.945037
          ],
          [
            73.49094,
            19.945317
          ],
          [
            73.49098,
            19.945343
          ],
          [
            73.491386,
            19.945737
          ],
          [
            73.491568,
            19.945943
          ],
          [
            73.491734,
            19.946141
          ],
          [
            73.491898,
            19.946323
          ],
          [
            73.492064,
            19.94647
          ],
          [
            73.492178,
            19.946574
          ],
          [
            73.492278,
            19.946684
          ],
          [
            73.492374,
            19.946827
          ],
          [
            73.49244,
            19.946946
          ],
          [
            73.492497,
            19.947083
          ],
          [
            73.49266,
            19.947391
          ],
          [
            73.492802,
            19.947729
          ],
          [
            73.492944,
            19.948091
          ],
          [
            73.493063,
            19.948283
          ],
          [
            73.493171,
            19.948563
          ],
          [
            73.493297,
            19.94898
          ],
          [
            73.493332,
            19.949151
          ],
          [
            73.493374,
            19.949276
          ],
          [
            73.49347,
            19.949792
          ],
          [
            73.493556,
            19.949961
          ],
          [
            73.493642,
            19.950161
          ],
          [
            73.493708,
            19.950501
          ],
          [
            73.493769,
            19.950696
          ],
          [
            73.493934,
            19.951006
          ],
          [
            73.494142,
            19.951375
          ],
          [
            73.494252,
            19.951498
          ],
          [
            73.494399,
            19.951615
          ],
          [
            73.494772,
            19.951862
          ],
          [
            73.494966,
            19.952
          ],
          [
            73.495471,
            19.95229
          ],
          [
            73.49562,
            19.95238
          ],
          [
            73.495711,
            19.952446
          ],
          [
            73.495814,
            19.952544
          ],
          [
            73.495914,
            19.952665
          ],
          [
            73.496054,
            19.952951
          ],
          [
            73.496122,
            19.953163
          ],
          [
            73.496143,
            19.953427
          ],
          [
            73.496145,
            19.953556
          ],
          [
            73.496075,
            19.953945
          ],
          [
            73.496054,
            19.954153
          ],
          [
            73.496073,
            19.95439
          ],
          [
            73.496092,
            19.954493
          ],
          [
            73.496176,
            19.954752
          ],
          [
            73.496269,
            19.954983
          ],
          [
            73.496363,
            19.955259
          ],
          [
            73.496423,
            19.955501
          ],
          [
            73.49673,
            19.956349
          ],
          [
            73.496872,
            19.956665
          ],
          [
            73.497119,
            19.95732
          ],
          [
            73.497292,
            19.957873
          ],
          [
            73.497299,
            19.958018
          ],
          [
            73.49728,
            19.95831
          ],
          [
            73.497224,
            19.958714
          ],
          [
            73.497248,
            19.958929
          ],
          [
            73.497273,
            19.959039
          ],
          [
            73.497306,
            19.959142
          ],
          [
            73.49736,
            19.959243
          ],
          [
            73.497565,
            19.95957
          ],
          [
            73.497677,
            19.95986
          ],
          [
            73.497726,
            19.960055
          ],
          [
            73.497768,
            19.960169
          ],
          [
            73.497857,
            19.960382
          ],
          [
            73.497911,
            19.960437
          ],
          [
            73.498331,
            19.960555
          ],
          [
            73.498578,
            19.960645
          ],
          [
            73.498724,
            19.96071
          ],
          [
            73.499062,
            19.960847
          ],
          [
            73.499145,
            19.960857
          ],
          [
            73.499279,
            19.96083
          ],
          [
            73.499527,
            19.960742
          ],
          [
            73.499979,
            19.960672
          ],
          [
            73.500591,
            19.960637
          ],
          [
            73.500792,
            19.960617
          ],
          [
            73.501418,
            19.960595
          ],
          [
            73.502221,
            19.960527
          ],
          [
            73.502492,
            19.96047
          ],
          [
            73.503368,
            19.960338
          ],
          [
            73.503809,
            19.960246
          ],
          [
            73.503993,
            19.960233
          ],
          [
            73.50419,
            19.960242
          ],
          [
            73.504486,
            19.960231
          ],
          [
            73.505021,
            19.960167
          ],
          [
            73.505348,
            19.960116
          ],
          [
            73.505448,
            19.96011
          ],
          [
            73.505789,
            19.960132
          ],
          [
            73.505936,
            19.960125
          ],
          [
            73.506179,
            19.960099
          ],
          [
            73.506438,
            19.960011
          ],
          [
            73.506702,
            19.95989
          ],
          [
            73.507045,
            19.959796
          ],
          [
            73.507258,
            19.959689
          ],
          [
            73.507381,
            19.959636
          ],
          [
            73.507741,
            19.95944
          ],
          [
            73.507867,
            19.959392
          ],
          [
            73.508003,
            19.959326
          ],
          [
            73.508231,
            19.959256
          ],
          [
            73.508322,
            19.959168
          ],
          [
            73.508488,
            19.95907
          ],
          [
            73.50874,
            19.958971
          ],
          [
            73.508871,
            19.958934
          ],
          [
            73.509035,
            19.958907
          ],
          [
            73.509334,
            19.958887
          ],
          [
            73.510067,
            19.958905
          ],
          [
            73.510181,
            19.95889
          ],
          [
            73.510592,
            19.9588
          ],
          [
            73.511428,
            19.958688
          ],
          [
            73.511883,
            19.958639
          ],
          [
            73.512357,
            19.958525
          ],
          [
            73.513779,
            19.958249
          ],
          [
            73.513905,
            19.958216
          ],
          [
            73.51399,
            19.958208
          ],
          [
            73.513999,
            19.958298
          ],
          [
            73.514296,
            19.958198
          ],
          [
            73.515692,
            19.957943
          ],
          [
            73.516349,
            19.957895
          ],
          [
            73.516875,
            19.95781
          ],
          [
            73.517521,
            19.957677
          ],
          [
            73.518179,
            19.957498
          ],
          [
            73.518676,
            19.957316
          ],
          [
            73.519011,
            19.957173
          ],
          [
            73.519392,
            19.956925
          ],
          [
            73.519683,
            19.956661
          ],
          [
            73.520054,
            19.956236
          ],
          [
            73.520267,
            19.956015
          ],
          [
            73.520489,
            19.955848
          ],
          [
            73.520783,
            19.9557
          ],
          [
            73.520976,
            19.95563
          ],
          [
            73.521425,
            19.955502
          ],
          [
            73.521614,
            19.955405
          ],
          [
            73.521853,
            19.955231
          ],
          [
            73.522487,
            19.954547
          ],
          [
            73.52337,
            19.953594
          ],
          [
            73.523757,
            19.953116
          ],
          [
            73.525609,
            19.950441
          ],
          [
            73.525733,
            19.950262
          ],
          [
            73.52626,
            19.949573
          ],
          [
            73.527028,
            19.948578
          ],
          [
            73.527969,
            19.947358
          ],
          [
            73.528724,
            19.946381
          ],
          [
            73.529062,
            19.945965
          ],
          [
            73.529495,
            19.945491
          ],
          [
            73.529814,
            19.94516
          ],
          [
            73.530559,
            19.944389
          ],
          [
            73.531223,
            19.943638
          ],
          [
            73.533226,
            19.941091
          ],
          [
            73.533129,
            19.941022
          ],
          [
            73.531902,
            19.942614
          ]
        ],
        "type": "LineString"
      }
    },
    {
      "type": "Feature",
      "properties": {
        "name": "Ghoti Road",
        "nameHindi": "घोटी रोड",
        "roadType": "National Highway",
        "from": "Ghoti / Mumbai",
        "to": "Trimbakeshwar",
        "distance": "55 km",
        "states": "Maharashtra, Gujarat",
        "lineType": "road"
      },
      "geometry": {
        "coordinates": [
          [
            73.540885,
            19.719846
          ],
          [
            73.540885,
            19.719846
          ],
          [
            73.540906,
            19.719737
          ],
          [
            73.54107,
            19.719351
          ],
          [
            73.541121,
            19.719045
          ],
          [
            73.541193,
            19.718669
          ],
          [
            73.54141,
            19.718066
          ],
          [
            73.541378,
            19.7178
          ],
          [
            73.541284,
            19.717538
          ],
          [
            73.541172,
            19.717351
          ],
          [
            73.541016,
            19.716803
          ],
          [
            73.541024,
            19.716684
          ],
          [
            73.540965,
            19.716422
          ],
          [
            73.540796,
            19.716129
          ],
          [
            73.540619,
            19.715988
          ],
          [
            73.540493,
            19.71596
          ],
          [
            73.540455,
            19.715907
          ],
          [
            73.540498,
            19.715235
          ],
          [
            73.540571,
            19.715056
          ],
          [
            73.540568,
            19.714909
          ],
          [
            73.540498,
            19.714864
          ],
          [
            73.540423,
            19.714846
          ],
          [
            73.540273,
            19.714846
          ],
          [
            73.54008,
            19.714788
          ],
          [
            73.539876,
            19.714642
          ],
          [
            73.539739,
            19.714324
          ],
          [
            73.539662,
            19.714263
          ],
          [
            73.53956,
            19.714228
          ],
          [
            73.539347,
            19.714087
          ],
          [
            73.53916,
            19.713798
          ],
          [
            73.539157,
            19.713687
          ],
          [
            73.539179,
            19.713576
          ],
          [
            73.53924,
            19.713405
          ],
          [
            73.539267,
            19.713213
          ],
          [
            73.539224,
            19.713071
          ],
          [
            73.539109,
            19.712821
          ],
          [
            73.53905,
            19.71272
          ],
          [
            73.539026,
            19.712569
          ],
          [
            73.539018,
            19.712276
          ],
          [
            73.53897,
            19.712086
          ],
          [
            73.538532,
            19.711206
          ],
          [
            73.539104,
            19.711065
          ],
          [
            73.539636,
            19.710172
          ],
          [
            73.539584,
            19.709585
          ],
          [
            73.539734,
            19.709335
          ],
          [
            73.540104,
            19.709371
          ],
          [
            73.540506,
            19.709041
          ],
          [
            73.540448,
            19.708461
          ],
          [
            73.540558,
            19.708204
          ],
          [
            73.541308,
            19.707089
          ],
          [
            73.541618,
            19.706605
          ],
          [
            73.542041,
            19.705963
          ],
          [
            73.54221,
            19.705817
          ],
          [
            73.542305,
            19.705777
          ],
          [
            73.542404,
            19.705736
          ],
          [
            73.542808,
            19.70562
          ],
          [
            73.543188,
            19.70563
          ],
          [
            73.543812,
            19.705618
          ],
          [
            73.544617,
            19.705386
          ],
          [
            73.545179,
            19.705106
          ],
          [
            73.545358,
            19.705093
          ],
          [
            73.545585,
            19.705089
          ],
          [
            73.545914,
            19.705086
          ],
          [
            73.546169,
            19.705104
          ],
          [
            73.546844,
            19.705104
          ],
          [
            73.547061,
            19.705022
          ],
          [
            73.547114,
            19.70492
          ],
          [
            73.547195,
            19.704763
          ],
          [
            73.547255,
            19.70462
          ],
          [
            73.547365,
            19.704516
          ],
          [
            73.547506,
            19.704496
          ],
          [
            73.548049,
            19.704594
          ],
          [
            73.548332,
            19.704638
          ],
          [
            73.548505,
            19.704658
          ],
          [
            73.548718,
            19.70466
          ],
          [
            73.5488,
            19.704635
          ],
          [
            73.548902,
            19.704554
          ],
          [
            73.549133,
            19.704351
          ],
          [
            73.549552,
            19.704029
          ],
          [
            73.550236,
            19.703457
          ],
          [
            73.550296,
            19.703405
          ],
          [
            73.550624,
            19.703121
          ],
          [
            73.550957,
            19.702851
          ],
          [
            73.551444,
            19.702361
          ],
          [
            73.551863,
            19.702024
          ],
          [
            73.552236,
            19.701702
          ],
          [
            73.552596,
            19.701441
          ],
          [
            73.553114,
            19.701079
          ],
          [
            73.553422,
            19.700969
          ],
          [
            73.553635,
            19.700887
          ],
          [
            73.553749,
            19.700806
          ],
          [
            73.553856,
            19.700661
          ],
          [
            73.553998,
            19.70042
          ],
          [
            73.554131,
            19.700238
          ],
          [
            73.554285,
            19.700162
          ],
          [
            73.554411,
            19.700072
          ],
          [
            73.554482,
            19.699974
          ],
          [
            73.554488,
            19.699823
          ],
          [
            73.554562,
            19.699643
          ],
          [
            73.554741,
            19.69948
          ],
          [
            73.555058,
            19.699273
          ],
          [
            73.555235,
            19.699157
          ],
          [
            73.555621,
            19.69896
          ],
          [
            73.55604,
            19.698839
          ],
          [
            73.556565,
            19.698738
          ],
          [
            73.55707,
            19.698586
          ],
          [
            73.556993,
            19.696942
          ],
          [
            73.557032,
            19.696208
          ],
          [
            73.556975,
            19.696063
          ],
          [
            73.556952,
            19.696005
          ],
          [
            73.557985,
            19.695515
          ],
          [
            73.558285,
            19.695416
          ],
          [
            73.558373,
            19.695405
          ],
          [
            73.558792,
            19.69535
          ],
          [
            73.559137,
            19.695326
          ],
          [
            73.561178,
            19.695181
          ],
          [
            73.563168,
            19.69504
          ],
          [
            73.563676,
            19.695004
          ],
          [
            73.564977,
            19.694891
          ],
          [
            73.565535,
            19.694729
          ],
          [
            73.565873,
            19.694615
          ],
          [
            73.566013,
            19.694568
          ],
          [
            73.56633,
            19.694337
          ],
          [
            73.566549,
            19.694179
          ],
          [
            73.566871,
            19.693916
          ],
          [
            73.567155,
            19.693825
          ],
          [
            73.567488,
            19.693765
          ],
          [
            73.568582,
            19.69376
          ],
          [
            73.569417,
            19.693763
          ],
          [
            73.570059,
            19.693751
          ],
          [
            73.571416,
            19.693712
          ],
          [
            73.571921,
            19.693698
          ],
          [
            73.571962,
            19.693695
          ],
          [
            73.57265,
            19.693637
          ],
          [
            73.573364,
            19.693559
          ],
          [
            73.573938,
            19.693567
          ],
          [
            73.574619,
            19.69367
          ],
          [
            73.576491,
            19.6939
          ],
          [
            73.576921,
            19.69391
          ],
          [
            73.577435,
            19.69392
          ],
          [
            73.579012,
            19.693779
          ],
          [
            73.57957,
            19.693728
          ],
          [
            73.579806,
            19.693728
          ],
          [
            73.58016,
            19.693748
          ],
          [
            73.580589,
            19.69386
          ],
          [
            73.580871,
            19.694009
          ],
          [
            73.581179,
            19.694173
          ],
          [
            73.583701,
            19.695435
          ],
          [
            73.583851,
            19.695456
          ],
          [
            73.584055,
            19.695476
          ],
          [
            73.586002,
            19.695387
          ],
          [
            73.587941,
            19.695257
          ],
          [
            73.588105,
            19.695246
          ],
          [
            73.589822,
            19.695064
          ],
          [
            73.58995,
            19.695056
          ],
          [
            73.590623,
            19.694656
          ],
          [
            73.590688,
            19.694615
          ],
          [
            73.590749,
            19.694538
          ],
          [
            73.591066,
            19.694729
          ],
          [
            73.591326,
            19.694872
          ],
          [
            73.591609,
            19.695016
          ],
          [
            73.591931,
            19.695153
          ],
          [
            73.592304,
            19.695298
          ],
          [
            73.592814,
            19.69547
          ],
          [
            73.593845,
            19.695755
          ],
          [
            73.594616,
            19.695975
          ],
          [
            73.594683,
            19.695996
          ],
          [
            73.595161,
            19.696145
          ],
          [
            73.595648,
            19.696298
          ],
          [
            73.595785,
            19.696352
          ],
          [
            73.596102,
            19.696476
          ],
          [
            73.59637,
            19.696605
          ],
          [
            73.59659,
            19.696711
          ],
          [
            73.597365,
            19.697144
          ],
          [
            73.59844,
            19.69772
          ],
          [
            73.599396,
            19.698247
          ],
          [
            73.600258,
            19.698709
          ],
          [
            73.60104,
            19.699129
          ],
          [
            73.601454,
            19.699349
          ],
          [
            73.601973,
            19.699611
          ],
          [
            73.602916,
            19.700005
          ],
          [
            73.603708,
            19.700336
          ],
          [
            73.604875,
            19.700819
          ],
          [
            73.605145,
            19.700933
          ],
          [
            73.60549,
            19.701079
          ],
          [
            73.605879,
            19.701274
          ],
          [
            73.606205,
            19.701477
          ],
          [
            73.606672,
            19.701797
          ],
          [
            73.607094,
            19.702147
          ],
          [
            73.607462,
            19.702506
          ],
          [
            73.607737,
            19.702829
          ],
          [
            73.608058,
            19.703271
          ],
          [
            73.608316,
            19.703658
          ],
          [
            73.608427,
            19.703824
          ],
          [
            73.608647,
            19.704153
          ],
          [
            73.609075,
            19.704768
          ],
          [
            73.609315,
            19.705089
          ],
          [
            73.609514,
            19.70533
          ],
          [
            73.609774,
            19.705614
          ],
          [
            73.610043,
            19.705839
          ],
          [
            73.610282,
            19.706018
          ],
          [
            73.610571,
            19.706197
          ],
          [
            73.611395,
            19.706658
          ],
          [
            73.61196,
            19.706933
          ],
          [
            73.612671,
            19.707316
          ],
          [
            73.613123,
            19.707652
          ],
          [
            73.613694,
            19.708102
          ],
          [
            73.61454,
            19.708856
          ],
          [
            73.615778,
            19.709755
          ],
          [
            73.616478,
            19.710254
          ],
          [
            73.616549,
            19.710304
          ],
          [
            73.616888,
            19.710545
          ],
          [
            73.617334,
            19.710944
          ],
          [
            73.617994,
            19.711576
          ],
          [
            73.618354,
            19.711939
          ],
          [
            73.618669,
            19.712257
          ],
          [
            73.619562,
            19.713123
          ],
          [
            73.620295,
            19.713817
          ],
          [
            73.620915,
            19.714442
          ],
          [
            73.621725,
            19.715219
          ],
          [
            73.621774,
            19.715267
          ],
          [
            73.622111,
            19.715596
          ],
          [
            73.622454,
            19.715932
          ],
          [
            73.623174,
            19.71666
          ],
          [
            73.623733,
            19.717248
          ],
          [
            73.624118,
            19.717654
          ],
          [
            73.624707,
            19.718247
          ],
          [
            73.625113,
            19.718687
          ],
          [
            73.625474,
            19.719087
          ],
          [
            73.625631,
            19.719266
          ],
          [
            73.625845,
            19.719511
          ],
          [
            73.626271,
            19.719961
          ],
          [
            73.62655,
            19.720259
          ],
          [
            73.626876,
            19.720613
          ],
          [
            73.626996,
            19.720743
          ],
          [
            73.627605,
            19.721381
          ],
          [
            73.628141,
            19.721964
          ],
          [
            73.628284,
            19.722117
          ],
          [
            73.628627,
            19.722483
          ],
          [
            73.628945,
            19.722847
          ],
          [
            73.628969,
            19.722874
          ],
          [
            73.6293,
            19.723201
          ],
          [
            73.629336,
            19.723239
          ],
          [
            73.629539,
            19.723453
          ],
          [
            73.630095,
            19.724057
          ],
          [
            73.630392,
            19.724374
          ],
          [
            73.63055,
            19.724553
          ],
          [
            73.630435,
            19.724638
          ],
          [
            73.630625,
            19.724838
          ],
          [
            73.630884,
            19.725178
          ],
          [
            73.631271,
            19.725777
          ],
          [
            73.631707,
            19.726655
          ],
          [
            73.632234,
            19.727813
          ],
          [
            73.632208,
            19.727858
          ],
          [
            73.632137,
            19.728015
          ],
          [
            73.631942,
            19.728567
          ],
          [
            73.631762,
            19.729136
          ],
          [
            73.631569,
            19.729679
          ],
          [
            73.631312,
            19.730356
          ],
          [
            73.631158,
            19.730743
          ],
          [
            73.631062,
            19.731075
          ],
          [
            73.630787,
            19.731838
          ],
          [
            73.630512,
            19.732264
          ],
          [
            73.628822,
            19.732933
          ],
          [
            73.627255,
            19.733515
          ],
          [
            73.6267,
            19.733797
          ],
          [
            73.626187,
            19.734078
          ],
          [
            73.62529,
            19.734118
          ],
          [
            73.624564,
            19.734641
          ],
          [
            73.624052,
            19.734681
          ],
          [
            73.623539,
            19.735043
          ],
          [
            73.621575,
            19.735485
          ],
          [
            73.618586,
            19.736249
          ],
          [
            73.618158,
            19.73653
          ],
          [
            73.617436,
            19.737422
          ],
          [
            73.617,
            19.738119
          ],
          [
            73.616147,
            19.739426
          ],
          [
            73.615979,
            19.739666
          ],
          [
            73.615413,
            19.74009
          ],
          [
            73.614919,
            19.740429
          ],
          [
            73.613668,
            19.741337
          ],
          [
            73.611972,
            19.742759
          ],
          [
            73.611563,
            19.74296
          ],
          [
            73.611528,
            19.742986
          ],
          [
            73.611313,
            19.743144
          ],
          [
            73.609454,
            19.744625
          ],
          [
            73.609074,
            19.744833
          ],
          [
            73.608165,
            19.745191
          ],
          [
            73.605997,
            19.746033
          ],
          [
            73.605785,
            19.746149
          ],
          [
            73.605664,
            19.746246
          ],
          [
            73.605606,
            19.746337
          ],
          [
            73.605546,
            19.746488
          ],
          [
            73.605443,
            19.746944
          ],
          [
            73.605378,
            19.747237
          ],
          [
            73.60537,
            19.747456
          ],
          [
            73.605417,
            19.747709
          ],
          [
            73.60579,
            19.748864
          ],
          [
            73.605849,
            19.749191
          ],
          [
            73.60585,
            19.749393
          ],
          [
            73.605837,
            19.749527
          ],
          [
            73.605802,
            19.749605
          ],
          [
            73.60573,
            19.749666
          ],
          [
            73.604452,
            19.750682
          ],
          [
            73.604275,
            19.750759
          ],
          [
            73.604084,
            19.750758
          ],
          [
            73.603847,
            19.750716
          ],
          [
            73.603194,
            19.750554
          ],
          [
            73.603094,
            19.750561
          ],
          [
            73.602992,
            19.750582
          ],
          [
            73.602915,
            19.750611
          ],
          [
            73.602746,
            19.750724
          ],
          [
            73.602638,
            19.750813
          ],
          [
            73.60064,
            19.752472
          ],
          [
            73.599238,
            19.75366
          ],
          [
            73.597999,
            19.754715
          ],
          [
            73.597599,
            19.755065
          ],
          [
            73.597491,
            19.755128
          ],
          [
            73.597401,
            19.755144
          ],
          [
            73.597301,
            19.755144
          ],
          [
            73.597264,
            19.755151
          ],
          [
            73.597219,
            19.75515
          ],
          [
            73.597,
            19.755147
          ],
          [
            73.596844,
            19.755124
          ],
          [
            73.596759,
            19.755064
          ],
          [
            73.596683,
            19.754987
          ],
          [
            73.596652,
            19.7548
          ],
          [
            73.596614,
            19.754693
          ],
          [
            73.596583,
            19.754669
          ],
          [
            73.596494,
            19.754638
          ],
          [
            73.59639,
            19.75464
          ],
          [
            73.596254,
            19.754653
          ],
          [
            73.596135,
            19.754689
          ],
          [
            73.596006,
            19.75476
          ],
          [
            73.595943,
            19.754832
          ],
          [
            73.595898,
            19.755074
          ],
          [
            73.595875,
            19.755185
          ],
          [
            73.595827,
            19.755282
          ],
          [
            73.595728,
            19.755385
          ],
          [
            73.595015,
            19.755859
          ],
          [
            73.594963,
            19.755893
          ],
          [
            73.594837,
            19.756033
          ],
          [
            73.594332,
            19.756904
          ],
          [
            73.593992,
            19.757613
          ],
          [
            73.593953,
            19.757667
          ],
          [
            73.593853,
            19.757773
          ],
          [
            73.593804,
            19.757815
          ],
          [
            73.593685,
            19.757858
          ],
          [
            73.593551,
            19.757899
          ],
          [
            73.593449,
            19.7579
          ],
          [
            73.593332,
            19.757889
          ],
          [
            73.593212,
            19.757872
          ],
          [
            73.593129,
            19.757885
          ],
          [
            73.593041,
            19.757908
          ],
          [
            73.592961,
            19.757949
          ],
          [
            73.592888,
            19.758001
          ],
          [
            73.592819,
            19.758074
          ],
          [
            73.592729,
            19.758347
          ],
          [
            73.592649,
            19.758462
          ],
          [
            73.592569,
            19.758528
          ],
          [
            73.592423,
            19.758616
          ],
          [
            73.591992,
            19.758857
          ],
          [
            73.591602,
            19.75907
          ],
          [
            73.591318,
            19.759338
          ],
          [
            73.591173,
            19.759727
          ],
          [
            73.591184,
            19.760045
          ],
          [
            73.591195,
            19.760368
          ],
          [
            73.591281,
            19.760741
          ],
          [
            73.591661,
            19.762226
          ],
          [
            73.591667,
            19.762564
          ],
          [
            73.591329,
            19.763634
          ],
          [
            73.591168,
            19.763866
          ],
          [
            73.590728,
            19.764296
          ],
          [
            73.590492,
            19.764568
          ],
          [
            73.590245,
            19.764699
          ],
          [
            73.589376,
            19.764927
          ],
          [
            73.589194,
            19.765073
          ],
          [
            73.589113,
            19.76528
          ],
          [
            73.589575,
            19.767355
          ],
          [
            73.589698,
            19.768052
          ],
          [
            73.589762,
            19.770086
          ],
          [
            73.589752,
            19.770419
          ],
          [
            73.589575,
            19.77056
          ],
          [
            73.589199,
            19.770707
          ],
          [
            73.587858,
            19.77103
          ],
          [
            73.587182,
            19.771035
          ],
          [
            73.585981,
            19.770979
          ],
          [
            73.585321,
            19.770813
          ],
          [
            73.583872,
            19.770303
          ],
          [
            73.583475,
            19.770101
          ],
          [
            73.58281,
            19.769556
          ],
          [
            73.582295,
            19.769263
          ],
          [
            73.581464,
            19.769132
          ],
          [
            73.579608,
            19.768819
          ],
          [
            73.578841,
            19.768773
          ],
          [
            73.578513,
            19.768809
          ],
          [
            73.576936,
            19.76947
          ],
          [
            73.576212,
            19.769889
          ],
          [
            73.576089,
            19.770086
          ],
          [
            73.576062,
            19.770369
          ],
          [
            73.576105,
            19.770601
          ],
          [
            73.576298,
            19.770843
          ],
          [
            73.576775,
            19.771025
          ],
          [
            73.577226,
            19.771121
          ],
          [
            73.57758,
            19.771252
          ],
          [
            73.577912,
            19.771565
          ],
          [
            73.57802,
            19.771747
          ],
          [
            73.578283,
            19.77418
          ],
          [
            73.578309,
            19.774554
          ],
          [
            73.578401,
            19.774821
          ],
          [
            73.579055,
            19.776088
          ],
          [
            73.579205,
            19.776406
          ],
          [
            73.579275,
            19.778143
          ],
          [
            73.579211,
            19.778582
          ],
          [
            73.57905,
            19.778991
          ],
          [
            73.578014,
            19.780535
          ],
          [
            73.577505,
            19.780924
          ],
          [
            73.577242,
            19.781076
          ],
          [
            73.57715,
            19.781109
          ],
          [
            73.577049,
            19.781146
          ],
          [
            73.576899,
            19.781157
          ],
          [
            73.575815,
            19.781224
          ],
          [
            73.573406,
            19.781419
          ],
          [
            73.569517,
            19.781818
          ],
          [
            73.568387,
            19.781915
          ],
          [
            73.568202,
            19.781984
          ],
          [
            73.567897,
            19.782105
          ],
          [
            73.567677,
            19.782336
          ],
          [
            73.567301,
            19.783602
          ],
          [
            73.567103,
            19.784361
          ],
          [
            73.566757,
            19.784965
          ],
          [
            73.566097,
            19.786064
          ],
          [
            73.565785,
            19.786599
          ],
          [
            73.565606,
            19.786906
          ],
          [
            73.565397,
            19.787487
          ],
          [
            73.565047,
            19.78853
          ],
          [
            73.564893,
            19.7888
          ],
          [
            73.564655,
            19.789257
          ],
          [
            73.564386,
            19.789756
          ],
          [
            73.56412,
            19.790266
          ],
          [
            73.564094,
            19.790499
          ],
          [
            73.564075,
            19.790786
          ],
          [
            73.563574,
            19.791323
          ],
          [
            73.563115,
            19.791553
          ],
          [
            73.562992,
            19.791697
          ],
          [
            73.562857,
            19.792017
          ],
          [
            73.562765,
            19.792094
          ],
          [
            73.562239,
            19.792311
          ],
          [
            73.562117,
            19.792452
          ],
          [
            73.562084,
            19.792569
          ],
          [
            73.561981,
            19.792877
          ],
          [
            73.561981,
            19.7932
          ],
          [
            73.562239,
            19.793524
          ],
          [
            73.562368,
            19.793848
          ],
          [
            73.562399,
            19.794294
          ],
          [
            73.562367,
            19.794526
          ],
          [
            73.562344,
            19.794748
          ],
          [
            73.562391,
            19.794925
          ],
          [
            73.562423,
            19.795079
          ],
          [
            73.562495,
            19.795228
          ],
          [
            73.562504,
            19.795319
          ],
          [
            73.562482,
            19.79543
          ],
          [
            73.562398,
            19.795483
          ],
          [
            73.562308,
            19.795505
          ],
          [
            73.56223,
            19.795495
          ],
          [
            73.562131,
            19.795442
          ],
          [
            73.562021,
            19.795149
          ],
          [
            73.561823,
            19.794529
          ],
          [
            73.56171,
            19.79444
          ],
          [
            73.56157,
            19.794451
          ],
          [
            73.561375,
            19.794652
          ],
          [
            73.561003,
            19.795266
          ],
          [
            73.560919,
            19.795377
          ],
          [
            73.560713,
            19.795695
          ],
          [
            73.560586,
            19.795917
          ],
          [
            73.560447,
            19.796053
          ],
          [
            73.560291,
            19.796129
          ],
          [
            73.560152,
            19.796124
          ],
          [
            73.559969,
            19.796113
          ],
          [
            73.559744,
            19.796088
          ],
          [
            73.559589,
            19.796043
          ],
          [
            73.559277,
            19.796023
          ],
          [
            73.559116,
            19.796119
          ],
          [
            73.558966,
            19.796235
          ],
          [
            73.558768,
            19.796421
          ],
          [
            73.558596,
            19.796648
          ],
          [
            73.55843,
            19.796775
          ],
          [
            73.558263,
            19.79685
          ],
          [
            73.558038,
            19.796891
          ],
          [
            73.557856,
            19.79685
          ],
          [
            73.557711,
            19.796754
          ],
          [
            73.557555,
            19.796628
          ],
          [
            73.557453,
            19.796522
          ],
          [
            73.557286,
            19.796381
          ],
          [
            73.556749,
            19.796154
          ],
          [
            73.556272,
            19.796019
          ],
          [
            73.556118,
            19.795992
          ],
          [
            73.555823,
            19.795967
          ],
          [
            73.555635,
            19.795997
          ],
          [
            73.555383,
            19.796154
          ],
          [
            73.555152,
            19.796351
          ],
          [
            73.554868,
            19.796472
          ],
          [
            73.55475,
            19.796517
          ],
          [
            73.554487,
            19.796532
          ],
          [
            73.554069,
            19.796558
          ],
          [
            73.553709,
            19.796734
          ],
          [
            73.553537,
            19.796886
          ],
          [
            73.553446,
            19.797027
          ],
          [
            73.553312,
            19.797249
          ],
          [
            73.553108,
            19.797421
          ],
          [
            73.55298,
            19.797481
          ],
          [
            73.552658,
            19.797562
          ],
          [
            73.552389,
            19.797592
          ],
          [
            73.552078,
            19.797648
          ],
          [
            73.551676,
            19.797658
          ],
          [
            73.551182,
            19.797602
          ],
          [
            73.550415,
            19.79739
          ],
          [
            73.548516,
            19.796775
          ],
          [
            73.547776,
            19.796558
          ],
          [
            73.546408,
            19.796184
          ],
          [
            73.545963,
            19.796113
          ],
          [
            73.545582,
            19.796139
          ],
          [
            73.545003,
            19.796235
          ],
          [
            73.544418,
            19.796437
          ],
          [
            73.543876,
            19.796628
          ],
          [
            73.543447,
            19.796835
          ],
          [
            73.543195,
            19.797002
          ],
          [
            73.542551,
            19.797577
          ],
          [
            73.541602,
            19.798491
          ],
          [
            73.541028,
            19.799066
          ],
          [
            73.540727,
            19.799374
          ],
          [
            73.540443,
            19.799753
          ],
          [
            73.540271,
            19.800086
          ],
          [
            73.540003,
            19.800818
          ],
          [
            73.53981,
            19.801171
          ],
          [
            73.539601,
            19.801454
          ],
          [
            73.539418,
            19.801549
          ],
          [
            73.539091,
            19.801635
          ],
          [
            73.538935,
            19.801605
          ],
          [
            73.538603,
            19.801529
          ],
          [
            73.538249,
            19.801388
          ],
          [
            73.537916,
            19.801307
          ],
          [
            73.537584,
            19.801292
          ],
          [
            73.537101,
            19.801327
          ],
          [
            73.53665,
            19.801474
          ],
          [
            73.535905,
            19.801736
          ],
          [
            73.53539,
            19.801958
          ],
          [
            73.534896,
            19.802216
          ],
          [
            73.534724,
            19.802332
          ],
          [
            73.534531,
            19.802428
          ],
          [
            73.534252,
            19.802513
          ],
          [
            73.534134,
            19.802529
          ],
          [
            73.534134,
            19.802529
          ],
          [
            73.533952,
            19.802544
          ],
          [
            73.533802,
            19.802524
          ],
          [
            73.533635,
            19.802453
          ],
          [
            73.532643,
            19.80211
          ],
          [
            73.530578,
            19.801438
          ],
          [
            73.529848,
            19.801196
          ],
          [
            73.529698,
            19.801141
          ],
          [
            73.529478,
            19.80105
          ],
          [
            73.529135,
            19.800873
          ],
          [
            73.528952,
            19.800747
          ],
          [
            73.528856,
            19.800616
          ],
          [
            73.528765,
            19.800328
          ],
          [
            73.528566,
            19.799949
          ],
          [
            73.528486,
            19.799773
          ],
          [
            73.528228,
            19.79948
          ],
          [
            73.527965,
            19.799162
          ],
          [
            73.527413,
            19.798551
          ],
          [
            73.527225,
            19.798425
          ],
          [
            73.526908,
            19.798299
          ],
          [
            73.526807,
            19.798208
          ],
          [
            73.526699,
            19.798127
          ],
          [
            73.526613,
            19.798021
          ],
          [
            73.526431,
            19.797749
          ],
          [
            73.525675,
            19.796573
          ],
          [
            73.525567,
            19.796452
          ],
          [
            73.525369,
            19.796371
          ],
          [
            73.525203,
            19.796366
          ],
          [
            73.52502,
            19.796371
          ],
          [
            73.524865,
            19.796351
          ],
          [
            73.524682,
            19.796315
          ],
          [
            73.524452,
            19.796209
          ],
          [
            73.524307,
            19.796113
          ],
          [
            73.52414,
            19.796002
          ],
          [
            73.523888,
            19.795795
          ],
          [
            73.523159,
            19.795276
          ],
          [
            73.522805,
            19.795023
          ],
          [
            73.522595,
            19.794877
          ],
          [
            73.522429,
            19.794786
          ],
          [
            73.522236,
            19.79473
          ],
          [
            73.522027,
            19.794741
          ],
          [
            73.521735,
            19.79477
          ],
          [
            73.521352,
            19.794803
          ],
          [
            73.52107,
            19.794765
          ],
          [
            73.520354,
            19.794659
          ],
          [
            73.519812,
            19.794545
          ],
          [
            73.519571,
            19.7945
          ],
          [
            73.519437,
            19.7945
          ],
          [
            73.519289,
            19.794543
          ],
          [
            73.519131,
            19.794621
          ],
          [
            73.518943,
            19.794762
          ],
          [
            73.518873,
            19.794808
          ],
          [
            73.518742,
            19.794921
          ],
          [
            73.518356,
            19.79529
          ],
          [
            73.518144,
            19.795535
          ],
          [
            73.517994,
            19.795691
          ],
          [
            73.517889,
            19.79589
          ],
          [
            73.517621,
            19.796617
          ],
          [
            73.517481,
            19.797155
          ],
          [
            73.517363,
            19.797743
          ],
          [
            73.517291,
            19.797995
          ],
          [
            73.517186,
            19.798164
          ],
          [
            73.516972,
            19.798374
          ],
          [
            73.516736,
            19.798525
          ],
          [
            73.516492,
            19.798656
          ],
          [
            73.51625,
            19.79881
          ],
          [
            73.516041,
            19.798974
          ],
          [
            73.515341,
            19.799605
          ],
          [
            73.515118,
            19.799807
          ],
          [
            73.514933,
            19.800001
          ],
          [
            73.514839,
            19.800112
          ],
          [
            73.514791,
            19.800229
          ],
          [
            73.514679,
            19.800425
          ],
          [
            73.514601,
            19.800655
          ],
          [
            73.51452,
            19.800887
          ],
          [
            73.514469,
            19.800986
          ],
          [
            73.514402,
            19.801077
          ],
          [
            73.514276,
            19.801157
          ],
          [
            73.51408,
            19.801235
          ],
          [
            73.513961,
            19.801292
          ],
          [
            73.513869,
            19.801336
          ],
          [
            73.513635,
            19.80146
          ],
          [
            73.513147,
            19.801712
          ],
          [
            73.512852,
            19.801889
          ],
          [
            73.512694,
            19.802046
          ],
          [
            73.512525,
            19.802449
          ],
          [
            73.512509,
            19.802689
          ],
          [
            73.512589,
            19.802952
          ],
          [
            73.512629,
            19.803093
          ],
          [
            73.512771,
            19.803482
          ],
          [
            73.512895,
            19.803842
          ],
          [
            73.513067,
            19.804302
          ],
          [
            73.513136,
            19.804549
          ],
          [
            73.513178,
            19.804864
          ],
          [
            73.513193,
            19.805177
          ],
          [
            73.51316,
            19.805389
          ],
          [
            73.513105,
            19.805561
          ],
          [
            73.512917,
            19.805833
          ],
          [
            73.51255,
            19.806151
          ],
          [
            73.512206,
            19.806416
          ],
          [
            73.51207,
            19.806525
          ],
          [
            73.51186,
            19.806691
          ],
          [
            73.511756,
            19.806772
          ],
          [
            73.511729,
            19.806792
          ],
          [
            73.511585,
            19.806863
          ],
          [
            73.51145,
            19.806908
          ],
          [
            73.511249,
            19.806941
          ],
          [
            73.510734,
            19.807004
          ],
          [
            73.510468,
            19.80704
          ],
          [
            73.510214,
            19.807089
          ],
          [
            73.510146,
            19.807109
          ],
          [
            73.510071,
            19.807148
          ],
          [
            73.510007,
            19.807194
          ],
          [
            73.509948,
            19.807322
          ],
          [
            73.509947,
            19.807476
          ],
          [
            73.509969,
            19.807628
          ],
          [
            73.510028,
            19.807772
          ],
          [
            73.510132,
            19.807913
          ],
          [
            73.510195,
            19.808016
          ],
          [
            73.510288,
            19.808148
          ],
          [
            73.510342,
            19.808296
          ],
          [
            73.510441,
            19.808534
          ],
          [
            73.510511,
            19.80869
          ],
          [
            73.510605,
            19.808965
          ],
          [
            73.510631,
            19.809096
          ],
          [
            73.510643,
            19.809223
          ],
          [
            73.510603,
            19.809281
          ],
          [
            73.51057,
            19.809331
          ],
          [
            73.510525,
            19.809379
          ],
          [
            73.51046,
            19.809429
          ],
          [
            73.510385,
            19.809465
          ],
          [
            73.510313,
            19.8095
          ],
          [
            73.510222,
            19.809498
          ],
          [
            73.510128,
            19.80947
          ],
          [
            73.510026,
            19.809437
          ],
          [
            73.509924,
            19.809402
          ],
          [
            73.509833,
            19.809407
          ],
          [
            73.509771,
            19.80944
          ],
          [
            73.509701,
            19.809518
          ],
          [
            73.509618,
            19.809614
          ],
          [
            73.5095,
            19.809783
          ],
          [
            73.509414,
            19.809919
          ],
          [
            73.509264,
            19.81004
          ],
          [
            73.509068,
            19.810194
          ],
          [
            73.508902,
            19.810295
          ],
          [
            73.508714,
            19.810386
          ],
          [
            73.508492,
            19.810396
          ],
          [
            73.508325,
            19.810404
          ],
          [
            73.508124,
            19.810396
          ],
          [
            73.507915,
            19.810396
          ],
          [
            73.507749,
            19.810398
          ],
          [
            73.50748,
            19.810484
          ],
          [
            73.507306,
            19.810578
          ],
          [
            73.507234,
            19.810633
          ],
          [
            73.507151,
            19.810714
          ],
          [
            73.507089,
            19.810792
          ],
          [
            73.50698,
            19.810935
          ],
          [
            73.506874,
            19.811105
          ],
          [
            73.506799,
            19.811214
          ],
          [
            73.506728,
            19.811398
          ],
          [
            73.506657,
            19.811653
          ],
          [
            73.506627,
            19.811865
          ],
          [
            73.5066,
            19.811935
          ],
          [
            73.506515,
            19.812097
          ],
          [
            73.506437,
            19.812183
          ],
          [
            73.506306,
            19.812291
          ],
          [
            73.506166,
            19.812384
          ],
          [
            73.506011,
            19.812483
          ],
          [
            73.505842,
            19.812601
          ],
          [
            73.505724,
            19.812702
          ],
          [
            73.505651,
            19.812811
          ],
          [
            73.505578,
            19.812999
          ],
          [
            73.505541,
            19.813265
          ],
          [
            73.50553,
            19.813396
          ],
          [
            73.505525,
            19.813525
          ],
          [
            73.505547,
            19.813704
          ],
          [
            73.505576,
            19.813828
          ],
          [
            73.50574,
            19.814219
          ],
          [
            73.505773,
            19.814309
          ],
          [
            73.505959,
            19.814355
          ],
          [
            73.506064,
            19.814367
          ],
          [
            73.506232,
            19.814494
          ],
          [
            73.506408,
            19.814621
          ],
          [
            73.50652,
            19.814655
          ],
          [
            73.506599,
            19.814648
          ],
          [
            73.506737,
            19.814578
          ],
          [
            73.506893,
            19.814535
          ],
          [
            73.507074,
            19.814542
          ],
          [
            73.507197,
            19.814576
          ],
          [
            73.507375,
            19.814684
          ],
          [
            73.507546,
            19.814885
          ],
          [
            73.50788,
            19.815243
          ],
          [
            73.508118,
            19.815486
          ],
          [
            73.508202,
            19.815642
          ],
          [
            73.508342,
            19.816086
          ],
          [
            73.508424,
            19.816304
          ],
          [
            73.5085,
            19.816412
          ],
          [
            73.508962,
            19.81672
          ],
          [
            73.509156,
            19.816806
          ],
          [
            73.50923,
            19.81689
          ],
          [
            73.509238,
            19.816967
          ],
          [
            73.509228,
            19.817075
          ],
          [
            73.509144,
            19.817339
          ],
          [
            73.509137,
            19.817568
          ],
          [
            73.509005,
            19.817818
          ],
          [
            73.50889,
            19.818249
          ],
          [
            73.508879,
            19.818347
          ],
          [
            73.508914,
            19.818378
          ],
          [
            73.509161,
            19.818529
          ],
          [
            73.509405,
            19.818678
          ],
          [
            73.509628,
            19.818824
          ],
          [
            73.509759,
            19.818928
          ],
          [
            73.509843,
            19.819031
          ],
          [
            73.509883,
            19.819132
          ],
          [
            73.509928,
            19.819278
          ],
          [
            73.509944,
            19.819432
          ],
          [
            73.509984,
            19.819688
          ],
          [
            73.509837,
            19.820339
          ],
          [
            73.509491,
            19.821453
          ],
          [
            73.509488,
            19.821549
          ],
          [
            73.509515,
            19.821688
          ],
          [
            73.509574,
            19.821776
          ],
          [
            73.510143,
            19.822344
          ],
          [
            73.510183,
            19.82241
          ],
          [
            73.510207,
            19.822521
          ],
          [
            73.510205,
            19.822619
          ],
          [
            73.510178,
            19.823664
          ],
          [
            73.51013,
            19.824057
          ],
          [
            73.510044,
            19.824194
          ],
          [
            73.509987,
            19.824242
          ],
          [
            73.509902,
            19.824302
          ],
          [
            73.50981,
            19.824441
          ],
          [
            73.509759,
            19.824595
          ],
          [
            73.509682,
            19.824719
          ],
          [
            73.509505,
            19.824799
          ],
          [
            73.50918,
            19.824895
          ],
          [
            73.50903,
            19.824971
          ],
          [
            73.508906,
            19.825102
          ],
          [
            73.508796,
            19.825294
          ],
          [
            73.508695,
            19.825592
          ],
          [
            73.508558,
            19.825937
          ],
          [
            73.508383,
            19.826417
          ],
          [
            73.508311,
            19.826553
          ],
          [
            73.508217,
            19.826674
          ],
          [
            73.507981,
            19.826926
          ],
          [
            73.507882,
            19.827065
          ],
          [
            73.507834,
            19.827229
          ],
          [
            73.507783,
            19.827439
          ],
          [
            73.507673,
            19.827953
          ],
          [
            73.507686,
            19.828125
          ],
          [
            73.507713,
            19.828513
          ],
          [
            73.507732,
            19.828892
          ],
          [
            73.507732,
            19.829455
          ],
          [
            73.50775,
            19.830032
          ],
          [
            73.507785,
            19.830376
          ],
          [
            73.507772,
            19.830883
          ],
          [
            73.507742,
            19.831218
          ],
          [
            73.507683,
            19.831468
          ],
          [
            73.507611,
            19.831857
          ],
          [
            73.507579,
            19.832028
          ],
          [
            73.507477,
            19.832561
          ],
          [
            73.507466,
            19.832833
          ],
          [
            73.507514,
            19.833063
          ],
          [
            73.507549,
            19.833179
          ],
          [
            73.507635,
            19.833492
          ],
          [
            73.507791,
            19.833799
          ],
          [
            73.508016,
            19.834122
          ],
          [
            73.508139,
            19.83436
          ],
          [
            73.508145,
            19.834521
          ],
          [
            73.508096,
            19.834713
          ],
          [
            73.508027,
            19.834819
          ],
          [
            73.507968,
            19.83498
          ],
          [
            73.507962,
            19.835086
          ],
          [
            73.507887,
            19.835268
          ],
          [
            73.50785,
            19.835445
          ],
          [
            73.507815,
            19.835608
          ],
          [
            73.507837,
            19.835822
          ],
          [
            73.507877,
            19.836105
          ],
          [
            73.507893,
            19.836357
          ],
          [
            73.507845,
            19.836637
          ],
          [
            73.507866,
            19.836859
          ],
          [
            73.507901,
            19.837064
          ],
          [
            73.507901,
            19.837233
          ],
          [
            73.507907,
            19.837366
          ],
          [
            73.507941,
            19.837518
          ],
          [
            73.508019,
            19.83765
          ],
          [
            73.50807,
            19.837722
          ],
          [
            73.508145,
            19.837819
          ],
          [
            73.508207,
            19.837959
          ],
          [
            73.508231,
            19.838026
          ],
          [
            73.508231,
            19.838134
          ],
          [
            73.508223,
            19.838222
          ],
          [
            73.508116,
            19.838561
          ],
          [
            73.507963,
            19.83903
          ],
          [
            73.50781,
            19.839471
          ],
          [
            73.507775,
            19.839551
          ],
          [
            73.507762,
            19.839643
          ],
          [
            73.507762,
            19.839701
          ],
          [
            73.507783,
            19.839874
          ],
          [
            73.507826,
            19.840116
          ],
          [
            73.507845,
            19.840369
          ],
          [
            73.507802,
            19.841618
          ],
          [
            73.507783,
            19.842153
          ],
          [
            73.507781,
            19.842619
          ],
          [
            73.507665,
            19.843535
          ],
          [
            73.507625,
            19.843874
          ],
          [
            73.507644,
            19.844272
          ],
          [
            73.50766,
            19.844492
          ],
          [
            73.507695,
            19.844867
          ],
          [
            73.507714,
            19.845085
          ],
          [
            73.507689,
            19.845198
          ],
          [
            73.507633,
            19.845297
          ],
          [
            73.507596,
            19.84537
          ],
          [
            73.507185,
            19.845753
          ],
          [
            73.507083,
            19.845854
          ],
          [
            73.506981,
            19.845973
          ],
          [
            73.506928,
            19.846069
          ],
          [
            73.50689,
            19.84615
          ],
          [
            73.506826,
            19.846457
          ],
          [
            73.506744,
            19.847561
          ],
          [
            73.506727,
            19.847805
          ],
          [
            73.506684,
            19.848036
          ],
          [
            73.506654,
            19.848193
          ],
          [
            73.506659,
            19.848265
          ],
          [
            73.506686,
            19.848301
          ],
          [
            73.506737,
            19.848329
          ],
          [
            73.506799,
            19.848327
          ],
          [
            73.506861,
            19.848301
          ],
          [
            73.506989,
            19.848256
          ],
          [
            73.507225,
            19.848175
          ],
          [
            73.507333,
            19.848135
          ],
          [
            73.507542,
            19.848069
          ],
          [
            73.507679,
            19.848054
          ],
          [
            73.50788,
            19.848044
          ],
          [
            73.507971,
            19.848014
          ],
          [
            73.508121,
            19.84798
          ],
          [
            73.508242,
            19.847927
          ],
          [
            73.508379,
            19.847918
          ],
          [
            73.508617,
            19.847945
          ],
          [
            73.508797,
            19.848001
          ],
          [
            73.50888,
            19.848009
          ],
          [
            73.509017,
            19.848001
          ],
          [
            73.509141,
            19.847991
          ],
          [
            73.509275,
            19.847981
          ],
          [
            73.509371,
            19.847998
          ],
          [
            73.509492,
            19.848006
          ],
          [
            73.509604,
            19.848043
          ],
          [
            73.509736,
            19.848104
          ],
          [
            73.509873,
            19.84816
          ],
          [
            73.510028,
            19.84821
          ],
          [
            73.51024,
            19.848253
          ],
          [
            73.510412,
            19.848307
          ],
          [
            73.510565,
            19.848364
          ],
          [
            73.510715,
            19.848443
          ],
          [
            73.510846,
            19.848513
          ],
          [
            73.511026,
            19.848591
          ],
          [
            73.511243,
            19.848645
          ],
          [
            73.511485,
            19.84868
          ],
          [
            73.511584,
            19.848692
          ],
          [
            73.511745,
            19.848735
          ],
          [
            73.511855,
            19.84879
          ],
          [
            73.511941,
            19.848873
          ],
          [
            73.511984,
            19.848944
          ],
          [
            73.512013,
            19.849028
          ],
          [
            73.512037,
            19.849104
          ],
          [
            73.512035,
            19.849265
          ],
          [
            73.511992,
            19.849369
          ],
          [
            73.511957,
            19.849454
          ],
          [
            73.511871,
            19.8496
          ],
          [
            73.51178,
            19.84976
          ],
          [
            73.511723,
            19.849875
          ],
          [
            73.511683,
            19.850012
          ],
          [
            73.511659,
            19.850153
          ],
          [
            73.511702,
            19.850887
          ],
          [
            73.511705,
            19.851051
          ],
          [
            73.511715,
            19.851338
          ],
          [
            73.511667,
            19.851477
          ],
          [
            73.511589,
            19.851613
          ],
          [
            73.511555,
            19.85174
          ],
          [
            73.511514,
            19.851917
          ],
          [
            73.511487,
            19.852174
          ],
          [
            73.511463,
            19.852343
          ],
          [
            73.511461,
            19.852563
          ],
          [
            73.511437,
            19.852709
          ],
          [
            73.511428,
            19.852824
          ],
          [
            73.51141,
            19.852913
          ],
          [
            73.51138,
            19.852981
          ],
          [
            73.511345,
            19.853055
          ],
          [
            73.511308,
            19.853171
          ],
          [
            73.511294,
            19.853272
          ],
          [
            73.511292,
            19.85339
          ],
          [
            73.511289,
            19.853478
          ],
          [
            73.51131,
            19.853615
          ],
          [
            73.511321,
            19.853717
          ],
          [
            73.511335,
            19.853827
          ],
          [
            73.511388,
            19.854002
          ],
          [
            73.511426,
            19.854154
          ],
          [
            73.511477,
            19.854318
          ],
          [
            73.511533,
            19.854563
          ],
          [
            73.511584,
            19.854699
          ],
          [
            73.51164,
            19.854868
          ],
          [
            73.511718,
            19.854987
          ],
          [
            73.511798,
            19.855077
          ],
          [
            73.511887,
            19.855208
          ],
          [
            73.511925,
            19.855292
          ],
          [
            73.511949,
            19.855395
          ],
          [
            73.511946,
            19.855507
          ],
          [
            73.511927,
            19.855643
          ],
          [
            73.511906,
            19.855731
          ],
          [
            73.51189,
            19.855831
          ],
          [
            73.511887,
            19.855943
          ],
          [
            73.511911,
            19.856112
          ],
          [
            73.51193,
            19.856251
          ],
          [
            73.511976,
            19.856386
          ],
          [
            73.511994,
            19.8565
          ],
          [
            73.512018,
            19.856641
          ],
          [
            73.511997,
            19.856745
          ],
          [
            73.511957,
            19.856889
          ],
          [
            73.511906,
            19.857063
          ],
          [
            73.511893,
            19.857162
          ],
          [
            73.511898,
            19.857317
          ],
          [
            73.511903,
            19.857421
          ],
          [
            73.511898,
            19.857522
          ],
          [
            73.511876,
            19.857633
          ],
          [
            73.511833,
            19.857747
          ],
          [
            73.511796,
            19.857855
          ],
          [
            73.511756,
            19.858003
          ],
          [
            73.511742,
            19.858163
          ],
          [
            73.511689,
            19.858256
          ],
          [
            73.511638,
            19.858345
          ],
          [
            73.511597,
            19.858447
          ],
          [
            73.511555,
            19.858582
          ],
          [
            73.51153,
            19.858698
          ],
          [
            73.511485,
            19.858856
          ],
          [
            73.511418,
            19.859008
          ],
          [
            73.511348,
            19.859129
          ],
          [
            73.511286,
            19.859238
          ],
          [
            73.511222,
            19.859356
          ],
          [
            73.511128,
            19.85944
          ],
          [
            73.511029,
            19.85951
          ],
          [
            73.510908,
            19.859541
          ],
          [
            73.510801,
            19.859551
          ],
          [
            73.510584,
            19.859591
          ],
          [
            73.510409,
            19.859648
          ],
          [
            73.510259,
            19.85973
          ],
          [
            73.510136,
            19.859797
          ],
          [
            73.510031,
            19.859891
          ],
          [
            73.509972,
            19.86
          ],
          [
            73.509918,
            19.860108
          ],
          [
            73.509867,
            19.860166
          ],
          [
            73.5098,
            19.860224
          ],
          [
            73.509728,
            19.860287
          ],
          [
            73.509698,
            19.860377
          ],
          [
            73.509701,
            19.860507
          ],
          [
            73.509704,
            19.860652
          ],
          [
            73.509677,
            19.86084
          ],
          [
            73.509639,
            19.860953
          ],
          [
            73.509634,
            19.861096
          ],
          [
            73.509623,
            19.861351
          ],
          [
            73.509596,
            19.861646
          ],
          [
            73.509559,
            19.861813
          ],
          [
            73.509545,
            19.861936
          ],
          [
            73.509519,
            19.86208
          ],
          [
            73.509521,
            19.862227
          ],
          [
            73.509484,
            19.862355
          ],
          [
            73.509414,
            19.862486
          ],
          [
            73.509323,
            19.862638
          ],
          [
            73.509251,
            19.862727
          ],
          [
            73.50914,
            19.862794
          ],
          [
            73.509014,
            19.862863
          ],
          [
            73.508891,
            19.862896
          ],
          [
            73.508741,
            19.862923
          ],
          [
            73.508349,
            19.863001
          ],
          [
            73.507735,
            19.863155
          ],
          [
            73.507515,
            19.863181
          ],
          [
            73.507432,
            19.863193
          ],
          [
            73.507384,
            19.863183
          ],
          [
            73.507354,
            19.863135
          ],
          [
            73.507311,
            19.863055
          ],
          [
            73.507217,
            19.862926
          ],
          [
            73.507158,
            19.86284
          ],
          [
            73.50707,
            19.862812
          ],
          [
            73.507022,
            19.86282
          ],
          [
            73.506614,
            19.863034
          ],
          [
            73.506523,
            19.863183
          ],
          [
            73.506474,
            19.863277
          ],
          [
            73.50633,
            19.863441
          ],
          [
            73.506161,
            19.863665
          ],
          [
            73.505992,
            19.863824
          ],
          [
            73.50586,
            19.86391
          ],
          [
            73.505705,
            19.863985
          ],
          [
            73.505522,
            19.864061
          ],
          [
            73.505329,
            19.864096
          ],
          [
            73.50519,
            19.864144
          ],
          [
            73.504879,
            19.864457
          ],
          [
            73.504691,
            19.864812
          ],
          [
            73.504586,
            19.865
          ],
          [
            73.504476,
            19.865196
          ],
          [
            73.504339,
            19.865391
          ],
          [
            73.504232,
            19.865497
          ],
          [
            73.504111,
            19.865582
          ],
          [
            73.504001,
            19.865645
          ],
          [
            73.503883,
            19.865688
          ],
          [
            73.503773,
            19.865749
          ],
          [
            73.50369,
            19.865827
          ],
          [
            73.503583,
            19.865973
          ],
          [
            73.503537,
            19.866051
          ],
          [
            73.503431,
            19.866269
          ],
          [
            73.503408,
            19.866347
          ],
          [
            73.503398,
            19.866381
          ],
          [
            73.503398,
            19.866846
          ],
          [
            73.503399,
            19.866995
          ],
          [
            73.503403,
            19.867479
          ],
          [
            73.503404,
            19.86761
          ],
          [
            73.503406,
            19.8681
          ],
          [
            73.503353,
            19.8684
          ],
          [
            73.50318,
            19.868832
          ],
          [
            73.503062,
            19.869375
          ],
          [
            73.502957,
            19.869692
          ],
          [
            73.502664,
            19.870426
          ],
          [
            73.502516,
            19.870789
          ],
          [
            73.502327,
            19.871086
          ],
          [
            73.502034,
            19.871564
          ],
          [
            73.501953,
            19.871829
          ],
          [
            73.501806,
            19.872219
          ],
          [
            73.501629,
            19.87264
          ],
          [
            73.501516,
            19.873101
          ],
          [
            73.501526,
            19.873238
          ],
          [
            73.501668,
            19.873575
          ],
          [
            73.501959,
            19.873967
          ],
          [
            73.502085,
            19.874177
          ],
          [
            73.502129,
            19.874403
          ],
          [
            73.502113,
            19.874542
          ],
          [
            73.501961,
            19.874873
          ],
          [
            73.501912,
            19.875406
          ],
          [
            73.501853,
            19.875645
          ],
          [
            73.501873,
            19.875932
          ],
          [
            73.501845,
            19.876331
          ],
          [
            73.501823,
            19.877016
          ],
          [
            73.50179,
            19.877341
          ],
          [
            73.501735,
            19.87751
          ],
          [
            73.502018,
            19.877689
          ],
          [
            73.502357,
            19.87807
          ],
          [
            73.502806,
            19.878799
          ],
          [
            73.502938,
            19.879179
          ],
          [
            73.502927,
            19.879478
          ],
          [
            73.503099,
            19.880003
          ],
          [
            73.503341,
            19.880378
          ],
          [
            73.503614,
            19.880608
          ],
          [
            73.504081,
            19.880977
          ],
          [
            73.504518,
            19.88142
          ],
          [
            73.504657,
            19.881575
          ],
          [
            73.505469,
            19.882355
          ],
          [
            73.506489,
            19.883514
          ],
          [
            73.507262,
            19.884523
          ],
          [
            73.507991,
            19.885007
          ],
          [
            73.508703,
            19.885464
          ],
          [
            73.508838,
            19.885669
          ],
          [
            73.509015,
            19.886223
          ],
          [
            73.509184,
            19.886468
          ],
          [
            73.509407,
            19.886621
          ],
          [
            73.509965,
            19.887146
          ],
          [
            73.510546,
            19.888196
          ],
          [
            73.510707,
            19.888559
          ],
          [
            73.510952,
            19.888881
          ],
          [
            73.511553,
            19.889285
          ],
          [
            73.512374,
            19.889694
          ],
          [
            73.512618,
            19.889789
          ],
          [
            73.513141,
            19.889971
          ],
          [
            73.513613,
            19.890294
          ],
          [
            73.514128,
            19.89098
          ],
          [
            73.5146,
            19.891222
          ],
          [
            73.515416,
            19.891464
          ],
          [
            73.515516,
            19.891578
          ],
          [
            73.515562,
            19.891694
          ],
          [
            73.515575,
            19.891984
          ],
          [
            73.515567,
            19.892584
          ],
          [
            73.51559,
            19.892915
          ],
          [
            73.515802,
            19.89324
          ],
          [
            73.516274,
            19.893562
          ],
          [
            73.516961,
            19.893926
          ],
          [
            73.517568,
            19.894052
          ],
          [
            73.517984,
            19.894012
          ],
          [
            73.518585,
            19.894004
          ],
          [
            73.519497,
            19.89402
          ],
          [
            73.520028,
            19.89412
          ],
          [
            73.520387,
            19.894287
          ],
          [
            73.52091,
            19.894635
          ],
          [
            73.521123,
            19.894733
          ],
          [
            73.521583,
            19.894799
          ],
          [
            73.522029,
            19.894761
          ],
          [
            73.522216,
            19.894781
          ],
          [
            73.522659,
            19.894885
          ],
          [
            73.524241,
            19.895006
          ],
          [
            73.525341,
            19.895351
          ],
          [
            73.525953,
            19.895457
          ],
          [
            73.526226,
            19.895566
          ],
          [
            73.526446,
            19.895709
          ],
          [
            73.526605,
            19.8958
          ],
          [
            73.52694,
            19.895878
          ],
          [
            73.527347,
            19.895984
          ],
          [
            73.528051,
            19.896314
          ],
          [
            73.528516,
            19.896747
          ],
          [
            73.528607,
            19.896832
          ],
          [
            73.528985,
            19.897099
          ],
          [
            73.529063,
            19.897154
          ],
          [
            73.52948,
            19.897228
          ],
          [
            73.530093,
            19.897194
          ],
          [
            73.530641,
            19.897079
          ],
          [
            73.531552,
            19.896549
          ],
          [
            73.532684,
            19.896128
          ],
          [
            73.534319,
            19.895714
          ],
          [
            73.534649,
            19.895672
          ],
          [
            73.535672,
            19.89554
          ],
          [
            73.536821,
            19.895831
          ],
          [
            73.537036,
            19.895904
          ],
          [
            73.537871,
            19.896135
          ],
          [
            73.538804,
            19.896428
          ],
          [
            73.540264,
            19.897154
          ],
          [
            73.54095,
            19.897356
          ],
          [
            73.541662,
            19.897424
          ],
          [
            73.541888,
            19.897505
          ],
          [
            73.542006,
            19.897591
          ],
          [
            73.542152,
            19.897759
          ],
          [
            73.54271,
            19.898364
          ],
          [
            73.543182,
            19.899091
          ],
          [
            73.543697,
            19.90018
          ],
          [
            73.543856,
            19.900572
          ],
          [
            73.544083,
            19.900786
          ],
          [
            73.54465,
            19.901182
          ],
          [
            73.545047,
            19.901399
          ],
          [
            73.545413,
            19.901512
          ],
          [
            73.545667,
            19.90152
          ],
          [
            73.545843,
            19.901431
          ],
          [
            73.546179,
            19.900668
          ],
          [
            73.546658,
            19.900261
          ],
          [
            73.547402,
            19.899824
          ],
          [
            73.547688,
            19.899656
          ],
          [
            73.548127,
            19.899374
          ],
          [
            73.5483,
            19.899322
          ],
          [
            73.54837,
            19.899334
          ],
          [
            73.548594,
            19.899653
          ],
          [
            73.549072,
            19.900301
          ],
          [
            73.549607,
            19.900981
          ],
          [
            73.549809,
            19.90163
          ],
          [
            73.550109,
            19.902177
          ],
          [
            73.550583,
            19.903681
          ],
          [
            73.550649,
            19.903893
          ],
          [
            73.550974,
            19.904815
          ],
          [
            73.551121,
            19.905093
          ],
          [
            73.551206,
            19.905253
          ],
          [
            73.551568,
            19.905988
          ],
          [
            73.551838,
            19.906544
          ],
          [
            73.552012,
            19.9069
          ],
          [
            73.552074,
            19.907231
          ],
          [
            73.552101,
            19.907902
          ],
          [
            73.552175,
            19.90842
          ],
          [
            73.55219,
            19.908693
          ],
          [
            73.552237,
            19.908856
          ],
          [
            73.552414,
            19.909226
          ],
          [
            73.552589,
            19.909409
          ],
          [
            73.553121,
            19.909995
          ],
          [
            73.553324,
            19.910211
          ],
          [
            73.553439,
            19.910793
          ],
          [
            73.553573,
            19.91113
          ],
          [
            73.553782,
            19.911277
          ],
          [
            73.554125,
            19.911559
          ],
          [
            73.554259,
            19.911684
          ],
          [
            73.554327,
            19.911932
          ],
          [
            73.55434,
            19.91394
          ],
          [
            73.554313,
            19.914365
          ],
          [
            73.554442,
            19.914722
          ],
          [
            73.554636,
            19.914983
          ],
          [
            73.554874,
            19.915244
          ],
          [
            73.555077,
            19.915552
          ],
          [
            73.55594,
            19.91763
          ],
          [
            73.556054,
            19.917903
          ],
          [
            73.556183,
            19.918286
          ],
          [
            73.556145,
            19.918482
          ],
          [
            73.556128,
            19.918735
          ],
          [
            73.556092,
            19.918927
          ],
          [
            73.555983,
            19.919037
          ],
          [
            73.555633,
            19.919319
          ],
          [
            73.555469,
            19.919637
          ],
          [
            73.555413,
            19.920719
          ],
          [
            73.555336,
            19.921438
          ],
          [
            73.555049,
            19.922385
          ],
          [
            73.554862,
            19.922942
          ],
          [
            73.554693,
            19.92326
          ],
          [
            73.554597,
            19.923825
          ],
          [
            73.554683,
            19.924849
          ],
          [
            73.554623,
            19.925403
          ],
          [
            73.554168,
            19.926044
          ],
          [
            73.554297,
            19.927174
          ],
          [
            73.554383,
            19.92899
          ],
          [
            73.554297,
            19.93016
          ],
          [
            73.554297,
            19.931007
          ],
          [
            73.554383,
            19.931733
          ],
          [
            73.554168,
            19.932217
          ],
          [
            73.553954,
            19.932903
          ],
          [
            73.553868,
            19.933428
          ],
          [
            73.553794,
            19.93421
          ],
          [
            73.553744,
            19.934794
          ],
          [
            73.553499,
            19.935248
          ],
          [
            73.553368,
            19.935561
          ],
          [
            73.553342,
            19.935899
          ],
          [
            73.553578,
            19.937361
          ],
          [
            73.5536,
            19.937724
          ],
          [
            73.553524,
            19.938228
          ],
          [
            73.553288,
            19.938652
          ],
          [
            73.552977,
            19.938965
          ],
          [
            73.552912,
            19.939034
          ],
          [
            73.552612,
            19.939348
          ],
          [
            73.552398,
            19.939721
          ],
          [
            73.552269,
            19.940175
          ],
          [
            73.551593,
            19.942737
          ],
          [
            73.551379,
            19.944219
          ],
          [
            73.551285,
            19.944805
          ],
          [
            73.550222,
            19.944724
          ],
          [
            73.549705,
            19.94467
          ],
          [
            73.549229,
            19.944556
          ],
          [
            73.54877,
            19.9444
          ],
          [
            73.54774,
            19.943891
          ],
          [
            73.546796,
            19.943383
          ],
          [
            73.54589,
            19.942988
          ],
          [
            73.544467,
            19.942282
          ],
          [
            73.543227,
            19.94174
          ],
          [
            73.54171,
            19.941024
          ],
          [
            73.539833,
            19.939904
          ],
          [
            73.537556,
            19.938453
          ],
          [
            73.537364,
            19.938309
          ],
          [
            73.536305,
            19.937422
          ],
          [
            73.536292,
            19.937409
          ],
          [
            73.536215,
            19.937337
          ],
          [
            73.536152,
            19.937395
          ],
          [
            73.536073,
            19.937487
          ],
          [
            73.535438,
            19.938249
          ],
          [
            73.534651,
            19.939192
          ],
          [
            73.533449,
            19.940633
          ],
          [
            73.533129,
            19.941022
          ],
          [
            73.531902,
            19.942614
          ]
        ],
        "type": "LineString"
      }
    },
    {
      "type": "Feature",
      "properties": {
        "name": "Nashik-Ozar-Dhule Road",
        "nameHindi": "नाशिक-ओझर-धुळे रोड",
        "roadType": "National Highway",
        "from": "Dhule",
        "to": "Nashik (via Ozar)",
        "distance": "180 km",
        "states": "Delhi, Hariyana, Punjab, Rajasthan, Gujarat, Madhyapradesh",
        "lineType": "road"
      },
      "geometry": {
        "coordinates": [
          [
            74.770173,
            20.900303
          ],
          [
            74.770286,
            20.900247
          ],
          [
            74.770318,
            20.900235
          ],
          [
            74.770345,
            20.900236
          ],
          [
            74.770366,
            20.900255
          ],
          [
            74.770382,
            20.90028
          ],
          [
            74.770411,
            20.900327
          ],
          [
            74.770698,
            20.900793
          ],
          [
            74.770751,
            20.90088
          ],
          [
            74.770769,
            20.900869
          ],
          [
            74.77104,
            20.900696
          ],
          [
            74.771066,
            20.90068
          ],
          [
            74.771203,
            20.900598
          ],
          [
            74.771377,
            20.90051
          ],
          [
            74.771689,
            20.900403
          ],
          [
            74.771927,
            20.900332
          ],
          [
            74.772163,
            20.900305
          ],
          [
            74.772316,
            20.9003
          ],
          [
            74.772512,
            20.900327
          ],
          [
            74.7727,
            20.900363
          ],
          [
            74.772853,
            20.900388
          ],
          [
            74.773046,
            20.900398
          ],
          [
            74.773368,
            20.900423
          ],
          [
            74.773802,
            20.900443
          ],
          [
            74.773955,
            20.90043
          ],
          [
            74.77414,
            20.900388
          ],
          [
            74.774417,
            20.900328
          ],
          [
            74.77439,
            20.900233
          ],
          [
            74.774377,
            20.900178
          ],
          [
            74.774304,
            20.899772
          ],
          [
            74.774242,
            20.899526
          ],
          [
            74.774229,
            20.89941
          ],
          [
            74.774223,
            20.899298
          ],
          [
            74.774221,
            20.899172
          ],
          [
            74.774333,
            20.897862
          ],
          [
            74.774356,
            20.897653
          ],
          [
            74.774338,
            20.897648
          ],
          [
            74.774312,
            20.897627
          ],
          [
            74.774298,
            20.8976
          ],
          [
            74.774297,
            20.897571
          ],
          [
            74.774307,
            20.897544
          ],
          [
            74.774328,
            20.897523
          ],
          [
            74.77436,
            20.89751
          ],
          [
            74.774396,
            20.897511
          ],
          [
            74.774398,
            20.897481
          ],
          [
            74.774555,
            20.896496
          ],
          [
            74.77461,
            20.896099
          ],
          [
            74.77463,
            20.895911
          ],
          [
            74.774669,
            20.895374
          ],
          [
            74.774728,
            20.894859
          ],
          [
            74.774772,
            20.894775
          ],
          [
            74.774726,
            20.894612
          ],
          [
            74.774509,
            20.893813
          ],
          [
            74.774296,
            20.893025
          ],
          [
            74.773955,
            20.891661
          ],
          [
            74.773931,
            20.891566
          ],
          [
            74.77384,
            20.891201
          ],
          [
            74.773592,
            20.890067
          ],
          [
            74.77357,
            20.889979
          ],
          [
            74.773543,
            20.889869
          ],
          [
            74.773523,
            20.889791
          ],
          [
            74.77318,
            20.888578
          ],
          [
            74.773042,
            20.888107
          ],
          [
            74.772799,
            20.887275
          ],
          [
            74.772669,
            20.886824
          ],
          [
            74.772626,
            20.886672
          ],
          [
            74.77233,
            20.885643
          ],
          [
            74.77204,
            20.884646
          ],
          [
            74.771954,
            20.88435
          ],
          [
            74.77194,
            20.884298
          ],
          [
            74.771628,
            20.883187
          ],
          [
            74.771512,
            20.882754
          ],
          [
            74.771467,
            20.882581
          ],
          [
            74.771396,
            20.882094
          ],
          [
            74.771383,
            20.881877
          ],
          [
            74.771401,
            20.881681
          ],
          [
            74.77144,
            20.881359
          ],
          [
            74.771508,
            20.88102
          ],
          [
            74.771677,
            20.880406
          ],
          [
            74.771885,
            20.879698
          ],
          [
            74.772096,
            20.879067
          ],
          [
            74.772138,
            20.878952
          ],
          [
            74.772176,
            20.87885
          ],
          [
            74.772275,
            20.878583
          ],
          [
            74.772637,
            20.877715
          ],
          [
            74.772806,
            20.87728
          ],
          [
            74.772985,
            20.876801
          ],
          [
            74.773147,
            20.876379
          ],
          [
            74.773194,
            20.876158
          ],
          [
            74.773215,
            20.875638
          ],
          [
            74.773169,
            20.875166
          ],
          [
            74.773103,
            20.874606
          ],
          [
            74.773037,
            20.874039
          ],
          [
            74.772991,
            20.87376
          ],
          [
            74.772955,
            20.873543
          ],
          [
            74.772886,
            20.873348
          ],
          [
            74.772771,
            20.873072
          ],
          [
            74.772624,
            20.872716
          ],
          [
            74.772268,
            20.871835
          ],
          [
            74.772181,
            20.871789
          ],
          [
            74.77219,
            20.8717
          ],
          [
            74.772212,
            20.87163
          ],
          [
            74.772359,
            20.871269
          ],
          [
            74.772269,
            20.871197
          ],
          [
            74.772092,
            20.870974
          ],
          [
            74.771799,
            20.870576
          ],
          [
            74.771591,
            20.870231
          ],
          [
            74.771209,
            20.869393
          ],
          [
            74.771179,
            20.869322
          ],
          [
            74.771063,
            20.869052
          ],
          [
            74.770906,
            20.868686
          ],
          [
            74.770573,
            20.868012
          ],
          [
            74.770249,
            20.867385
          ],
          [
            74.770219,
            20.867336
          ],
          [
            74.769801,
            20.866646
          ],
          [
            74.76944,
            20.86602
          ],
          [
            74.769297,
            20.865772
          ],
          [
            74.76909,
            20.865413
          ],
          [
            74.768535,
            20.864456
          ],
          [
            74.768208,
            20.863842
          ],
          [
            74.767974,
            20.86333
          ],
          [
            74.767569,
            20.862365
          ],
          [
            74.767071,
            20.861137
          ],
          [
            74.767032,
            20.861
          ],
          [
            74.766921,
            20.861083
          ],
          [
            74.766841,
            20.860866
          ],
          [
            74.766699,
            20.860462
          ],
          [
            74.766612,
            20.860182
          ],
          [
            74.766556,
            20.859987
          ],
          [
            74.766479,
            20.859616
          ],
          [
            74.766378,
            20.859101
          ],
          [
            74.76627,
            20.858479
          ],
          [
            74.766202,
            20.85813
          ],
          [
            74.766128,
            20.857743
          ],
          [
            74.765976,
            20.85701
          ],
          [
            74.765824,
            20.856226
          ],
          [
            74.765762,
            20.855995
          ],
          [
            74.765691,
            20.855775
          ],
          [
            74.765568,
            20.855445
          ],
          [
            74.76539,
            20.854997
          ],
          [
            74.765092,
            20.854248
          ],
          [
            74.764797,
            20.853422
          ],
          [
            74.76447,
            20.852458
          ],
          [
            74.764146,
            20.851614
          ],
          [
            74.763681,
            20.850486
          ],
          [
            74.763083,
            20.849236
          ],
          [
            74.762925,
            20.848935
          ],
          [
            74.762773,
            20.848645
          ],
          [
            74.762432,
            20.847982
          ],
          [
            74.761979,
            20.847152
          ],
          [
            74.76181,
            20.846836
          ],
          [
            74.761056,
            20.845439
          ],
          [
            74.760938,
            20.845219
          ],
          [
            74.760763,
            20.84489
          ],
          [
            74.760644,
            20.84467
          ],
          [
            74.760424,
            20.844257
          ],
          [
            74.760246,
            20.843916
          ],
          [
            74.760237,
            20.843898
          ],
          [
            74.760019,
            20.843479
          ],
          [
            74.759563,
            20.842603
          ],
          [
            74.759135,
            20.84179
          ],
          [
            74.758802,
            20.841156
          ],
          [
            74.757994,
            20.839643
          ],
          [
            74.757918,
            20.839506
          ],
          [
            74.757327,
            20.838456
          ],
          [
            74.756957,
            20.8378
          ],
          [
            74.756818,
            20.837561
          ],
          [
            74.756805,
            20.837537
          ],
          [
            74.75606,
            20.836193
          ],
          [
            74.755333,
            20.834889
          ],
          [
            74.754999,
            20.834257
          ],
          [
            74.754933,
            20.834132
          ],
          [
            74.754571,
            20.833413
          ],
          [
            74.754384,
            20.833043
          ],
          [
            74.754101,
            20.832581
          ],
          [
            74.753832,
            20.832132
          ],
          [
            74.753197,
            20.831107
          ],
          [
            74.752702,
            20.830222
          ],
          [
            74.751982,
            20.828916
          ],
          [
            74.751793,
            20.82857
          ],
          [
            74.751596,
            20.828208
          ],
          [
            74.751481,
            20.827998
          ],
          [
            74.750943,
            20.827064
          ],
          [
            74.750494,
            20.826264
          ],
          [
            74.750302,
            20.825923
          ],
          [
            74.749587,
            20.82465
          ],
          [
            74.749129,
            20.823802
          ],
          [
            74.748988,
            20.823541
          ],
          [
            74.74868,
            20.82297
          ],
          [
            74.748289,
            20.82223
          ],
          [
            74.74826,
            20.822174
          ],
          [
            74.748016,
            20.821707
          ],
          [
            74.74779,
            20.821378
          ],
          [
            74.747507,
            20.821071
          ],
          [
            74.747256,
            20.820781
          ],
          [
            74.747218,
            20.820736
          ],
          [
            74.746969,
            20.820442
          ],
          [
            74.746835,
            20.820241
          ],
          [
            74.746703,
            20.820035
          ],
          [
            74.746621,
            20.819814
          ],
          [
            74.746556,
            20.819487
          ],
          [
            74.746512,
            20.819179
          ],
          [
            74.746496,
            20.818672
          ],
          [
            74.746496,
            20.818026
          ],
          [
            74.746502,
            20.817247
          ],
          [
            74.746458,
            20.816955
          ],
          [
            74.746374,
            20.816662
          ],
          [
            74.746202,
            20.816306
          ],
          [
            74.746196,
            20.816293
          ],
          [
            74.745995,
            20.815966
          ],
          [
            74.745793,
            20.815748
          ],
          [
            74.745583,
            20.815542
          ],
          [
            74.745274,
            20.815239
          ],
          [
            74.745025,
            20.814987
          ],
          [
            74.744865,
            20.814743
          ],
          [
            74.744829,
            20.814675
          ],
          [
            74.744735,
            20.814501
          ],
          [
            74.744639,
            20.814253
          ],
          [
            74.744583,
            20.814019
          ],
          [
            74.744546,
            20.813695
          ],
          [
            74.744561,
            20.813292
          ],
          [
            74.744593,
            20.81286
          ],
          [
            74.744686,
            20.812181
          ],
          [
            74.74477,
            20.811584
          ],
          [
            74.744839,
            20.810919
          ],
          [
            74.744903,
            20.81032
          ],
          [
            74.744904,
            20.809984
          ],
          [
            74.744887,
            20.80968
          ],
          [
            74.744824,
            20.809257
          ],
          [
            74.744732,
            20.808712
          ],
          [
            74.744651,
            20.80817
          ],
          [
            74.74462,
            20.807836
          ],
          [
            74.744634,
            20.807438
          ],
          [
            74.744665,
            20.806906
          ],
          [
            74.744712,
            20.806449
          ],
          [
            74.744743,
            20.805845
          ],
          [
            74.744776,
            20.805184
          ],
          [
            74.744776,
            20.804532
          ],
          [
            74.744793,
            20.803916
          ],
          [
            74.744783,
            20.803224
          ],
          [
            74.744777,
            20.802726
          ],
          [
            74.74473,
            20.802143
          ],
          [
            74.744675,
            20.801492
          ],
          [
            74.744654,
            20.800975
          ],
          [
            74.744622,
            20.80035
          ],
          [
            74.744619,
            20.79975
          ],
          [
            74.744616,
            20.799094
          ],
          [
            74.744612,
            20.798503
          ],
          [
            74.744603,
            20.79781
          ],
          [
            74.744617,
            20.797158
          ],
          [
            74.744641,
            20.796468
          ],
          [
            74.744666,
            20.795772
          ],
          [
            74.744662,
            20.795431
          ],
          [
            74.744653,
            20.795115
          ],
          [
            74.744648,
            20.794819
          ],
          [
            74.744622,
            20.794477
          ],
          [
            74.744587,
            20.794203
          ],
          [
            74.744561,
            20.793899
          ],
          [
            74.744498,
            20.793255
          ],
          [
            74.744435,
            20.792808
          ],
          [
            74.744366,
            20.792442
          ],
          [
            74.744309,
            20.792216
          ],
          [
            74.744213,
            20.791938
          ],
          [
            74.744099,
            20.7917
          ],
          [
            74.744013,
            20.791525
          ],
          [
            74.743676,
            20.791115
          ],
          [
            74.743333,
            20.790683
          ],
          [
            74.743001,
            20.790314
          ],
          [
            74.742751,
            20.790059
          ],
          [
            74.742488,
            20.789842
          ],
          [
            74.742242,
            20.789667
          ],
          [
            74.741964,
            20.789522
          ],
          [
            74.74108,
            20.789087
          ],
          [
            74.740483,
            20.788777
          ],
          [
            74.73995,
            20.788488
          ],
          [
            74.739611,
            20.788287
          ],
          [
            74.739304,
            20.788064
          ],
          [
            74.739248,
            20.788019
          ],
          [
            74.738829,
            20.787682
          ],
          [
            74.737998,
            20.786992
          ],
          [
            74.737017,
            20.786195
          ],
          [
            74.736655,
            20.785851
          ],
          [
            74.736385,
            20.78557
          ],
          [
            74.736156,
            20.785285
          ],
          [
            74.735853,
            20.784829
          ],
          [
            74.735618,
            20.78441
          ],
          [
            74.735322,
            20.783809
          ],
          [
            74.735033,
            20.78323
          ],
          [
            74.734833,
            20.782906
          ],
          [
            74.734636,
            20.782613
          ],
          [
            74.734319,
            20.782202
          ],
          [
            74.734013,
            20.781848
          ],
          [
            74.733657,
            20.781495
          ],
          [
            74.733124,
            20.780985
          ],
          [
            74.732521,
            20.780439
          ],
          [
            74.731903,
            20.779868
          ],
          [
            74.731313,
            20.779362
          ],
          [
            74.730976,
            20.779063
          ],
          [
            74.730753,
            20.778834
          ],
          [
            74.730515,
            20.778554
          ],
          [
            74.730312,
            20.778266
          ],
          [
            74.730125,
            20.777907
          ],
          [
            74.729999,
            20.777526
          ],
          [
            74.729935,
            20.777247
          ],
          [
            74.729899,
            20.776998
          ],
          [
            74.729877,
            20.776732
          ],
          [
            74.729883,
            20.776393
          ],
          [
            74.729925,
            20.776094
          ],
          [
            74.730025,
            20.77564
          ],
          [
            74.730214,
            20.774942
          ],
          [
            74.730397,
            20.774303
          ],
          [
            74.730494,
            20.773868
          ],
          [
            74.730526,
            20.773609
          ],
          [
            74.730532,
            20.773255
          ],
          [
            74.730522,
            20.772999
          ],
          [
            74.730479,
            20.772666
          ],
          [
            74.730388,
            20.772265
          ],
          [
            74.730306,
            20.771899
          ],
          [
            74.730159,
            20.771318
          ],
          [
            74.729991,
            20.770661
          ],
          [
            74.72986,
            20.770166
          ],
          [
            74.729692,
            20.769584
          ],
          [
            74.729514,
            20.769126
          ],
          [
            74.729206,
            20.768342
          ],
          [
            74.728877,
            20.767553
          ],
          [
            74.728473,
            20.766559
          ],
          [
            74.72828,
            20.766167
          ],
          [
            74.728104,
            20.765873
          ],
          [
            74.727963,
            20.76566
          ],
          [
            74.727774,
            20.765438
          ],
          [
            74.727741,
            20.765399
          ],
          [
            74.72751,
            20.76514
          ],
          [
            74.727012,
            20.764701
          ],
          [
            74.726755,
            20.7645
          ],
          [
            74.726672,
            20.764435
          ],
          [
            74.726275,
            20.764087
          ],
          [
            74.725989,
            20.763857
          ],
          [
            74.725737,
            20.763643
          ],
          [
            74.725652,
            20.76357
          ],
          [
            74.725459,
            20.763381
          ],
          [
            74.725402,
            20.763326
          ],
          [
            74.7252,
            20.763122
          ],
          [
            74.724975,
            20.762832
          ],
          [
            74.724827,
            20.762591
          ],
          [
            74.724691,
            20.76231
          ],
          [
            74.724586,
            20.762029
          ],
          [
            74.724487,
            20.7617
          ],
          [
            74.724376,
            20.761206
          ],
          [
            74.724265,
            20.760647
          ],
          [
            74.724128,
            20.760135
          ],
          [
            74.724106,
            20.760051
          ],
          [
            74.72403,
            20.759798
          ],
          [
            74.723876,
            20.759448
          ],
          [
            74.72365,
            20.759056
          ],
          [
            74.723336,
            20.758557
          ],
          [
            74.722819,
            20.757749
          ],
          [
            74.722276,
            20.756884
          ],
          [
            74.721799,
            20.756129
          ],
          [
            74.721241,
            20.755264
          ],
          [
            74.72096,
            20.754819
          ],
          [
            74.720703,
            20.754411
          ],
          [
            74.72038,
            20.753897
          ],
          [
            74.720259,
            20.753704
          ],
          [
            74.719826,
            20.753037
          ],
          [
            74.719282,
            20.75219
          ],
          [
            74.718867,
            20.75154
          ],
          [
            74.718714,
            20.751313
          ],
          [
            74.718488,
            20.751053
          ],
          [
            74.718205,
            20.75078
          ],
          [
            74.717949,
            20.750576
          ],
          [
            74.717626,
            20.750382
          ],
          [
            74.717555,
            20.750344
          ],
          [
            74.717527,
            20.750331
          ],
          [
            74.717462,
            20.750299
          ],
          [
            74.717358,
            20.750241
          ],
          [
            74.71722,
            20.750177
          ],
          [
            74.716328,
            20.749767
          ],
          [
            74.715253,
            20.749263
          ],
          [
            74.714897,
            20.749085
          ],
          [
            74.714592,
            20.748909
          ],
          [
            74.714295,
            20.748689
          ],
          [
            74.714061,
            20.748458
          ],
          [
            74.713767,
            20.748148
          ],
          [
            74.713498,
            20.747787
          ],
          [
            74.713308,
            20.747447
          ],
          [
            74.712978,
            20.746944
          ],
          [
            74.712716,
            20.746533
          ],
          [
            74.712432,
            20.746143
          ],
          [
            74.71209,
            20.745733
          ],
          [
            74.711576,
            20.74518
          ],
          [
            74.711053,
            20.744627
          ],
          [
            74.710926,
            20.744498
          ],
          [
            74.710812,
            20.744369
          ],
          [
            74.710481,
            20.743984
          ],
          [
            74.710447,
            20.743946
          ],
          [
            74.710225,
            20.743697
          ],
          [
            74.709949,
            20.743267
          ],
          [
            74.709533,
            20.74259
          ],
          [
            74.709458,
            20.742477
          ],
          [
            74.709342,
            20.742301
          ],
          [
            74.708937,
            20.741685
          ],
          [
            74.708546,
            20.74115
          ],
          [
            74.708048,
            20.74052
          ],
          [
            74.707261,
            20.739594
          ],
          [
            74.707158,
            20.739475
          ],
          [
            74.706594,
            20.738822
          ],
          [
            74.705757,
            20.737885
          ],
          [
            74.705429,
            20.737514
          ],
          [
            74.705126,
            20.737163
          ],
          [
            74.704478,
            20.736421
          ],
          [
            74.703746,
            20.735583
          ],
          [
            74.703502,
            20.735304
          ],
          [
            74.703101,
            20.734846
          ],
          [
            74.702772,
            20.734471
          ],
          [
            74.702511,
            20.734089
          ],
          [
            74.702491,
            20.73406
          ],
          [
            74.702465,
            20.734009
          ],
          [
            74.702225,
            20.733587
          ],
          [
            74.70204,
            20.733233
          ],
          [
            74.701555,
            20.732245
          ],
          [
            74.701351,
            20.73183
          ],
          [
            74.701104,
            20.731334
          ],
          [
            74.700739,
            20.730611
          ],
          [
            74.70054,
            20.730135
          ],
          [
            74.700424,
            20.729783
          ],
          [
            74.700372,
            20.729535
          ],
          [
            74.700332,
            20.729178
          ],
          [
            74.70034,
            20.728866
          ],
          [
            74.7004,
            20.728318
          ],
          [
            74.700412,
            20.728251
          ],
          [
            74.70044,
            20.728089
          ],
          [
            74.700495,
            20.727757
          ],
          [
            74.700661,
            20.726947
          ],
          [
            74.700693,
            20.72661
          ],
          [
            74.70071,
            20.726425
          ],
          [
            74.700742,
            20.726109
          ],
          [
            74.700766,
            20.725462
          ],
          [
            74.700785,
            20.724652
          ],
          [
            74.700766,
            20.724407
          ],
          [
            74.700728,
            20.724109
          ],
          [
            74.70065,
            20.723787
          ],
          [
            74.700491,
            20.72336
          ],
          [
            74.700211,
            20.722869
          ],
          [
            74.699983,
            20.722512
          ],
          [
            74.699566,
            20.72191
          ],
          [
            74.699249,
            20.721437
          ],
          [
            74.699009,
            20.720971
          ],
          [
            74.69884,
            20.720608
          ],
          [
            74.69874,
            20.720342
          ],
          [
            74.698685,
            20.720193
          ],
          [
            74.69864,
            20.720049
          ],
          [
            74.6985,
            20.719592
          ],
          [
            74.69831,
            20.718902
          ],
          [
            74.698094,
            20.718142
          ],
          [
            74.697841,
            20.71724
          ],
          [
            74.697611,
            20.71653
          ],
          [
            74.697425,
            20.716057
          ],
          [
            74.697183,
            20.71556
          ],
          [
            74.696927,
            20.71509
          ],
          [
            74.69647,
            20.714327
          ],
          [
            74.695932,
            20.713423
          ],
          [
            74.695621,
            20.71282
          ],
          [
            74.695434,
            20.712384
          ],
          [
            74.695262,
            20.711959
          ],
          [
            74.695086,
            20.711399
          ],
          [
            74.694854,
            20.710576
          ],
          [
            74.694476,
            20.709452
          ],
          [
            74.694413,
            20.709286
          ],
          [
            74.693984,
            20.708067
          ],
          [
            74.693916,
            20.707829
          ],
          [
            74.693747,
            20.707249
          ],
          [
            74.69356,
            20.706623
          ],
          [
            74.693497,
            20.706415
          ],
          [
            74.693218,
            20.70547
          ],
          [
            74.693067,
            20.704984
          ],
          [
            74.692965,
            20.704653
          ],
          [
            74.692718,
            20.703983
          ],
          [
            74.692413,
            20.703204
          ],
          [
            74.692055,
            20.702337
          ],
          [
            74.691847,
            20.701919
          ],
          [
            74.69151,
            20.701368
          ],
          [
            74.691004,
            20.700585
          ],
          [
            74.690468,
            20.699737
          ],
          [
            74.690234,
            20.699329
          ],
          [
            74.690054,
            20.698937
          ],
          [
            74.689866,
            20.698498
          ],
          [
            74.68969,
            20.698008
          ],
          [
            74.68936,
            20.697195
          ],
          [
            74.688979,
            20.696189
          ],
          [
            74.688754,
            20.695356
          ],
          [
            74.688676,
            20.695022
          ],
          [
            74.688602,
            20.694701
          ],
          [
            74.688534,
            20.694413
          ],
          [
            74.688383,
            20.693682
          ],
          [
            74.688236,
            20.693256
          ],
          [
            74.688055,
            20.692823
          ],
          [
            74.687749,
            20.692077
          ],
          [
            74.687434,
            20.691351
          ],
          [
            74.687418,
            20.691315
          ],
          [
            74.687069,
            20.690462
          ],
          [
            74.686694,
            20.68948
          ],
          [
            74.68636,
            20.688685
          ],
          [
            74.686152,
            20.688281
          ],
          [
            74.68584,
            20.687716
          ],
          [
            74.685564,
            20.687204
          ],
          [
            74.685449,
            20.686956
          ],
          [
            74.685317,
            20.686615
          ],
          [
            74.685111,
            20.686003
          ],
          [
            74.684897,
            20.685277
          ],
          [
            74.684644,
            20.684511
          ],
          [
            74.684461,
            20.683996
          ],
          [
            74.684267,
            20.683593
          ],
          [
            74.684071,
            20.683273
          ],
          [
            74.683737,
            20.682769
          ],
          [
            74.683345,
            20.682176
          ],
          [
            74.682891,
            20.681511
          ],
          [
            74.682576,
            20.681031
          ],
          [
            74.682421,
            20.680746
          ],
          [
            74.682233,
            20.680392
          ],
          [
            74.682092,
            20.68007
          ],
          [
            74.681814,
            20.6794
          ],
          [
            74.681739,
            20.679192
          ],
          [
            74.681427,
            20.678395
          ],
          [
            74.681107,
            20.677504
          ],
          [
            74.680901,
            20.676992
          ],
          [
            74.680837,
            20.676871
          ],
          [
            74.680522,
            20.67637
          ],
          [
            74.680109,
            20.675769
          ],
          [
            74.679809,
            20.675323
          ],
          [
            74.679604,
            20.674952
          ],
          [
            74.679417,
            20.674586
          ],
          [
            74.67923,
            20.674151
          ],
          [
            74.678954,
            20.673477
          ],
          [
            74.678782,
            20.673056
          ],
          [
            74.678713,
            20.672887
          ],
          [
            74.678419,
            20.672169
          ],
          [
            74.678017,
            20.671247
          ],
          [
            74.677563,
            20.670324
          ],
          [
            74.677298,
            20.669827
          ],
          [
            74.677045,
            20.669305
          ],
          [
            74.676968,
            20.669107
          ],
          [
            74.676842,
            20.668681
          ],
          [
            74.676658,
            20.667944
          ],
          [
            74.676417,
            20.666926
          ],
          [
            74.676176,
            20.666051
          ],
          [
            74.676013,
            20.665428
          ],
          [
            74.67594,
            20.665153
          ],
          [
            74.675694,
            20.664265
          ],
          [
            74.675619,
            20.664029
          ],
          [
            74.675449,
            20.663489
          ],
          [
            74.675336,
            20.663136
          ],
          [
            74.675085,
            20.662424
          ],
          [
            74.674817,
            20.661672
          ],
          [
            74.674645,
            20.661218
          ],
          [
            74.674541,
            20.660994
          ],
          [
            74.674364,
            20.66068
          ],
          [
            74.674077,
            20.660294
          ],
          [
            74.673588,
            20.659714
          ],
          [
            74.673199,
            20.659235
          ],
          [
            74.672974,
            20.658907
          ],
          [
            74.67278,
            20.658607
          ],
          [
            74.672378,
            20.657934
          ],
          [
            74.672231,
            20.657674
          ],
          [
            74.672054,
            20.657342
          ],
          [
            74.671925,
            20.657077
          ],
          [
            74.671866,
            20.656955
          ],
          [
            74.671669,
            20.656363
          ],
          [
            74.671539,
            20.655949
          ],
          [
            74.671455,
            20.655678
          ],
          [
            74.671224,
            20.655085
          ],
          [
            74.671002,
            20.654654
          ],
          [
            74.670716,
            20.654211
          ],
          [
            74.670297,
            20.653685
          ],
          [
            74.669727,
            20.652999
          ],
          [
            74.669165,
            20.652316
          ],
          [
            74.668764,
            20.651816
          ],
          [
            74.668292,
            20.651185
          ],
          [
            74.667763,
            20.650539
          ],
          [
            74.667278,
            20.650046
          ],
          [
            74.666401,
            20.649225
          ],
          [
            74.665811,
            20.648658
          ],
          [
            74.665233,
            20.648057
          ],
          [
            74.664981,
            20.64779
          ],
          [
            74.664707,
            20.647504
          ],
          [
            74.664163,
            20.646958
          ],
          [
            74.663537,
            20.646385
          ],
          [
            74.66297,
            20.645907
          ],
          [
            74.662894,
            20.645842
          ],
          [
            74.662564,
            20.645512
          ],
          [
            74.662222,
            20.645137
          ],
          [
            74.662134,
            20.64504
          ],
          [
            74.66184,
            20.644647
          ],
          [
            74.6615,
            20.644129
          ],
          [
            74.661171,
            20.643596
          ],
          [
            74.661027,
            20.643346
          ],
          [
            74.660727,
            20.642872
          ],
          [
            74.660448,
            20.642445
          ],
          [
            74.660125,
            20.64203
          ],
          [
            74.659739,
            20.641637
          ],
          [
            74.659308,
            20.641279
          ],
          [
            74.658516,
            20.640681
          ],
          [
            74.657802,
            20.64014
          ],
          [
            74.657268,
            20.639717
          ],
          [
            74.656827,
            20.639319
          ],
          [
            74.656415,
            20.638933
          ],
          [
            74.656335,
            20.638858
          ],
          [
            74.655615,
            20.63819
          ],
          [
            74.655579,
            20.638154
          ],
          [
            74.654984,
            20.637557
          ],
          [
            74.65438,
            20.637011
          ],
          [
            74.65372,
            20.636426
          ],
          [
            74.653276,
            20.636069
          ],
          [
            74.653083,
            20.635909
          ],
          [
            74.652909,
            20.635771
          ],
          [
            74.652276,
            20.635271
          ],
          [
            74.651766,
            20.634819
          ],
          [
            74.651477,
            20.63456
          ],
          [
            74.651292,
            20.634394
          ],
          [
            74.650683,
            20.633854
          ],
          [
            74.650012,
            20.633275
          ],
          [
            74.649518,
            20.632841
          ],
          [
            74.648893,
            20.632277
          ],
          [
            74.648211,
            20.631662
          ],
          [
            74.647431,
            20.630956
          ],
          [
            74.646878,
            20.630462
          ],
          [
            74.646252,
            20.629901
          ],
          [
            74.646134,
            20.629795
          ],
          [
            74.645415,
            20.629153
          ],
          [
            74.644564,
            20.628366
          ],
          [
            74.643852,
            20.627761
          ],
          [
            74.643219,
            20.627262
          ],
          [
            74.64269,
            20.626895
          ],
          [
            74.642121,
            20.626519
          ],
          [
            74.641864,
            20.62634
          ],
          [
            74.641137,
            20.625819
          ],
          [
            74.640289,
            20.625232
          ],
          [
            74.639608,
            20.624761
          ],
          [
            74.638884,
            20.624261
          ],
          [
            74.63824,
            20.623854
          ],
          [
            74.637375,
            20.623348
          ],
          [
            74.636957,
            20.62307
          ],
          [
            74.636631,
            20.622858
          ],
          [
            74.635828,
            20.622324
          ],
          [
            74.635003,
            20.621758
          ],
          [
            74.634867,
            20.621667
          ],
          [
            74.634683,
            20.621542
          ],
          [
            74.634175,
            20.621199
          ],
          [
            74.633294,
            20.620593
          ],
          [
            74.632798,
            20.620228
          ],
          [
            74.632414,
            20.619971
          ],
          [
            74.631679,
            20.619442
          ],
          [
            74.631365,
            20.61922
          ],
          [
            74.630676,
            20.618733
          ],
          [
            74.629878,
            20.618167
          ],
          [
            74.62905,
            20.617575
          ],
          [
            74.628294,
            20.617068
          ],
          [
            74.627389,
            20.616432
          ],
          [
            74.626504,
            20.615771
          ],
          [
            74.625974,
            20.615353
          ],
          [
            74.625881,
            20.615279
          ],
          [
            74.625735,
            20.615158
          ],
          [
            74.625184,
            20.61473
          ],
          [
            74.624525,
            20.614198
          ],
          [
            74.624506,
            20.614183
          ],
          [
            74.623774,
            20.61356
          ],
          [
            74.623055,
            20.612987
          ],
          [
            74.622318,
            20.612394
          ],
          [
            74.622047,
            20.612173
          ],
          [
            74.621425,
            20.611669
          ],
          [
            74.62053,
            20.610929
          ],
          [
            74.619684,
            20.610244
          ],
          [
            74.61904,
            20.609668
          ],
          [
            74.618385,
            20.609048
          ],
          [
            74.617687,
            20.608374
          ],
          [
            74.617189,
            20.607922
          ],
          [
            74.616583,
            20.607429
          ],
          [
            74.615708,
            20.606781
          ],
          [
            74.614979,
            20.606211
          ],
          [
            74.614136,
            20.605547
          ],
          [
            74.613917,
            20.605381
          ],
          [
            74.613491,
            20.605059
          ],
          [
            74.612888,
            20.604576
          ],
          [
            74.612215,
            20.604052
          ],
          [
            74.611534,
            20.603527
          ],
          [
            74.610802,
            20.60296
          ],
          [
            74.610003,
            20.602318
          ],
          [
            74.609209,
            20.601691
          ],
          [
            74.608394,
            20.601047
          ],
          [
            74.607403,
            20.600244
          ],
          [
            74.606692,
            20.599633
          ],
          [
            74.60605,
            20.599087
          ],
          [
            74.605307,
            20.598451
          ],
          [
            74.604703,
            20.597942
          ],
          [
            74.604257,
            20.597604
          ],
          [
            74.603753,
            20.597244
          ],
          [
            74.603103,
            20.59681
          ],
          [
            74.6022,
            20.596197
          ],
          [
            74.601382,
            20.595634
          ],
          [
            74.600622,
            20.59512
          ],
          [
            74.599733,
            20.594512
          ],
          [
            74.598899,
            20.593952
          ],
          [
            74.598782,
            20.593853
          ],
          [
            74.598723,
            20.593805
          ],
          [
            74.598381,
            20.593542
          ],
          [
            74.598079,
            20.593275
          ],
          [
            74.597807,
            20.593019
          ],
          [
            74.59743,
            20.592599
          ],
          [
            74.597032,
            20.592103
          ],
          [
            74.596471,
            20.591383
          ],
          [
            74.596074,
            20.590909
          ],
          [
            74.595762,
            20.590562
          ],
          [
            74.595271,
            20.590109
          ],
          [
            74.594665,
            20.589599
          ],
          [
            74.59358,
            20.588683
          ],
          [
            74.593498,
            20.588611
          ],
          [
            74.592904,
            20.588093
          ],
          [
            74.592842,
            20.588039
          ],
          [
            74.592513,
            20.587762
          ],
          [
            74.59191,
            20.587256
          ],
          [
            74.59125,
            20.586734
          ],
          [
            74.590952,
            20.58652
          ],
          [
            74.590902,
            20.586485
          ],
          [
            74.590589,
            20.586263
          ],
          [
            74.589872,
            20.585808
          ],
          [
            74.589045,
            20.585291
          ],
          [
            74.588309,
            20.584815
          ],
          [
            74.587345,
            20.584202
          ],
          [
            74.586419,
            20.583615
          ],
          [
            74.585749,
            20.583213
          ],
          [
            74.585169,
            20.582922
          ],
          [
            74.584437,
            20.582621
          ],
          [
            74.583769,
            20.582361
          ],
          [
            74.583529,
            20.582264
          ],
          [
            74.582367,
            20.58178
          ],
          [
            74.58157,
            20.581445
          ],
          [
            74.58133,
            20.581345
          ],
          [
            74.580593,
            20.581038
          ],
          [
            74.579873,
            20.580731
          ],
          [
            74.579174,
            20.580449
          ],
          [
            74.57906,
            20.580408
          ],
          [
            74.578655,
            20.580277
          ],
          [
            74.578553,
            20.580239
          ],
          [
            74.578277,
            20.580157
          ],
          [
            74.578217,
            20.580139
          ],
          [
            74.577728,
            20.579971
          ],
          [
            74.576614,
            20.579581
          ],
          [
            74.575748,
            20.579292
          ],
          [
            74.574794,
            20.578958
          ],
          [
            74.573769,
            20.578611
          ],
          [
            74.572741,
            20.578255
          ],
          [
            74.572668,
            20.57823
          ],
          [
            74.572308,
            20.578108
          ],
          [
            74.571936,
            20.577983
          ],
          [
            74.571451,
            20.577819
          ],
          [
            74.570513,
            20.577492
          ],
          [
            74.569417,
            20.577103
          ],
          [
            74.569002,
            20.576961
          ],
          [
            74.568683,
            20.576862
          ],
          [
            74.568243,
            20.576706
          ],
          [
            74.567433,
            20.576425
          ],
          [
            74.56636,
            20.576053
          ],
          [
            74.565888,
            20.575832
          ],
          [
            74.565545,
            20.575641
          ],
          [
            74.565244,
            20.575425
          ],
          [
            74.564858,
            20.575094
          ],
          [
            74.564531,
            20.574752
          ],
          [
            74.564486,
            20.574583
          ],
          [
            74.56444,
            20.574407
          ],
          [
            74.564365,
            20.574251
          ],
          [
            74.564231,
            20.57401
          ],
          [
            74.56415,
            20.573824
          ],
          [
            74.564042,
            20.57351
          ],
          [
            74.564033,
            20.57341
          ],
          [
            74.563521,
            20.573296
          ],
          [
            74.563442,
            20.573268
          ],
          [
            74.563284,
            20.573162
          ],
          [
            74.563258,
            20.573142
          ],
          [
            74.562982,
            20.572923
          ],
          [
            74.562725,
            20.572745
          ],
          [
            74.562503,
            20.572617
          ],
          [
            74.562309,
            20.572536
          ],
          [
            74.561911,
            20.572368
          ],
          [
            74.561841,
            20.572338
          ],
          [
            74.561711,
            20.572285
          ],
          [
            74.561538,
            20.572213
          ],
          [
            74.561183,
            20.572114
          ],
          [
            74.561177,
            20.572112
          ],
          [
            74.560494,
            20.571954
          ],
          [
            74.560225,
            20.571884
          ],
          [
            74.560019,
            20.571819
          ],
          [
            74.559847,
            20.571714
          ],
          [
            74.558185,
            20.570281
          ],
          [
            74.557783,
            20.569932
          ],
          [
            74.557379,
            20.569569
          ],
          [
            74.557109,
            20.569286
          ],
          [
            74.557061,
            20.569212
          ],
          [
            74.557055,
            20.569201
          ],
          [
            74.557047,
            20.56919
          ],
          [
            74.556819,
            20.568988
          ],
          [
            74.556289,
            20.568517
          ],
          [
            74.556196,
            20.568435
          ],
          [
            74.555508,
            20.567807
          ],
          [
            74.554958,
            20.567306
          ],
          [
            74.554722,
            20.567097
          ],
          [
            74.55438,
            20.566765
          ],
          [
            74.553581,
            20.566024
          ],
          [
            74.553276,
            20.565742
          ],
          [
            74.552891,
            20.565406
          ],
          [
            74.552272,
            20.564866
          ],
          [
            74.551684,
            20.564329
          ],
          [
            74.551447,
            20.564113
          ],
          [
            74.551425,
            20.56409
          ],
          [
            74.550673,
            20.563383
          ],
          [
            74.55012,
            20.562896
          ],
          [
            74.549636,
            20.562471
          ],
          [
            74.549527,
            20.562375
          ],
          [
            74.549511,
            20.56236
          ],
          [
            74.549016,
            20.56191
          ],
          [
            74.548785,
            20.5617
          ],
          [
            74.548763,
            20.561678
          ],
          [
            74.54804,
            20.561014
          ],
          [
            74.547977,
            20.560956
          ],
          [
            74.547239,
            20.560287
          ],
          [
            74.547157,
            20.560212
          ],
          [
            74.546009,
            20.559164
          ],
          [
            74.545974,
            20.559133
          ],
          [
            74.544573,
            20.55785
          ],
          [
            74.544479,
            20.55777
          ],
          [
            74.54403,
            20.557388
          ],
          [
            74.543377,
            20.556792
          ],
          [
            74.543048,
            20.556496
          ],
          [
            74.542953,
            20.55641
          ],
          [
            74.542374,
            20.555888
          ],
          [
            74.54201,
            20.55556
          ],
          [
            74.541611,
            20.555199
          ],
          [
            74.541233,
            20.55503
          ],
          [
            74.540646,
            20.554908
          ],
          [
            74.539655,
            20.554754
          ],
          [
            74.53901,
            20.554651
          ],
          [
            74.538314,
            20.554529
          ],
          [
            74.537302,
            20.554373
          ],
          [
            74.536809,
            20.554297
          ],
          [
            74.53675,
            20.554288
          ],
          [
            74.536294,
            20.554199
          ],
          [
            74.53514,
            20.553974
          ],
          [
            74.535107,
            20.553977
          ],
          [
            74.535043,
            20.55401
          ],
          [
            74.534961,
            20.55402
          ],
          [
            74.53489,
            20.55405
          ],
          [
            74.53481,
            20.554006
          ],
          [
            74.534772,
            20.553996
          ],
          [
            74.534735,
            20.553997
          ],
          [
            74.534714,
            20.554002
          ],
          [
            74.532166,
            20.554604
          ],
          [
            74.532053,
            20.554636
          ],
          [
            74.53137,
            20.554833
          ],
          [
            74.531305,
            20.554846
          ],
          [
            74.531249,
            20.554853
          ],
          [
            74.530972,
            20.554858
          ],
          [
            74.530856,
            20.55486
          ],
          [
            74.530807,
            20.55486
          ],
          [
            74.529464,
            20.554757
          ],
          [
            74.52942,
            20.55472
          ],
          [
            74.529363,
            20.554714
          ],
          [
            74.529312,
            20.554738
          ],
          [
            74.529211,
            20.554745
          ],
          [
            74.528824,
            20.554634
          ],
          [
            74.528167,
            20.554605
          ],
          [
            74.527027,
            20.554564
          ],
          [
            74.526995,
            20.554561
          ],
          [
            74.52696,
            20.554553
          ],
          [
            74.526849,
            20.554509
          ],
          [
            74.526769,
            20.554496
          ],
          [
            74.526436,
            20.554485
          ],
          [
            74.526222,
            20.554482
          ],
          [
            74.526091,
            20.554471
          ],
          [
            74.526023,
            20.554436
          ],
          [
            74.525958,
            20.554438
          ],
          [
            74.525944,
            20.554439
          ],
          [
            74.52588,
            20.554476
          ],
          [
            74.525857,
            20.554514
          ],
          [
            74.525847,
            20.554591
          ],
          [
            74.52567,
            20.554684
          ],
          [
            74.525649,
            20.554688
          ],
          [
            74.52563,
            20.554688
          ],
          [
            74.525469,
            20.554664
          ],
          [
            74.524927,
            20.554576
          ],
          [
            74.524431,
            20.554489
          ],
          [
            74.52422,
            20.554449
          ],
          [
            74.524201,
            20.554446
          ],
          [
            74.523632,
            20.554334
          ],
          [
            74.523516,
            20.554311
          ],
          [
            74.523484,
            20.554305
          ],
          [
            74.52264,
            20.554144
          ],
          [
            74.522566,
            20.55413
          ],
          [
            74.520952,
            20.553833
          ],
          [
            74.520503,
            20.553744
          ],
          [
            74.520032,
            20.553666
          ],
          [
            74.519761,
            20.553618
          ],
          [
            74.518624,
            20.553417
          ],
          [
            74.518385,
            20.553375
          ],
          [
            74.51808,
            20.553321
          ],
          [
            74.518051,
            20.553315
          ],
          [
            74.517519,
            20.55321
          ],
          [
            74.517356,
            20.55316
          ],
          [
            74.5173,
            20.553135
          ],
          [
            74.516244,
            20.552499
          ],
          [
            74.516207,
            20.552476
          ],
          [
            74.516184,
            20.55246
          ],
          [
            74.515543,
            20.552024
          ],
          [
            74.51511,
            20.551726
          ],
          [
            74.514816,
            20.551524
          ],
          [
            74.514712,
            20.551452
          ],
          [
            74.514683,
            20.551433
          ],
          [
            74.514017,
            20.551
          ],
          [
            74.513771,
            20.550841
          ],
          [
            74.512856,
            20.550246
          ],
          [
            74.512522,
            20.550032
          ],
          [
            74.512425,
            20.54997
          ],
          [
            74.51222,
            20.549838
          ],
          [
            74.51175,
            20.549537
          ],
          [
            74.511707,
            20.549511
          ],
          [
            74.511325,
            20.549286
          ],
          [
            74.511306,
            20.549276
          ],
          [
            74.511286,
            20.549269
          ],
          [
            74.511193,
            20.549247
          ],
          [
            74.511161,
            20.549219
          ],
          [
            74.511007,
            20.549117
          ],
          [
            74.510631,
            20.548878
          ],
          [
            74.509627,
            20.548241
          ],
          [
            74.50912,
            20.547919
          ],
          [
            74.508256,
            20.547369
          ],
          [
            74.508141,
            20.547294
          ],
          [
            74.507669,
            20.546989
          ],
          [
            74.507133,
            20.546643
          ],
          [
            74.506777,
            20.546426
          ],
          [
            74.506712,
            20.546382
          ],
          [
            74.506228,
            20.546061
          ],
          [
            74.505853,
            20.545812
          ],
          [
            74.505478,
            20.545562
          ],
          [
            74.505184,
            20.545378
          ],
          [
            74.505089,
            20.545319
          ],
          [
            74.504871,
            20.545194
          ],
          [
            74.504792,
            20.545152
          ],
          [
            74.504519,
            20.545003
          ],
          [
            74.504153,
            20.544836
          ],
          [
            74.503882,
            20.544753
          ],
          [
            74.503728,
            20.544721
          ],
          [
            74.503549,
            20.544703
          ],
          [
            74.50339,
            20.544698
          ],
          [
            74.50324,
            20.544713
          ],
          [
            74.503203,
            20.544722
          ],
          [
            74.503072,
            20.54476
          ],
          [
            74.502998,
            20.544792
          ],
          [
            74.502748,
            20.544921
          ],
          [
            74.501891,
            20.545371
          ],
          [
            74.500988,
            20.545848
          ],
          [
            74.500278,
            20.546223
          ],
          [
            74.50007,
            20.546326
          ],
          [
            74.499656,
            20.546532
          ],
          [
            74.499291,
            20.546714
          ],
          [
            74.498983,
            20.546875
          ],
          [
            74.498401,
            20.547182
          ],
          [
            74.497487,
            20.547623
          ],
          [
            74.496592,
            20.548109
          ],
          [
            74.495544,
            20.548654
          ],
          [
            74.495428,
            20.548719
          ],
          [
            74.494499,
            20.549219
          ],
          [
            74.494071,
            20.549443
          ],
          [
            74.492628,
            20.55018
          ],
          [
            74.491916,
            20.550535
          ],
          [
            74.491671,
            20.550652
          ],
          [
            74.491459,
            20.550722
          ],
          [
            74.491437,
            20.550727
          ],
          [
            74.490846,
            20.550916
          ],
          [
            74.490308,
            20.551006
          ],
          [
            74.489929,
            20.55104
          ],
          [
            74.489698,
            20.551044
          ],
          [
            74.489634,
            20.551045
          ],
          [
            74.488847,
            20.551058
          ],
          [
            74.488368,
            20.551066
          ],
          [
            74.486469,
            20.551099
          ],
          [
            74.486173,
            20.551104
          ],
          [
            74.483871,
            20.551143
          ],
          [
            74.483197,
            20.551154
          ],
          [
            74.481888,
            20.551177
          ],
          [
            74.480876,
            20.551194
          ],
          [
            74.479604,
            20.551215
          ],
          [
            74.478866,
            20.551226
          ],
          [
            74.478507,
            20.551231
          ],
          [
            74.476785,
            20.551255
          ],
          [
            74.476301,
            20.551262
          ],
          [
            74.475508,
            20.551274
          ],
          [
            74.475321,
            20.551276
          ],
          [
            74.475058,
            20.551281
          ],
          [
            74.474341,
            20.551295
          ],
          [
            74.473239,
            20.55132
          ],
          [
            74.472707,
            20.551329
          ],
          [
            74.472319,
            20.551336
          ],
          [
            74.471784,
            20.551344
          ],
          [
            74.471418,
            20.55135
          ],
          [
            74.468206,
            20.551391
          ],
          [
            74.467758,
            20.55139
          ],
          [
            74.46712,
            20.551421
          ],
          [
            74.464761,
            20.551447
          ],
          [
            74.46435,
            20.55145
          ],
          [
            74.463678,
            20.551448
          ],
          [
            74.463275,
            20.551459
          ],
          [
            74.46299,
            20.551466
          ],
          [
            74.46289,
            20.551467
          ],
          [
            74.46249,
            20.551472
          ],
          [
            74.461563,
            20.55149
          ],
          [
            74.461081,
            20.551461
          ],
          [
            74.460318,
            20.551486
          ],
          [
            74.459521,
            20.551512
          ],
          [
            74.459334,
            20.551518
          ],
          [
            74.459051,
            20.551529
          ],
          [
            74.45895,
            20.551593
          ],
          [
            74.457779,
            20.552323
          ],
          [
            74.457354,
            20.552598
          ],
          [
            74.456645,
            20.553055
          ],
          [
            74.456568,
            20.553097
          ],
          [
            74.456491,
            20.553121
          ],
          [
            74.456404,
            20.553134
          ],
          [
            74.455149,
            20.553098
          ],
          [
            74.454419,
            20.553059
          ],
          [
            74.453414,
            20.553014
          ],
          [
            74.452377,
            20.552932
          ],
          [
            74.450257,
            20.552766
          ],
          [
            74.449631,
            20.55272
          ],
          [
            74.449528,
            20.55271
          ],
          [
            74.449378,
            20.552694
          ],
          [
            74.449137,
            20.552671
          ],
          [
            74.448877,
            20.552645
          ],
          [
            74.448651,
            20.552636
          ],
          [
            74.448368,
            20.552613
          ],
          [
            74.447805,
            20.552567
          ],
          [
            74.447575,
            20.552548
          ],
          [
            74.446803,
            20.552047
          ],
          [
            74.446744,
            20.552009
          ],
          [
            74.44424,
            20.550383
          ],
          [
            74.443978,
            20.550361
          ],
          [
            74.443819,
            20.550339
          ],
          [
            74.443328,
            20.550271
          ],
          [
            74.443049,
            20.550232
          ],
          [
            74.442725,
            20.550186
          ],
          [
            74.44127,
            20.549983
          ],
          [
            74.439707,
            20.549764
          ],
          [
            74.438483,
            20.549525
          ],
          [
            74.438274,
            20.549484
          ],
          [
            74.437279,
            20.549272
          ],
          [
            74.437059,
            20.549223
          ],
          [
            74.434862,
            20.548751
          ],
          [
            74.431737,
            20.548111
          ],
          [
            74.430806,
            20.547967
          ],
          [
            74.428849,
            20.547688
          ],
          [
            74.427008,
            20.547425
          ],
          [
            74.426923,
            20.547417
          ],
          [
            74.425292,
            20.547264
          ],
          [
            74.424997,
            20.547249
          ],
          [
            74.423795,
            20.547184
          ],
          [
            74.423597,
            20.547174
          ],
          [
            74.421698,
            20.547088
          ],
          [
            74.42151,
            20.547085
          ],
          [
            74.418587,
            20.547023
          ],
          [
            74.418337,
            20.547006
          ],
          [
            74.417512,
            20.54695
          ],
          [
            74.4174,
            20.546942
          ],
          [
            74.415981,
            20.546845
          ],
          [
            74.415727,
            20.546827
          ],
          [
            74.41473,
            20.546752
          ],
          [
            74.412725,
            20.54651
          ],
          [
            74.412686,
            20.546506
          ],
          [
            74.410358,
            20.546169
          ],
          [
            74.409616,
            20.546064
          ],
          [
            74.40769,
            20.545693
          ],
          [
            74.407461,
            20.545652
          ],
          [
            74.407277,
            20.545611
          ],
          [
            74.407193,
            20.545592
          ],
          [
            74.407069,
            20.545571
          ],
          [
            74.406839,
            20.545531
          ],
          [
            74.406774,
            20.545517
          ],
          [
            74.404624,
            20.545039
          ],
          [
            74.404489,
            20.545004
          ],
          [
            74.403041,
            20.544773
          ],
          [
            74.401796,
            20.544682
          ],
          [
            74.401469,
            20.544673
          ],
          [
            74.401093,
            20.544662
          ],
          [
            74.400782,
            20.54467
          ],
          [
            74.40046,
            20.544677
          ],
          [
            74.400158,
            20.544682
          ],
          [
            74.400133,
            20.544682
          ],
          [
            74.399849,
            20.544687
          ],
          [
            74.399613,
            20.544712
          ],
          [
            74.399194,
            20.544773
          ],
          [
            74.396861,
            20.545446
          ],
          [
            74.394565,
            20.546094
          ],
          [
            74.393358,
            20.546375
          ],
          [
            74.392977,
            20.546441
          ],
          [
            74.392693,
            20.546491
          ],
          [
            74.392124,
            20.546591
          ],
          [
            74.392006,
            20.546611
          ],
          [
            74.39096,
            20.546787
          ],
          [
            74.387854,
            20.547309
          ],
          [
            74.387765,
            20.547331
          ],
          [
            74.387679,
            20.547345
          ],
          [
            74.385365,
            20.547737
          ],
          [
            74.38522,
            20.547762
          ],
          [
            74.384957,
            20.547806
          ],
          [
            74.384894,
            20.547817
          ],
          [
            74.384766,
            20.547839
          ],
          [
            74.384569,
            20.547874
          ],
          [
            74.384179,
            20.547943
          ],
          [
            74.382254,
            20.548264
          ],
          [
            74.381632,
            20.548367
          ],
          [
            74.381374,
            20.548409
          ],
          [
            74.379836,
            20.548425
          ],
          [
            74.378897,
            20.548465
          ],
          [
            74.377627,
            20.548537
          ],
          [
            74.376838,
            20.548617
          ],
          [
            74.374908,
            20.548935
          ],
          [
            74.374379,
            20.549051
          ],
          [
            74.373899,
            20.549158
          ],
          [
            74.372947,
            20.549333
          ],
          [
            74.371232,
            20.549664
          ],
          [
            74.371164,
            20.549679
          ],
          [
            74.370461,
            20.549814
          ],
          [
            74.369425,
            20.550017
          ],
          [
            74.368883,
            20.550116
          ],
          [
            74.368005,
            20.550274
          ],
          [
            74.367501,
            20.550374
          ],
          [
            74.366043,
            20.550655
          ],
          [
            74.364642,
            20.550946
          ],
          [
            74.363931,
            20.551092
          ],
          [
            74.363735,
            20.551132
          ],
          [
            74.359284,
            20.551978
          ],
          [
            74.359121,
            20.55201
          ],
          [
            74.358684,
            20.552096
          ],
          [
            74.355678,
            20.552689
          ],
          [
            74.354849,
            20.552837
          ],
          [
            74.354096,
            20.552971
          ],
          [
            74.350721,
            20.553633
          ],
          [
            74.348951,
            20.553964
          ],
          [
            74.347285,
            20.554276
          ],
          [
            74.347146,
            20.554302
          ],
          [
            74.346071,
            20.554502
          ],
          [
            74.345025,
            20.554703
          ],
          [
            74.344756,
            20.554755
          ],
          [
            74.344204,
            20.554864
          ],
          [
            74.344043,
            20.554897
          ],
          [
            74.343168,
            20.55506
          ],
          [
            74.341822,
            20.555326
          ],
          [
            74.340234,
            20.555613
          ],
          [
            74.339209,
            20.555738
          ],
          [
            74.337407,
            20.555954
          ],
          [
            74.336821,
            20.55601
          ],
          [
            74.336726,
            20.556019
          ],
          [
            74.335411,
            20.55608
          ],
          [
            74.333743,
            20.556135
          ],
          [
            74.331705,
            20.556206
          ],
          [
            74.330435,
            20.556251
          ],
          [
            74.328956,
            20.556314
          ],
          [
            74.326842,
            20.556378
          ],
          [
            74.322264,
            20.556552
          ],
          [
            74.321818,
            20.556538
          ],
          [
            74.32021,
            20.556317
          ],
          [
            74.319583,
            20.556232
          ],
          [
            74.316053,
            20.555538
          ],
          [
            74.3125,
            20.554946
          ],
          [
            74.311057,
            20.55462
          ],
          [
            74.309001,
            20.554027
          ],
          [
            74.304683,
            20.552695
          ],
          [
            74.302133,
            20.551926
          ],
          [
            74.301855,
            20.551842
          ],
          [
            74.301168,
            20.5517
          ],
          [
            74.300752,
            20.551705
          ],
          [
            74.300178,
            20.551756
          ],
          [
            74.299038,
            20.551857
          ],
          [
            74.296123,
            20.552065
          ],
          [
            74.295812,
            20.552087
          ],
          [
            74.29401,
            20.552208
          ],
          [
            74.293244,
            20.552299
          ],
          [
            74.292788,
            20.552353
          ],
          [
            74.292365,
            20.552447
          ],
          [
            74.292067,
            20.552589
          ],
          [
            74.290059,
            20.553387
          ],
          [
            74.284184,
            20.555869
          ],
          [
            74.282252,
            20.556641
          ],
          [
            74.27877,
            20.557816
          ],
          [
            74.273731,
            20.559382
          ],
          [
            74.268562,
            20.560665
          ],
          [
            74.261915,
            20.562403
          ],
          [
            74.259833,
            20.56275
          ],
          [
            74.259102,
            20.562864
          ],
          [
            74.257218,
            20.563158
          ],
          [
            74.256516,
            20.563311
          ],
          [
            74.255946,
            20.563507
          ],
          [
            74.255693,
            20.563621
          ],
          [
            74.254653,
            20.56409
          ],
          [
            74.252064,
            20.565459
          ],
          [
            74.247307,
            20.568094
          ],
          [
            74.24673,
            20.568363
          ],
          [
            74.245117,
            20.568886
          ],
          [
            74.244777,
            20.568971
          ],
          [
            74.243952,
            20.569179
          ],
          [
            74.242616,
            20.569548
          ],
          [
            74.242167,
            20.569686
          ],
          [
            74.241888,
            20.569791
          ],
          [
            74.241615,
            20.569943
          ],
          [
            74.24116,
            20.570228
          ],
          [
            74.239581,
            20.571248
          ],
          [
            74.238301,
            20.572047
          ],
          [
            74.237559,
            20.572586
          ],
          [
            74.236463,
            20.57364
          ],
          [
            74.234883,
            20.575275
          ],
          [
            74.232256,
            20.577916
          ],
          [
            74.230029,
            20.58019
          ],
          [
            74.229233,
            20.581003
          ],
          [
            74.225931,
            20.584393
          ],
          [
            74.224112,
            20.586179
          ],
          [
            74.223717,
            20.586465
          ],
          [
            74.223434,
            20.586656
          ],
          [
            74.223092,
            20.586786
          ],
          [
            74.222663,
            20.586962
          ],
          [
            74.222304,
            20.587067
          ],
          [
            74.221849,
            20.587174
          ],
          [
            74.22173,
            20.587202
          ],
          [
            74.220674,
            20.587502
          ],
          [
            74.219446,
            20.587796
          ],
          [
            74.216892,
            20.588496
          ],
          [
            74.215751,
            20.588812
          ],
          [
            74.21522,
            20.588957
          ],
          [
            74.214507,
            20.589153
          ],
          [
            74.214217,
            20.589236
          ],
          [
            74.212586,
            20.589669
          ],
          [
            74.212484,
            20.589696
          ],
          [
            74.210951,
            20.590102
          ],
          [
            74.209681,
            20.59043
          ],
          [
            74.209297,
            20.59053
          ],
          [
            74.208415,
            20.590768
          ],
          [
            74.208158,
            20.590836
          ],
          [
            74.207075,
            20.59112
          ],
          [
            74.206945,
            20.591159
          ],
          [
            74.20662,
            20.591256
          ],
          [
            74.206055,
            20.591424
          ],
          [
            74.205812,
            20.591497
          ],
          [
            74.205424,
            20.59163
          ],
          [
            74.205104,
            20.591739
          ],
          [
            74.203741,
            20.592206
          ],
          [
            74.203424,
            20.592292
          ],
          [
            74.203169,
            20.592387
          ],
          [
            74.20313,
            20.5921
          ],
          [
            74.202991,
            20.591709
          ],
          [
            74.202658,
            20.591257
          ],
          [
            74.202565,
            20.591164
          ],
          [
            74.202243,
            20.590843
          ],
          [
            74.201644,
            20.590405
          ],
          [
            74.201321,
            20.590085
          ],
          [
            74.200734,
            20.589567
          ],
          [
            74.200178,
            20.589053
          ],
          [
            74.200015,
            20.588735
          ],
          [
            74.199808,
            20.58833
          ],
          [
            74.199794,
            20.588133
          ],
          [
            74.199843,
            20.58777
          ],
          [
            74.199796,
            20.587017
          ],
          [
            74.199646,
            20.586353
          ],
          [
            74.199593,
            20.585805
          ],
          [
            74.19959,
            20.585715
          ],
          [
            74.199583,
            20.585543
          ],
          [
            74.199717,
            20.585202
          ],
          [
            74.199773,
            20.584888
          ],
          [
            74.199701,
            20.584494
          ],
          [
            74.199644,
            20.58426
          ],
          [
            74.199624,
            20.584043
          ],
          [
            74.199802,
            20.58359
          ],
          [
            74.200155,
            20.582864
          ],
          [
            74.200268,
            20.582406
          ],
          [
            74.200402,
            20.581722
          ],
          [
            74.200471,
            20.581155
          ],
          [
            74.200506,
            20.580867
          ],
          [
            74.200458,
            20.580442
          ],
          [
            74.200454,
            20.580414
          ],
          [
            74.200444,
            20.580309
          ],
          [
            74.200389,
            20.580089
          ],
          [
            74.200232,
            20.579721
          ],
          [
            74.199971,
            20.579143
          ],
          [
            74.199567,
            20.578273
          ],
          [
            74.199213,
            20.577508
          ],
          [
            74.199011,
            20.577069
          ],
          [
            74.198996,
            20.577037
          ],
          [
            74.198937,
            20.576909
          ],
          [
            74.198881,
            20.576789
          ],
          [
            74.198023,
            20.574911
          ],
          [
            74.19707,
            20.572539
          ],
          [
            74.196396,
            20.570968
          ],
          [
            74.195546,
            20.56928
          ],
          [
            74.19446,
            20.56685
          ],
          [
            74.193964,
            20.564959
          ],
          [
            74.193284,
            20.562006
          ],
          [
            74.192598,
            20.558621
          ],
          [
            74.192073,
            20.55574
          ],
          [
            74.192102,
            20.551233
          ],
          [
            74.192145,
            20.549782
          ],
          [
            74.192349,
            20.548838
          ],
          [
            74.192967,
            20.545768
          ],
          [
            74.193516,
            20.543075
          ],
          [
            74.193492,
            20.542263
          ],
          [
            74.193324,
            20.540447
          ],
          [
            74.193456,
            20.539555
          ],
          [
            74.193655,
            20.538359
          ],
          [
            74.193736,
            20.537877
          ],
          [
            74.194295,
            20.534364
          ],
          [
            74.194848,
            20.531904
          ],
          [
            74.194999,
            20.531101
          ],
          [
            74.195037,
            20.529904
          ],
          [
            74.195199,
            20.528835
          ],
          [
            74.195575,
            20.52688
          ],
          [
            74.195745,
            20.526021
          ],
          [
            74.195658,
            20.525162
          ],
          [
            74.195629,
            20.524379
          ],
          [
            74.195683,
            20.523348
          ],
          [
            74.195902,
            20.522525
          ],
          [
            74.196387,
            20.521529
          ],
          [
            74.196823,
            20.519922
          ],
          [
            74.196895,
            20.51911
          ],
          [
            74.196947,
            20.518917
          ],
          [
            74.19706,
            20.518495
          ],
          [
            74.197234,
            20.517962
          ],
          [
            74.197203,
            20.517632
          ],
          [
            74.196306,
            20.515645
          ],
          [
            74.196183,
            20.515428
          ],
          [
            74.195911,
            20.514865
          ],
          [
            74.19576,
            20.514309
          ],
          [
            74.195764,
            20.514094
          ],
          [
            74.195813,
            20.513937
          ],
          [
            74.195953,
            20.513686
          ],
          [
            74.196232,
            20.513264
          ],
          [
            74.196339,
            20.513033
          ],
          [
            74.196403,
            20.512751
          ],
          [
            74.196253,
            20.510812
          ],
          [
            74.196152,
            20.510204
          ],
          [
            74.195953,
            20.509003
          ],
          [
            74.195899,
            20.508722
          ],
          [
            74.195792,
            20.508571
          ],
          [
            74.194912,
            20.507174
          ],
          [
            74.194386,
            20.505305
          ],
          [
            74.194386,
            20.505014
          ],
          [
            74.194451,
            20.504561
          ],
          [
            74.194569,
            20.504029
          ],
          [
            74.194633,
            20.503567
          ],
          [
            74.194492,
            20.502854
          ],
          [
            74.187915,
            20.479282
          ],
          [
            74.187262,
            20.476892
          ],
          [
            74.186875,
            20.475474
          ],
          [
            74.186645,
            20.474468
          ],
          [
            74.186699,
            20.473567
          ],
          [
            74.186867,
            20.472345
          ],
          [
            74.186723,
            20.471346
          ],
          [
            74.186671,
            20.470898
          ],
          [
            74.186584,
            20.470593
          ],
          [
            74.185499,
            20.468121
          ],
          [
            74.18425,
            20.46521
          ],
          [
            74.183047,
            20.46247
          ],
          [
            74.182853,
            20.462292
          ],
          [
            74.181912,
            20.461432
          ],
          [
            74.18183,
            20.461357
          ],
          [
            74.181629,
            20.461163
          ],
          [
            74.181565,
            20.461043
          ],
          [
            74.181575,
            20.460661
          ],
          [
            74.181726,
            20.460148
          ],
          [
            74.181775,
            20.460016
          ],
          [
            74.181803,
            20.460003
          ],
          [
            74.182735,
            20.459565
          ],
          [
            74.182939,
            20.459399
          ],
          [
            74.183073,
            20.459153
          ],
          [
            74.183148,
            20.458891
          ],
          [
            74.183142,
            20.458682
          ],
          [
            74.182481,
            20.457232
          ],
          [
            74.182413,
            20.457082
          ],
          [
            74.182074,
            20.456284
          ],
          [
            74.181975,
            20.456066
          ],
          [
            74.181787,
            20.455574
          ],
          [
            74.181678,
            20.455287
          ],
          [
            74.181466,
            20.454729
          ],
          [
            74.181387,
            20.454509
          ],
          [
            74.181145,
            20.453852
          ],
          [
            74.18107,
            20.453632
          ],
          [
            74.180988,
            20.453408
          ],
          [
            74.180968,
            20.453356
          ],
          [
            74.1809,
            20.453167
          ],
          [
            74.180823,
            20.452953
          ],
          [
            74.180746,
            20.45273
          ],
          [
            74.180661,
            20.452495
          ],
          [
            74.180572,
            20.452257
          ],
          [
            74.180497,
            20.452054
          ],
          [
            74.180271,
            20.451434
          ],
          [
            74.180138,
            20.451069
          ],
          [
            74.180028,
            20.450767
          ],
          [
            74.177465,
            20.444274
          ],
          [
            74.17689,
            20.442816
          ],
          [
            74.176877,
            20.442784
          ],
          [
            74.176156,
            20.440956
          ],
          [
            74.17596,
            20.440448
          ],
          [
            74.175843,
            20.440145
          ],
          [
            74.175014,
            20.437994
          ],
          [
            74.174396,
            20.436392
          ],
          [
            74.172874,
            20.43237
          ],
          [
            74.171393,
            20.428643
          ],
          [
            74.17066,
            20.4268
          ],
          [
            74.170253,
            20.42497
          ],
          [
            74.169741,
            20.42306
          ],
          [
            74.168376,
            20.419322
          ],
          [
            74.166789,
            20.416285
          ],
          [
            74.165941,
            20.414234
          ],
          [
            74.164509,
            20.410322
          ],
          [
            74.164204,
            20.408913
          ],
          [
            74.163812,
            20.407839
          ],
          [
            74.16304,
            20.406178
          ],
          [
            74.162663,
            20.405183
          ],
          [
            74.160293,
            20.399804
          ],
          [
            74.159933,
            20.399108
          ],
          [
            74.159628,
            20.398517
          ],
          [
            74.15956,
            20.398053
          ],
          [
            74.159598,
            20.397662
          ],
          [
            74.159619,
            20.397453
          ],
          [
            74.15964,
            20.397243
          ],
          [
            74.159656,
            20.397077
          ],
          [
            74.159782,
            20.396544
          ],
          [
            74.159878,
            20.395852
          ],
          [
            74.160147,
            20.39217
          ],
          [
            74.160155,
            20.391945
          ],
          [
            74.160233,
            20.389806
          ],
          [
            74.160225,
            20.389404
          ],
          [
            74.160219,
            20.389112
          ],
          [
            74.159833,
            20.38828
          ],
          [
            74.159507,
            20.387122
          ],
          [
            74.158982,
            20.383018
          ],
          [
            74.159003,
            20.382426
          ],
          [
            74.159145,
            20.381609
          ],
          [
            74.159333,
            20.380524
          ],
          [
            74.159405,
            20.37996
          ],
          [
            74.159438,
            20.379568
          ],
          [
            74.159459,
            20.379015
          ],
          [
            74.159598,
            20.378713
          ],
          [
            74.159813,
            20.378452
          ],
          [
            74.160017,
            20.378321
          ],
          [
            74.160231,
            20.37814
          ],
          [
            74.160414,
            20.377969
          ],
          [
            74.16051,
            20.377778
          ],
          [
            74.160467,
            20.377446
          ],
          [
            74.16021,
            20.377175
          ],
          [
            74.159834,
            20.377044
          ],
          [
            74.158686,
            20.376712
          ],
          [
            74.157581,
            20.376611
          ],
          [
            74.156702,
            20.376561
          ],
          [
            74.156079,
            20.376551
          ],
          [
            74.155618,
            20.376491
          ],
          [
            74.155146,
            20.376501
          ],
          [
            74.154856,
            20.376511
          ],
          [
            74.154588,
            20.376511
          ],
          [
            74.154041,
            20.37642
          ],
          [
            74.153397,
            20.3763
          ],
          [
            74.153011,
            20.376179
          ],
          [
            74.152711,
            20.376048
          ],
          [
            74.152099,
            20.375746
          ],
          [
            74.15167,
            20.375575
          ],
          [
            74.151359,
            20.375445
          ],
          [
            74.150897,
            20.375374
          ],
          [
            74.150554,
            20.375304
          ],
          [
            74.150007,
            20.375183
          ],
          [
            74.149653,
            20.375143
          ],
          [
            74.14887,
            20.375113
          ],
          [
            74.147968,
            20.374902
          ],
          [
            74.147314,
            20.374751
          ],
          [
            74.146606,
            20.37464
          ],
          [
            74.146177,
            20.37459
          ],
          [
            74.14578,
            20.37459
          ],
          [
            74.145372,
            20.37454
          ],
          [
            74.144889,
            20.374439
          ],
          [
            74.144664,
            20.374288
          ],
          [
            74.144677,
            20.374193
          ],
          [
            74.144707,
            20.374162
          ],
          [
            74.14476,
            20.374107
          ],
          [
            74.145147,
            20.373805
          ],
          [
            74.145565,
            20.373554
          ],
          [
            74.145651,
            20.373373
          ],
          [
            74.146102,
            20.373182
          ],
          [
            74.146423,
            20.373071
          ],
          [
            74.146724,
            20.372991
          ],
          [
            74.147292,
            20.372779
          ],
          [
            74.147647,
            20.372598
          ],
          [
            74.148054,
            20.372357
          ],
          [
            74.148558,
            20.372065
          ],
          [
            74.148923,
            20.371713
          ],
          [
            74.149234,
            20.371542
          ],
          [
            74.149503,
            20.371311
          ],
          [
            74.149803,
            20.37118
          ],
          [
            74.150061,
            20.37109
          ],
          [
            74.150286,
            20.370979
          ],
          [
            74.150881,
            20.370528
          ],
          [
            74.151063,
            20.370277
          ],
          [
            74.151246,
            20.370056
          ],
          [
            74.151492,
            20.369814
          ],
          [
            74.151814,
            20.369503
          ],
          [
            74.152007,
            20.369301
          ],
          [
            74.152275,
            20.36914
          ],
          [
            74.15279,
            20.368849
          ],
          [
            74.154474,
            20.367665
          ],
          [
            74.146986,
            20.352864
          ],
          [
            74.145497,
            20.350083
          ],
          [
            74.145362,
            20.349601
          ],
          [
            74.14524,
            20.348866
          ],
          [
            74.142205,
            20.331754
          ],
          [
            74.142187,
            20.331647
          ],
          [
            74.142176,
            20.331554
          ],
          [
            74.142154,
            20.33135
          ],
          [
            74.142079,
            20.330761
          ],
          [
            74.142125,
            20.3303
          ],
          [
            74.142208,
            20.329855
          ],
          [
            74.142365,
            20.329203
          ],
          [
            74.142625,
            20.328088
          ],
          [
            74.142889,
            20.32671
          ],
          [
            74.143137,
            20.325705
          ],
          [
            74.143321,
            20.324721
          ],
          [
            74.143564,
            20.32375
          ],
          [
            74.143768,
            20.322921
          ],
          [
            74.143891,
            20.322378
          ],
          [
            74.143985,
            20.321921
          ],
          [
            74.144081,
            20.321539
          ],
          [
            74.144119,
            20.321395
          ],
          [
            74.144175,
            20.321181
          ],
          [
            74.144226,
            20.320833
          ],
          [
            74.14425,
            20.320596
          ],
          [
            74.144268,
            20.320177
          ],
          [
            74.144201,
            20.319711
          ],
          [
            74.144166,
            20.319262
          ],
          [
            74.144109,
            20.318945
          ],
          [
            74.144084,
            20.318465
          ],
          [
            74.144031,
            20.317901
          ],
          [
            74.144001,
            20.317423
          ],
          [
            74.143981,
            20.31707
          ],
          [
            74.143945,
            20.316562
          ],
          [
            74.14394,
            20.316321
          ],
          [
            74.143956,
            20.315893
          ],
          [
            74.143994,
            20.315491
          ],
          [
            74.144038,
            20.314635
          ],
          [
            74.144072,
            20.3136
          ],
          [
            74.144136,
            20.311974
          ],
          [
            74.14416,
            20.311053
          ],
          [
            74.144234,
            20.310711
          ],
          [
            74.144312,
            20.310445
          ],
          [
            74.144447,
            20.310012
          ],
          [
            74.144944,
            20.308675
          ],
          [
            74.145454,
            20.307245
          ],
          [
            74.14586,
            20.305999
          ],
          [
            74.145907,
            20.305977
          ],
          [
            74.14594,
            20.30591
          ],
          [
            74.14596,
            20.305863
          ],
          [
            74.146051,
            20.305653
          ],
          [
            74.146097,
            20.305548
          ],
          [
            74.145992,
            20.305511
          ],
          [
            74.145595,
            20.305371
          ],
          [
            74.145162,
            20.305216
          ],
          [
            74.14502,
            20.305165
          ],
          [
            74.144829,
            20.305096
          ],
          [
            74.144009,
            20.304846
          ],
          [
            74.143269,
            20.304649
          ],
          [
            74.143027,
            20.304588
          ],
          [
            74.142582,
            20.304478
          ],
          [
            74.142463,
            20.304449
          ],
          [
            74.141499,
            20.304207
          ],
          [
            74.140762,
            20.304036
          ],
          [
            74.140669,
            20.304014
          ],
          [
            74.139559,
            20.30375
          ],
          [
            74.138576,
            20.303536
          ],
          [
            74.138022,
            20.30337
          ],
          [
            74.137668,
            20.303231
          ],
          [
            74.137381,
            20.303091
          ],
          [
            74.137097,
            20.302929
          ],
          [
            74.136624,
            20.302611
          ],
          [
            74.135972,
            20.302165
          ],
          [
            74.135067,
            20.301518
          ],
          [
            74.134147,
            20.300866
          ],
          [
            74.133145,
            20.300185
          ],
          [
            74.132207,
            20.299535
          ],
          [
            74.131196,
            20.298842
          ],
          [
            74.130241,
            20.298195
          ],
          [
            74.129685,
            20.297831
          ],
          [
            74.12956,
            20.297748
          ],
          [
            74.128727,
            20.297217
          ],
          [
            74.127973,
            20.296724
          ],
          [
            74.127279,
            20.296252
          ],
          [
            74.126585,
            20.295742
          ],
          [
            74.126054,
            20.295308
          ],
          [
            74.125297,
            20.294727
          ],
          [
            74.124552,
            20.294121
          ],
          [
            74.123771,
            20.293486
          ],
          [
            74.123005,
            20.292895
          ],
          [
            74.122272,
            20.29233
          ],
          [
            74.121447,
            20.29169
          ],
          [
            74.120609,
            20.291038
          ],
          [
            74.120559,
            20.290999
          ],
          [
            74.119814,
            20.290409
          ],
          [
            74.118967,
            20.28976
          ],
          [
            74.118785,
            20.289614
          ],
          [
            74.118175,
            20.289124
          ],
          [
            74.117379,
            20.288515
          ],
          [
            74.117128,
            20.288313
          ],
          [
            74.116721,
            20.287987
          ],
          [
            74.116672,
            20.287953
          ],
          [
            74.116166,
            20.287609
          ],
          [
            74.115822,
            20.287414
          ],
          [
            74.115367,
            20.287192
          ],
          [
            74.114955,
            20.28698
          ],
          [
            74.11429,
            20.286656
          ],
          [
            74.113445,
            20.286231
          ],
          [
            74.112559,
            20.285797
          ],
          [
            74.111738,
            20.285394
          ],
          [
            74.110757,
            20.284936
          ],
          [
            74.109989,
            20.284598
          ],
          [
            74.109109,
            20.284211
          ],
          [
            74.108713,
            20.284046
          ],
          [
            74.108427,
            20.283927
          ],
          [
            74.10821,
            20.283837
          ],
          [
            74.10723,
            20.283441
          ],
          [
            74.106257,
            20.283026
          ],
          [
            74.105319,
            20.282644
          ],
          [
            74.104397,
            20.282282
          ],
          [
            74.103224,
            20.281809
          ],
          [
            74.102523,
            20.281512
          ],
          [
            74.102159,
            20.281329
          ],
          [
            74.101826,
            20.28115
          ],
          [
            74.101304,
            20.280772
          ],
          [
            74.100933,
            20.280494
          ],
          [
            74.100826,
            20.280413
          ],
          [
            74.100668,
            20.280285
          ],
          [
            74.1003,
            20.279989
          ],
          [
            74.099685,
            20.279419
          ],
          [
            74.098713,
            20.278411
          ],
          [
            74.097329,
            20.276957
          ],
          [
            74.096049,
            20.275543
          ],
          [
            74.095167,
            20.274496
          ],
          [
            74.094897,
            20.274175
          ],
          [
            74.093626,
            20.272619
          ],
          [
            74.09237,
            20.271079
          ],
          [
            74.091661,
            20.270181
          ],
          [
            74.091416,
            20.269829
          ],
          [
            74.091095,
            20.269283
          ],
          [
            74.0907,
            20.268557
          ],
          [
            74.090302,
            20.267769
          ],
          [
            74.089862,
            20.266977
          ],
          [
            74.089463,
            20.266208
          ],
          [
            74.089042,
            20.265411
          ],
          [
            74.088629,
            20.264638
          ],
          [
            74.088016,
            20.263504
          ],
          [
            74.087738,
            20.263018
          ],
          [
            74.08757,
            20.262738
          ],
          [
            74.087234,
            20.262316
          ],
          [
            74.086855,
            20.261859
          ],
          [
            74.086279,
            20.261174
          ],
          [
            74.085853,
            20.260581
          ],
          [
            74.085561,
            20.260098
          ],
          [
            74.085079,
            20.25932
          ],
          [
            74.084417,
            20.258233
          ],
          [
            74.083809,
            20.257247
          ],
          [
            74.083191,
            20.256229
          ],
          [
            74.082636,
            20.255398
          ],
          [
            74.081954,
            20.254495
          ],
          [
            74.081157,
            20.25345
          ],
          [
            74.080494,
            20.252574
          ],
          [
            74.079991,
            20.251948
          ],
          [
            74.079582,
            20.251531
          ],
          [
            74.079103,
            20.251081
          ],
          [
            74.078549,
            20.250571
          ],
          [
            74.078141,
            20.250208
          ],
          [
            74.078047,
            20.250125
          ],
          [
            74.077594,
            20.249722
          ],
          [
            74.076928,
            20.249132
          ],
          [
            74.076667,
            20.248826
          ],
          [
            74.076495,
            20.248567
          ],
          [
            74.076322,
            20.248274
          ],
          [
            74.076172,
            20.247945
          ],
          [
            74.075975,
            20.247431
          ],
          [
            74.075731,
            20.246873
          ],
          [
            74.075552,
            20.246516
          ],
          [
            74.07518,
            20.245931
          ],
          [
            74.074541,
            20.245026
          ],
          [
            74.073838,
            20.244056
          ],
          [
            74.073068,
            20.243012
          ],
          [
            74.072258,
            20.24198
          ],
          [
            74.071682,
            20.241291
          ],
          [
            74.070945,
            20.240414
          ],
          [
            74.070664,
            20.240035
          ],
          [
            74.070427,
            20.239667
          ],
          [
            74.070233,
            20.239282
          ],
          [
            74.069961,
            20.238603
          ],
          [
            74.069706,
            20.237919
          ],
          [
            74.069445,
            20.237389
          ],
          [
            74.069247,
            20.237096
          ],
          [
            74.068906,
            20.236684
          ],
          [
            74.0684,
            20.236202
          ],
          [
            74.067488,
            20.235338
          ],
          [
            74.066533,
            20.234417
          ],
          [
            74.065467,
            20.233372
          ],
          [
            74.064369,
            20.232329
          ],
          [
            74.063253,
            20.231256
          ],
          [
            74.062221,
            20.230266
          ],
          [
            74.061139,
            20.229202
          ],
          [
            74.06007,
            20.22817
          ],
          [
            74.059072,
            20.227238
          ],
          [
            74.057974,
            20.226252
          ],
          [
            74.056969,
            20.225334
          ],
          [
            74.056027,
            20.224438
          ],
          [
            74.055871,
            20.224282
          ],
          [
            74.055078,
            20.223491
          ],
          [
            74.054086,
            20.222456
          ],
          [
            74.053218,
            20.221557
          ],
          [
            74.052807,
            20.221182
          ],
          [
            74.052466,
            20.220917
          ],
          [
            74.051985,
            20.220629
          ],
          [
            74.051588,
            20.220435
          ],
          [
            74.05107,
            20.220203
          ],
          [
            74.050556,
            20.21997
          ],
          [
            74.049346,
            20.219434
          ],
          [
            74.048226,
            20.21893
          ],
          [
            74.048088,
            20.218867
          ],
          [
            74.046797,
            20.218234
          ],
          [
            74.045882,
            20.217685
          ],
          [
            74.044637,
            20.216948
          ],
          [
            74.043365,
            20.216156
          ],
          [
            74.042051,
            20.215295
          ],
          [
            74.040929,
            20.214516
          ],
          [
            74.039734,
            20.213637
          ],
          [
            74.039211,
            20.213241
          ],
          [
            74.038609,
            20.212785
          ],
          [
            74.037361,
            20.211879
          ],
          [
            74.036278,
            20.211087
          ],
          [
            74.03534,
            20.210382
          ],
          [
            74.034169,
            20.20951
          ],
          [
            74.033052,
            20.208651
          ],
          [
            74.031849,
            20.207758
          ],
          [
            74.030519,
            20.206756
          ],
          [
            74.029206,
            20.205782
          ],
          [
            74.028067,
            20.204913
          ],
          [
            74.026903,
            20.204035
          ],
          [
            74.025757,
            20.203161
          ],
          [
            74.024419,
            20.202171
          ],
          [
            74.023009,
            20.201116
          ],
          [
            74.021989,
            20.200345
          ],
          [
            74.02155,
            20.200012
          ],
          [
            74.020167,
            20.198977
          ],
          [
            74.018665,
            20.197833
          ],
          [
            74.016953,
            20.196561
          ],
          [
            74.015952,
            20.195895
          ],
          [
            74.015287,
            20.195452
          ],
          [
            74.01382,
            20.194577
          ],
          [
            74.013759,
            20.19454
          ],
          [
            74.013126,
            20.194147
          ],
          [
            74.012206,
            20.193574
          ],
          [
            74.010388,
            20.192422
          ],
          [
            74.009782,
            20.19202
          ],
          [
            74.008556,
            20.191205
          ],
          [
            74.006769,
            20.189985
          ],
          [
            74.005105,
            20.188795
          ],
          [
            74.003196,
            20.187469
          ],
          [
            74.001371,
            20.186251
          ],
          [
            73.999466,
            20.184986
          ],
          [
            73.998965,
            20.184686
          ],
          [
            73.998805,
            20.184577
          ],
          [
            73.998526,
            20.184411
          ],
          [
            73.998153,
            20.18417
          ],
          [
            73.997784,
            20.18395
          ],
          [
            73.997085,
            20.183545
          ],
          [
            73.996561,
            20.18325
          ],
          [
            73.996216,
            20.183057
          ],
          [
            73.995892,
            20.18287
          ],
          [
            73.995671,
            20.182772
          ],
          [
            73.995197,
            20.18259
          ],
          [
            73.994772,
            20.18247
          ],
          [
            73.994065,
            20.182358
          ],
          [
            73.993603,
            20.182318
          ],
          [
            73.993352,
            20.182285
          ],
          [
            73.993195,
            20.182275
          ],
          [
            73.992944,
            20.182275
          ],
          [
            73.992662,
            20.182281
          ],
          [
            73.992365,
            20.182268
          ],
          [
            73.992044,
            20.182225
          ],
          [
            73.991443,
            20.18212
          ],
          [
            73.991018,
            20.182022
          ],
          [
            73.990542,
            20.181876
          ],
          [
            73.990061,
            20.181694
          ],
          [
            73.98941,
            20.181355
          ],
          [
            73.988823,
            20.180982
          ],
          [
            73.988329,
            20.180585
          ],
          [
            73.987836,
            20.180091
          ],
          [
            73.987698,
            20.179935
          ],
          [
            73.987538,
            20.179736
          ],
          [
            73.986756,
            20.178435
          ],
          [
            73.986543,
            20.177874
          ],
          [
            73.986453,
            20.17757
          ],
          [
            73.986335,
            20.177095
          ],
          [
            73.986257,
            20.176438
          ],
          [
            73.986247,
            20.176043
          ],
          [
            73.986268,
            20.175703
          ],
          [
            73.98646,
            20.175075
          ],
          [
            73.986807,
            20.17321
          ],
          [
            73.986882,
            20.172823
          ],
          [
            73.987017,
            20.172145
          ],
          [
            73.987373,
            20.170353
          ],
          [
            73.987357,
            20.170212
          ],
          [
            73.987311,
            20.170048
          ],
          [
            73.987306,
            20.169907
          ],
          [
            73.987722,
            20.16786
          ],
          [
            73.987856,
            20.167173
          ],
          [
            73.987928,
            20.16678
          ],
          [
            73.988006,
            20.166201
          ],
          [
            73.988087,
            20.165438
          ],
          [
            73.988111,
            20.16462
          ],
          [
            73.988092,
            20.164162
          ],
          [
            73.988072,
            20.163866
          ],
          [
            73.98803,
            20.163104
          ],
          [
            73.987928,
            20.162367
          ],
          [
            73.987845,
            20.161795
          ],
          [
            73.987636,
            20.160987
          ],
          [
            73.987183,
            20.159627
          ],
          [
            73.9867,
            20.158514
          ],
          [
            73.986354,
            20.157865
          ],
          [
            73.985839,
            20.157008
          ],
          [
            73.985209,
            20.156004
          ],
          [
            73.985137,
            20.155875
          ],
          [
            73.984503,
            20.154893
          ],
          [
            73.982982,
            20.152295
          ],
          [
            73.9829,
            20.152156
          ],
          [
            73.98221,
            20.150993
          ],
          [
            73.981201,
            20.149709
          ],
          [
            73.9807,
            20.149079
          ],
          [
            73.980434,
            20.148729
          ],
          [
            73.980171,
            20.148331
          ],
          [
            73.979734,
            20.147581
          ],
          [
            73.979391,
            20.146823
          ],
          [
            73.979347,
            20.146711
          ],
          [
            73.97909,
            20.146058
          ],
          [
            73.978211,
            20.143794
          ],
          [
            73.977881,
            20.143137
          ],
          [
            73.977529,
            20.142512
          ],
          [
            73.977181,
            20.142013
          ],
          [
            73.976564,
            20.141544
          ],
          [
            73.976306,
            20.141349
          ],
          [
            73.974474,
            20.140859
          ],
          [
            73.974095,
            20.140732
          ],
          [
            73.973678,
            20.14056
          ],
          [
            73.973376,
            20.140461
          ],
          [
            73.973007,
            20.140382
          ],
          [
            73.972405,
            20.140213
          ],
          [
            73.972227,
            20.14015
          ],
          [
            73.971761,
            20.13997
          ],
          [
            73.971281,
            20.139708
          ],
          [
            73.970958,
            20.139467
          ],
          [
            73.970684,
            20.139197
          ],
          [
            73.970143,
            20.13843
          ],
          [
            73.968694,
            20.135965
          ],
          [
            73.967624,
            20.134111
          ],
          [
            73.965553,
            20.130314
          ],
          [
            73.965183,
            20.129732
          ],
          [
            73.964856,
            20.129299
          ],
          [
            73.96374,
            20.128029
          ],
          [
            73.962429,
            20.126521
          ],
          [
            73.960894,
            20.124796
          ],
          [
            73.953688,
            20.117217
          ],
          [
            73.953639,
            20.117165
          ],
          [
            73.95352,
            20.117032
          ],
          [
            73.952354,
            20.115787
          ],
          [
            73.946448,
            20.109553
          ],
          [
            73.944085,
            20.10711
          ],
          [
            73.943736,
            20.106775
          ],
          [
            73.943307,
            20.106445
          ],
          [
            73.94257,
            20.106037
          ],
          [
            73.941824,
            20.105716
          ],
          [
            73.939997,
            20.104929
          ],
          [
            73.93735,
            20.103803
          ],
          [
            73.93396,
            20.102365
          ],
          [
            73.931833,
            20.10147
          ],
          [
            73.931805,
            20.101457
          ],
          [
            73.931729,
            20.101424
          ],
          [
            73.930097,
            20.100718
          ],
          [
            73.929716,
            20.100541
          ],
          [
            73.929392,
            20.100335
          ],
          [
            73.92889,
            20.099947
          ],
          [
            73.928485,
            20.099559
          ],
          [
            73.927679,
            20.098646
          ],
          [
            73.92724,
            20.098155
          ],
          [
            73.926967,
            20.097852
          ],
          [
            73.926471,
            20.097283
          ],
          [
            73.925533,
            20.096184
          ],
          [
            73.925229,
            20.095827
          ],
          [
            73.924972,
            20.095524
          ],
          [
            73.92477,
            20.095281
          ],
          [
            73.924727,
            20.09523
          ],
          [
            73.924509,
            20.09494
          ],
          [
            73.924344,
            20.094696
          ],
          [
            73.924245,
            20.094496
          ],
          [
            73.924143,
            20.094223
          ],
          [
            73.92403,
            20.093865
          ],
          [
            73.923973,
            20.093584
          ],
          [
            73.923905,
            20.093149
          ],
          [
            73.923902,
            20.093064
          ],
          [
            73.923897,
            20.092888
          ],
          [
            73.923826,
            20.092308
          ],
          [
            73.92373,
            20.09173
          ],
          [
            73.923545,
            20.090319
          ],
          [
            73.92345,
            20.089862
          ],
          [
            73.923309,
            20.089447
          ],
          [
            73.923201,
            20.089197
          ],
          [
            73.923017,
            20.088809
          ],
          [
            73.922815,
            20.088497
          ],
          [
            73.922446,
            20.088003
          ],
          [
            73.922024,
            20.08757
          ],
          [
            73.921634,
            20.087211
          ],
          [
            73.921295,
            20.086884
          ],
          [
            73.919885,
            20.085521
          ],
          [
            73.917958,
            20.083647
          ],
          [
            73.916662,
            20.082394
          ],
          [
            73.916567,
            20.082302
          ],
          [
            73.915545,
            20.081271
          ],
          [
            73.915124,
            20.080846
          ],
          [
            73.914264,
            20.079993
          ],
          [
            73.913046,
            20.078784
          ],
          [
            73.912951,
            20.07869
          ],
          [
            73.912365,
            20.078116
          ],
          [
            73.911273,
            20.077147
          ],
          [
            73.910265,
            20.07636
          ],
          [
            73.909274,
            20.075643
          ],
          [
            73.906806,
            20.074039
          ],
          [
            73.904987,
            20.072832
          ],
          [
            73.904446,
            20.072451
          ],
          [
            73.904107,
            20.072212
          ],
          [
            73.904055,
            20.072176
          ],
          [
            73.903989,
            20.072338
          ],
          [
            73.90396,
            20.072407
          ],
          [
            73.903581,
            20.073325
          ],
          [
            73.902958,
            20.074464
          ],
          [
            73.902338,
            20.075381
          ],
          [
            73.902154,
            20.075653
          ],
          [
            73.901789,
            20.076167
          ],
          [
            73.90121,
            20.077235
          ],
          [
            73.899992,
            20.079945
          ],
          [
            73.898881,
            20.081347
          ],
          [
            73.896906,
            20.083805
          ],
          [
            73.896124,
            20.084742
          ],
          [
            73.894407,
            20.086899
          ],
          [
            73.894118,
            20.087332
          ],
          [
            73.893968,
            20.087765
          ],
          [
            73.89348,
            20.089991
          ],
          [
            73.892878,
            20.091502
          ],
          [
            73.892801,
            20.091639
          ],
          [
            73.892683,
            20.091761
          ],
          [
            73.892525,
            20.09185
          ],
          [
            73.8918,
            20.092159
          ],
          [
            73.891558,
            20.092316
          ],
          [
            73.890249,
            20.093504
          ],
          [
            73.890165,
            20.093594
          ],
          [
            73.890112,
            20.09371
          ],
          [
            73.890093,
            20.093812
          ],
          [
            73.889742,
            20.099845
          ],
          [
            73.889746,
            20.100017
          ],
          [
            73.889768,
            20.10019
          ],
          [
            73.8904,
            20.104274
          ],
          [
            73.890394,
            20.104388
          ],
          [
            73.890376,
            20.104517
          ],
          [
            73.890336,
            20.104653
          ],
          [
            73.890116,
            20.105378
          ],
          [
            73.890089,
            20.105547
          ],
          [
            73.889735,
            20.1057
          ],
          [
            73.88944,
            20.105982
          ],
          [
            73.889043,
            20.106304
          ],
          [
            73.888813,
            20.106476
          ],
          [
            73.888384,
            20.106692
          ],
          [
            73.887826,
            20.106732
          ],
          [
            73.887471,
            20.106697
          ],
          [
            73.887069,
            20.106657
          ],
          [
            73.886774,
            20.106516
          ],
          [
            73.886093,
            20.106355
          ],
          [
            73.885455,
            20.106304
          ],
          [
            73.885004,
            20.106284
          ],
          [
            73.884376,
            20.106274
          ],
          [
            73.883904,
            20.106138
          ],
          [
            73.883459,
            20.105921
          ],
          [
            73.883384,
            20.105765
          ],
          [
            73.883159,
            20.105559
          ],
          [
            73.88274,
            20.105292
          ],
          [
            73.882418,
            20.105075
          ],
          [
            73.882,
            20.105206
          ],
          [
            73.88164,
            20.105523
          ],
          [
            73.881522,
            20.105811
          ],
          [
            73.881463,
            20.106133
          ],
          [
            73.881351,
            20.10642
          ],
          [
            73.880997,
            20.106692
          ],
          [
            73.880412,
            20.107035
          ],
          [
            73.879945,
            20.107307
          ],
          [
            73.879404,
            20.107418
          ],
          [
            73.878985,
            20.107473
          ],
          [
            73.878556,
            20.107584
          ],
          [
            73.877767,
            20.107876
          ],
          [
            73.877285,
            20.108067
          ],
          [
            73.876872,
            20.108193
          ],
          [
            73.876378,
            20.108344
          ],
          [
            73.87604,
            20.108491
          ],
          [
            73.875665,
            20.108616
          ],
          [
            73.875225,
            20.108712
          ],
          [
            73.874812,
            20.108909
          ],
          [
            73.874623,
            20.10897
          ],
          [
            73.874313,
            20.10907
          ],
          [
            73.873825,
            20.109256
          ],
          [
            73.873535,
            20.109438
          ],
          [
            73.872982,
            20.109795
          ],
          [
            73.872559,
            20.110002
          ],
          [
            73.872135,
            20.110228
          ],
          [
            73.871625,
            20.11047
          ],
          [
            73.871132,
            20.110636
          ],
          [
            73.870654,
            20.110742
          ],
          [
            73.870096,
            20.110984
          ],
          [
            73.869705,
            20.11111
          ],
          [
            73.869056,
            20.111407
          ],
          [
            73.868659,
            20.111639
          ],
          [
            73.868385,
            20.111805
          ],
          [
            73.868004,
            20.111896
          ],
          [
            73.867607,
            20.111976
          ],
          [
            73.867173,
            20.112133
          ],
          [
            73.866872,
            20.112309
          ],
          [
            73.866502,
            20.11249
          ],
          [
            73.86595,
            20.112757
          ],
          [
            73.865649,
            20.112959
          ],
          [
            73.865359,
            20.11311
          ],
          [
            73.865097,
            20.113306
          ],
          [
            73.86478,
            20.113372
          ],
          [
            73.864437,
            20.113533
          ],
          [
            73.863981,
            20.113654
          ],
          [
            73.863536,
            20.113775
          ],
          [
            73.863074,
            20.113835
          ],
          [
            73.862704,
            20.114011
          ],
          [
            73.862205,
            20.114147
          ],
          [
            73.861653,
            20.114132
          ],
          [
            73.861245,
            20.114097
          ],
          [
            73.860773,
            20.114168
          ],
          [
            73.860371,
            20.114299
          ],
          [
            73.859936,
            20.114414
          ],
          [
            73.859539,
            20.114651
          ],
          [
            73.859228,
            20.114969
          ],
          [
            73.858852,
            20.115069
          ],
          [
            73.858429,
            20.115175
          ],
          [
            73.857962,
            20.115371
          ],
          [
            73.857603,
            20.115422
          ],
          [
            73.857307,
            20.115477
          ],
          [
            73.857227,
            20.115704
          ],
          [
            73.857275,
            20.115966
          ],
          [
            73.857157,
            20.116062
          ],
          [
            73.856782,
            20.116082
          ],
          [
            73.856201,
            20.116117
          ],
          [
            73.855294,
            20.116144
          ],
          [
            73.854593,
            20.116223
          ],
          [
            73.85404,
            20.116277
          ],
          [
            73.853268,
            20.11631
          ],
          [
            73.852821,
            20.116257
          ],
          [
            73.852297,
            20.116223
          ],
          [
            73.851886,
            20.116124
          ],
          [
            73.851326,
            20.115944
          ],
          [
            73.851224,
            20.11593
          ],
          [
            73.850933,
            20.115793
          ],
          [
            73.850519,
            20.115632
          ],
          [
            73.84986,
            20.115442
          ],
          [
            73.849372,
            20.115281
          ],
          [
            73.848681,
            20.11509
          ],
          [
            73.848096,
            20.114873
          ],
          [
            73.84703,
            20.114434
          ],
          [
            73.846384,
            20.114128
          ],
          [
            73.844872,
            20.113525
          ],
          [
            73.843689,
            20.113017
          ],
          [
            73.842949,
            20.112746
          ],
          [
            73.842579,
            20.112594
          ],
          [
            73.84218,
            20.112258
          ],
          [
            73.841481,
            20.111803
          ],
          [
            73.841107,
            20.111666
          ],
          [
            73.840298,
            20.111422
          ],
          [
            73.83905,
            20.111132
          ],
          [
            73.838286,
            20.110899
          ],
          [
            73.837155,
            20.110612
          ],
          [
            73.83642,
            20.110502
          ],
          [
            73.835794,
            20.110399
          ],
          [
            73.835228,
            20.110414
          ],
          [
            73.834854,
            20.110483
          ],
          [
            73.83457,
            20.110551
          ],
          [
            73.834338,
            20.110536
          ],
          [
            73.833956,
            20.110502
          ],
          [
            73.833566,
            20.110414
          ],
          [
            73.833253,
            20.110234
          ],
          [
            73.832907,
            20.110074
          ],
          [
            73.832622,
            20.110017
          ],
          [
            73.832183,
            20.109963
          ],
          [
            73.831712,
            20.10999
          ],
          [
            73.831285,
            20.10996
          ],
          [
            73.830882,
            20.109967
          ],
          [
            73.830212,
            20.110017
          ],
          [
            73.829764,
            20.109982
          ],
          [
            73.828199,
            20.109784
          ],
          [
            73.827004,
            20.109536
          ],
          [
            73.826227,
            20.109303
          ],
          [
            73.825593,
            20.109165
          ],
          [
            73.824544,
            20.108887
          ],
          [
            73.82378,
            20.108585
          ],
          [
            73.822955,
            20.108154
          ],
          [
            73.82239,
            20.107871
          ],
          [
            73.821455,
            20.107436
          ],
          [
            73.82065,
            20.107054
          ],
          [
            73.81943,
            20.10644
          ],
          [
            73.818788,
            20.106169
          ],
          [
            73.818137,
            20.105825
          ],
          [
            73.81767,
            20.105783
          ],
          [
            73.81743,
            20.105894
          ],
          [
            73.816999,
            20.106054
          ],
          [
            73.816706,
            20.106046
          ],
          [
            73.816145,
            20.105798
          ],
          [
            73.815621,
            20.105554
          ],
          [
            73.815322,
            20.105438
          ],
          [
            73.815283,
            20.105405
          ],
          [
            73.815137,
            20.105268
          ],
          [
            73.814864,
            20.104882
          ],
          [
            73.814547,
            20.1045
          ],
          [
            73.814316,
            20.104076
          ],
          [
            73.814121,
            20.103828
          ],
          [
            73.813767,
            20.103672
          ],
          [
            73.813226,
            20.103397
          ],
          [
            73.812771,
            20.103244
          ],
          [
            73.812291,
            20.103164
          ],
          [
            73.812039,
            20.103198
          ],
          [
            73.81175,
            20.103301
          ],
          [
            73.810929,
            20.103618
          ],
          [
            73.810462,
            20.103718
          ],
          [
            73.810018,
            20.103733
          ],
          [
            73.80927,
            20.103691
          ],
          [
            73.807998,
            20.103565
          ],
          [
            73.806995,
            20.103468
          ],
          [
            73.80702,
            20.100573
          ],
          [
            73.806988,
            20.099876
          ],
          [
            73.806974,
            20.099603
          ],
          [
            73.806887,
            20.098566
          ],
          [
            73.806586,
            20.096717
          ],
          [
            73.80641,
            20.095635
          ],
          [
            73.805761,
            20.092199
          ],
          [
            73.80567,
            20.091674
          ],
          [
            73.805157,
            20.088711
          ],
          [
            73.805133,
            20.088571
          ],
          [
            73.804742,
            20.086142
          ],
          [
            73.804527,
            20.084808
          ],
          [
            73.804357,
            20.083775
          ],
          [
            73.804283,
            20.083325
          ],
          [
            73.804097,
            20.082198
          ],
          [
            73.804072,
            20.082047
          ],
          [
            73.804001,
            20.081619
          ],
          [
            73.804184,
            20.080556
          ],
          [
            73.804328,
            20.080092
          ],
          [
            73.804613,
            20.079639
          ],
          [
            73.804988,
            20.079094
          ],
          [
            73.805176,
            20.078696
          ],
          [
            73.805328,
            20.077868
          ],
          [
            73.805393,
            20.077243
          ],
          [
            73.805383,
            20.076799
          ],
          [
            73.80538,
            20.076154
          ],
          [
            73.805458,
            20.075721
          ],
          [
            73.805468,
            20.075449
          ],
          [
            73.805501,
            20.075288
          ],
          [
            73.805549,
            20.075051
          ],
          [
            73.805593,
            20.074715
          ],
          [
            73.805935,
            20.072747
          ],
          [
            73.805821,
            20.07155
          ],
          [
            73.805775,
            20.070566
          ],
          [
            73.805935,
            20.07001
          ],
          [
            73.806185,
            20.069069
          ],
          [
            73.806094,
            20.068577
          ],
          [
            73.806013,
            20.068433
          ],
          [
            73.805639,
            20.067764
          ],
          [
            73.805548,
            20.067551
          ],
          [
            73.805548,
            20.066291
          ],
          [
            73.805548,
            20.063038
          ],
          [
            73.805583,
            20.06161
          ],
          [
            73.805603,
            20.060817
          ],
          [
            73.805643,
            20.059242
          ],
          [
            73.805684,
            20.057585
          ],
          [
            73.805691,
            20.057165
          ],
          [
            73.805707,
            20.056088
          ],
          [
            73.805583,
            20.055136
          ],
          [
            73.805518,
            20.054642
          ],
          [
            73.805385,
            20.054127
          ],
          [
            73.805219,
            20.053719
          ],
          [
            73.804908,
            20.052954
          ],
          [
            73.804825,
            20.052719
          ],
          [
            73.805474,
            20.051133
          ],
          [
            73.805773,
            20.050432
          ],
          [
            73.80582,
            20.050322
          ],
          [
            73.805957,
            20.049909
          ],
          [
            73.80608,
            20.049514
          ],
          [
            73.806251,
            20.048719
          ],
          [
            73.806253,
            20.048574
          ],
          [
            73.806254,
            20.048448
          ],
          [
            73.806254,
            20.048162
          ],
          [
            73.80621,
            20.047671
          ],
          [
            73.806119,
            20.047232
          ],
          [
            73.806026,
            20.046669
          ],
          [
            73.805954,
            20.046126
          ],
          [
            73.805924,
            20.04595
          ],
          [
            73.805868,
            20.04562
          ],
          [
            73.805804,
            20.0452
          ],
          [
            73.80579,
            20.045098
          ],
          [
            73.805689,
            20.044377
          ],
          [
            73.805618,
            20.043993
          ],
          [
            73.805582,
            20.043726
          ],
          [
            73.805529,
            20.043321
          ],
          [
            73.80542,
            20.042516
          ],
          [
            73.805346,
            20.042036
          ],
          [
            73.805286,
            20.04173
          ],
          [
            73.805216,
            20.041378
          ],
          [
            73.805212,
            20.041355
          ],
          [
            73.805132,
            20.040971
          ],
          [
            73.804945,
            20.040352
          ],
          [
            73.804829,
            20.03977
          ],
          [
            73.80466,
            20.039118
          ],
          [
            73.804503,
            20.03851
          ],
          [
            73.804385,
            20.038054
          ],
          [
            73.804274,
            20.037586
          ],
          [
            73.804095,
            20.036871
          ],
          [
            73.80398,
            20.036409
          ],
          [
            73.803881,
            20.036004
          ],
          [
            73.803833,
            20.035869
          ],
          [
            73.803779,
            20.03565
          ],
          [
            73.803627,
            20.035016
          ],
          [
            73.803558,
            20.034765
          ],
          [
            73.803551,
            20.034732
          ],
          [
            73.803139,
            20.032917
          ],
          [
            73.803105,
            20.032816
          ],
          [
            73.803021,
            20.032563
          ],
          [
            73.802856,
            20.032006
          ],
          [
            73.802644,
            20.031427
          ],
          [
            73.802456,
            20.030862
          ],
          [
            73.80222,
            20.030211
          ],
          [
            73.802108,
            20.029935
          ],
          [
            73.801885,
            20.029295
          ],
          [
            73.801646,
            20.028672
          ],
          [
            73.801581,
            20.028486
          ],
          [
            73.80144,
            20.02808
          ],
          [
            73.80126,
            20.027513
          ],
          [
            73.801082,
            20.027051
          ],
          [
            73.800946,
            20.026652
          ],
          [
            73.800919,
            20.026574
          ],
          [
            73.800858,
            20.026273
          ],
          [
            73.8008,
            20.026007
          ],
          [
            73.800644,
            20.025288
          ],
          [
            73.800557,
            20.024887
          ],
          [
            73.800476,
            20.024502
          ],
          [
            73.800407,
            20.024179
          ],
          [
            73.800252,
            20.023441
          ],
          [
            73.800092,
            20.022739
          ],
          [
            73.799943,
            20.02239
          ],
          [
            73.799453,
            20.021832
          ],
          [
            73.799385,
            20.021756
          ],
          [
            73.799275,
            20.021636
          ],
          [
            73.799207,
            20.021557
          ],
          [
            73.799117,
            20.021461
          ],
          [
            73.799023,
            20.021352
          ],
          [
            73.798927,
            20.021238
          ],
          [
            73.798792,
            20.021067
          ],
          [
            73.798662,
            20.020891
          ],
          [
            73.798566,
            20.020736
          ],
          [
            73.798392,
            20.020346
          ],
          [
            73.798016,
            20.019364
          ],
          [
            73.797916,
            20.019086
          ],
          [
            73.797834,
            20.0189
          ],
          [
            73.797677,
            20.018529
          ],
          [
            73.797599,
            20.018318
          ],
          [
            73.797513,
            20.018111
          ],
          [
            73.797313,
            20.017642
          ],
          [
            73.797152,
            20.017195
          ],
          [
            73.797061,
            20.016955
          ],
          [
            73.796978,
            20.016739
          ],
          [
            73.79687,
            20.016453
          ],
          [
            73.796743,
            20.016051
          ],
          [
            73.796701,
            20.015868
          ],
          [
            73.79665,
            20.015661
          ],
          [
            73.79654,
            20.01519
          ],
          [
            73.796494,
            20.014981
          ],
          [
            73.796454,
            20.014797
          ],
          [
            73.796413,
            20.014628
          ],
          [
            73.796379,
            20.01449
          ],
          [
            73.796336,
            20.014258
          ],
          [
            73.796223,
            20.013754
          ],
          [
            73.796202,
            20.013657
          ],
          [
            73.796074,
            20.013086
          ],
          [
            73.795972,
            20.01263
          ],
          [
            73.795942,
            20.012496
          ],
          [
            73.79588,
            20.012307
          ],
          [
            73.79583,
            20.012149
          ],
          [
            73.795721,
            20.011817
          ],
          [
            73.795757,
            20.01172
          ],
          [
            73.795804,
            20.011658
          ],
          [
            73.79583,
            20.011598
          ],
          [
            73.795925,
            20.011528
          ],
          [
            73.79593,
            20.011435
          ],
          [
            73.795909,
            20.011338
          ],
          [
            73.795874,
            20.011288
          ],
          [
            73.795842,
            20.01127
          ],
          [
            73.795789,
            20.011252
          ],
          [
            73.795737,
            20.011234
          ],
          [
            73.795669,
            20.01122
          ],
          [
            73.795564,
            20.011208
          ],
          [
            73.795403,
            20.011025
          ],
          [
            73.795337,
            20.010869
          ],
          [
            73.795282,
            20.010691
          ],
          [
            73.795267,
            20.010604
          ],
          [
            73.795209,
            20.01036
          ],
          [
            73.795089,
            20.010109
          ],
          [
            73.794922,
            20.00995
          ],
          [
            73.794932,
            20.009934
          ],
          [
            73.794942,
            20.009894
          ],
          [
            73.794937,
            20.009853
          ],
          [
            73.794917,
            20.009816
          ],
          [
            73.794886,
            20.009788
          ],
          [
            73.794847,
            20.00977
          ],
          [
            73.794804,
            20.009766
          ],
          [
            73.794761,
            20.009775
          ],
          [
            73.794724,
            20.009797
          ],
          [
            73.794707,
            20.009827
          ],
          [
            73.794036,
            20.009939
          ],
          [
            73.793723,
            20.009939
          ],
          [
            73.793462,
            20.00991
          ],
          [
            73.793167,
            20.00987
          ],
          [
            73.793072,
            20.009851
          ],
          [
            73.792773,
            20.009792
          ],
          [
            73.792412,
            20.009705
          ],
          [
            73.792164,
            20.009622
          ],
          [
            73.791841,
            20.009507
          ],
          [
            73.791492,
            20.009339
          ],
          [
            73.791356,
            20.009233
          ],
          [
            73.790156,
            20.007991
          ],
          [
            73.789993,
            20.007886
          ],
          [
            73.789927,
            20.007737
          ],
          [
            73.789837,
            20.007487
          ],
          [
            73.789774,
            20.007353
          ],
          [
            73.789679,
            20.006873
          ],
          [
            73.789597,
            20.006789
          ],
          [
            73.789418,
            20.006698
          ],
          [
            73.789416,
            20.006679
          ],
          [
            73.789408,
            20.00666
          ],
          [
            73.789393,
            20.006645
          ],
          [
            73.789375,
            20.006635
          ],
          [
            73.789354,
            20.006631
          ],
          [
            73.789333,
            20.006634
          ],
          [
            73.789314,
            20.006642
          ],
          [
            73.789298,
            20.006656
          ],
          [
            73.78925,
            20.006614
          ],
          [
            73.789155,
            20.00656
          ],
          [
            73.788959,
            20.006436
          ],
          [
            73.788832,
            20.006332
          ],
          [
            73.788627,
            20.006165
          ],
          [
            73.78855,
            20.00608
          ],
          [
            73.788256,
            20.005819
          ],
          [
            73.788126,
            20.005723
          ],
          [
            73.787737,
            20.005403
          ],
          [
            73.787432,
            20.005163
          ],
          [
            73.787338,
            20.005154
          ],
          [
            73.787277,
            20.0051
          ],
          [
            73.787209,
            20.004983
          ],
          [
            73.787013,
            20.004408
          ],
          [
            73.786956,
            20.004262
          ],
          [
            73.786952,
            20.004092
          ],
          [
            73.786783,
            20.003392
          ],
          [
            73.786684,
            20.002995
          ],
          [
            73.786649,
            20.002875
          ],
          [
            73.786647,
            20.002779
          ],
          [
            73.786687,
            20.002635
          ],
          [
            73.786889,
            20.002404
          ],
          [
            73.787094,
            20.002162
          ],
          [
            73.787304,
            20.001892
          ],
          [
            73.787339,
            20.001784
          ],
          [
            73.78733,
            20.001688
          ],
          [
            73.787204,
            20.001312
          ],
          [
            73.787148,
            20.001177
          ],
          [
            73.787076,
            20.001002
          ],
          [
            73.786879,
            20.000805
          ],
          [
            73.786836,
            20.000699
          ],
          [
            73.78676,
            20.000545
          ],
          [
            73.786632,
            20.000238
          ],
          [
            73.786593,
            20.000047
          ],
          [
            73.786574,
            19.999872
          ],
          [
            73.786535,
            19.999189
          ],
          [
            73.786562,
            19.998976
          ],
          [
            73.786577,
            19.998875
          ],
          [
            73.786626,
            19.998603
          ],
          [
            73.786716,
            19.998317
          ],
          [
            73.786852,
            19.99804
          ],
          [
            73.787074,
            19.997594
          ],
          [
            73.787217,
            19.997322
          ],
          [
            73.787336,
            19.997122
          ],
          [
            73.787507,
            19.996786
          ],
          [
            73.787665,
            19.996538
          ],
          [
            73.787697,
            19.996488
          ],
          [
            73.787926,
            19.99619
          ],
          [
            73.78814,
            19.995933
          ],
          [
            73.788284,
            19.996171
          ],
          [
            73.78849,
            19.996468
          ],
          [
            73.788715,
            19.996695
          ],
          [
            73.788809,
            19.996761
          ],
          [
            73.788973,
            19.996766
          ],
          [
            73.789061,
            19.996832
          ],
          [
            73.78904,
            19.997164
          ],
          [
            73.78908,
            19.997275
          ],
          [
            73.789142,
            19.997369
          ],
          [
            73.789176,
            19.997421
          ],
          [
            73.789185,
            19.997455
          ]
        ],
        "type": "LineString"
      }
    },
    {
      "type": "Feature",
      "properties": {
        "name": "Pune Road (NH-60)",
        "nameHindi": "पुणे रोड",
        "roadType": "National Highway",
        "from": "Nashik",
        "to": "Pune",
        "distance": "210 km",
        "states": "Maharashtra, Karnatak, Goa",
        "lineType": "road"
      },
      "geometry": {
        "coordinates": [
          [
            73.789185,
            19.997455
          ],
          [
            73.789176,
            19.997421
          ],
          [
            73.789142,
            19.997369
          ],
          [
            73.78908,
            19.997275
          ],
          [
            73.78904,
            19.997164
          ],
          [
            73.789061,
            19.996832
          ],
          [
            73.788973,
            19.996766
          ],
          [
            73.788809,
            19.996761
          ],
          [
            73.788715,
            19.996695
          ],
          [
            73.78849,
            19.996468
          ],
          [
            73.788284,
            19.996171
          ],
          [
            73.78814,
            19.995933
          ],
          [
            73.788237,
            19.99582
          ],
          [
            73.788321,
            19.995722
          ],
          [
            73.788697,
            19.995365
          ],
          [
            73.788853,
            19.995231
          ],
          [
            73.789296,
            19.994915
          ],
          [
            73.789559,
            19.99475
          ],
          [
            73.789873,
            19.994598
          ],
          [
            73.790139,
            19.994505
          ],
          [
            73.790199,
            19.994522
          ],
          [
            73.790261,
            19.994519
          ],
          [
            73.790315,
            19.9945
          ],
          [
            73.79036,
            19.994467
          ],
          [
            73.790392,
            19.994422
          ],
          [
            73.79083,
            19.994351
          ],
          [
            73.790914,
            19.994338
          ],
          [
            73.791558,
            19.994242
          ],
          [
            73.792489,
            19.994113
          ],
          [
            73.793029,
            19.994084
          ],
          [
            73.793516,
            19.9941
          ],
          [
            73.793966,
            19.994143
          ],
          [
            73.795702,
            19.994286
          ],
          [
            73.79572,
            19.994166
          ],
          [
            73.795479,
            19.994163
          ],
          [
            73.794671,
            19.994093
          ],
          [
            73.793998,
            19.994043
          ],
          [
            73.793966,
            19.993729
          ],
          [
            73.793914,
            19.993515
          ],
          [
            73.793887,
            19.993377
          ],
          [
            73.793837,
            19.993124
          ],
          [
            73.793735,
            19.992657
          ],
          [
            73.793737,
            19.99253
          ],
          [
            73.793737,
            19.992516
          ],
          [
            73.793717,
            19.992414
          ],
          [
            73.793701,
            19.992179
          ],
          [
            73.793676,
            19.992
          ],
          [
            73.793605,
            19.99148
          ],
          [
            73.793578,
            19.991311
          ],
          [
            73.793523,
            19.990969
          ],
          [
            73.793488,
            19.990819
          ],
          [
            73.793377,
            19.990488
          ],
          [
            73.793282,
            19.990228
          ],
          [
            73.793206,
            19.990005
          ],
          [
            73.793155,
            19.989846
          ],
          [
            73.793097,
            19.98968
          ],
          [
            73.793009,
            19.989344
          ],
          [
            73.792944,
            19.989096
          ],
          [
            73.792842,
            19.988564
          ],
          [
            73.792656,
            19.987407
          ],
          [
            73.792636,
            19.987257
          ],
          [
            73.792602,
            19.987012
          ],
          [
            73.79239,
            19.98569
          ],
          [
            73.792357,
            19.985606
          ],
          [
            73.792285,
            19.98518
          ],
          [
            73.792281,
            19.984833
          ],
          [
            73.792259,
            19.984129
          ],
          [
            73.792254,
            19.983966
          ],
          [
            73.792241,
            19.983772
          ],
          [
            73.792158,
            19.983617
          ],
          [
            73.792073,
            19.983444
          ],
          [
            73.792081,
            19.983369
          ],
          [
            73.791988,
            19.983034
          ],
          [
            73.791914,
            19.98275
          ],
          [
            73.791905,
            19.982706
          ],
          [
            73.791795,
            19.982189
          ],
          [
            73.791604,
            19.981284
          ],
          [
            73.791567,
            19.981151
          ],
          [
            73.791499,
            19.980882
          ],
          [
            73.791426,
            19.980555
          ],
          [
            73.791373,
            19.980384
          ],
          [
            73.791331,
            19.980242
          ],
          [
            73.791274,
            19.980084
          ],
          [
            73.791223,
            19.979975
          ],
          [
            73.791059,
            19.979662
          ],
          [
            73.790883,
            19.979334
          ],
          [
            73.79082,
            19.979279
          ],
          [
            73.790393,
            19.97861
          ],
          [
            73.79019,
            19.978266
          ],
          [
            73.789971,
            19.977896
          ],
          [
            73.789624,
            19.977311
          ],
          [
            73.789401,
            19.976933
          ],
          [
            73.789315,
            19.976789
          ],
          [
            73.789173,
            19.976527
          ],
          [
            73.788972,
            19.976294
          ],
          [
            73.788608,
            19.975852
          ],
          [
            73.788233,
            19.975396
          ],
          [
            73.787892,
            19.974983
          ],
          [
            73.787802,
            19.974902
          ],
          [
            73.787463,
            19.974599
          ],
          [
            73.786806,
            19.974099
          ],
          [
            73.786551,
            19.973905
          ],
          [
            73.786444,
            19.973823
          ],
          [
            73.78621,
            19.973581
          ],
          [
            73.786014,
            19.973379
          ],
          [
            73.785775,
            19.973132
          ],
          [
            73.784826,
            19.972099
          ],
          [
            73.784788,
            19.972045
          ],
          [
            73.784752,
            19.971993
          ],
          [
            73.784414,
            19.971525
          ],
          [
            73.784206,
            19.971285
          ],
          [
            73.784128,
            19.971194
          ],
          [
            73.78403,
            19.97108
          ],
          [
            73.783821,
            19.970834
          ],
          [
            73.78371,
            19.970703
          ],
          [
            73.783289,
            19.970196
          ],
          [
            73.782937,
            19.969735
          ],
          [
            73.782866,
            19.969644
          ],
          [
            73.782459,
            19.96917
          ],
          [
            73.782376,
            19.969049
          ],
          [
            73.782265,
            19.968869
          ],
          [
            73.782155,
            19.968711
          ],
          [
            73.782055,
            19.968599
          ],
          [
            73.781515,
            19.96793
          ],
          [
            73.781219,
            19.967512
          ],
          [
            73.781154,
            19.96742
          ],
          [
            73.780996,
            19.96718
          ],
          [
            73.780947,
            19.967109
          ],
          [
            73.780789,
            19.966862
          ],
          [
            73.780525,
            19.966377
          ],
          [
            73.780417,
            19.966196
          ],
          [
            73.780346,
            19.966092
          ],
          [
            73.779971,
            19.965438
          ],
          [
            73.779884,
            19.965275
          ],
          [
            73.779655,
            19.964789
          ],
          [
            73.779447,
            19.964414
          ],
          [
            73.779338,
            19.964196
          ],
          [
            73.779237,
            19.964004
          ],
          [
            73.778699,
            19.962964
          ],
          [
            73.778657,
            19.962875
          ],
          [
            73.77858,
            19.962712
          ],
          [
            73.778409,
            19.962326
          ],
          [
            73.778397,
            19.962298
          ],
          [
            73.778335,
            19.962158
          ],
          [
            73.77823,
            19.961784
          ],
          [
            73.7781,
            19.961372
          ],
          [
            73.778002,
            19.961058
          ],
          [
            73.777822,
            19.960467
          ],
          [
            73.777748,
            19.960206
          ],
          [
            73.777689,
            19.960025
          ],
          [
            73.777668,
            19.959969
          ],
          [
            73.777526,
            19.959501
          ],
          [
            73.777395,
            19.959023
          ],
          [
            73.777381,
            19.958962
          ],
          [
            73.777367,
            19.958899
          ],
          [
            73.777269,
            19.958358
          ],
          [
            73.777192,
            19.957962
          ],
          [
            73.776952,
            19.956951
          ],
          [
            73.77687,
            19.956678
          ],
          [
            73.776722,
            19.956271
          ],
          [
            73.776417,
            19.955403
          ],
          [
            73.776139,
            19.954612
          ],
          [
            73.776047,
            19.954331
          ],
          [
            73.77598,
            19.954093
          ],
          [
            73.77594,
            19.953826
          ],
          [
            73.775887,
            19.953253
          ],
          [
            73.77579,
            19.952814
          ],
          [
            73.775602,
            19.951988
          ],
          [
            73.775327,
            19.950809
          ],
          [
            73.775267,
            19.950508
          ],
          [
            73.775139,
            19.949928
          ],
          [
            73.775104,
            19.949773
          ],
          [
            73.774924,
            19.948858
          ],
          [
            73.774795,
            19.94824
          ],
          [
            73.774768,
            19.948109
          ],
          [
            73.774645,
            19.947473
          ],
          [
            73.774623,
            19.947361
          ],
          [
            73.77436,
            19.945971
          ],
          [
            73.774269,
            19.945421
          ],
          [
            73.77423,
            19.945145
          ],
          [
            73.774182,
            19.944734
          ],
          [
            73.774145,
            19.944423
          ],
          [
            73.774107,
            19.944205
          ],
          [
            73.774127,
            19.944187
          ],
          [
            73.774139,
            19.944164
          ],
          [
            73.774143,
            19.944138
          ],
          [
            73.774257,
            19.944004
          ],
          [
            73.774496,
            19.943792
          ],
          [
            73.774593,
            19.94366
          ],
          [
            73.775634,
            19.943291
          ],
          [
            73.776306,
            19.943025
          ],
          [
            73.776366,
            19.942998
          ],
          [
            73.776691,
            19.942868
          ],
          [
            73.777727,
            19.942453
          ],
          [
            73.778617,
            19.942097
          ],
          [
            73.779245,
            19.941845
          ],
          [
            73.780916,
            19.941714
          ],
          [
            73.784138,
            19.941462
          ],
          [
            73.784903,
            19.941617
          ],
          [
            73.789424,
            19.942533
          ],
          [
            73.79051,
            19.942753
          ],
          [
            73.791263,
            19.942815
          ],
          [
            73.791303,
            19.942818
          ],
          [
            73.791458,
            19.942831
          ],
          [
            73.791804,
            19.94286
          ],
          [
            73.792575,
            19.942923
          ],
          [
            73.794161,
            19.943054
          ],
          [
            73.794198,
            19.943057
          ],
          [
            73.794056,
            19.945359
          ],
          [
            73.793989,
            19.946569
          ],
          [
            73.793938,
            19.947175
          ],
          [
            73.793739,
            19.949096
          ],
          [
            73.79495,
            19.949319
          ],
          [
            73.7973,
            19.949691
          ],
          [
            73.7973,
            19.949691
          ],
          [
            73.79495,
            19.949319
          ],
          [
            73.793739,
            19.949096
          ],
          [
            73.793938,
            19.947175
          ],
          [
            73.793989,
            19.946569
          ],
          [
            73.794056,
            19.945359
          ],
          [
            73.794198,
            19.943057
          ],
          [
            73.796861,
            19.943277
          ],
          [
            73.797211,
            19.94323
          ],
          [
            73.797579,
            19.94318
          ],
          [
            73.797776,
            19.943153
          ],
          [
            73.801217,
            19.942687
          ],
          [
            73.801827,
            19.942604
          ],
          [
            73.802333,
            19.942531
          ],
          [
            73.802751,
            19.942453
          ],
          [
            73.808105,
            19.941462
          ],
          [
            73.809039,
            19.941616
          ],
          [
            73.809569,
            19.941601
          ],
          [
            73.810382,
            19.941489
          ],
          [
            73.810695,
            19.941358
          ],
          [
            73.810529,
            19.939334
          ],
          [
            73.810458,
            19.937657
          ],
          [
            73.810572,
            19.936248
          ],
          [
            73.810587,
            19.936074
          ],
          [
            73.810642,
            19.935761
          ],
          [
            73.810733,
            19.935247
          ],
          [
            73.810851,
            19.934583
          ],
          [
            73.810965,
            19.934083
          ],
          [
            73.810991,
            19.933968
          ],
          [
            73.811024,
            19.933514
          ],
          [
            73.811077,
            19.932636
          ],
          [
            73.811153,
            19.931739
          ],
          [
            73.811199,
            19.931471
          ],
          [
            73.811295,
            19.931226
          ],
          [
            73.811534,
            19.930834
          ],
          [
            73.811798,
            19.930333
          ],
          [
            73.811877,
            19.929903
          ],
          [
            73.811893,
            19.929742
          ],
          [
            73.812225,
            19.927946
          ],
          [
            73.812564,
            19.926268
          ],
          [
            73.812653,
            19.925827
          ],
          [
            73.812944,
            19.924325
          ],
          [
            73.813051,
            19.923994
          ],
          [
            73.813479,
            19.924011
          ],
          [
            73.81544,
            19.9242
          ],
          [
            73.815824,
            19.924204
          ],
          [
            73.816045,
            19.924055
          ],
          [
            73.816233,
            19.923773
          ],
          [
            73.816589,
            19.9218
          ],
          [
            73.816612,
            19.921664
          ],
          [
            73.816801,
            19.920622
          ],
          [
            73.816995,
            19.919547
          ],
          [
            73.81736,
            19.917448
          ],
          [
            73.817338,
            19.916752
          ],
          [
            73.817327,
            19.916268
          ],
          [
            73.817643,
            19.914369
          ],
          [
            73.817987,
            19.913088
          ],
          [
            73.818299,
            19.91176
          ],
          [
            73.818576,
            19.910586
          ],
          [
            73.818695,
            19.910123
          ],
          [
            73.818856,
            19.909851
          ],
          [
            73.819124,
            19.909417
          ],
          [
            73.819153,
            19.909356
          ],
          [
            73.819542,
            19.908701
          ],
          [
            73.819618,
            19.908513
          ],
          [
            73.819986,
            19.907601
          ],
          [
            73.820056,
            19.907428
          ],
          [
            73.820331,
            19.90678
          ],
          [
            73.820364,
            19.906702
          ],
          [
            73.820969,
            19.905271
          ],
          [
            73.819435,
            19.904918
          ],
          [
            73.819693,
            19.902981
          ],
          [
            73.819757,
            19.902799
          ],
          [
            73.81995,
            19.902567
          ],
          [
            73.820229,
            19.902386
          ],
          [
            73.820668,
            19.902204
          ],
          [
            73.821055,
            19.901891
          ],
          [
            73.821291,
            19.90168
          ],
          [
            73.821357,
            19.901598
          ],
          [
            73.821537,
            19.901377
          ],
          [
            73.82187,
            19.900812
          ],
          [
            73.82202,
            19.900166
          ],
          [
            73.82217,
            19.898845
          ],
          [
            73.822237,
            19.898319
          ],
          [
            73.822333,
            19.897553
          ],
          [
            73.822603,
            19.897519
          ],
          [
            73.823403,
            19.897432
          ],
          [
            73.82342,
            19.897376
          ],
          [
            73.823445,
            19.897294
          ],
          [
            73.823651,
            19.897029
          ],
          [
            73.823898,
            19.896615
          ],
          [
            73.82391,
            19.896248
          ],
          [
            73.823909,
            19.895611
          ],
          [
            73.823914,
            19.895275
          ],
          [
            73.824105,
            19.894845
          ],
          [
            73.824153,
            19.894636
          ],
          [
            73.824242,
            19.893521
          ],
          [
            73.824241,
            19.892953
          ],
          [
            73.824279,
            19.892697
          ],
          [
            73.824638,
            19.891639
          ],
          [
            73.8242,
            19.891602
          ],
          [
            73.823694,
            19.891561
          ],
          [
            73.82262,
            19.891354
          ],
          [
            73.821752,
            19.891147
          ],
          [
            73.821301,
            19.890976
          ],
          [
            73.820872,
            19.890794
          ],
          [
            73.820508,
            19.890582
          ],
          [
            73.820186,
            19.890249
          ],
          [
            73.819478,
            19.889079
          ],
          [
            73.818958,
            19.888203
          ],
          [
            73.818808,
            19.88786
          ],
          [
            73.81898,
            19.887568
          ],
          [
            73.819226,
            19.887265
          ],
          [
            73.819302,
            19.887063
          ],
          [
            73.819259,
            19.886841
          ],
          [
            73.819222,
            19.886754
          ],
          [
            73.819205,
            19.88666
          ],
          [
            73.819153,
            19.886348
          ],
          [
            73.819206,
            19.886041
          ],
          [
            73.819237,
            19.885792
          ],
          [
            73.819271,
            19.885674
          ],
          [
            73.819334,
            19.88554
          ],
          [
            73.819493,
            19.885261
          ],
          [
            73.819612,
            19.884989
          ],
          [
            73.819653,
            19.884713
          ],
          [
            73.819673,
            19.884496
          ],
          [
            73.819674,
            19.884254
          ],
          [
            73.819656,
            19.884047
          ],
          [
            73.819624,
            19.883856
          ],
          [
            73.819402,
            19.883657
          ],
          [
            73.819226,
            19.883547
          ],
          [
            73.819034,
            19.883478
          ],
          [
            73.818856,
            19.883469
          ],
          [
            73.818641,
            19.883469
          ],
          [
            73.818587,
            19.883055
          ],
          [
            73.818448,
            19.882338
          ],
          [
            73.818469,
            19.882227
          ],
          [
            73.818598,
            19.88203
          ],
          [
            73.818791,
            19.881859
          ],
          [
            73.818807,
            19.881402
          ],
          [
            73.818834,
            19.880663
          ],
          [
            73.818834,
            19.880663
          ],
          [
            73.818807,
            19.881402
          ],
          [
            73.818791,
            19.881859
          ],
          [
            73.818598,
            19.88203
          ],
          [
            73.818469,
            19.882227
          ],
          [
            73.818448,
            19.882338
          ],
          [
            73.818587,
            19.883055
          ],
          [
            73.818641,
            19.883469
          ],
          [
            73.818856,
            19.883469
          ],
          [
            73.819034,
            19.883478
          ],
          [
            73.819226,
            19.883547
          ],
          [
            73.819402,
            19.883657
          ],
          [
            73.819624,
            19.883856
          ],
          [
            73.819877,
            19.883927
          ],
          [
            73.820105,
            19.88394
          ],
          [
            73.820226,
            19.883941
          ],
          [
            73.820324,
            19.883941
          ],
          [
            73.820426,
            19.883693
          ],
          [
            73.820512,
            19.883529
          ],
          [
            73.820744,
            19.883137
          ],
          [
            73.820968,
            19.882738
          ],
          [
            73.821026,
            19.882636
          ],
          [
            73.821205,
            19.882319
          ],
          [
            73.821324,
            19.882208
          ],
          [
            73.821468,
            19.882087
          ],
          [
            73.822793,
            19.881018
          ],
          [
            73.823442,
            19.880495
          ],
          [
            73.823775,
            19.880226
          ],
          [
            73.823844,
            19.88017
          ],
          [
            73.824391,
            19.879787
          ],
          [
            73.824638,
            19.879646
          ],
          [
            73.824788,
            19.879565
          ],
          [
            73.825797,
            19.879242
          ],
          [
            73.82599,
            19.879151
          ],
          [
            73.826119,
            19.87902
          ],
          [
            73.826237,
            19.878758
          ],
          [
            73.826426,
            19.878619
          ],
          [
            73.827454,
            19.878424
          ],
          [
            73.828087,
            19.878304
          ],
          [
            73.828651,
            19.878197
          ],
          [
            73.828994,
            19.878132
          ],
          [
            73.833187,
            19.881696
          ],
          [
            73.833188,
            19.881188
          ],
          [
            73.833291,
            19.881068
          ],
          [
            73.833389,
            19.881016
          ],
          [
            73.83455,
            19.880405
          ],
          [
            73.83507,
            19.880123
          ],
          [
            73.835212,
            19.880052
          ],
          [
            73.835359,
            19.880023
          ],
          [
            73.835632,
            19.880013
          ],
          [
            73.835818,
            19.879976
          ],
          [
            73.836106,
            19.879853
          ],
          [
            73.836974,
            19.879497
          ],
          [
            73.83717,
            19.879405
          ],
          [
            73.837279,
            19.879359
          ],
          [
            73.837343,
            19.879328
          ],
          [
            73.837376,
            19.879294
          ],
          [
            73.837637,
            19.878929
          ],
          [
            73.837836,
            19.878587
          ],
          [
            73.838091,
            19.878087
          ],
          [
            73.838174,
            19.87791
          ],
          [
            73.838341,
            19.876921
          ],
          [
            73.838373,
            19.876625
          ],
          [
            73.838382,
            19.876546
          ],
          [
            73.838458,
            19.875848
          ],
          [
            73.838513,
            19.875347
          ],
          [
            73.83838,
            19.874457
          ],
          [
            73.838147,
            19.873958
          ],
          [
            73.837607,
            19.872802
          ],
          [
            73.837342,
            19.871978
          ],
          [
            73.836938,
            19.871069
          ],
          [
            73.83632,
            19.869735
          ],
          [
            73.835976,
            19.868645
          ],
          [
            73.835976,
            19.867919
          ],
          [
            73.836277,
            19.866627
          ],
          [
            73.836624,
            19.865499
          ],
          [
            73.837145,
            19.864795
          ],
          [
            73.837311,
            19.864571
          ],
          [
            73.839714,
            19.862351
          ],
          [
            73.841259,
            19.860817
          ],
          [
            73.842547,
            19.859525
          ],
          [
            73.845165,
            19.856337
          ],
          [
            73.846495,
            19.853713
          ],
          [
            73.847096,
            19.85339
          ],
          [
            73.847911,
            19.85343
          ],
          [
            73.850484,
            19.853693
          ],
          [
            73.851493,
            19.853773
          ],
          [
            73.851793,
            19.853693
          ],
          [
            73.85321,
            19.852885
          ],
          [
            73.853521,
            19.852623
          ],
          [
            73.853564,
            19.852118
          ],
          [
            73.853926,
            19.849301
          ],
          [
            73.854358,
            19.846538
          ],
          [
            73.854616,
            19.844092
          ],
          [
            73.854649,
            19.843779
          ],
          [
            73.855203,
            19.838537
          ],
          [
            73.855546,
            19.833774
          ],
          [
            73.855411,
            19.832332
          ],
          [
            73.855145,
            19.832314
          ],
          [
            73.854443,
            19.832232
          ],
          [
            73.852841,
            19.831939
          ],
          [
            73.852377,
            19.831854
          ],
          [
            73.851825,
            19.831778
          ],
          [
            73.851165,
            19.831728
          ],
          [
            73.850591,
            19.831731
          ],
          [
            73.84307,
            19.831809
          ],
          [
            73.842882,
            19.831814
          ],
          [
            73.842064,
            19.831762
          ],
          [
            73.841522,
            19.831686
          ],
          [
            73.840978,
            19.831622
          ],
          [
            73.840436,
            19.831516
          ],
          [
            73.839074,
            19.83135
          ],
          [
            73.838838,
            19.831309
          ],
          [
            73.83774,
            19.831182
          ],
          [
            73.837582,
            19.831168
          ],
          [
            73.835914,
            19.830941
          ],
          [
            73.835536,
            19.830909
          ],
          [
            73.835455,
            19.830859
          ],
          [
            73.83534,
            19.830724
          ],
          [
            73.834959,
            19.830406
          ],
          [
            73.834672,
            19.830056
          ],
          [
            73.834511,
            19.829809
          ],
          [
            73.834444,
            19.829608
          ],
          [
            73.834377,
            19.829148
          ],
          [
            73.834353,
            19.828695
          ],
          [
            73.834391,
            19.828463
          ],
          [
            73.834473,
            19.828234
          ],
          [
            73.834594,
            19.828019
          ],
          [
            73.83487,
            19.827568
          ],
          [
            73.835077,
            19.827186
          ],
          [
            73.835149,
            19.827027
          ],
          [
            73.835391,
            19.826372
          ],
          [
            73.835469,
            19.826091
          ],
          [
            73.835471,
            19.825953
          ],
          [
            73.835496,
            19.825607
          ],
          [
            73.83548,
            19.825384
          ],
          [
            73.835458,
            19.825062
          ],
          [
            73.83538,
            19.824692
          ],
          [
            73.835241,
            19.824328
          ],
          [
            73.835101,
            19.824031
          ],
          [
            73.834804,
            19.823512
          ],
          [
            73.834162,
            19.822416
          ],
          [
            73.833581,
            19.821398
          ],
          [
            73.833325,
            19.820983
          ],
          [
            73.832832,
            19.82013
          ],
          [
            73.832628,
            19.819787
          ],
          [
            73.832325,
            19.819288
          ],
          [
            73.832119,
            19.818984
          ],
          [
            73.831582,
            19.818429
          ],
          [
            73.831387,
            19.818239
          ],
          [
            73.831262,
            19.818131
          ],
          [
            73.831441,
            19.817714
          ],
          [
            73.831719,
            19.817308
          ],
          [
            73.831945,
            19.816816
          ],
          [
            73.832374,
            19.815965
          ],
          [
            73.832524,
            19.815481
          ],
          [
            73.832728,
            19.814888
          ],
          [
            73.83305,
            19.813979
          ],
          [
            73.833179,
            19.813565
          ],
          [
            73.833297,
            19.813303
          ],
          [
            73.833522,
            19.813129
          ],
          [
            73.833705,
            19.812879
          ],
          [
            73.833962,
            19.812614
          ],
          [
            73.83423,
            19.812455
          ],
          [
            73.834295,
            19.812222
          ],
          [
            73.834273,
            19.811978
          ],
          [
            73.834284,
            19.811799
          ],
          [
            73.834455,
            19.811211
          ],
          [
            73.834896,
            19.809874
          ],
          [
            73.834957,
            19.80969
          ],
          [
            73.835135,
            19.80917
          ],
          [
            73.835175,
            19.809039
          ],
          [
            73.835204,
            19.808937
          ],
          [
            73.835528,
            19.807799
          ],
          [
            73.83571,
            19.807204
          ],
          [
            73.835797,
            19.806509
          ],
          [
            73.835979,
            19.805811
          ],
          [
            73.836376,
            19.804811
          ],
          [
            73.836698,
            19.804056
          ],
          [
            73.837116,
            19.803491
          ],
          [
            73.837803,
            19.802846
          ],
          [
            73.838361,
            19.802169
          ],
          [
            73.838844,
            19.801584
          ],
          [
            73.839111,
            19.800976
          ],
          [
            73.839337,
            19.800352
          ],
          [
            73.839363,
            19.800128
          ],
          [
            73.839369,
            19.800081
          ],
          [
            73.839376,
            19.800041
          ],
          [
            73.839378,
            19.799985
          ],
          [
            73.839369,
            19.79995
          ],
          [
            73.839351,
            19.799904
          ],
          [
            73.839314,
            19.799859
          ],
          [
            73.839266,
            19.799824
          ],
          [
            73.839209,
            19.799788
          ],
          [
            73.839148,
            19.799765
          ],
          [
            73.839044,
            19.799721
          ],
          [
            73.838977,
            19.799676
          ],
          [
            73.838944,
            19.799642
          ],
          [
            73.838912,
            19.799577
          ],
          [
            73.838893,
            19.799512
          ],
          [
            73.838891,
            19.799454
          ],
          [
            73.838908,
            19.799391
          ],
          [
            73.838989,
            19.799239
          ],
          [
            73.839096,
            19.799044
          ],
          [
            73.839125,
            19.798962
          ],
          [
            73.839146,
            19.798876
          ],
          [
            73.839161,
            19.798775
          ],
          [
            73.83917,
            19.79864
          ],
          [
            73.839219,
            19.79842
          ],
          [
            73.83929,
            19.798192
          ],
          [
            73.83938,
            19.797907
          ],
          [
            73.839477,
            19.797536
          ],
          [
            73.839501,
            19.797313
          ],
          [
            73.839502,
            19.797232
          ],
          [
            73.839478,
            19.797078
          ],
          [
            73.839381,
            19.796623
          ],
          [
            73.839321,
            19.79633
          ],
          [
            73.839219,
            19.795858
          ],
          [
            73.839144,
            19.795323
          ],
          [
            73.839197,
            19.794828
          ],
          [
            73.839316,
            19.794517
          ],
          [
            73.83953,
            19.7937
          ],
          [
            73.839713,
            19.793094
          ],
          [
            73.839895,
            19.792538
          ],
          [
            73.839911,
            19.792393
          ],
          [
            73.839917,
            19.792155
          ],
          [
            73.839954,
            19.791978
          ],
          [
            73.840002,
            19.791822
          ],
          [
            73.840099,
            19.791746
          ],
          [
            73.84041,
            19.791724
          ],
          [
            73.84056,
            19.791655
          ],
          [
            73.840729,
            19.791532
          ],
          [
            73.840882,
            19.791385
          ],
          [
            73.840967,
            19.791274
          ],
          [
            73.841013,
            19.791186
          ],
          [
            73.841097,
            19.791117
          ],
          [
            73.841158,
            19.791085
          ],
          [
            73.841311,
            19.790989
          ],
          [
            73.841407,
            19.790883
          ],
          [
            73.841464,
            19.790772
          ],
          [
            73.841705,
            19.790394
          ],
          [
            73.841941,
            19.789967
          ],
          [
            73.842022,
            19.789737
          ],
          [
            73.842067,
            19.789402
          ],
          [
            73.842119,
            19.789066
          ],
          [
            73.842145,
            19.788872
          ],
          [
            73.842118,
            19.788609
          ],
          [
            73.84207,
            19.788425
          ],
          [
            73.841987,
            19.788251
          ],
          [
            73.841828,
            19.787999
          ],
          [
            73.841748,
            19.787797
          ],
          [
            73.841671,
            19.787706
          ],
          [
            73.841354,
            19.787277
          ],
          [
            73.841204,
            19.786976
          ],
          [
            73.841172,
            19.786774
          ],
          [
            73.84129,
            19.786552
          ],
          [
            73.841483,
            19.786542
          ],
          [
            73.84174,
            19.786532
          ],
          [
            73.841966,
            19.786471
          ],
          [
            73.842191,
            19.786411
          ],
          [
            73.842384,
            19.786411
          ],
          [
            73.842599,
            19.786481
          ],
          [
            73.84277,
            19.786461
          ],
          [
            73.842834,
            19.786237
          ],
          [
            73.842748,
            19.786045
          ],
          [
            73.842695,
            19.785845
          ],
          [
            73.842695,
            19.785694
          ],
          [
            73.842609,
            19.78552
          ],
          [
            73.842384,
            19.785563
          ],
          [
            73.842234,
            19.785603
          ],
          [
            73.841922,
            19.785682
          ],
          [
            73.841826,
            19.785661
          ],
          [
            73.841665,
            19.785563
          ],
          [
            73.841601,
            19.785381
          ],
          [
            73.841837,
            19.785389
          ],
          [
            73.841966,
            19.78532
          ],
          [
            73.842218,
            19.785102
          ],
          [
            73.842251,
            19.785055
          ],
          [
            73.84225,
            19.785016
          ],
          [
            73.842219,
            19.785001
          ],
          [
            73.842175,
            19.78501
          ],
          [
            73.84203,
            19.785048
          ],
          [
            73.841858,
            19.784947
          ],
          [
            73.841826,
            19.784755
          ],
          [
            73.841944,
            19.784743
          ],
          [
            73.842116,
            19.784665
          ],
          [
            73.842245,
            19.784584
          ],
          [
            73.842287,
            19.784379
          ],
          [
            73.842276,
            19.784288
          ],
          [
            73.842255,
            19.783907
          ],
          [
            73.842384,
            19.783645
          ],
          [
            73.842384,
            19.783372
          ],
          [
            73.842234,
            19.782948
          ],
          [
            73.842051,
            19.782835
          ],
          [
            73.84188,
            19.782706
          ],
          [
            73.841761,
            19.782693
          ],
          [
            73.841655,
            19.782928
          ],
          [
            73.84145,
            19.782966
          ],
          [
            73.8413,
            19.782875
          ],
          [
            73.841215,
            19.782595
          ],
          [
            73.841129,
            19.782322
          ],
          [
            73.841096,
            19.781977
          ],
          [
            73.841128,
            19.781805
          ],
          [
            73.841279,
            19.781583
          ],
          [
            73.841301,
            19.781333
          ],
          [
            73.841289,
            19.781048
          ],
          [
            73.841268,
            19.780745
          ],
          [
            73.841279,
            19.780533
          ],
          [
            73.841343,
            19.780321
          ],
          [
            73.841333,
            19.77995
          ],
          [
            73.8413,
            19.779503
          ],
          [
            73.84139,
            19.778994
          ],
          [
            73.841472,
            19.778382
          ],
          [
            73.841767,
            19.777498
          ],
          [
            73.841931,
            19.776962
          ],
          [
            73.842063,
            19.77655
          ],
          [
            73.84208,
            19.776295
          ],
          [
            73.842071,
            19.775968
          ],
          [
            73.842115,
            19.775788
          ],
          [
            73.842204,
            19.775647
          ],
          [
            73.842326,
            19.775501
          ],
          [
            73.842545,
            19.775224
          ],
          [
            73.842729,
            19.774654
          ],
          [
            73.842815,
            19.774297
          ],
          [
            73.843005,
            19.773958
          ],
          [
            73.843215,
            19.773697
          ],
          [
            73.843339,
            19.773478
          ],
          [
            73.843435,
            19.773183
          ],
          [
            73.843575,
            19.772741
          ],
          [
            73.843575,
            19.772377
          ],
          [
            73.843511,
            19.771822
          ],
          [
            73.843478,
            19.771517
          ],
          [
            73.84335,
            19.771156
          ],
          [
            73.843221,
            19.770871
          ],
          [
            73.843092,
            19.770568
          ],
          [
            73.842942,
            19.770045
          ],
          [
            73.842952,
            19.769599
          ],
          [
            73.842856,
            19.769367
          ],
          [
            73.842749,
            19.769137
          ],
          [
            73.842673,
            19.768872
          ],
          [
            73.842706,
            19.768589
          ],
          [
            73.842781,
            19.768258
          ],
          [
            73.842846,
            19.768026
          ],
          [
            73.843114,
            19.767693
          ],
          [
            73.843263,
            19.767509
          ],
          [
            73.843328,
            19.767259
          ],
          [
            73.843736,
            19.766974
          ],
          [
            73.844079,
            19.766772
          ],
          [
            73.844186,
            19.766449
          ],
          [
            73.844154,
            19.766158
          ],
          [
            73.844154,
            19.765795
          ],
          [
            73.844101,
            19.765492
          ],
          [
            73.843864,
            19.764985
          ],
          [
            73.843725,
            19.764581
          ],
          [
            73.843532,
            19.764248
          ],
          [
            73.84349,
            19.763953
          ],
          [
            73.843479,
            19.763876
          ],
          [
            73.843543,
            19.763311
          ],
          [
            73.843725,
            19.762967
          ],
          [
            73.843929,
            19.762644
          ],
          [
            73.844208,
            19.762361
          ],
          [
            73.844369,
            19.762099
          ],
          [
            73.844648,
            19.761634
          ],
          [
            73.844926,
            19.761309
          ],
          [
            73.845109,
            19.76119
          ],
          [
            73.845302,
            19.761109
          ],
          [
            73.845516,
            19.761006
          ],
          [
            73.845646,
            19.760746
          ],
          [
            73.845893,
            19.760393
          ],
          [
            73.846096,
            19.76017
          ],
          [
            73.846407,
            19.759795
          ],
          [
            73.84689,
            19.759373
          ],
          [
            73.847105,
            19.759171
          ],
          [
            73.847577,
            19.758757
          ],
          [
            73.847845,
            19.758512
          ],
          [
            73.848006,
            19.75825
          ],
          [
            73.848167,
            19.757959
          ],
          [
            73.848285,
            19.757666
          ],
          [
            73.848618,
            19.757252
          ],
          [
            73.849046,
            19.756554
          ],
          [
            73.849176,
            19.756112
          ],
          [
            73.849486,
            19.755907
          ],
          [
            73.849722,
            19.755796
          ],
          [
            73.849937,
            19.755748
          ],
          [
            73.850109,
            19.755769
          ],
          [
            73.850313,
            19.755839
          ],
          [
            73.850538,
            19.75595
          ],
          [
            73.850999,
            19.756082
          ],
          [
            73.851764,
            19.756018
          ],
          [
            73.852126,
            19.75594
          ],
          [
            73.852416,
            19.755769
          ],
          [
            73.852909,
            19.755132
          ],
          [
            73.853092,
            19.754819
          ],
          [
            73.853381,
            19.754759
          ],
          [
            73.853843,
            19.754759
          ],
          [
            73.854357,
            19.754766
          ],
          [
            73.854701,
            19.754567
          ],
          [
            73.855152,
            19.754628
          ],
          [
            73.855527,
            19.754749
          ],
          [
            73.855656,
            19.7549
          ],
          [
            73.855774,
            19.755011
          ],
          [
            73.855999,
            19.755173
          ],
          [
            73.856278,
            19.755233
          ],
          [
            73.856568,
            19.755324
          ],
          [
            73.856836,
            19.755405
          ],
          [
            73.857018,
            19.755425
          ],
          [
            73.857179,
            19.755302
          ],
          [
            73.857405,
            19.755153
          ],
          [
            73.857705,
            19.755052
          ],
          [
            73.858467,
            19.754799
          ],
          [
            73.858799,
            19.754769
          ],
          [
            73.859057,
            19.754739
          ],
          [
            73.859475,
            19.754625
          ],
          [
            73.859894,
            19.754496
          ],
          [
            73.860312,
            19.754476
          ],
          [
            73.86072,
            19.754466
          ],
          [
            73.861417,
            19.754628
          ],
          [
            73.861921,
            19.754736
          ],
          [
            73.8622,
            19.754746
          ],
          [
            73.862672,
            19.754605
          ],
          [
            73.862908,
            19.754534
          ],
          [
            73.863316,
            19.754504
          ],
          [
            73.863713,
            19.754443
          ],
          [
            73.86397,
            19.754373
          ],
          [
            73.864099,
            19.754474
          ],
          [
            73.864238,
            19.754585
          ],
          [
            73.864496,
            19.754948
          ],
          [
            73.864893,
            19.755483
          ],
          [
            73.864989,
            19.755615
          ],
          [
            73.865129,
            19.755635
          ],
          [
            73.86559,
            19.755604
          ],
          [
            73.865912,
            19.755604
          ],
          [
            73.866352,
            19.755554
          ],
          [
            73.86676,
            19.755423
          ],
          [
            73.867146,
            19.755322
          ],
          [
            73.867511,
            19.755201
          ],
          [
            73.867768,
            19.75516
          ],
          [
            73.867897,
            19.755211
          ],
          [
            73.867993,
            19.755281
          ],
          [
            73.868122,
            19.755413
          ],
          [
            73.868315,
            19.755413
          ],
          [
            73.868562,
            19.755332
          ],
          [
            73.868884,
            19.755302
          ],
          [
            73.869184,
            19.755312
          ],
          [
            73.869431,
            19.755342
          ],
          [
            73.87001,
            19.755493
          ],
          [
            73.870171,
            19.755584
          ],
          [
            73.870547,
            19.755695
          ],
          [
            73.870837,
            19.755837
          ],
          [
            73.871083,
            19.755716
          ],
          [
            73.871255,
            19.755564
          ],
          [
            73.871514,
            19.755502
          ],
          [
            73.87188,
            19.755421
          ],
          [
            73.872038,
            19.755312
          ],
          [
            73.872392,
            19.755362
          ],
          [
            73.872832,
            19.755796
          ],
          [
            73.872961,
            19.755938
          ],
          [
            73.873079,
            19.756039
          ],
          [
            73.873315,
            19.756099
          ],
          [
            73.873444,
            19.756362
          ],
          [
            73.873626,
            19.756544
          ],
          [
            73.87369,
            19.756786
          ],
          [
            73.874098,
            19.757149
          ],
          [
            73.874699,
            19.757654
          ],
          [
            73.874924,
            19.757785
          ],
          [
            73.875235,
            19.757927
          ],
          [
            73.87575,
            19.757876
          ],
          [
            73.876094,
            19.757947
          ],
          [
            73.876544,
            19.758028
          ],
          [
            73.876727,
            19.758139
          ],
          [
            73.876823,
            19.75828
          ],
          [
            73.876963,
            19.758462
          ],
          [
            73.877156,
            19.758563
          ],
          [
            73.877317,
            19.758765
          ],
          [
            73.877499,
            19.758866
          ],
          [
            73.877588,
            19.758965
          ],
          [
            73.877671,
            19.759058
          ],
          [
            73.877842,
            19.759361
          ],
          [
            73.878111,
            19.759482
          ],
          [
            73.878325,
            19.759552
          ],
          [
            73.878593,
            19.759633
          ],
          [
            73.87883,
            19.759563
          ],
          [
            73.87913,
            19.759482
          ],
          [
            73.879323,
            19.759452
          ],
          [
            73.879505,
            19.759401
          ],
          [
            73.879806,
            19.759512
          ],
          [
            73.879902,
            19.759633
          ],
          [
            73.879988,
            19.759835
          ],
          [
            73.880192,
            19.759926
          ]
        ],
        "type": "LineString"
      }
    },
    {
      "type": "Feature",
      "properties": {
        "name": "Samruddhi Mahamarg",
        "nameHindi": "समृद्धी महामार्ग",
        "roadType": "Expressway",
        "from": "Nashik",
        "to": "Pune / Nagpur",
        "distance": "230 km",
        "states": "Maharashtra, Telangana, Andhrapradesh, Chhatisgadh",
        "lineType": "expressway"
      },
      "geometry": {
        "coordinates": [
          [
            73.769835,
            19.950003
          ],
          [
            73.769824,
            19.949396
          ],
          [
            73.770832,
            19.94936
          ],
          [
            73.770875,
            19.949277
          ],
          [
            73.771445,
            19.94822
          ],
          [
            73.771496,
            19.948117
          ],
          [
            73.77158,
            19.947935
          ],
          [
            73.771785,
            19.947638
          ],
          [
            73.772144,
            19.947079
          ],
          [
            73.772379,
            19.946714
          ],
          [
            73.772651,
            19.946316
          ],
          [
            73.772846,
            19.945985
          ],
          [
            73.773177,
            19.94547
          ],
          [
            73.773284,
            19.945303
          ],
          [
            73.773525,
            19.944966
          ],
          [
            73.773665,
            19.944892
          ],
          [
            73.774024,
            19.944213
          ],
          [
            73.774061,
            19.94422
          ],
          [
            73.774082,
            19.944217
          ],
          [
            73.774107,
            19.944205
          ],
          [
            73.774127,
            19.944187
          ],
          [
            73.774139,
            19.944164
          ],
          [
            73.774143,
            19.944138
          ],
          [
            73.774257,
            19.944004
          ],
          [
            73.774496,
            19.943792
          ],
          [
            73.774593,
            19.94366
          ],
          [
            73.775634,
            19.943291
          ],
          [
            73.776306,
            19.943025
          ],
          [
            73.776366,
            19.942998
          ],
          [
            73.776691,
            19.942868
          ],
          [
            73.777727,
            19.942453
          ],
          [
            73.778617,
            19.942097
          ],
          [
            73.779245,
            19.941845
          ],
          [
            73.780916,
            19.941714
          ],
          [
            73.784138,
            19.941462
          ],
          [
            73.784903,
            19.941617
          ],
          [
            73.789424,
            19.942533
          ],
          [
            73.79051,
            19.942753
          ],
          [
            73.791263,
            19.942815
          ],
          [
            73.791303,
            19.942818
          ],
          [
            73.791458,
            19.942831
          ],
          [
            73.791804,
            19.94286
          ],
          [
            73.792575,
            19.942923
          ],
          [
            73.794161,
            19.943054
          ],
          [
            73.794198,
            19.943057
          ],
          [
            73.796861,
            19.943277
          ],
          [
            73.797211,
            19.94323
          ],
          [
            73.797579,
            19.94318
          ],
          [
            73.797776,
            19.943153
          ],
          [
            73.801217,
            19.942687
          ],
          [
            73.801827,
            19.942604
          ],
          [
            73.802333,
            19.942531
          ],
          [
            73.802751,
            19.942453
          ],
          [
            73.808105,
            19.941462
          ],
          [
            73.809039,
            19.941616
          ],
          [
            73.809569,
            19.941601
          ],
          [
            73.810382,
            19.941489
          ],
          [
            73.810695,
            19.941358
          ],
          [
            73.810529,
            19.939334
          ],
          [
            73.810458,
            19.937657
          ],
          [
            73.810572,
            19.936248
          ],
          [
            73.810587,
            19.936074
          ],
          [
            73.810642,
            19.935761
          ],
          [
            73.810733,
            19.935247
          ],
          [
            73.810851,
            19.934583
          ],
          [
            73.810965,
            19.934083
          ],
          [
            73.810991,
            19.933968
          ],
          [
            73.811145,
            19.933905
          ],
          [
            73.811409,
            19.933918
          ],
          [
            73.811863,
            19.934026
          ],
          [
            73.812335,
            19.933956
          ],
          [
            73.81253,
            19.933888
          ],
          [
            73.812825,
            19.933784
          ],
          [
            73.813087,
            19.933692
          ],
          [
            73.81314,
            19.933673
          ],
          [
            73.813984,
            19.93347
          ],
          [
            73.814395,
            19.933371
          ],
          [
            73.814471,
            19.933355
          ],
          [
            73.81466,
            19.933353
          ],
          [
            73.814838,
            19.933392
          ],
          [
            73.814982,
            19.933423
          ],
          [
            73.815486,
            19.934018
          ],
          [
            73.815678,
            19.934241
          ],
          [
            73.816209,
            19.934854
          ],
          [
            73.816487,
            19.934995
          ],
          [
            73.81714,
            19.935139
          ],
          [
            73.817235,
            19.935167
          ],
          [
            73.81743,
            19.935219
          ],
          [
            73.818506,
            19.935468
          ],
          [
            73.820407,
            19.935909
          ],
          [
            73.820518,
            19.935935
          ],
          [
            73.821095,
            19.936073
          ],
          [
            73.821183,
            19.936096
          ],
          [
            73.82168,
            19.936326
          ],
          [
            73.821755,
            19.936377
          ],
          [
            73.822202,
            19.93652
          ],
          [
            73.823461,
            19.936719
          ],
          [
            73.823639,
            19.936762
          ],
          [
            73.823961,
            19.93684
          ],
          [
            73.824176,
            19.936883
          ],
          [
            73.824702,
            19.936933
          ],
          [
            73.825525,
            19.936965
          ],
          [
            73.826229,
            19.936992
          ],
          [
            73.826583,
            19.937032
          ],
          [
            73.827742,
            19.937163
          ],
          [
            73.828206,
            19.937216
          ],
          [
            73.830059,
            19.937425
          ],
          [
            73.830292,
            19.937407
          ],
          [
            73.830413,
            19.937369
          ],
          [
            73.83051,
            19.937339
          ],
          [
            73.830835,
            19.937244
          ],
          [
            73.83129,
            19.937095
          ],
          [
            73.831633,
            19.937085
          ],
          [
            73.831829,
            19.9371
          ],
          [
            73.83202,
            19.937115
          ],
          [
            73.832619,
            19.937163
          ],
          [
            73.832739,
            19.937173
          ],
          [
            73.832912,
            19.937187
          ],
          [
            73.833543,
            19.937237
          ],
          [
            73.834514,
            19.937315
          ],
          [
            73.834541,
            19.937231
          ],
          [
            73.834584,
            19.937101
          ],
          [
            73.83454,
            19.93643
          ],
          [
            73.834444,
            19.934927
          ],
          [
            73.834398,
            19.934204
          ],
          [
            73.834266,
            19.932145
          ],
          [
            73.834239,
            19.931708
          ],
          [
            73.834223,
            19.931467
          ],
          [
            73.834205,
            19.931194
          ],
          [
            73.834204,
            19.931174
          ],
          [
            73.834201,
            19.93113
          ],
          [
            73.834174,
            19.930639
          ],
          [
            73.834066,
            19.929499
          ],
          [
            73.833956,
            19.928335
          ],
          [
            73.83393,
            19.928218
          ],
          [
            73.833892,
            19.928052
          ],
          [
            73.833895,
            19.92786
          ],
          [
            73.833914,
            19.926851
          ],
          [
            73.833815,
            19.925601
          ],
          [
            73.833746,
            19.92472
          ],
          [
            73.833732,
            19.924513
          ],
          [
            73.833711,
            19.924198
          ],
          [
            73.833696,
            19.923977
          ],
          [
            73.833658,
            19.923406
          ],
          [
            73.833606,
            19.922627
          ],
          [
            73.833521,
            19.921364
          ],
          [
            73.833462,
            19.920476
          ],
          [
            73.833427,
            19.919953
          ],
          [
            73.83336,
            19.918965
          ],
          [
            73.833338,
            19.91852
          ],
          [
            73.833215,
            19.916024
          ],
          [
            73.833208,
            19.915867
          ],
          [
            73.833187,
            19.915449
          ],
          [
            73.833145,
            19.914601
          ],
          [
            73.833141,
            19.914517
          ],
          [
            73.833136,
            19.914416
          ],
          [
            73.833121,
            19.91411
          ],
          [
            73.833071,
            19.913104
          ],
          [
            73.833065,
            19.912791
          ],
          [
            73.832969,
            19.908196
          ],
          [
            73.83294,
            19.906822
          ],
          [
            73.832926,
            19.906081
          ],
          [
            73.832912,
            19.905327
          ],
          [
            73.832908,
            19.905147
          ],
          [
            73.832898,
            19.904593
          ],
          [
            73.832895,
            19.904417
          ],
          [
            73.832786,
            19.903061
          ],
          [
            73.832775,
            19.902974
          ],
          [
            73.832743,
            19.902656
          ],
          [
            73.832708,
            19.902548
          ],
          [
            73.832642,
            19.902453
          ],
          [
            73.832131,
            19.901891
          ],
          [
            73.832026,
            19.901737
          ],
          [
            73.832002,
            19.901493
          ],
          [
            73.832147,
            19.901231
          ],
          [
            73.832163,
            19.901212
          ],
          [
            73.832345,
            19.901003
          ],
          [
            73.832493,
            19.900872
          ],
          [
            73.832583,
            19.90077
          ],
          [
            73.832661,
            19.900603
          ],
          [
            73.832691,
            19.900002
          ],
          [
            73.832692,
            19.899809
          ],
          [
            73.83269,
            19.899379
          ],
          [
            73.832682,
            19.899026
          ],
          [
            73.83272,
            19.898695
          ],
          [
            73.832783,
            19.898471
          ],
          [
            73.832803,
            19.898403
          ],
          [
            73.832851,
            19.898143
          ],
          [
            73.832859,
            19.897931
          ],
          [
            73.832789,
            19.897687
          ],
          [
            73.832674,
            19.897613
          ],
          [
            73.83254,
            19.897581
          ],
          [
            73.832333,
            19.897571
          ],
          [
            73.832175,
            19.897558
          ],
          [
            73.831765,
            19.897553
          ],
          [
            73.831685,
            19.896693
          ],
          [
            73.831688,
            19.896594
          ],
          [
            73.831697,
            19.896512
          ],
          [
            73.83171,
            19.89636
          ],
          [
            73.832082,
            19.895787
          ],
          [
            73.832166,
            19.895655
          ],
          [
            73.832219,
            19.895571
          ],
          [
            73.832385,
            19.895412
          ],
          [
            73.832496,
            19.895195
          ],
          [
            73.832621,
            19.894842
          ],
          [
            73.832672,
            19.894595
          ],
          [
            73.832886,
            19.894131
          ],
          [
            73.833254,
            19.893548
          ],
          [
            73.833262,
            19.89322
          ],
          [
            73.833214,
            19.89286
          ],
          [
            73.833018,
            19.891227
          ],
          [
            73.832998,
            19.89108
          ],
          [
            73.832944,
            19.890682
          ],
          [
            73.832854,
            19.890029
          ],
          [
            73.83282,
            19.889785
          ],
          [
            73.832779,
            19.88949
          ],
          [
            73.832739,
            19.88808
          ],
          [
            73.832978,
            19.886763
          ],
          [
            73.833057,
            19.886016
          ],
          [
            73.833068,
            19.885918
          ],
          [
            73.833151,
            19.885071
          ],
          [
            73.833168,
            19.884653
          ],
          [
            73.833174,
            19.883741
          ],
          [
            73.83318,
            19.882798
          ],
          [
            73.833187,
            19.881802
          ],
          [
            73.833187,
            19.881696
          ],
          [
            73.833188,
            19.881188
          ],
          [
            73.833291,
            19.881068
          ],
          [
            73.833389,
            19.881016
          ],
          [
            73.83455,
            19.880405
          ],
          [
            73.83507,
            19.880123
          ],
          [
            73.835212,
            19.880052
          ],
          [
            73.835359,
            19.880023
          ],
          [
            73.835632,
            19.880013
          ],
          [
            73.835818,
            19.879976
          ],
          [
            73.836106,
            19.879853
          ],
          [
            73.836974,
            19.879497
          ],
          [
            73.83717,
            19.879405
          ],
          [
            73.837279,
            19.879359
          ],
          [
            73.837343,
            19.879328
          ],
          [
            73.837376,
            19.879294
          ],
          [
            73.837637,
            19.878929
          ],
          [
            73.837836,
            19.878587
          ],
          [
            73.838091,
            19.878087
          ],
          [
            73.838174,
            19.87791
          ],
          [
            73.838341,
            19.876921
          ],
          [
            73.838373,
            19.876625
          ],
          [
            73.838382,
            19.876546
          ],
          [
            73.838458,
            19.875848
          ],
          [
            73.838513,
            19.875347
          ],
          [
            73.83838,
            19.874457
          ],
          [
            73.838147,
            19.873958
          ],
          [
            73.837607,
            19.872802
          ],
          [
            73.837342,
            19.871978
          ],
          [
            73.836938,
            19.871069
          ],
          [
            73.83632,
            19.869735
          ],
          [
            73.835976,
            19.868645
          ],
          [
            73.835976,
            19.867919
          ],
          [
            73.836277,
            19.866627
          ],
          [
            73.836624,
            19.865499
          ],
          [
            73.837145,
            19.864795
          ],
          [
            73.837311,
            19.864571
          ],
          [
            73.839714,
            19.862351
          ],
          [
            73.841259,
            19.860817
          ],
          [
            73.842547,
            19.859525
          ],
          [
            73.845088,
            19.856431
          ],
          [
            73.845165,
            19.856337
          ],
          [
            73.846495,
            19.853713
          ],
          [
            73.847096,
            19.85339
          ],
          [
            73.847911,
            19.85343
          ],
          [
            73.850484,
            19.853693
          ],
          [
            73.851493,
            19.853773
          ],
          [
            73.851793,
            19.853693
          ],
          [
            73.85321,
            19.852885
          ],
          [
            73.853521,
            19.852623
          ],
          [
            73.853564,
            19.852118
          ],
          [
            73.853926,
            19.849301
          ],
          [
            73.854358,
            19.846538
          ],
          [
            73.854616,
            19.844092
          ],
          [
            73.854649,
            19.843779
          ],
          [
            73.855203,
            19.838537
          ],
          [
            73.855546,
            19.833774
          ],
          [
            73.855411,
            19.832332
          ],
          [
            73.855336,
            19.831672
          ],
          [
            73.85526,
            19.830821
          ],
          [
            73.855204,
            19.830204
          ],
          [
            73.855228,
            19.829891
          ],
          [
            73.85526,
            19.829483
          ],
          [
            73.85526,
            19.829124
          ],
          [
            73.85526,
            19.82899
          ],
          [
            73.855356,
            19.82871
          ],
          [
            73.855688,
            19.828373
          ],
          [
            73.855875,
            19.828183
          ],
          [
            73.856185,
            19.827996
          ],
          [
            73.856358,
            19.827938
          ],
          [
            73.856503,
            19.827865
          ],
          [
            73.856578,
            19.827794
          ],
          [
            73.856644,
            19.827656
          ],
          [
            73.856813,
            19.827269
          ],
          [
            73.856843,
            19.827206
          ],
          [
            73.857365,
            19.826132
          ],
          [
            73.857626,
            19.825695
          ],
          [
            73.857699,
            19.825571
          ],
          [
            73.857742,
            19.825516
          ],
          [
            73.857827,
            19.825394
          ],
          [
            73.857887,
            19.825317
          ],
          [
            73.857967,
            19.825226
          ],
          [
            73.858048,
            19.825163
          ],
          [
            73.858222,
            19.825084
          ],
          [
            73.858334,
            19.825046
          ],
          [
            73.858519,
            19.825047
          ],
          [
            73.858618,
            19.825048
          ],
          [
            73.85867,
            19.825038
          ],
          [
            73.858732,
            19.82501
          ],
          [
            73.858779,
            19.824986
          ],
          [
            73.858812,
            19.82496
          ],
          [
            73.858839,
            19.824913
          ],
          [
            73.858853,
            19.824834
          ],
          [
            73.85887,
            19.82471
          ],
          [
            73.859015,
            19.823658
          ],
          [
            73.859049,
            19.823437
          ],
          [
            73.859194,
            19.823299
          ],
          [
            73.859477,
            19.823271
          ],
          [
            73.859731,
            19.823243
          ],
          [
            73.859994,
            19.823152
          ],
          [
            73.860526,
            19.822816
          ],
          [
            73.861063,
            19.822472
          ],
          [
            73.861259,
            19.822197
          ],
          [
            73.861683,
            19.821549
          ],
          [
            73.861927,
            19.821094
          ],
          [
            73.86203,
            19.820837
          ],
          [
            73.862245,
            19.820654
          ],
          [
            73.862498,
            19.820438
          ],
          [
            73.862645,
            19.820089
          ],
          [
            73.863111,
            19.81896
          ],
          [
            73.863153,
            19.818812
          ],
          [
            73.863455,
            19.817559
          ],
          [
            73.863895,
            19.815601
          ],
          [
            73.863973,
            19.815079
          ],
          [
            73.864075,
            19.814353
          ],
          [
            73.864251,
            19.813756
          ],
          [
            73.864387,
            19.813577
          ],
          [
            73.865144,
            19.813003
          ],
          [
            73.865248,
            19.8129
          ],
          [
            73.865367,
            19.812783
          ],
          [
            73.865564,
            19.81259
          ],
          [
            73.866145,
            19.811878
          ],
          [
            73.866525,
            19.811437
          ],
          [
            73.866755,
            19.810858
          ],
          [
            73.866843,
            19.809871
          ],
          [
            73.866916,
            19.806877
          ],
          [
            73.866838,
            19.805329
          ],
          [
            73.866843,
            19.805169
          ],
          [
            73.867155,
            19.805113
          ],
          [
            73.868058,
            19.804966
          ],
          [
            73.868859,
            19.804709
          ],
          [
            73.86984,
            19.804158
          ],
          [
            73.871358,
            19.803217
          ],
          [
            73.872632,
            19.802436
          ],
          [
            73.87354,
            19.802013
          ],
          [
            73.874926,
            19.801517
          ],
          [
            73.876278,
            19.801049
          ],
          [
            73.877659,
            19.800585
          ],
          [
            73.879192,
            19.800039
          ],
          [
            73.879695,
            19.799915
          ],
          [
            73.879839,
            19.799972
          ],
          [
            73.880017,
            19.799958
          ],
          [
            73.880141,
            19.799903
          ],
          [
            73.880207,
            19.7998
          ],
          [
            73.880288,
            19.799713
          ],
          [
            73.880412,
            19.799676
          ],
          [
            73.880622,
            19.799662
          ],
          [
            73.880883,
            19.799641
          ],
          [
            73.881045,
            19.799628
          ],
          [
            73.881169,
            19.799547
          ],
          [
            73.881452,
            19.799295
          ],
          [
            73.881599,
            19.79912
          ],
          [
            73.881696,
            19.798868
          ],
          [
            73.88176,
            19.798705
          ],
          [
            73.881855,
            19.798615
          ],
          [
            73.882018,
            19.798548
          ],
          [
            73.882292,
            19.798507
          ],
          [
            73.882726,
            19.798491
          ],
          [
            73.883087,
            19.798525
          ],
          [
            73.883558,
            19.798652
          ],
          [
            73.883951,
            19.798702
          ],
          [
            73.884168,
            19.798711
          ],
          [
            73.884393,
            19.798672
          ],
          [
            73.884544,
            19.798613
          ],
          [
            73.884644,
            19.798546
          ],
          [
            73.884784,
            19.79839
          ],
          [
            73.884962,
            19.798144
          ],
          [
            73.885101,
            19.798105
          ],
          [
            73.885538,
            19.798064
          ],
          [
            73.885833,
            19.798057
          ],
          [
            73.886511,
            19.798119
          ],
          [
            73.887283,
            19.79814
          ],
          [
            73.888095,
            19.798128
          ],
          [
            73.888437,
            19.798137
          ],
          [
            73.888879,
            19.798034
          ],
          [
            73.88926,
            19.797965
          ],
          [
            73.889626,
            19.797958
          ],
          [
            73.890136,
            19.797903
          ],
          [
            73.890736,
            19.797793
          ],
          [
            73.891764,
            19.797632
          ],
          [
            73.892379,
            19.797568
          ],
          [
            73.89313,
            19.797481
          ],
          [
            73.893655,
            19.797336
          ],
          [
            73.894024,
            19.797276
          ],
          [
            73.894277,
            19.797311
          ],
          [
            73.894608,
            19.797422
          ],
          [
            73.895375,
            19.797604
          ],
          [
            73.896034,
            19.797792
          ],
          [
            73.896126,
            19.797832
          ],
          [
            73.89642,
            19.797961
          ],
          [
            73.896873,
            19.798263
          ],
          [
            73.897047,
            19.798363
          ],
          [
            73.897299,
            19.798507
          ],
          [
            73.897677,
            19.798627
          ],
          [
            73.897932,
            19.798677
          ],
          [
            73.898269,
            19.798695
          ],
          [
            73.898662,
            19.798768
          ],
          [
            73.898743,
            19.798783
          ],
          [
            73.899356,
            19.798943
          ],
          [
            73.899881,
            19.799041
          ],
          [
            73.899994,
            19.799083
          ],
          [
            73.900409,
            19.799138
          ],
          [
            73.900673,
            19.799156
          ],
          [
            73.901006,
            19.799193
          ],
          [
            73.901524,
            19.799236
          ],
          [
            73.90215,
            19.799341
          ],
          [
            73.902619,
            19.799432
          ],
          [
            73.903175,
            19.799536
          ],
          [
            73.903846,
            19.799645
          ],
          [
            73.904452,
            19.799744
          ],
          [
            73.904751,
            19.799843
          ],
          [
            73.90493,
            19.799851
          ],
          [
            73.905096,
            19.799832
          ],
          [
            73.905232,
            19.799767
          ],
          [
            73.905457,
            19.799633
          ],
          [
            73.905584,
            19.79951
          ],
          [
            73.905669,
            19.799471
          ],
          [
            73.905748,
            19.799474
          ],
          [
            73.905807,
            19.799497
          ],
          [
            73.905852,
            19.799554
          ],
          [
            73.905914,
            19.799653
          ],
          [
            73.905938,
            19.799838
          ],
          [
            73.905988,
            19.79994
          ],
          [
            73.906178,
            19.80003
          ],
          [
            73.906604,
            19.800207
          ],
          [
            73.906772,
            19.80027
          ],
          [
            73.906863,
            19.800263
          ],
          [
            73.907032,
            19.800257
          ],
          [
            73.907091,
            19.800293
          ],
          [
            73.907196,
            19.800346
          ],
          [
            73.907339,
            19.800544
          ],
          [
            73.907515,
            19.800634
          ],
          [
            73.907857,
            19.800695
          ],
          [
            73.908075,
            19.800663
          ],
          [
            73.908197,
            19.800619
          ],
          [
            73.908251,
            19.800556
          ],
          [
            73.908256,
            19.800439
          ],
          [
            73.908249,
            19.800356
          ],
          [
            73.90825,
            19.80027
          ],
          [
            73.908274,
            19.80024
          ],
          [
            73.908305,
            19.800221
          ],
          [
            73.90838,
            19.800203
          ],
          [
            73.908452,
            19.800213
          ],
          [
            73.908547,
            19.800174
          ],
          [
            73.908623,
            19.80014
          ],
          [
            73.90873,
            19.800127
          ],
          [
            73.908815,
            19.800124
          ],
          [
            73.908868,
            19.800109
          ],
          [
            73.908899,
            19.800063
          ],
          [
            73.908892,
            19.800014
          ],
          [
            73.908847,
            19.799992
          ],
          [
            73.908803,
            19.799986
          ],
          [
            73.908739,
            19.799983
          ],
          [
            73.908473,
            19.79997
          ],
          [
            73.908299,
            19.799974
          ],
          [
            73.908145,
            19.799978
          ],
          [
            73.908001,
            19.799977
          ],
          [
            73.90795,
            19.799962
          ],
          [
            73.907907,
            19.799937
          ],
          [
            73.907887,
            19.799873
          ],
          [
            73.907892,
            19.79977
          ],
          [
            73.907949,
            19.799542
          ],
          [
            73.907971,
            19.79948
          ],
          [
            73.908011,
            19.799433
          ],
          [
            73.908064,
            19.7994
          ],
          [
            73.908143,
            19.799381
          ],
          [
            73.908263,
            19.799369
          ],
          [
            73.908394,
            19.799344
          ],
          [
            73.908549,
            19.799323
          ],
          [
            73.908717,
            19.799294
          ],
          [
            73.908843,
            19.799266
          ],
          [
            73.90902,
            19.799192
          ],
          [
            73.909062,
            19.799143
          ],
          [
            73.909184,
            19.799013
          ],
          [
            73.90926,
            19.798934
          ],
          [
            73.909338,
            19.798882
          ],
          [
            73.909514,
            19.798862
          ],
          [
            73.909617,
            19.798836
          ],
          [
            73.90973,
            19.798776
          ],
          [
            73.909987,
            19.798609
          ],
          [
            73.910271,
            19.79824
          ],
          [
            73.910536,
            19.797912
          ],
          [
            73.910648,
            19.797716
          ],
          [
            73.910718,
            19.797407
          ],
          [
            73.9108,
            19.797201
          ],
          [
            73.910808,
            19.797048
          ],
          [
            73.910794,
            19.79688
          ],
          [
            73.910822,
            19.796813
          ],
          [
            73.910879,
            19.79678
          ],
          [
            73.911003,
            19.796774
          ],
          [
            73.911124,
            19.796779
          ],
          [
            73.911228,
            19.796764
          ],
          [
            73.911316,
            19.796712
          ],
          [
            73.911528,
            19.796581
          ],
          [
            73.911763,
            19.796298
          ],
          [
            73.912078,
            19.795967
          ],
          [
            73.912265,
            19.795787
          ],
          [
            73.912503,
            19.795649
          ],
          [
            73.913021,
            19.795322
          ],
          [
            73.913547,
            19.794933
          ],
          [
            73.91403,
            19.794653
          ],
          [
            73.914603,
            19.794338
          ],
          [
            73.915069,
            19.794113
          ],
          [
            73.91552,
            19.793882
          ],
          [
            73.916073,
            19.793622
          ],
          [
            73.916665,
            19.793333
          ],
          [
            73.917149,
            19.793129
          ],
          [
            73.91751,
            19.792955
          ],
          [
            73.917635,
            19.792895
          ],
          [
            73.918783,
            19.792513
          ],
          [
            73.919242,
            19.792322
          ],
          [
            73.919301,
            19.792314
          ],
          [
            73.919479,
            19.79196
          ],
          [
            73.919787,
            19.791385
          ],
          [
            73.919906,
            19.791062
          ],
          [
            73.919978,
            19.790634
          ],
          [
            73.920085,
            19.790171
          ],
          [
            73.920103,
            19.789891
          ],
          [
            73.920099,
            19.78967
          ],
          [
            73.920062,
            19.789333
          ],
          [
            73.920006,
            19.789046
          ],
          [
            73.919944,
            19.788741
          ],
          [
            73.919858,
            19.788215
          ],
          [
            73.91976,
            19.787719
          ],
          [
            73.919683,
            19.787219
          ],
          [
            73.919615,
            19.786791
          ],
          [
            73.919574,
            19.786257
          ],
          [
            73.919556,
            19.78596
          ],
          [
            73.919572,
            19.78574
          ],
          [
            73.919626,
            19.785609
          ],
          [
            73.919806,
            19.785327
          ],
          [
            73.919917,
            19.785244
          ],
          [
            73.919946,
            19.785105
          ],
          [
            73.919994,
            19.784928
          ],
          [
            73.920078,
            19.784677
          ],
          [
            73.920083,
            19.784502
          ],
          [
            73.92004,
            19.784323
          ],
          [
            73.919978,
            19.784128
          ],
          [
            73.919901,
            19.783979
          ],
          [
            73.919799,
            19.783887
          ],
          [
            73.919774,
            19.783761
          ],
          [
            73.919774,
            19.783619
          ],
          [
            73.919844,
            19.783543
          ],
          [
            73.919935,
            19.783474
          ],
          [
            73.920144,
            19.783389
          ],
          [
            73.92033,
            19.783314
          ],
          [
            73.920433,
            19.783222
          ],
          [
            73.920501,
            19.783062
          ],
          [
            73.920555,
            19.782899
          ],
          [
            73.920605,
            19.782703
          ],
          [
            73.920565,
            19.782676
          ],
          [
            73.920436,
            19.782343
          ],
          [
            73.920351,
            19.782151
          ],
          [
            73.920243,
            19.781737
          ],
          [
            73.920093,
            19.781434
          ],
          [
            73.919857,
            19.781202
          ],
          [
            73.919707,
            19.780808
          ],
          [
            73.919385,
            19.780596
          ],
          [
            73.919116,
            19.780432
          ],
          [
            73.91887,
            19.780152
          ],
          [
            73.918688,
            19.779839
          ],
          [
            73.918602,
            19.779687
          ],
          [
            73.918301,
            19.779415
          ],
          [
            73.918108,
            19.779233
          ],
          [
            73.917915,
            19.77896
          ],
          [
            73.917711,
            19.778466
          ],
          [
            73.91755,
            19.777921
          ],
          [
            73.9174,
            19.777547
          ],
          [
            73.917164,
            19.777264
          ],
          [
            73.916939,
            19.777083
          ],
          [
            73.916681,
            19.776919
          ],
          [
            73.916681,
            19.776919
          ]
        ],
        "type": "LineString"
      }
    },
    {
      "type": "Feature",
      "properties": {
        "name": "Railway Line (Nashik-Manmad)",
        "nameHindi": "रेल्वे मार्ग",
        "roadType": "Railway",
        "lineType": "railway"
      },
      "geometry": {
        "type": "LineString",
        "coordinates": [
          [
            73.77,
            19.95
          ],
          [
            73.78,
            19.97
          ],
          [
            73.795,
            19.99
          ],
          [
            73.81,
            20.005
          ],
          [
            73.82,
            20.02
          ],
          [
            73.835,
            20.04
          ],
          [
            73.85,
            20.055
          ],
          [
            73.865,
            20.07
          ],
          [
            73.88,
            20.085
          ],
          [
            73.9,
            20.1
          ]
        ]
      }
    },
    {
      "type": "Feature",
      "properties": {
        "name": "Railway Line (Nashik-Mumbai)",
        "nameHindi": "रेल्वे मार्ग (मुंबई)",
        "roadType": "Railway",
        "lineType": "railway"
      },
      "geometry": {
        "type": "LineString",
        "coordinates": [
          [
            73.77,
            19.95
          ],
          [
            73.76,
            19.93
          ],
          [
            73.75,
            19.91
          ],
          [
            73.74,
            19.89
          ],
          [
            73.73,
            19.87
          ],
          [
            73.72,
            19.85
          ]
        ]
      }
    },
    {
      "type": "Feature",
      "properties": {
        "name": "Trimbak",
        "nameHindi": "त्र्यंबक",
        "markerType": "city-main"
      },
      "geometry": {
        "type": "Point",
        "coordinates": [
          73.531,
          19.942
        ]
      }
    },
    {
      "type": "Feature",
      "properties": {
        "name": "Nashik",
        "nameHindi": "नाशिक",
        "markerType": "city-main"
      },
      "geometry": {
        "type": "Point",
        "coordinates": [
          73.789,
          19.9975
        ]
      }
    },
    {
      "type": "Feature",
      "properties": {
        "name": "Peth, Dindori",
        "nameHindi": "पेठ, दिंडोरी",
        "markerType": "town"
      },
      "geometry": {
        "type": "Point",
        "coordinates": [
          73.545,
          20.16
        ]
      }
    },
    {
      "type": "Feature",
      "properties": {
        "name": "Ozar",
        "nameHindi": "ओझर",
        "markerType": "airport"
      },
      "geometry": {
        "type": "Point",
        "coordinates": [
          73.875,
          20.11
        ]
      }
    },
    {
      "type": "Feature",
      "properties": {
        "name": "Dhule",
        "nameHindi": "धुळे",
        "markerType": "town"
      },
      "geometry": {
        "type": "Point",
        "coordinates": [
          73.96,
          20.22
        ]
      }
    },
    {
      "type": "Feature",
      "properties": {
        "name": "Jawahar",
        "nameHindi": "जव्हार",
        "markerType": "town"
      },
      "geometry": {
        "type": "Point",
        "coordinates": [
          73.225,
          19.835
        ]
      }
    },
    {
      "type": "Feature",
      "properties": {
        "name": "Mumbai",
        "nameHindi": "मुंबई",
        "markerType": "town"
      },
      "geometry": {
        "type": "Point",
        "coordinates": [
          73.54,
          19.72
        ]
      }
    },
    {
      "type": "Feature",
      "properties": {
        "name": "Pune",
        "nameHindi": "पुणे",
        "markerType": "town"
      },
      "geometry": {
        "type": "Point",
        "coordinates": [
          73.92,
          19.77
        ]
      }
    },
    {
      "type": "Feature",
      "properties": {
        "name": "Peth",
        "nameHindi": "पेठ",
        "markerType": "town-small"
      },
      "geometry": {
        "type": "Point",
        "coordinates": [
          73.526,
          20.015
        ]
      }
    },
    {
      "type": "Feature",
      "properties": {
        "name": "Chh. Sambhaji Nagar",
        "nameHindi": "छ. संभाजीनगर",
        "markerType": "town-small"
      },
      "geometry": {
        "type": "Point",
        "coordinates": [
          73.85,
          20.02
        ]
      }
    },
    {
      "type": "Feature",
      "properties": {
        "name": "Kasbe Sukene",
        "nameHindi": "कसबे सुकेणे",
        "markerType": "town-small"
      },
      "geometry": {
        "type": "Point",
        "coordinates": [
          73.85,
          20.055
        ]
      }
    },
    {
      "type": "Feature",
      "properties": {
        "name": "Nashik Rly. Stn.",
        "nameHindi": "नाशिक रेल्वे स्टेशन",
        "markerType": "railway"
      },
      "geometry": {
        "type": "Point",
        "coordinates": [
          73.78,
          19.97
        ]
      }
    },
    {
      "type": "Feature",
      "properties": {
        "name": "Deolali Rly. Stn.",
        "nameHindi": "देवळाली रेल्वे स्टेशन",
        "markerType": "railway"
      },
      "geometry": {
        "type": "Point",
        "coordinates": [
          73.77,
          19.95
        ]
      }
    },
    {
      "type": "Feature",
      "properties": {
        "name": "Khervadi Rly. Stn.",
        "nameHindi": "खेरवाडी रेल्वे स्टेशन",
        "markerType": "railway"
      },
      "geometry": {
        "type": "Point",
        "coordinates": [
          73.82,
          20.02
        ]
      }
    },
    {
      "type": "Feature",
      "properties": {
        "name": "Odha Rly. Stn.",
        "nameHindi": "ओढा रेल्वे स्टेशन",
        "markerType": "railway"
      },
      "geometry": {
        "type": "Point",
        "coordinates": [
          73.81,
          20.005
        ]
      }
    },
    {
      "type": "Feature",
      "properties": {
        "name": "Gujarat, Madhyapradesh, Rajasthan, Delhi",
        "markerType": "state-label"
      },
      "geometry": {
        "type": "Point",
        "coordinates": [
          73.62,
          20.1
        ]
      }
    },
    {
      "type": "Feature",
      "properties": {
        "name": "Delhi, Hariyana, Punjab, Rajasthan, Gujarat, Madhyapradesh",
        "markerType": "state-label"
      },
      "geometry": {
        "type": "Point",
        "coordinates": [
          73.95,
          20.18
        ]
      }
    },
    {
      "type": "Feature",
      "properties": {
        "name": "Goa, Karnatak, Keral, Tamilnadu",
        "markerType": "state-label"
      },
      "geometry": {
        "type": "Point",
        "coordinates": [
          73.28,
          19.78
        ]
      }
    },
    {
      "type": "Feature",
      "properties": {
        "name": "Maharashtra, Telangana, Andhrapradesh, Chhatisgadh",
        "markerType": "state-label"
      },
      "geometry": {
        "type": "Point",
        "coordinates": [
          73.78,
          19.8
        ]
      }
    },
    {
      "type": "Feature",
      "properties": {
        "name": "Maharashtra, Karnatak, Goa",
        "markerType": "state-label"
      },
      "geometry": {
        "type": "Point",
        "coordinates": [
          73.91,
          19.8
        ]
      }
    }
  ]
}