{
  "type": "FeatureCollection",
  "features": [
    {
      "type": "Feature",
      "geometry": {
        "type": "LineString",
        "coordinates": [
          [
            73.53326755041336,
            19.94118757291144,
            0
          ],
          [
            73.53338450113718,
            19.94164085425287,
            0
          ],
          [
            73.53342828744589,
            19.94198039970657,
            0
          ],
          [
            73.53342091523109,
            19.94234197576838,
            0
          ],
          [
            73.53342447035288,
            19.94293833784759,
            0
          ],
          [
            73.5335429973708,
            19.94325681334114,
            0
          ],
          [
            73.53356961251697,
            19.94381306124557,
            0
          ],
          [
            73.53375949788588,
            19.94451554446607,
            0
          ],
          [
            73.53384699969114,
            19.94502107996424,
            0
          ],
          [
            73.53403927995785,
            19.94588100691658,
            0
          ],
          [
            73.53422915891154,
            19.94693337052325,
            0
          ],
          [
            73.53436202707748,
            19.94771582670006,
            0
          ],
          [
            73.5346162299128,
            19.94876652531522,
            0
          ],
          [
            73.53469169303017,
            19.94967771420769,
            0
          ],
          [
            73.53462892842197,
            19.95031169152871,
            0
          ],
          [
            73.53477557748738,
            19.95152114519859,
            0
          ],
          [
            73.53499218124685,
            19.95284718805588,
            0
          ],
          [
            73.53521585347113,
            19.95356658561677,
            0
          ],
          [
            73.53577323784133,
            19.95413326434514,
            0
          ],
          [
            73.536048154283,
            19.95496559113639,
            0
          ],
          [
            73.53633033137471,
            19.95594948893001,
            0
          ],
          [
            73.53673839822461,
            19.95758741795266,
            0
          ],
          [
            73.53659143134651,
            19.95821883092219,
            0
          ],
          [
            73.53644038370982,
            19.95886855001581,
            0
          ],
          [
            73.53620300054597,
            19.95946081944868,
            0
          ]
        ]
      },
      "properties": {
        "name": "1",
        "styleUrl": "#msn_ylw-pushpin013",
        "stroke-opacity": 1,
        "stroke": "#ff0000",
        "stroke-width": 3,
        "icon-scale": 1.1,
        "icon-offset": [
          20,
          2
        ],
        "icon-offset-units": [
          "pixels",
          "pixels"
        ],
        "icon": "http://maps.google.com/mapfiles/kml/pushpin/ylw-pushpin.png"
      }
    },
    {
      "type": "Feature",
      "geometry": {
        "type": "LineString",
        "coordinates": [
          [
            73.55414616502759,
            19.94580285797359,
            0
          ],
          [
            73.55369719941518,
            19.94648067876878,
            0
          ],
          [
            73.55348230231851,
            19.94685865850302,
            0
          ],
          [
            73.55331450400304,
            19.94721553066697,
            0
          ],
          [
            73.55322624564498,
            19.94735865093134,
            0
          ],
          [
            73.55286754743784,
            19.9480512846646,
            0
          ],
          [
            73.55244794382817,
            19.94844962909993,
            0
          ],
          [
            73.55195122537468,
            19.94861312446167,
            0
          ],
          [
            73.55156690626453,
            19.9487222003394,
            0
          ],
          [
            73.55129514164014,
            19.94877063348671,
            0
          ],
          [
            73.55102862935934,
            19.94884456700936,
            0
          ],
          [
            73.55100477012337,
            19.94885343666783,
            0
          ],
          [
            73.55076545970249,
            19.94894174839845,
            0
          ],
          [
            73.5500426172559,
            19.94917452218658,
            0
          ],
          [
            73.54899658789962,
            19.94934222783462,
            0
          ],
          [
            73.5470365550144,
            19.94946170949409,
            0
          ],
          [
            73.54479502131734,
            19.94945669258041,
            0
          ],
          [
            73.5420402565132,
            19.94962808437099,
            0
          ],
          [
            73.5364097096619,
            19.95014726308674,
            0
          ],
          [
            73.53465345293293,
            19.95011937412119,
            0
          ],
          [
            73.53297179730195,
            19.95004009878897,
            0
          ],
          [
            73.53224457391667,
            19.9500775347471,
            0
          ],
          [
            73.53096037805076,
            19.94989053132073,
            0
          ],
          [
            73.5292856992036,
            19.94903462703044,
            0
          ],
          [
            73.5289418602844,
            19.94876960502958,
            0
          ],
          [
            73.52859534176369,
            19.94854420789145,
            0
          ],
          [
            73.5282238052247,
            19.9483774893428,
            0
          ],
          [
            73.52755262388935,
            19.9479342781411,
            0
          ]
        ]
      },
      "properties": {
        "name": "Jawhar Bypass Raod",
        "styleUrl": "#msn_ylw-pushpin013",
        "stroke-opacity": 1,
        "stroke": "#ff0000",
        "stroke-width": 3,
        "icon-scale": 1.1,
        "icon-offset": [
          20,
          2
        ],
        "icon-offset-units": [
          "pixels",
          "pixels"
        ],
        "icon": "http://maps.google.com/mapfiles/kml/pushpin/ylw-pushpin.png"
      }
    },
    {
      "type": "Feature",
      "geometry": {
        "type": "LineString",
        "coordinates": [
          [
            73.53101131342576,
            19.9498977416639,
            0
          ],
          [
            73.53194169342468,
            19.94858557918145,
            0
          ],
          [
            73.53390239969448,
            19.94776126437444,
            0
          ],
          [
            73.53548636929405,
            19.94724660664144,
            0
          ],
          [
            73.5372617905976,
            19.94691527923059,
            0
          ],
          [
            73.5394833488964,
            19.94647975690415,
            0
          ],
          [
            73.54160946614552,
            19.94648251752181,
            0
          ],
          [
            73.5446387662971,
            19.94627598756581,
            0
          ],
          [
            73.54512203403107,
            19.94624380942989,
            0
          ]
        ]
      },
      "properties": {
        "name": "3",
        "styleUrl": "#msn_ylw-pushpin013",
        "stroke-opacity": 1,
        "stroke": "#ff0000",
        "stroke-width": 3,
        "icon-scale": 1.1,
        "icon-offset": [
          20,
          2
        ],
        "icon-offset-units": [
          "pixels",
          "pixels"
        ],
        "icon": "http://maps.google.com/mapfiles/kml/pushpin/ylw-pushpin.png"
      }
    },
    {
      "type": "Feature",
      "geometry": {
        "type": "LineString",
        "coordinates": [
          [
            73.53687049968191,
            19.95766242212163,
            0
          ],
          [
            73.53818930348069,
            19.95747975352202,
            0
          ],
          [
            73.53992305593158,
            19.95771095199719,
            0
          ],
          [
            73.54062123489147,
            19.95794253290814,
            0
          ],
          [
            73.54133816891147,
            19.95788677791614,
            0
          ],
          [
            73.54242192478712,
            19.95745125854231,
            0
          ],
          [
            73.5449746554179,
            19.9566840272288,
            0
          ],
          [
            73.54623775454857,
            19.95668464473977,
            0
          ]
        ]
      },
      "properties": {
        "name": "4",
        "styleUrl": "#msn_ylw-pushpin013",
        "stroke-opacity": 1,
        "stroke": "#ff0000",
        "stroke-width": 3,
        "icon-scale": 1.1,
        "icon-offset": [
          20,
          2
        ],
        "icon-offset-units": [
          "pixels",
          "pixels"
        ],
        "icon": "http://maps.google.com/mapfiles/kml/pushpin/ylw-pushpin.png"
      }
    },
    {
      "type": "Feature",
      "geometry": {
        "type": "LineString",
        "coordinates": [
          [
            73.54072705675713,
            19.9444269708426,
            0
          ],
          [
            73.54063784274823,
            19.94586795783083,
            0
          ],
          [
            73.54057650056687,
            19.94687485842036,
            0
          ],
          [
            73.54060784205485,
            19.94776795025182,
            0
          ],
          [
            73.54061682740841,
            19.94875455226543,
            0
          ],
          [
            73.54069761144461,
            19.94964146748546,
            0
          ],
          [
            73.54070605904745,
            19.9498798270806,
            0
          ]
        ]
      },
      "properties": {
        "name": "5",
        "styleUrl": "#msn_ylw-pushpin013",
        "stroke-opacity": 1,
        "stroke": "#ff0000",
        "stroke-width": 3,
        "icon-scale": 1.1,
        "icon-offset": [
          20,
          2
        ],
        "icon-offset-units": [
          "pixels",
          "pixels"
        ],
        "icon": "http://maps.google.com/mapfiles/kml/pushpin/ylw-pushpin.png"
      }
    },
    {
      "type": "Feature",
      "geometry": {
        "type": "LineString",
        "coordinates": [
          [
            73.54501768019297,
            19.94636202429086,
            0
          ],
          [
            73.54471613167931,
            19.94811149358601,
            0
          ],
          [
            73.54487672584868,
            19.94908384772902,
            0
          ],
          [
            73.54493730905644,
            19.94972017162586,
            0
          ],
          [
            73.54528770178595,
            19.95161400696204,
            0
          ],
          [
            73.54561441238039,
            19.95354488571707,
            0
          ],
          [
            73.54617994420454,
            19.95665270763777,
            0
          ]
        ]
      },
      "properties": {
        "name": "6",
        "styleUrl": "#msn_ylw-pushpin013",
        "stroke-opacity": 1,
        "stroke": "#ff0000",
        "stroke-width": 3,
        "icon-scale": 1.1,
        "icon-offset": [
          20,
          2
        ],
        "icon-offset-units": [
          "pixels",
          "pixels"
        ],
        "icon": "http://maps.google.com/mapfiles/kml/pushpin/ylw-pushpin.png"
      }
    },
    {
      "type": "Feature",
      "geometry": {
        "type": "LineString",
        "coordinates": [
          [
            73.5376813878712,
            19.93922748258476,
            0
          ],
          [
            73.53785430837603,
            19.93932116741669,
            0
          ],
          [
            73.5381228635689,
            19.93948210676,
            0
          ],
          [
            73.53844534300426,
            19.93967915132843,
            0
          ],
          [
            73.53864344377341,
            19.93981904910764,
            0
          ],
          [
            73.53880793270287,
            19.94004647453615,
            0
          ],
          [
            73.53856609277106,
            19.94024188075881,
            0
          ],
          [
            73.53840405420834,
            19.94050843327997,
            0
          ],
          [
            73.53843983680828,
            19.94085309857333,
            0
          ],
          [
            73.53849202473167,
            19.94121072181158,
            0
          ],
          [
            73.53869846883292,
            19.94151088159512,
            0
          ],
          [
            73.53874651742345,
            19.94179988462718,
            0
          ],
          [
            73.5383973140595,
            19.94195566414968,
            0
          ],
          [
            73.53821722315857,
            19.9421542608013,
            0
          ],
          [
            73.53823189616197,
            19.94228854922202,
            0
          ],
          [
            73.53826744616073,
            19.94247450113281,
            0
          ],
          [
            73.5381350659871,
            19.94280607030616,
            0
          ],
          [
            73.53807800244819,
            19.94315328249243,
            0
          ],
          [
            73.53796450933484,
            19.9433831063138,
            0
          ],
          [
            73.53812838207945,
            19.94362405263816,
            0
          ],
          [
            73.53845232189393,
            19.94388234746188,
            0
          ],
          [
            73.53864651579437,
            19.94403658591646,
            0
          ],
          [
            73.5388395525614,
            19.94424095796129,
            0
          ],
          [
            73.53906074077602,
            19.94445777128506,
            0
          ],
          [
            73.5392544718892,
            19.94465459649098,
            0
          ],
          [
            73.53959574322023,
            19.94469021948877,
            0
          ],
          [
            73.5398242761801,
            19.9446297675043,
            0
          ],
          [
            73.5402500243774,
            19.94452507656126,
            0
          ],
          [
            73.54071083075742,
            19.94447269599003,
            0
          ],
          [
            73.54104916135945,
            19.94455653572946,
            0
          ],
          [
            73.54146482838189,
            19.94468001352934,
            0
          ],
          [
            73.54193159895775,
            19.9449224997176,
            0
          ],
          [
            73.54249511320175,
            19.94529492896179,
            0
          ],
          [
            73.54276029511155,
            19.94563344575221,
            0
          ],
          [
            73.54319912208688,
            19.94609174874514,
            0
          ],
          [
            73.54360980449897,
            19.94631279967114,
            0
          ],
          [
            73.54411694253497,
            19.94640964825165,
            0
          ],
          [
            73.5449166475398,
            19.94634629274531,
            0
          ],
          [
            73.54500818603472,
            19.94638304015282,
            0
          ],
          [
            73.54548842628563,
            19.94601364855245,
            0
          ],
          [
            73.54587885548938,
            19.94586372532945,
            0
          ],
          [
            73.54631220497727,
            19.94607003006078,
            0
          ],
          [
            73.54663482018043,
            19.94644424555499,
            0
          ],
          [
            73.54703922443447,
            19.94673068133904,
            0
          ],
          [
            73.5474561117522,
            19.94669734822915,
            0
          ],
          [
            73.54782016851453,
            19.94681152655241,
            0
          ],
          [
            73.54793063457998,
            19.94728460955729,
            0
          ],
          [
            73.54818945935016,
            19.94764862070588,
            0
          ],
          [
            73.54847029036108,
            19.94785442903975,
            0
          ],
          [
            73.5488432863731,
            19.94818325426575,
            0
          ],
          [
            73.54915738633309,
            19.94835874980298,
            0
          ],
          [
            73.5493518627914,
            19.94852090412467,
            0
          ],
          [
            73.5497682285941,
            19.94866610320821,
            0
          ],
          [
            73.55021587924234,
            19.9488285804087,
            0
          ],
          [
            73.55041922305345,
            19.94886290307895,
            0
          ],
          [
            73.55063551444081,
            19.94872110895346,
            0
          ],
          [
            73.55097637512088,
            19.94874022329478,
            0
          ],
          [
            73.5511745968935,
            19.94876242495186,
            0
          ],
          [
            73.55129135208738,
            19.94897037298069,
            0
          ],
          [
            73.55129833700164,
            19.94918473814653,
            0
          ],
          [
            73.55132152375735,
            19.94944149818531,
            0
          ],
          [
            73.55141253321918,
            19.94974838219823,
            0
          ],
          [
            73.551445801966,
            19.95003715125036,
            0
          ],
          [
            73.55143657662748,
            19.95065893960154,
            0
          ],
          [
            73.55121620354484,
            19.95109500572211,
            0
          ],
          [
            73.55134501351151,
            19.95176207869131,
            0
          ],
          [
            73.55187907276857,
            19.95213000744554,
            0
          ],
          [
            73.55245754876677,
            19.95253342281463,
            0
          ],
          [
            73.5529464951739,
            19.95279021863163,
            0
          ],
          [
            73.55311246080312,
            19.95324614584274,
            0
          ],
          [
            73.55306603100483,
            19.95410242603521,
            0
          ],
          [
            73.55282278933608,
            19.95498575268604,
            0
          ],
          [
            73.55298737118143,
            19.95540131080251,
            0
          ],
          [
            73.55353709657554,
            19.95567991345269,
            0
          ],
          [
            73.55392098349375,
            19.9557659048302,
            0
          ],
          [
            73.55440094990922,
            19.95592233202129,
            0
          ],
          [
            73.55467204416898,
            19.95615551927846,
            0
          ],
          [
            73.55477211393642,
            19.95647582361594,
            0
          ]
        ]
      },
      "properties": {
        "name": "7",
        "styleUrl": "#msn_ylw-pushpin431",
        "stroke-opacity": 1,
        "stroke": "#aa0000",
        "stroke-width": 4,
        "icon-scale": 1.1,
        "icon-offset": [
          20,
          2
        ],
        "icon-offset-units": [
          "pixels",
          "pixels"
        ],
        "icon": "http://maps.google.com/mapfiles/kml/pushpin/ylw-pushpin.png"
      }
    },
    {
      "type": "Feature",
      "geometry": {
        "type": "LineString",
        "coordinates": [
          [
            73.55357270343178,
            19.95353054520456,
            0
          ],
          [
            73.55345073312638,
            19.95289841824354,
            0
          ],
          [
            73.55320896721206,
            19.95246536316061,
            0
          ],
          [
            73.55260471752365,
            19.95218964232401,
            0
          ],
          [
            73.55205782895386,
            19.95186336160829,
            0
          ],
          [
            73.55178845170805,
            19.9515444556321,
            0
          ],
          [
            73.55170237645837,
            19.95137948423731,
            0
          ],
          [
            73.5516465717981,
            19.95110634420033,
            0
          ],
          [
            73.55177699217775,
            19.95058859603384,
            0
          ],
          [
            73.55180016564098,
            19.94995651493052,
            0
          ],
          [
            73.55170118257423,
            19.94939787690247,
            0
          ],
          [
            73.5515354854085,
            19.94878046648194,
            0
          ],
          [
            73.55140705119594,
            19.94848159820742,
            0
          ],
          [
            73.55124967698059,
            19.94841417246699,
            0
          ],
          [
            73.55104818745434,
            19.94839180949134,
            0
          ],
          [
            73.55068002434942,
            19.94837101975983,
            0
          ],
          [
            73.55031851541315,
            19.94844128584803,
            0
          ],
          [
            73.54998046211571,
            19.94838199609495,
            0
          ],
          [
            73.54945289997039,
            19.94810962283189,
            0
          ],
          [
            73.5488789559733,
            19.94765457482069,
            0
          ],
          [
            73.54861801635263,
            19.9473644249231,
            0
          ],
          [
            73.5482161570609,
            19.94690570953571,
            0
          ],
          [
            73.5479600670701,
            19.94644540490223,
            0
          ],
          [
            73.54761849772622,
            19.9463595857218,
            0
          ],
          [
            73.54723879756295,
            19.94633424195921,
            0
          ],
          [
            73.54702427144336,
            19.94624430450953,
            0
          ],
          [
            73.54668124757669,
            19.94581715116347,
            0
          ],
          [
            73.54645457902019,
            19.94543982081591,
            0
          ],
          [
            73.54630653742566,
            19.9453221204394,
            0
          ],
          [
            73.54594998824139,
            19.94531404392089,
            0
          ],
          [
            73.54546175803334,
            19.94550961135555,
            0
          ],
          [
            73.54515054197493,
            19.9457329978162,
            0
          ],
          [
            73.54482867447183,
            19.94593329351486,
            0
          ],
          [
            73.54446279438892,
            19.94605245973091,
            0
          ],
          [
            73.54397087088705,
            19.94591832302271,
            0
          ],
          [
            73.5435688693795,
            19.94568546666296,
            0
          ],
          [
            73.54321624287265,
            19.94525549648731,
            0
          ],
          [
            73.54305726537947,
            19.94512608591712,
            0
          ],
          [
            73.54259923899966,
            19.9447918284871,
            0
          ],
          [
            73.54200803802354,
            19.94444057515625,
            0
          ],
          [
            73.54151186662365,
            19.94426458443777,
            0
          ],
          [
            73.5411724957031,
            19.94408481805348,
            0
          ],
          [
            73.54090764499021,
            19.94396783235883,
            0
          ],
          [
            73.54039311006144,
            19.94401867173936,
            0
          ],
          [
            73.54010651613069,
            19.94417349776857,
            0
          ],
          [
            73.53970655078939,
            19.9442245495333,
            0
          ],
          [
            73.53940110859882,
            19.94413866845163,
            0
          ],
          [
            73.53893067032725,
            19.94376104510701,
            0
          ],
          [
            73.5385279717095,
            19.94343109268909,
            0
          ],
          [
            73.53839739267245,
            19.94318871270298,
            0
          ],
          [
            73.53854026733333,
            19.94268437486574,
            0
          ],
          [
            73.53874213678189,
            19.94226350780064,
            0
          ],
          [
            73.53910019847277,
            19.94199974158751,
            0
          ],
          [
            73.53922230412762,
            19.94173271084826,
            0
          ],
          [
            73.53920044420953,
            19.94131901711632,
            0
          ],
          [
            73.53907801615114,
            19.94109397098535,
            0
          ],
          [
            73.53901156112627,
            19.9410066914162,
            0
          ],
          [
            73.538922682151,
            19.94084366614491,
            0
          ],
          [
            73.53886701375546,
            19.94066363672377,
            0
          ],
          [
            73.53896709323371,
            19.94046018417209,
            0
          ],
          [
            73.53902045311719,
            19.94029160247228,
            0
          ],
          [
            73.53916067024383,
            19.94007360159928,
            0
          ],
          [
            73.53906648603052,
            19.93989502846524,
            0
          ],
          [
            73.53899972624332,
            19.93979836223511,
            0
          ],
          [
            73.53887529409455,
            19.93965578438991,
            0
          ]
        ]
      },
      "properties": {
        "styleUrl": "#msn_ylw-pushpin0",
        "stroke-opacity": 1,
        "stroke": "#aa0000",
        "stroke-width": 4,
        "icon-scale": 1.1,
        "icon-offset": [
          20,
          2
        ],
        "icon-offset-units": [
          "pixels",
          "pixels"
        ],
        "icon": "http://maps.google.com/mapfiles/kml/pushpin/ylw-pushpin.png"
      }
    },
    {
      "type": "Feature",
      "geometry": {
        "type": "LineString",
        "coordinates": [
          [
            73.54489490805477,
            19.94585874390682,
            0
          ],
          [
            73.54493662359373,
            19.94530488988889,
            0
          ],
          [
            73.54506868681068,
            19.94494175724014,
            0
          ],
          [
            73.54521416120882,
            19.94452550912134,
            0
          ],
          [
            73.5453536457507,
            19.94415644756561,
            0
          ],
          [
            73.5455040499076,
            19.94379061168366,
            0
          ],
          [
            73.54564551137003,
            19.94352564865659,
            0
          ],
          [
            73.54579407764746,
            19.94326012980307,
            0
          ],
          [
            73.54588477900543,
            19.94307318446556,
            0
          ]
        ]
      },
      "properties": {
        "name": "3.",
        "styleUrl": "#m_ylw-pushpin350",
        "stroke-opacity": 1,
        "stroke": "#aa0000",
        "stroke-width": 3.2,
        "icon-scale": 1.1,
        "icon-offset": [
          20,
          2
        ],
        "icon-offset-units": [
          "pixels",
          "pixels"
        ],
        "icon": "http://maps.google.com/mapfiles/kml/pushpin/ylw-pushpin.png"
      }
    },
    {
      "type": "Feature",
      "geometry": {
        "type": "LineString",
        "coordinates": [
          [
            73.54095620864665,
            19.94395161578839,
            0
          ],
          [
            73.54090236357756,
            19.94397373839223,
            0
          ],
          [
            73.54096888359123,
            19.94379406990658,
            0
          ],
          [
            73.54095787109202,
            19.94362407988458,
            0
          ],
          [
            73.54094176878466,
            19.94347419360389,
            0
          ],
          [
            73.54094439980678,
            19.94332136623983,
            0
          ],
          [
            73.54098770559361,
            19.9432009255887,
            0
          ],
          [
            73.54111466263657,
            19.94302552283045,
            0
          ],
          [
            73.54108842160484,
            19.94267360657792,
            0
          ],
          [
            73.54112925010273,
            19.94256001963615,
            0
          ],
          [
            73.54191809446043,
            19.94133062099271,
            0
          ]
        ]
      },
      "properties": {
        "name": "1.",
        "styleUrl": "#m_ylw-pushpin350",
        "stroke-opacity": 1,
        "stroke": "#aa0000",
        "stroke-width": 3.2,
        "icon-scale": 1.1,
        "icon-offset": [
          20,
          2
        ],
        "icon-offset-units": [
          "pixels",
          "pixels"
        ],
        "icon": "http://maps.google.com/mapfiles/kml/pushpin/ylw-pushpin.png"
      }
    },
    {
      "type": "Feature",
      "geometry": {
        "type": "LineString",
        "coordinates": [
          [
            73.54097952089919,
            19.94396866218781,
            0
          ],
          [
            73.54105945001888,
            19.94379608413025,
            0
          ],
          [
            73.54102818259325,
            19.94337384129415,
            0
          ],
          [
            73.54111107129343,
            19.94321171461895,
            0
          ],
          [
            73.54117487169805,
            19.94304732456495,
            0
          ],
          [
            73.54117242531969,
            19.94264341518805,
            0
          ],
          [
            73.54198466287279,
            19.94136723300297,
            0
          ]
        ]
      },
      "properties": {
        "name": "2.",
        "styleUrl": "#m_ylw-pushpin350",
        "stroke-opacity": 1,
        "stroke": "#aa0000",
        "stroke-width": 3.2,
        "icon-scale": 1.1,
        "icon-offset": [
          20,
          2
        ],
        "icon-offset-units": [
          "pixels",
          "pixels"
        ],
        "icon": "http://maps.google.com/mapfiles/kml/pushpin/ylw-pushpin.png"
      }
    },
    {
      "type": "Feature",
      "geometry": {
        "type": "LineString",
        "coordinates": [
          [
            73.54502883008843,
            19.94577855488488,
            0
          ],
          [
            73.54509765953601,
            19.94529955365689,
            0
          ],
          [
            73.54523054951295,
            19.944876385126,
            0
          ],
          [
            73.54535543783938,
            19.94453975404369,
            0
          ],
          [
            73.54549574995508,
            19.94423311549136,
            0
          ],
          [
            73.54558118058907,
            19.94401455288252,
            0
          ],
          [
            73.54567994155008,
            19.94382453419803,
            0
          ],
          [
            73.54578414373813,
            19.94364427940748,
            0
          ],
          [
            73.54592414459091,
            19.9433342267164,
            0
          ],
          [
            73.54600077634211,
            19.94315256719239,
            0
          ]
        ]
      },
      "properties": {
        "name": "4.",
        "styleUrl": "#m_ylw-pushpin350",
        "stroke-opacity": 1,
        "stroke": "#aa0000",
        "stroke-width": 3.2,
        "icon-scale": 1.1,
        "icon-offset": [
          20,
          2
        ],
        "icon-offset-units": [
          "pixels",
          "pixels"
        ],
        "icon": "http://maps.google.com/mapfiles/kml/pushpin/ylw-pushpin.png"
      }
    },
    {
      "type": "Feature",
      "geometry": {
        "type": "Polygon",
        "coordinates": [
          [
            [
              73.56153008984202,
              19.94553798382131,
              0
            ],
            [
              73.56016649974885,
              19.94617706215832,
              0
            ],
            [
              73.55927722514511,
              19.94547990115498,
              0
            ],
            [
              73.55912735587424,
              19.94449625757164,
              0
            ],
            [
              73.55911826708765,
              19.94412574885787,
              0
            ],
            [
              73.55936654821036,
              19.94335278017923,
              0
            ],
            [
              73.5593098221825,
              19.94291041428403,
              0
            ],
            [
              73.56044697381262,
              19.94300902012174,
              0
            ],
            [
              73.5606867782417,
              19.94381608678318,
              0
            ],
            [
              73.5610978307346,
              19.94436377855962,
              0
            ],
            [
              73.56153008984202,
              19.94553798382131,
              0
            ]
          ]
        ]
      },
      "properties": {
        "name": "Laddha Parking",
        "styleUrl": "#msn_ylw-pushpin37",
        "fill-opacity": 0.5019607843137255,
        "fill": "#ffff00",
        "stroke-opacity": 1,
        "stroke": "#000000",
        "stroke-width": 3.1,
        "icon-scale": 1.1,
        "icon-offset": [
          20,
          2
        ],
        "icon-offset-units": [
          "pixels",
          "pixels"
        ],
        "icon": "http://maps.google.com/mapfiles/kml/pushpin/ylw-pushpin.png"
      }
    },
    {
      "type": "Feature",
      "geometry": {
        "type": "LineString",
        "coordinates": [
          [
            73.53326755041336,
            19.94118757291144,
            0
          ],
          [
            73.53338450113718,
            19.94164085425287,
            0
          ],
          [
            73.53342828744589,
            19.94198039970657,
            0
          ],
          [
            73.53342091523109,
            19.94234197576838,
            0
          ],
          [
            73.53342447035288,
            19.94293833784759,
            0
          ],
          [
            73.5335429973708,
            19.94325681334114,
            0
          ],
          [
            73.53356961251697,
            19.94381306124557,
            0
          ],
          [
            73.53375949788588,
            19.94451554446607,
            0
          ],
          [
            73.53384699969114,
            19.94502107996424,
            0
          ],
          [
            73.53403927995785,
            19.94588100691658,
            0
          ],
          [
            73.53422915891154,
            19.94693337052325,
            0
          ],
          [
            73.53436202707748,
            19.94771582670006,
            0
          ],
          [
            73.5346162299128,
            19.94876652531522,
            0
          ],
          [
            73.53469169303017,
            19.94967771420769,
            0
          ],
          [
            73.53462892842197,
            19.95031169152871,
            0
          ],
          [
            73.53477557748738,
            19.95152114519859,
            0
          ],
          [
            73.53499218124685,
            19.95284718805588,
            0
          ],
          [
            73.53521585347113,
            19.95356658561677,
            0
          ],
          [
            73.53577323784133,
            19.95413326434514,
            0
          ],
          [
            73.536048154283,
            19.95496559113639,
            0
          ],
          [
            73.53633033137471,
            19.95594948893001,
            0
          ],
          [
            73.53673839822461,
            19.95758741795266,
            0
          ],
          [
            73.53659143134651,
            19.95821883092219,
            0
          ],
          [
            73.53644038370982,
            19.95886855001581,
            0
          ],
          [
            73.53620300054597,
            19.95946081944868,
            0
          ]
        ]
      },
      "properties": {
        "name": "1",
        "styleUrl": "#msn_ylw-pushpin0001",
        "stroke-opacity": 1,
        "stroke": "#ff0000",
        "stroke-width": 3,
        "icon-scale": 1.1,
        "icon-offset": [
          20,
          2
        ],
        "icon-offset-units": [
          "pixels",
          "pixels"
        ],
        "icon": "http://maps.google.com/mapfiles/kml/pushpin/ylw-pushpin.png"
      }
    },
    {
      "type": "Feature",
      "geometry": {
        "type": "LineString",
        "coordinates": [
          [
            73.55414616502759,
            19.94580285797359,
            0
          ],
          [
            73.55369719941518,
            19.94648067876878,
            0
          ],
          [
            73.55348230231851,
            19.94685865850302,
            0
          ],
          [
            73.55331450400304,
            19.94721553066697,
            0
          ],
          [
            73.55322624564498,
            19.94735865093134,
            0
          ],
          [
            73.55286754743784,
            19.9480512846646,
            0
          ],
          [
            73.55244794382817,
            19.94844962909993,
            0
          ],
          [
            73.55195122537468,
            19.94861312446167,
            0
          ],
          [
            73.55156690626453,
            19.9487222003394,
            0
          ],
          [
            73.55129514164014,
            19.94877063348671,
            0
          ],
          [
            73.55102862935934,
            19.94884456700936,
            0
          ],
          [
            73.55100477012337,
            19.94885343666783,
            0
          ],
          [
            73.55076545970249,
            19.94894174839845,
            0
          ],
          [
            73.5500426172559,
            19.94917452218658,
            0
          ],
          [
            73.54899658789962,
            19.94934222783462,
            0
          ],
          [
            73.5470365550144,
            19.94946170949409,
            0
          ],
          [
            73.54479502131734,
            19.94945669258041,
            0
          ],
          [
            73.5420402565132,
            19.94962808437099,
            0
          ],
          [
            73.5364097096619,
            19.95014726308674,
            0
          ],
          [
            73.53465345293293,
            19.95011937412119,
            0
          ],
          [
            73.53297179730195,
            19.95004009878897,
            0
          ],
          [
            73.53224457391667,
            19.9500775347471,
            0
          ],
          [
            73.53096037805076,
            19.94989053132073,
            0
          ],
          [
            73.5292856992036,
            19.94903462703044,
            0
          ],
          [
            73.5289418602844,
            19.94876960502958,
            0
          ],
          [
            73.52859534176369,
            19.94854420789145,
            0
          ],
          [
            73.5282238052247,
            19.9483774893428,
            0
          ],
          [
            73.52755262388935,
            19.9479342781411,
            0
          ]
        ]
      },
      "properties": {
        "name": "Jawhar Bypass Raod",
        "styleUrl": "#msn_ylw-pushpin0001",
        "stroke-opacity": 1,
        "stroke": "#ff0000",
        "stroke-width": 3,
        "icon-scale": 1.1,
        "icon-offset": [
          20,
          2
        ],
        "icon-offset-units": [
          "pixels",
          "pixels"
        ],
        "icon": "http://maps.google.com/mapfiles/kml/pushpin/ylw-pushpin.png"
      }
    },
    {
      "type": "Feature",
      "geometry": {
        "type": "LineString",
        "coordinates": [
          [
            73.53101131342576,
            19.9498977416639,
            0
          ],
          [
            73.53194169342468,
            19.94858557918145,
            0
          ],
          [
            73.53390239969448,
            19.94776126437444,
            0
          ],
          [
            73.53548636929405,
            19.94724660664144,
            0
          ],
          [
            73.5372617905976,
            19.94691527923059,
            0
          ],
          [
            73.5394833488964,
            19.94647975690415,
            0
          ],
          [
            73.54160946614552,
            19.94648251752181,
            0
          ],
          [
            73.5446387662971,
            19.94627598756581,
            0
          ],
          [
            73.54512203403107,
            19.94624380942989,
            0
          ]
        ]
      },
      "properties": {
        "name": "3",
        "styleUrl": "#msn_ylw-pushpin0001",
        "stroke-opacity": 1,
        "stroke": "#ff0000",
        "stroke-width": 3,
        "icon-scale": 1.1,
        "icon-offset": [
          20,
          2
        ],
        "icon-offset-units": [
          "pixels",
          "pixels"
        ],
        "icon": "http://maps.google.com/mapfiles/kml/pushpin/ylw-pushpin.png"
      }
    },
    {
      "type": "Feature",
      "geometry": {
        "type": "LineString",
        "coordinates": [
          [
            73.53687049968191,
            19.95766242212163,
            0
          ],
          [
            73.53818930348069,
            19.95747975352202,
            0
          ],
          [
            73.53992305593158,
            19.95771095199719,
            0
          ],
          [
            73.54062123489147,
            19.95794253290814,
            0
          ],
          [
            73.54133816891147,
            19.95788677791614,
            0
          ],
          [
            73.54242192478712,
            19.95745125854231,
            0
          ],
          [
            73.5449746554179,
            19.9566840272288,
            0
          ],
          [
            73.54623775454857,
            19.95668464473977,
            0
          ]
        ]
      },
      "properties": {
        "name": "4",
        "styleUrl": "#msn_ylw-pushpin0001",
        "stroke-opacity": 1,
        "stroke": "#ff0000",
        "stroke-width": 3,
        "icon-scale": 1.1,
        "icon-offset": [
          20,
          2
        ],
        "icon-offset-units": [
          "pixels",
          "pixels"
        ],
        "icon": "http://maps.google.com/mapfiles/kml/pushpin/ylw-pushpin.png"
      }
    },
    {
      "type": "Feature",
      "geometry": {
        "type": "LineString",
        "coordinates": [
          [
            73.54072705675713,
            19.9444269708426,
            0
          ],
          [
            73.54063784274823,
            19.94586795783083,
            0
          ],
          [
            73.54057650056687,
            19.94687485842036,
            0
          ],
          [
            73.54060784205485,
            19.94776795025182,
            0
          ],
          [
            73.54061682740841,
            19.94875455226543,
            0
          ],
          [
            73.54069761144461,
            19.94964146748546,
            0
          ],
          [
            73.54070605904745,
            19.9498798270806,
            0
          ]
        ]
      },
      "properties": {
        "name": "5",
        "styleUrl": "#msn_ylw-pushpin0001",
        "stroke-opacity": 1,
        "stroke": "#ff0000",
        "stroke-width": 3,
        "icon-scale": 1.1,
        "icon-offset": [
          20,
          2
        ],
        "icon-offset-units": [
          "pixels",
          "pixels"
        ],
        "icon": "http://maps.google.com/mapfiles/kml/pushpin/ylw-pushpin.png"
      }
    },
    {
      "type": "Feature",
      "geometry": {
        "type": "LineString",
        "coordinates": [
          [
            73.54501768019297,
            19.94636202429086,
            0
          ],
          [
            73.54471613167931,
            19.94811149358601,
            0
          ],
          [
            73.54487672584868,
            19.94908384772902,
            0
          ],
          [
            73.54493730905644,
            19.94972017162586,
            0
          ],
          [
            73.54528770178595,
            19.95161400696204,
            0
          ],
          [
            73.54561441238039,
            19.95354488571707,
            0
          ],
          [
            73.54617994420454,
            19.95665270763777,
            0
          ]
        ]
      },
      "properties": {
        "name": "6",
        "styleUrl": "#msn_ylw-pushpin0001",
        "stroke-opacity": 1,
        "stroke": "#ff0000",
        "stroke-width": 3,
        "icon-scale": 1.1,
        "icon-offset": [
          20,
          2
        ],
        "icon-offset-units": [
          "pixels",
          "pixels"
        ],
        "icon": "http://maps.google.com/mapfiles/kml/pushpin/ylw-pushpin.png"
      }
    },
    {
      "type": "Feature",
      "geometry": {
        "type": "LineString",
        "coordinates": [
          [
            73.5376813878712,
            19.93922748258476,
            0
          ],
          [
            73.53785430837603,
            19.93932116741669,
            0
          ],
          [
            73.5381228635689,
            19.93948210676,
            0
          ],
          [
            73.53844534300426,
            19.93967915132843,
            0
          ],
          [
            73.53864344377341,
            19.93981904910764,
            0
          ],
          [
            73.53880793270287,
            19.94004647453615,
            0
          ],
          [
            73.53856609277106,
            19.94024188075881,
            0
          ],
          [
            73.53840405420834,
            19.94050843327997,
            0
          ],
          [
            73.53843983680828,
            19.94085309857333,
            0
          ],
          [
            73.53849202473167,
            19.94121072181158,
            0
          ],
          [
            73.53869846883292,
            19.94151088159512,
            0
          ],
          [
            73.53874651742345,
            19.94179988462718,
            0
          ],
          [
            73.5383973140595,
            19.94195566414968,
            0
          ],
          [
            73.53821722315857,
            19.9421542608013,
            0
          ],
          [
            73.53823189616197,
            19.94228854922202,
            0
          ],
          [
            73.53826744616073,
            19.94247450113281,
            0
          ],
          [
            73.5381350659871,
            19.94280607030616,
            0
          ],
          [
            73.53807800244819,
            19.94315328249243,
            0
          ],
          [
            73.53796450933484,
            19.9433831063138,
            0
          ],
          [
            73.53812838207945,
            19.94362405263816,
            0
          ],
          [
            73.53845232189393,
            19.94388234746188,
            0
          ],
          [
            73.53864651579437,
            19.94403658591646,
            0
          ],
          [
            73.5388395525614,
            19.94424095796129,
            0
          ],
          [
            73.53906074077602,
            19.94445777128506,
            0
          ],
          [
            73.5392544718892,
            19.94465459649098,
            0
          ],
          [
            73.53959574322023,
            19.94469021948877,
            0
          ],
          [
            73.5398242761801,
            19.9446297675043,
            0
          ],
          [
            73.5402500243774,
            19.94452507656126,
            0
          ],
          [
            73.54071083075742,
            19.94447269599003,
            0
          ],
          [
            73.54104916135945,
            19.94455653572946,
            0
          ],
          [
            73.54146482838189,
            19.94468001352934,
            0
          ],
          [
            73.54193159895775,
            19.9449224997176,
            0
          ],
          [
            73.54249511320175,
            19.94529492896179,
            0
          ],
          [
            73.54276029511155,
            19.94563344575221,
            0
          ],
          [
            73.54319912208688,
            19.94609174874514,
            0
          ],
          [
            73.54360980449897,
            19.94631279967114,
            0
          ],
          [
            73.54411694253497,
            19.94640964825165,
            0
          ],
          [
            73.5449166475398,
            19.94634629274531,
            0
          ],
          [
            73.54500818603472,
            19.94638304015282,
            0
          ],
          [
            73.54548842628563,
            19.94601364855245,
            0
          ],
          [
            73.54587885548938,
            19.94586372532945,
            0
          ],
          [
            73.54631220497727,
            19.94607003006078,
            0
          ],
          [
            73.54663482018043,
            19.94644424555499,
            0
          ],
          [
            73.54703922443447,
            19.94673068133904,
            0
          ],
          [
            73.5474561117522,
            19.94669734822915,
            0
          ],
          [
            73.54782016851453,
            19.94681152655241,
            0
          ],
          [
            73.54793063457998,
            19.94728460955729,
            0
          ],
          [
            73.54818945935016,
            19.94764862070588,
            0
          ],
          [
            73.54847029036108,
            19.94785442903975,
            0
          ],
          [
            73.5488432863731,
            19.94818325426575,
            0
          ],
          [
            73.54915738633309,
            19.94835874980298,
            0
          ],
          [
            73.5493518627914,
            19.94852090412467,
            0
          ],
          [
            73.5497682285941,
            19.94866610320821,
            0
          ],
          [
            73.55021587924234,
            19.9488285804087,
            0
          ],
          [
            73.55041922305345,
            19.94886290307895,
            0
          ],
          [
            73.55063551444081,
            19.94872110895346,
            0
          ],
          [
            73.55097637512088,
            19.94874022329478,
            0
          ],
          [
            73.5511745968935,
            19.94876242495186,
            0
          ],
          [
            73.55129135208738,
            19.94897037298069,
            0
          ],
          [
            73.55129833700164,
            19.94918473814653,
            0
          ],
          [
            73.55132152375735,
            19.94944149818531,
            0
          ],
          [
            73.55141253321918,
            19.94974838219823,
            0
          ],
          [
            73.551445801966,
            19.95003715125036,
            0
          ],
          [
            73.55143657662748,
            19.95065893960154,
            0
          ],
          [
            73.55121620354484,
            19.95109500572211,
            0
          ],
          [
            73.55134501351151,
            19.95176207869131,
            0
          ],
          [
            73.55187907276857,
            19.95213000744554,
            0
          ],
          [
            73.55245754876677,
            19.95253342281463,
            0
          ],
          [
            73.5529464951739,
            19.95279021863163,
            0
          ],
          [
            73.55311246080312,
            19.95324614584274,
            0
          ],
          [
            73.55306603100483,
            19.95410242603521,
            0
          ],
          [
            73.55282278933608,
            19.95498575268604,
            0
          ],
          [
            73.55298737118143,
            19.95540131080251,
            0
          ],
          [
            73.55353709657554,
            19.95567991345269,
            0
          ],
          [
            73.55392098349375,
            19.9557659048302,
            0
          ],
          [
            73.55440094990922,
            19.95592233202129,
            0
          ],
          [
            73.55467204416898,
            19.95615551927846,
            0
          ],
          [
            73.55477211393642,
            19.95647582361594,
            0
          ]
        ]
      },
      "properties": {
        "name": "8. navi ghat watch tower 2",
        "styleUrl": "#msn_ylw-pushpin1",
        "stroke-opacity": 1,
        "stroke": "#aa0000",
        "stroke-width": 4,
        "icon-scale": 1.1,
        "icon-offset": [
          20,
          2
        ],
        "icon-offset-units": [
          "pixels",
          "pixels"
        ],
        "icon": "http://maps.google.com/mapfiles/kml/pushpin/ylw-pushpin.png"
      }
    },
    {
      "type": "Feature",
      "geometry": {
        "type": "LineString",
        "coordinates": [
          [
            73.55357270343178,
            19.95353054520456,
            0
          ],
          [
            73.55345073312638,
            19.95289841824354,
            0
          ],
          [
            73.55320896721206,
            19.95246536316061,
            0
          ],
          [
            73.55260471752365,
            19.95218964232401,
            0
          ],
          [
            73.55205782895386,
            19.95186336160829,
            0
          ],
          [
            73.55178845170805,
            19.9515444556321,
            0
          ],
          [
            73.55170237645837,
            19.95137948423731,
            0
          ],
          [
            73.5516465717981,
            19.95110634420033,
            0
          ],
          [
            73.55177699217775,
            19.95058859603384,
            0
          ],
          [
            73.55180016564098,
            19.94995651493052,
            0
          ],
          [
            73.55170118257423,
            19.94939787690247,
            0
          ],
          [
            73.5515354854085,
            19.94878046648194,
            0
          ],
          [
            73.55140705119594,
            19.94848159820742,
            0
          ],
          [
            73.55124967698059,
            19.94841417246699,
            0
          ],
          [
            73.55104818745434,
            19.94839180949134,
            0
          ],
          [
            73.55068002434942,
            19.94837101975983,
            0
          ],
          [
            73.55031851541315,
            19.94844128584803,
            0
          ],
          [
            73.54998046211571,
            19.94838199609495,
            0
          ],
          [
            73.54945289997039,
            19.94810962283189,
            0
          ],
          [
            73.5488789559733,
            19.94765457482069,
            0
          ],
          [
            73.54861801635263,
            19.9473644249231,
            0
          ],
          [
            73.5482161570609,
            19.94690570953571,
            0
          ],
          [
            73.5479600670701,
            19.94644540490223,
            0
          ],
          [
            73.54761849772622,
            19.9463595857218,
            0
          ],
          [
            73.54723879756295,
            19.94633424195921,
            0
          ],
          [
            73.54702427144336,
            19.94624430450953,
            0
          ],
          [
            73.54668124757669,
            19.94581715116347,
            0
          ],
          [
            73.54645457902019,
            19.94543982081591,
            0
          ],
          [
            73.54630653742566,
            19.9453221204394,
            0
          ],
          [
            73.54594998824139,
            19.94531404392089,
            0
          ],
          [
            73.54546175803334,
            19.94550961135555,
            0
          ],
          [
            73.54515054197493,
            19.9457329978162,
            0
          ],
          [
            73.54482867447183,
            19.94593329351486,
            0
          ],
          [
            73.54446279438892,
            19.94605245973091,
            0
          ],
          [
            73.54397087088705,
            19.94591832302271,
            0
          ],
          [
            73.5435688693795,
            19.94568546666296,
            0
          ],
          [
            73.54321624287265,
            19.94525549648731,
            0
          ],
          [
            73.54305726537947,
            19.94512608591712,
            0
          ],
          [
            73.54259923899966,
            19.9447918284871,
            0
          ],
          [
            73.54200803802354,
            19.94444057515625,
            0
          ],
          [
            73.54151186662365,
            19.94426458443777,
            0
          ],
          [
            73.5411724957031,
            19.94408481805348,
            0
          ],
          [
            73.54090764499021,
            19.94396783235883,
            0
          ],
          [
            73.54039311006144,
            19.94401867173936,
            0
          ],
          [
            73.54010651613069,
            19.94417349776857,
            0
          ],
          [
            73.53970655078939,
            19.9442245495333,
            0
          ],
          [
            73.53940110859882,
            19.94413866845163,
            0
          ],
          [
            73.53893067032725,
            19.94376104510701,
            0
          ],
          [
            73.5385279717095,
            19.94343109268909,
            0
          ],
          [
            73.53839739267245,
            19.94318871270298,
            0
          ],
          [
            73.53854026733333,
            19.94268437486574,
            0
          ],
          [
            73.53874213678189,
            19.94226350780064,
            0
          ],
          [
            73.53910019847277,
            19.94199974158751,
            0
          ],
          [
            73.53922230412762,
            19.94173271084826,
            0
          ],
          [
            73.53920044420953,
            19.94131901711632,
            0
          ],
          [
            73.53907801615114,
            19.94109397098535,
            0
          ],
          [
            73.53901156112627,
            19.9410066914162,
            0
          ],
          [
            73.538922682151,
            19.94084366614491,
            0
          ],
          [
            73.53886701375546,
            19.94066363672377,
            0
          ],
          [
            73.53896709323371,
            19.94046018417209,
            0
          ],
          [
            73.53902045311719,
            19.94029160247228,
            0
          ],
          [
            73.53916067024383,
            19.94007360159928,
            0
          ],
          [
            73.53906648603052,
            19.93989502846524,
            0
          ],
          [
            73.53899972624332,
            19.93979836223511,
            0
          ],
          [
            73.53887529409455,
            19.93965578438991,
            0
          ]
        ]
      },
      "properties": {
        "name": "8",
        "styleUrl": "#msn_ylw-pushpin303",
        "stroke-opacity": 1,
        "stroke": "#aa0000",
        "stroke-width": 4,
        "icon-scale": 1.1,
        "icon-offset": [
          20,
          2
        ],
        "icon-offset-units": [
          "pixels",
          "pixels"
        ],
        "icon": "http://maps.google.com/mapfiles/kml/pushpin/ylw-pushpin.png"
      }
    },
    {
      "type": "Feature",
      "geometry": {
        "type": "LineString",
        "coordinates": [
          [
            73.6322899321052,
            19.72786972643017,
            0
          ],
          [
            73.63205630249985,
            19.72856904365708,
            0
          ],
          [
            73.63188310552826,
            19.72909948564639,
            0
          ],
          [
            73.63167188261463,
            19.72975500434217,
            0
          ],
          [
            73.63108860132651,
            19.73137350975554,
            0
          ],
          [
            73.63107896947919,
            19.73139218133473,
            0
          ],
          [
            73.6307421266056,
            19.73219076201569,
            0
          ],
          [
            73.62533430775599,
            19.7343669185797,
            0
          ],
          [
            73.62472876597832,
            19.73489033398173,
            0
          ],
          [
            73.62402907038278,
            19.73510703600992,
            0
          ],
          [
            73.62338089030386,
            19.73520873248643,
            0
          ],
          [
            73.62282867150293,
            19.73528123133205,
            0
          ],
          [
            73.62223782490989,
            19.73542106618938,
            0
          ],
          [
            73.621067815306,
            19.73567018574233,
            0
          ],
          [
            73.62032753981012,
            19.73584429161231,
            0
          ],
          [
            73.61895874900225,
            19.73621064762781,
            0
          ],
          [
            73.61840617815493,
            19.73631299156234,
            0
          ],
          [
            73.6180054392731,
            19.736766909214,
            0
          ],
          [
            73.61757627770174,
            19.73728615056681,
            0
          ],
          [
            73.61726034846176,
            19.73765861144797,
            0
          ],
          [
            73.61705520286351,
            19.73812715500988,
            0
          ],
          [
            73.61675639214513,
            19.73864928422245,
            0
          ],
          [
            73.61621879802053,
            19.73973061837215,
            0
          ],
          [
            73.61581708703149,
            19.74006749986463,
            0
          ],
          [
            73.61536982383738,
            19.74039063206344,
            0
          ],
          [
            73.6149072036387,
            19.74072931734139,
            0
          ],
          [
            73.61441413130272,
            19.74106653460992,
            0
          ],
          [
            73.61429050129708,
            19.74116996351033,
            0
          ],
          [
            73.61387715833158,
            19.74146226018966,
            0
          ],
          [
            73.61344276348834,
            19.74177617610942,
            0
          ],
          [
            73.61307229611047,
            19.74205093925407,
            0
          ],
          [
            73.61273651379139,
            19.74229969300269,
            0
          ],
          [
            73.61209615220345,
            19.74275983573489,
            0
          ],
          [
            73.61169164334898,
            19.74304928754441,
            0
          ],
          [
            73.60973406602444,
            19.74444227031298,
            0
          ],
          [
            73.60954812504916,
            19.74460934021375,
            0
          ],
          [
            73.60812629005395,
            19.74518783716992,
            0
          ],
          [
            73.60757112810057,
            19.74547306097495,
            0
          ],
          [
            73.60706554966667,
            19.74578092129417,
            0
          ],
          [
            73.60659523598383,
            19.74602797135077,
            0
          ],
          [
            73.60614280010697,
            19.74618234670068,
            0
          ],
          [
            73.60578772771227,
            19.74623611889892,
            0
          ],
          [
            73.60546303901182,
            19.74631462763459,
            0
          ],
          [
            73.60535614581762,
            19.74682969717605,
            0
          ],
          [
            73.60554332774143,
            19.7474558338168,
            0
          ],
          [
            73.60572066321669,
            19.7481793919403,
            0
          ],
          [
            73.60577810873038,
            19.7488928917379,
            0
          ],
          [
            73.60579856315867,
            19.74950887598845,
            0
          ],
          [
            73.60536440988786,
            19.74995476049144,
            0
          ],
          [
            73.60466301965816,
            19.75050101271341,
            0
          ],
          [
            73.60447705945074,
            19.75051734991712,
            0
          ],
          [
            73.60387830700662,
            19.75035831742753,
            0
          ],
          [
            73.60345602412912,
            19.75025763429068,
            0
          ],
          [
            73.60315793300718,
            19.75064489337806,
            0
          ],
          [
            73.60313933491796,
            19.7506740101771,
            0
          ],
          [
            73.60282236009766,
            19.75110334609027,
            0
          ],
          [
            73.6024943736839,
            19.75136336849936,
            0
          ],
          [
            73.60175243810356,
            19.75195992097982,
            0
          ],
          [
            73.59791553222716,
            19.75527383522948,
            0
          ],
          [
            73.59767277010009,
            19.75533295762249,
            0
          ],
          [
            73.59712207728906,
            19.75522766897764,
            0
          ],
          [
            73.59631960487027,
            19.75499655237279,
            0
          ],
          [
            73.59606379726368,
            19.75492929004762,
            0
          ],
          [
            73.59606588828528,
            19.7549346332862,
            0
          ],
          [
            73.59607007685275,
            19.75494533615286,
            0
          ],
          [
            73.59623666416725,
            19.75513072044091,
            0
          ],
          [
            73.59623911838632,
            19.75513349556382,
            0
          ],
          [
            73.59620672036316,
            19.75522867601921,
            0
          ],
          [
            73.59556702446532,
            19.75572352986884,
            0
          ],
          [
            73.59465288419888,
            19.75650615100947,
            0
          ],
          [
            73.59410938532365,
            19.75764630700699,
            0
          ],
          [
            73.59239487028411,
            19.7584815950402,
            0
          ],
          [
            73.59155698915927,
            19.75967996429971,
            0
          ],
          [
            73.59155073727486,
            19.7605714828944,
            0
          ],
          [
            73.59179516587662,
            19.76233773403144,
            0
          ],
          [
            73.59170181336566,
            19.7632251653874,
            0
          ],
          [
            73.59123084615675,
            19.76365527432381,
            0
          ],
          [
            73.59090144865218,
            19.76400361072522,
            0
          ],
          [
            73.5905770465436,
            19.76427223736646,
            0
          ],
          [
            73.59004780089043,
            19.76457424814796,
            0
          ],
          [
            73.58960119377757,
            19.7647000500359,
            0
          ],
          [
            73.58956145693323,
            19.76617967663762,
            0
          ],
          [
            73.58999773066387,
            19.76865010602703,
            0
          ],
          [
            73.58955761506598,
            19.77042237777025,
            0
          ],
          [
            73.58781181235463,
            19.771095388884,
            0
          ],
          [
            73.58717206865008,
            19.77099316314179,
            0
          ],
          [
            73.58651180975716,
            19.77081870925038,
            0
          ],
          [
            73.58628034467242,
            19.7707962866716,
            0
          ],
          [
            73.58444928504254,
            19.7702089621595,
            0
          ],
          [
            73.58326785607251,
            19.76982576861042,
            0
          ],
          [
            73.5824991833923,
            19.76942340514444,
            0
          ],
          [
            73.58159814456197,
            19.76891141034967,
            0
          ],
          [
            73.58024050136113,
            19.76890268902079,
            0
          ],
          [
            73.57759558422556,
            19.76909487546859,
            0
          ],
          [
            73.57650701222988,
            19.77033339943796,
            0
          ],
          [
            73.57697258830845,
            19.77096317525449,
            0
          ],
          [
            73.57753772440505,
            19.7714045461011,
            0
          ],
          [
            73.57819997969675,
            19.77186994550353,
            0
          ],
          [
            73.57829466367846,
            19.77540823317305,
            0
          ],
          [
            73.57982998863147,
            19.77755937687925,
            0
          ],
          [
            73.57932585278203,
            19.77830759790728,
            0
          ],
          [
            73.57856302389723,
            19.77926156519791,
            0
          ],
          [
            73.57779617026328,
            19.77992976767128,
            0
          ],
          [
            73.57723279811553,
            19.78024720287454,
            0
          ],
          [
            73.5771314344019,
            19.78048348885947,
            0
          ],
          [
            73.57585886149366,
            19.78090340793232,
            0
          ],
          [
            73.57398871168407,
            19.78141185161501,
            0
          ],
          [
            73.57361296316161,
            19.78144136158368,
            0
          ],
          [
            73.57298305874436,
            19.78148087679074,
            0
          ],
          [
            73.57227798495138,
            19.78158238945774,
            0
          ],
          [
            73.57142989693405,
            19.78166054987045,
            0
          ],
          [
            73.57060952075965,
            19.78169197824058,
            0
          ],
          [
            73.56809049832749,
            19.7819715382919,
            0
          ],
          [
            73.56800451368737,
            19.78231530478933,
            0
          ],
          [
            73.56763791956868,
            19.78349082655117,
            0
          ],
          [
            73.5671201755223,
            19.78454948139865,
            0
          ],
          [
            73.56559419291655,
            19.78730437539805,
            0
          ],
          [
            73.56498566047271,
            19.78886764332564,
            0
          ],
          [
            73.56452850472286,
            19.79008733487301,
            0
          ],
          [
            73.56374901373573,
            19.79223795947447,
            0
          ],
          [
            73.56181485869885,
            19.79456407970877,
            0
          ],
          [
            73.56116950107761,
            19.79529640740866,
            0
          ],
          [
            73.56071593843934,
            19.79633278319164,
            0
          ],
          [
            73.56036047784761,
            19.79636932979687,
            0
          ],
          [
            73.55965244914061,
            19.79639458118693,
            0
          ],
          [
            73.55392083650645,
            19.79661029113161,
            0
          ],
          [
            73.55243349856266,
            19.7978958451395,
            0
          ],
          [
            73.55097614018203,
            19.79758861505056,
            0
          ],
          [
            73.55043078513869,
            19.79739974073638,
            0
          ],
          [
            73.54939164432788,
            19.79698527731074,
            0
          ],
          [
            73.5487776521206,
            19.79678812876256,
            0
          ],
          [
            73.54753604927322,
            19.79646430625278,
            0
          ],
          [
            73.54669996844764,
            19.79622879191479,
            0
          ],
          [
            73.5452533697233,
            19.79620087298163,
            0
          ],
          [
            73.54369749677963,
            19.79675289246258,
            0
          ],
          [
            73.54294398166799,
            19.79746617169069,
            0
          ],
          [
            73.54203522898112,
            19.7980484798528,
            0
          ],
          [
            73.54094321787478,
            19.7993959287073,
            0
          ],
          [
            73.54036511895418,
            19.8001727249968,
            0
          ],
          [
            73.5398271324797,
            19.80056282038368,
            0
          ],
          [
            73.53951735348535,
            19.80120320205771,
            0
          ],
          [
            73.53936924450952,
            19.80137033483443,
            0
          ],
          [
            73.53891542040903,
            19.80142147838644,
            0
          ],
          [
            73.5388738383967,
            19.80147653486866,
            0
          ],
          [
            73.5387824093887,
            19.80149038616775,
            0
          ],
          [
            73.53715414924851,
            19.80142146342217,
            0
          ],
          [
            73.53563249454233,
            19.80189157330134,
            0
          ],
          [
            73.53473484167588,
            19.80251792621589,
            0
          ],
          [
            73.53378057165574,
            19.80252784569598,
            0
          ],
          [
            73.53317988273076,
            19.8024004723853,
            0
          ],
          [
            73.53169620936498,
            19.8019362719883,
            0
          ],
          [
            73.5314370625862,
            19.8018176407251,
            0
          ],
          [
            73.53024790605112,
            19.80130726767565,
            0
          ],
          [
            73.52962629739923,
            19.80126984426394,
            0
          ],
          [
            73.52917880602216,
            19.80084567998769,
            0
          ],
          [
            73.52892582648062,
            19.80040770200059,
            0
          ],
          [
            73.5287857098529,
            19.8002392801531,
            0
          ],
          [
            73.52861430394468,
            19.7999282336356,
            0
          ],
          [
            73.52838030924843,
            19.79947516896535,
            0
          ],
          [
            73.52814608185408,
            19.79907735204624,
            0
          ],
          [
            73.52776606984585,
            19.79856662286576,
            0
          ],
          [
            73.52759532260811,
            19.7983898171515,
            0
          ],
          [
            73.52750765820896,
            19.79838628135817,
            0
          ],
          [
            73.52712867673078,
            19.79817129302328,
            0
          ],
          [
            73.52704283937274,
            19.79802525633577,
            0
          ],
          [
            73.52645485589848,
            19.79755705002273,
            0
          ],
          [
            73.52637714143292,
            19.79743772801056,
            0
          ],
          [
            73.52611575765741,
            19.79708196966387,
            0
          ],
          [
            73.52602170266323,
            19.79688832753786,
            0
          ],
          [
            73.52603006318051,
            19.79684540790615,
            0
          ],
          [
            73.52568818855067,
            19.79640882614037,
            0
          ],
          [
            73.52551003996116,
            19.79636310589751,
            0
          ],
          [
            73.52513985914922,
            19.79633213250138,
            0
          ],
          [
            73.52508509456062,
            19.79629256755852,
            0
          ],
          [
            73.52492986324548,
            19.79622753888083,
            0
          ],
          [
            73.52450202184797,
            19.79614739350859,
            0
          ],
          [
            73.52441349450778,
            19.79609002806609,
            0
          ],
          [
            73.52390699513293,
            19.79582378500116,
            0
          ],
          [
            73.52357931249203,
            19.79562327533066,
            0
          ],
          [
            73.52324921121385,
            19.79536466290288,
            0
          ],
          [
            73.52301559065641,
            19.79512730357919,
            0
          ],
          [
            73.52268438803051,
            19.79494852687201,
            0
          ],
          [
            73.52228111835322,
            19.79473388102153,
            0
          ],
          [
            73.52165653370521,
            19.79478376834115,
            0
          ],
          [
            73.52133542130879,
            19.79480765960761,
            0
          ],
          [
            73.52105716038564,
            19.79476804743786,
            0
          ],
          [
            73.52021746826617,
            19.79459276146643,
            0
          ],
          [
            73.51948895692836,
            19.79460571743497,
            0
          ],
          [
            73.51917130063666,
            19.79457583775914,
            0
          ],
          [
            73.51844013227846,
            19.79531692890076,
            0
          ],
          [
            73.51842717903546,
            19.7953363476373,
            0
          ],
          [
            73.51839885924984,
            19.79536071248207,
            0
          ],
          [
            73.51795638372431,
            19.7958537938615,
            0
          ],
          [
            73.51753862452131,
            19.79704806873159,
            0
          ],
          [
            73.51738014393095,
            19.79794835972424,
            0
          ],
          [
            73.51712091568172,
            19.79832042803633,
            0
          ],
          [
            73.51642213026757,
            19.7987839165759,
            0
          ],
          [
            73.51639120070955,
            19.79880774443106,
            0
          ],
          [
            73.51576820473149,
            19.79930653539026,
            0
          ],
          [
            73.5152740087151,
            19.79974559518451,
            0
          ],
          [
            73.51486071979333,
            19.80013254709789,
            0
          ],
          [
            73.51450143118754,
            19.8009964737331,
            0
          ],
          [
            73.51378087952415,
            19.80141231552933,
            0
          ],
          [
            73.51312591862184,
            19.80174355166741,
            0
          ],
          [
            73.51279857628114,
            19.80199210534291,
            0
          ],
          [
            73.51254900982902,
            19.80241705026719,
            0
          ],
          [
            73.51254530065997,
            19.80241177407925,
            0
          ],
          [
            73.51258705093856,
            19.80291462584282,
            0
          ],
          [
            73.51313283442575,
            19.80437505569266,
            0
          ],
          [
            73.51320600436387,
            19.80523893831923,
            0
          ],
          [
            73.51297202543718,
            19.80585052982324,
            0
          ],
          [
            73.51232850708587,
            19.80636803902438,
            0
          ],
          [
            73.511741829325,
            19.80684632605867,
            0
          ],
          [
            73.51101951244937,
            19.80701422154684,
            0
          ],
          [
            73.51037423663375,
            19.80705402007811,
            0
          ],
          [
            73.51004215531836,
            19.80724504628531,
            0
          ],
          [
            73.51001748177029,
            19.80741551804343,
            0
          ],
          [
            73.51006663122554,
            19.80772723549418,
            0
          ],
          [
            73.51033917026494,
            19.80814084771592,
            0
          ],
          [
            73.51046661173156,
            19.80843917358139,
            0
          ],
          [
            73.51064705546987,
            19.80900188215517,
            0
          ],
          [
            73.5106832605339,
            19.80924809558967,
            0
          ],
          [
            73.51038836138049,
            19.80953561912996,
            0
          ],
          [
            73.50993066322856,
            19.80943750569779,
            0
          ],
          [
            73.5099139909247,
            19.80943751049725,
            0
          ],
          [
            73.5097198383217,
            19.80956162258776,
            0
          ],
          [
            73.50970040621618,
            19.80959182688134,
            0
          ],
          [
            73.50942104493464,
            19.80994425099641,
            0
          ],
          [
            73.50886977946054,
            19.81032135846168,
            0
          ],
          [
            73.50880540739203,
            19.81038236373826,
            0
          ],
          [
            73.5080939682072,
            19.81051727501626,
            0
          ],
          [
            73.50743360142113,
            19.81056662071929,
            0
          ],
          [
            73.50736895749107,
            19.81059127370786,
            0
          ],
          [
            73.50686494305216,
            19.811342964337,
            0
          ],
          [
            73.50681013342864,
            19.8113939524379,
            0
          ],
          [
            73.50659025939424,
            19.81215893863636,
            0
          ],
          [
            73.50593232726656,
            19.81267856144641,
            0
          ],
          [
            73.50552894119875,
            19.81304495838746,
            0
          ],
          [
            73.50548153636305,
            19.8131271236395,
            0
          ],
          [
            73.5055929207865,
            19.81385084594315,
            0
          ],
          [
            73.50575540292229,
            19.81435014869658,
            0
          ],
          [
            73.50589928168115,
            19.81496278509786,
            0
          ],
          [
            73.50557438460059,
            19.81553032437499,
            0
          ],
          [
            73.50475940732295,
            19.81554573576216,
            0
          ],
          [
            73.503892990622,
            19.81563688152331,
            0
          ],
          [
            73.50328858445415,
            19.81563711459856,
            0
          ],
          [
            73.50204527788443,
            19.81558107510073,
            0
          ],
          [
            73.50142098854391,
            19.81515998421295,
            0
          ],
          [
            73.50105689635747,
            19.81433343186135,
            0
          ],
          [
            73.49999826060463,
            19.8135088284265,
            0
          ],
          [
            73.49895277481062,
            19.8131513426532,
            0
          ],
          [
            73.4988850204449,
            19.81311393047801,
            0
          ],
          [
            73.49795503599377,
            19.81237470693265,
            0
          ],
          [
            73.49772030199429,
            19.81186729597786,
            0
          ],
          [
            73.4974089980571,
            19.81119168038867,
            0
          ],
          [
            73.49619457838506,
            19.81168828486287,
            0
          ],
          [
            73.49529715544958,
            19.81207284287187,
            0
          ],
          [
            73.49449163200585,
            19.8118163989475,
            0
          ],
          [
            73.49277962942611,
            19.81205222973876,
            0
          ],
          [
            73.49257754348719,
            19.81213830537477,
            0
          ],
          [
            73.49185176074343,
            19.81252866208769,
            0
          ],
          [
            73.49108051977437,
            19.81323513443167,
            0
          ],
          [
            73.49092150802426,
            19.81323519214193,
            0
          ],
          [
            73.48967850398748,
            19.81418800637866,
            0
          ],
          [
            73.48900636324417,
            19.81453563033327,
            0
          ],
          [
            73.48796156737451,
            19.81505261156747,
            0
          ],
          [
            73.48784459614353,
            19.81505265835915,
            0
          ],
          [
            73.48680480422423,
            19.81493491909351,
            0
          ],
          [
            73.48469520400155,
            19.81386914135936,
            0
          ],
          [
            73.4834303380491,
            19.8150071127414,
            0
          ],
          [
            73.48229663495412,
            19.8154600070268,
            0
          ],
          [
            73.48216083355214,
            19.81688236502805,
            0
          ],
          [
            73.48174118476481,
            19.8181349065975,
            0
          ],
          [
            73.48096997257103,
            19.81847333771839,
            0
          ],
          [
            73.48089032958751,
            19.81849290442905,
            0
          ],
          [
            73.47844231306563,
            19.81971427877875,
            0
          ],
          [
            73.47568920283123,
            19.8206785457248,
            0
          ],
          [
            73.4754145712459,
            19.82149889711776,
            0
          ],
          [
            73.47347436497151,
            19.82327488169409,
            0
          ],
          [
            73.47041300157608,
            19.82424154287031,
            0
          ],
          [
            73.47011140252192,
            19.8253745714278,
            0
          ],
          [
            73.4695085453695,
            19.8253881900327,
            0
          ],
          [
            73.46865535867951,
            19.8246909779886,
            0
          ],
          [
            73.46774808943985,
            19.82437882942014,
            0
          ],
          [
            73.46698302172672,
            19.82462900815462,
            0
          ],
          [
            73.46583143148465,
            19.82509864983025,
            0
          ],
          [
            73.46469395560007,
            19.82549445027023,
            0
          ],
          [
            73.46317851923973,
            19.82538525346871,
            0
          ],
          [
            73.46254773965822,
            19.82505743615001,
            0
          ],
          [
            73.4611428254898,
            19.82505843158007,
            0
          ],
          [
            73.46005004750441,
            19.82505920545989,
            0
          ],
          [
            73.4585335280825,
            19.82508204518815,
            0
          ],
          [
            73.45808945729321,
            19.82452192083718,
            0
          ],
          [
            73.45794049290505,
            19.82368158716949,
            0
          ],
          [
            73.45759923741267,
            19.82316948039239,
            0
          ],
          [
            73.45693051550843,
            19.82405726359579,
            0
          ],
          [
            73.45668407045183,
            19.82576673641709,
            0
          ],
          [
            73.45668019701947,
            19.82590095673457,
            0
          ],
          [
            73.45667890174794,
            19.82594583968503,
            0
          ],
          [
            73.4566983619319,
            19.82605834392415,
            0
          ],
          [
            73.4560896564178,
            19.82773041750122,
            0
          ],
          [
            73.45475544348416,
            19.8281407226646,
            0
          ],
          [
            73.45249390334303,
            19.82744776053788,
            0
          ],
          [
            73.45160568738544,
            19.82649385743054,
            0
          ],
          [
            73.45017993303186,
            19.82719031039516,
            0
          ],
          [
            73.44904758341691,
            19.82910649476678,
            0
          ],
          [
            73.44856185593618,
            19.82973985375359,
            0
          ],
          [
            73.44846105479492,
            19.83174962236914,
            0
          ],
          [
            73.44672278274284,
            19.83249798572741,
            0
          ],
          [
            73.4447328467077,
            19.83285051208043,
            0
          ],
          [
            73.44358186368952,
            19.83332246826312,
            0
          ],
          [
            73.44352159852671,
            19.83339278756898,
            0
          ],
          [
            73.44261808248841,
            19.83473467621878,
            0
          ],
          [
            73.44162664396669,
            19.83519363494639,
            0
          ],
          [
            73.44087580279498,
            19.83476646854656,
            0
          ],
          [
            73.44032639627089,
            19.83563212969328,
            0
          ],
          [
            73.4393467687778,
            19.83599953764816,
            0
          ],
          [
            73.43932223692782,
            19.8360639782743,
            0
          ],
          [
            73.43804449069688,
            19.83688809586755,
            0
          ],
          [
            73.43802018531365,
            19.83693855303696,
            0
          ],
          [
            73.43692521516782,
            19.83865745536682,
            0
          ],
          [
            73.43619689565841,
            19.83962106118682,
            0
          ],
          [
            73.43555464976032,
            19.841092693105,
            0
          ],
          [
            73.43473465044886,
            19.84211622850055,
            0
          ],
          [
            73.43341840473326,
            19.84282660353817,
            0
          ],
          [
            73.43330257005137,
            19.84448013746116,
            0
          ],
          [
            73.43371522389486,
            19.84643796246217,
            0
          ],
          [
            73.43338247594598,
            19.84837226803731,
            0
          ],
          [
            73.4327397368641,
            19.84995837332848,
            0
          ],
          [
            73.43247081016175,
            19.8511153434878,
            0
          ],
          [
            73.43184877973546,
            19.85417354787769,
            0
          ],
          [
            73.43160696072113,
            19.85520266218629,
            0
          ],
          [
            73.43152278638541,
            19.85648812649837,
            0
          ],
          [
            73.43127449013983,
            19.85762722882997,
            0
          ],
          [
            73.43087192710463,
            19.85923791017257,
            0
          ],
          [
            73.431215467191,
            19.86011313988239,
            0
          ],
          [
            73.4319566750372,
            19.86039221743424,
            0
          ],
          [
            73.43199040991934,
            19.8604108995604,
            0
          ],
          [
            73.43277513552015,
            19.8606646463872,
            0
          ],
          [
            73.43359306351056,
            19.86071122944355,
            0
          ],
          [
            73.43440433334865,
            19.86081532367729,
            0
          ],
          [
            73.43569080881709,
            19.86093872779123,
            0
          ],
          [
            73.43631534111299,
            19.86100560896343,
            0
          ],
          [
            73.43731701390479,
            19.86109260088102,
            0
          ],
          [
            73.4378686380789,
            19.86119007376405,
            0
          ],
          [
            73.43841284259248,
            19.86091626515969,
            0
          ],
          [
            73.43910002178731,
            19.86064614295616,
            0
          ],
          [
            73.43969117536042,
            19.86022968420384,
            0
          ],
          [
            73.44043616356375,
            19.85994134901619,
            0
          ],
          [
            73.44131136835419,
            19.8598967710995,
            0
          ],
          [
            73.44154039038169,
            19.86016558731922,
            0
          ],
          [
            73.44156781994278,
            19.86019180204347,
            0
          ],
          [
            73.44192377219709,
            19.86079619404577,
            0
          ],
          [
            73.4419247145648,
            19.86081427300068,
            0
          ],
          [
            73.44236027177159,
            19.86107793242508,
            0
          ],
          [
            73.4423871937311,
            19.86107790583449,
            0
          ],
          [
            73.44243325451808,
            19.86109620703487,
            0
          ],
          [
            73.44300874215287,
            19.86144755545255,
            0
          ],
          [
            73.4430464760454,
            19.86146621701385,
            0
          ],
          [
            73.44360949213899,
            19.86176729096629,
            0
          ],
          [
            73.44379799110838,
            19.86229660768418,
            0
          ],
          [
            73.44407617190296,
            19.86299534573046,
            0
          ],
          [
            73.44407982189378,
            19.86304016552328,
            0
          ],
          [
            73.44465217029838,
            19.86348941545141,
            0
          ],
          [
            73.44467378411221,
            19.86350928429268,
            0
          ],
          [
            73.44591352503264,
            19.86461141941637,
            0
          ],
          [
            73.44691254205101,
            19.8657066407701,
            0
          ],
          [
            73.44780000054989,
            19.86672072097993,
            0
          ],
          [
            73.4481584092982,
            19.86762993756966,
            0
          ],
          [
            73.44894750960775,
            19.86955053573521,
            0
          ],
          [
            73.4495539180186,
            19.87052242824366,
            0
          ],
          [
            73.45043609238085,
            19.87186721453357,
            0
          ],
          [
            73.45019992234425,
            19.87236969111295,
            0
          ],
          [
            73.44972076957671,
            19.87287308800193,
            0
          ],
          [
            73.44970802848397,
            19.87289052782833,
            0
          ],
          [
            73.44930961726027,
            19.87324488322651,
            0
          ],
          [
            73.44880071224996,
            19.87376060920147,
            0
          ],
          [
            73.44816238666183,
            19.87408531538984,
            0
          ],
          [
            73.4481501892942,
            19.87410351719118,
            0
          ],
          [
            73.44811971939026,
            19.87412782963519,
            0
          ],
          [
            73.44739755474144,
            19.87456540155175,
            0
          ],
          [
            73.4473912414594,
            19.8745716412544,
            0
          ],
          [
            73.44639511391779,
            19.87523994192057,
            0
          ],
          [
            73.44596082353199,
            19.87564668780888,
            0
          ],
          [
            73.44598791664626,
            19.8756201637779,
            0
          ],
          [
            73.44593573706531,
            19.87825106926684,
            0
          ],
          [
            73.44632458043374,
            19.87937081120394,
            0
          ],
          [
            73.44618327394252,
            19.88048306645673,
            0
          ],
          [
            73.44534995184412,
            19.88134524978365,
            0
          ],
          [
            73.44522081512842,
            19.88227985041427,
            0
          ],
          [
            73.44549454889324,
            19.88373680095148,
            0
          ],
          [
            73.44543613604309,
            19.8848799210741,
            0
          ],
          [
            73.44481313292108,
            19.88530124311401,
            0
          ],
          [
            73.44448859543131,
            19.8859906107453,
            0
          ],
          [
            73.44440732830768,
            19.88693878243314,
            0
          ],
          [
            73.44318923013618,
            19.88765288209004,
            0
          ],
          [
            73.44191406808176,
            19.88835615394304,
            0
          ],
          [
            73.44152787265777,
            19.88922086317541,
            0
          ],
          [
            73.4412558676802,
            19.89239018866455,
            0
          ],
          [
            73.44179915446188,
            19.89259397351156,
            0
          ],
          [
            73.44263055515415,
            19.89252496098253,
            0
          ],
          [
            73.44306238604588,
            19.89293607262011,
            0
          ],
          [
            73.44326467328533,
            19.89339450266505,
            0
          ],
          [
            73.44322169963402,
            19.89462003367725,
            0
          ],
          [
            73.44391013388524,
            19.89507211885538,
            0
          ],
          [
            73.44395203534347,
            19.89508678058062,
            0
          ],
          [
            73.44405032096759,
            19.89510138833964,
            0
          ],
          [
            73.44544362778944,
            19.89578353535955,
            0
          ],
          [
            73.44617420190865,
            19.89638834620478,
            0
          ],
          [
            73.44833541780368,
            19.89695765501261,
            0
          ],
          [
            73.44885521209214,
            19.89706317559449,
            0
          ],
          [
            73.4498634697923,
            19.89748094119805,
            0
          ],
          [
            73.45106139805443,
            19.89776351868917,
            0
          ],
          [
            73.45199187400642,
            19.89795016109002,
            0
          ],
          [
            73.45240552137183,
            19.89783910692557,
            0
          ],
          [
            73.45393723548369,
            19.89749822079514,
            0
          ],
          [
            73.4546495033684,
            19.89700398371788,
            0
          ],
          [
            73.45467961241393,
            19.89700395234894,
            0
          ],
          [
            73.45478869794223,
            19.89699323911719,
            0
          ],
          [
            73.45527866038195,
            19.89646952450776,
            0
          ],
          [
            73.45606585656262,
            19.89655381401714,
            0
          ],
          [
            73.45611414630761,
            19.8965537667816,
            0
          ],
          [
            73.45741761516975,
            19.89664045644323,
            0
          ],
          [
            73.45795372884261,
            19.8965018547336,
            0
          ],
          [
            73.4575371825966,
            19.89584811987928,
            0
          ],
          [
            73.45753041765266,
            19.89579949343193,
            0
          ],
          [
            73.45750843715604,
            19.89572675531916,
            0
          ],
          [
            73.45748717950501,
            19.89523563013376,
            0
          ],
          [
            73.4574972531475,
            19.89522377186357,
            0
          ],
          [
            73.4576605616563,
            19.89481273131254,
            0
          ],
          [
            73.45820232396848,
            19.89448881408375,
            0
          ],
          [
            73.45821023683938,
            19.89446588052735,
            0
          ],
          [
            73.45828636614362,
            19.89290618591529,
            0
          ],
          [
            73.45835612448955,
            19.88619178207743,
            0
          ],
          [
            73.45906379262351,
            19.88522621429645,
            0
          ],
          [
            73.46034902282898,
            19.88490245105089,
            0
          ],
          [
            73.46135322986842,
            19.88487859844838,
            0
          ],
          [
            73.46313669207073,
            19.88114152702929,
            0
          ],
          [
            73.46333280697283,
            19.88090829987121,
            0
          ],
          [
            73.46418460043226,
            19.88121071302869,
            0
          ],
          [
            73.46462060650227,
            19.88121025671699,
            0
          ],
          [
            73.46506054597488,
            19.88154004713195,
            0
          ],
          [
            73.46578876235033,
            19.88161053449721,
            0
          ],
          [
            73.46645586155552,
            19.88192067539346,
            0
          ],
          [
            73.4665815084128,
            19.88219707729874,
            0
          ],
          [
            73.46658469194992,
            19.88222027282812,
            0
          ],
          [
            73.4666906357822,
            19.88253538541625,
            0
          ],
          [
            73.46668232131604,
            19.88254493087324,
            0
          ],
          [
            73.46669185502431,
            19.88271785553069,
            0
          ],
          [
            73.46683053237867,
            19.88263048833399,
            0
          ],
          [
            73.4669228145183,
            19.88239052652558,
            0
          ],
          [
            73.4670935289314,
            19.88220373558121,
            0
          ],
          [
            73.46703009712905,
            19.88200084035328,
            0
          ],
          [
            73.4668412041789,
            19.88182030127127,
            0
          ],
          [
            73.46637407337928,
            19.8816659968106,
            0
          ],
          [
            73.46592033431574,
            19.88141743648332,
            0
          ],
          [
            73.46560156707183,
            19.88123662164163,
            0
          ],
          [
            73.46555828532797,
            19.88102738319667,
            0
          ],
          [
            73.4656854663597,
            19.88090873888385,
            0
          ],
          [
            73.46597569683153,
            19.88112449501421,
            0
          ],
          [
            73.46675965664267,
            19.881407515924,
            0
          ],
          [
            73.46722995421403,
            19.88125759538466,
            0
          ],
          [
            73.46734242012852,
            19.88078567117132,
            0
          ],
          [
            73.467719752201,
            19.88024961448267,
            0
          ],
          [
            73.46815410744149,
            19.88003171226378,
            0
          ],
          [
            73.46838039868067,
            19.87959399858211,
            0
          ],
          [
            73.46867091057645,
            19.87937884549264,
            0
          ],
          [
            73.46894671346926,
            19.87938318985054,
            0
          ],
          [
            73.46912819152251,
            19.87965025163342,
            0
          ],
          [
            73.46905894555091,
            19.88020219187626,
            0
          ],
          [
            73.469320022653,
            19.88055022829753,
            0
          ],
          [
            73.46972375591868,
            19.88052857661798,
            0
          ],
          [
            73.46986442142014,
            19.8808081049381,
            0
          ],
          [
            73.46999360375125,
            19.88169829596135,
            0
          ],
          [
            73.47039407858091,
            19.88183110365853,
            0
          ],
          [
            73.47077245040516,
            19.88133955032761,
            0
          ],
          [
            73.47078859456549,
            19.88132872959265,
            0
          ],
          [
            73.47119092533235,
            19.88074924029224,
            0
          ],
          [
            73.47149956942889,
            19.88027651507492,
            0
          ],
          [
            73.47171620812246,
            19.87985157693616,
            0
          ],
          [
            73.4719786125792,
            19.8796016657809,
            0
          ],
          [
            73.47197988975546,
            19.87957863336046,
            0
          ],
          [
            73.47251900206034,
            19.8788921453243,
            0
          ],
          [
            73.4729574085786,
            19.87834054308611,
            0
          ],
          [
            73.47322586025791,
            19.87819689117242,
            0
          ],
          [
            73.47355982518864,
            19.87805079778968,
            0
          ],
          [
            73.4739900002345,
            19.87763265544971,
            0
          ],
          [
            73.47442711925268,
            19.87728321567488,
            0
          ],
          [
            73.47464270808356,
            19.87702046985939,
            0
          ],
          [
            73.4746521118835,
            19.87702046167847,
            0
          ],
          [
            73.47479922859851,
            19.8771526519626,
            0
          ],
          [
            73.47507101670683,
            19.87759967288439,
            0
          ],
          [
            73.47509600752875,
            19.87760420598225,
            0
          ],
          [
            73.47533639031198,
            19.87798665055491,
            0
          ],
          [
            73.47523838607775,
            19.8784485424633,
            0
          ],
          [
            73.47536512669174,
            19.87869438340583,
            0
          ],
          [
            73.47563866414791,
            19.87884619436399,
            0
          ],
          [
            73.47579607391653,
            19.87934137986951,
            0
          ],
          [
            73.47622410313672,
            19.87946491911755,
            0
          ],
          [
            73.47693694658697,
            19.87947236799489,
            0
          ],
          [
            73.47801250292525,
            19.87921042073785,
            0
          ],
          [
            73.47884892305748,
            19.87887534695708,
            0
          ],
          [
            73.47972837143853,
            19.87867567604956,
            0
          ],
          [
            73.48029982955023,
            19.87887208733614,
            0
          ],
          [
            73.48125418672957,
            19.87936182249036,
            0
          ],
          [
            73.48218530827785,
            19.879782232738,
            0
          ],
          [
            73.48287406750715,
            19.8797993016101,
            0
          ],
          [
            73.48318819367248,
            19.87942307955474,
            0
          ],
          [
            73.48374373543892,
            19.87904011524867,
            0
          ],
          [
            73.4841706620588,
            19.87882281650922,
            0
          ],
          [
            73.48489140010646,
            19.87869454149457,
            0
          ],
          [
            73.4859146801718,
            19.87852481134586,
            0
          ],
          [
            73.48623601773566,
            19.87844023385635,
            0
          ],
          [
            73.48662648422795,
            19.87804383825228,
            0
          ],
          [
            73.48738932147332,
            19.87753905572271,
            0
          ],
          [
            73.48806067690232,
            19.87718003348629,
            0
          ],
          [
            73.49100736153657,
            19.87706195977546,
            0
          ],
          [
            73.49198675503953,
            19.87677456412041,
            0
          ],
          [
            73.4932219744954,
            19.87632685593526,
            0
          ],
          [
            73.49489902496317,
            19.87608647922995,
            0
          ],
          [
            73.49642428254086,
            19.87624401278026,
            0
          ],
          [
            73.49744519804297,
            19.87634120616862,
            0
          ],
          [
            73.49884957582549,
            19.87711669561467,
            0
          ],
          [
            73.49940146886387,
            19.87735556134598,
            0
          ],
          [
            73.5000940919225,
            19.87722279178636,
            0
          ],
          [
            73.50148271697637,
            19.87747047099087,
            0
          ],
          [
            73.50215893449948,
            19.87804855366358,
            0
          ],
          [
            73.50275385109207,
            19.87882278805192,
            0
          ],
          [
            73.50288247632803,
            19.87974539384533,
            0
          ],
          [
            73.50333533757087,
            19.88045813962387,
            0
          ],
          [
            73.50376004207723,
            19.88090288509181,
            0
          ],
          [
            73.50452568639356,
            19.88134020320893,
            0
          ],
          [
            73.50591345814851,
            19.8827726747712,
            0
          ],
          [
            73.50799298396545,
            19.88447845493418,
            0
          ],
          [
            73.5080219346731,
            19.8845529637035,
            0
          ],
          [
            73.5090369861917,
            19.88557614823753,
            0
          ],
          [
            73.50934175704104,
            19.8863170529068,
            0
          ],
          [
            73.5102379529377,
            19.88719654459419,
            0
          ],
          [
            73.51092863905896,
            19.88847845155932,
            0
          ],
          [
            73.51311648094895,
            19.88946133600026,
            0
          ],
          [
            73.51422404739695,
            19.89080869665112,
            0
          ],
          [
            73.5156358126409,
            19.89155984245764,
            0
          ],
          [
            73.51572375451597,
            19.89282761340885,
            0
          ],
          [
            73.51614188232004,
            19.89335363761116,
            0
          ],
          [
            73.51744700562972,
            19.89378095048223,
            0
          ],
          [
            73.5181005088412,
            19.89379176214916,
            0
          ],
          [
            73.51858008658566,
            19.89395207283382,
            0
          ],
          [
            73.51929751072129,
            19.89384385850343,
            0
          ],
          [
            73.52010851043285,
            19.89397406023506,
            0
          ],
          [
            73.52090174210909,
            19.8944070857389,
            0
          ],
          [
            73.52132042107127,
            19.89461013230109,
            0
          ],
          [
            73.5220883066827,
            19.89461508170421,
            0
          ],
          [
            73.52296441340995,
            19.8948208731538,
            0
          ],
          [
            73.52434136388982,
            19.89493344988191,
            0
          ],
          [
            73.52608667714351,
            19.89530169520158,
            0
          ],
          [
            73.52685750069082,
            19.8957467551311,
            0
          ],
          [
            73.52793822286174,
            19.89603119668824,
            0
          ],
          [
            73.52912119548738,
            19.89702375655253,
            0
          ],
          [
            73.5302947714739,
            19.89698839062785,
            0
          ],
          [
            73.53157376572193,
            19.89643541653946,
            0
          ],
          [
            73.53240030832411,
            19.8958568813982,
            0
          ],
          [
            73.53247365752873,
            19.89585683268956,
            0
          ],
          [
            73.53371401772482,
            19.89552198089806,
            0
          ],
          [
            73.53380123867463,
            19.89552192413835,
            0
          ],
          [
            73.53497733361326,
            19.89538623986968,
            0
          ],
          [
            73.53625441347134,
            19.8954452579724,
            0
          ],
          [
            73.5379794287296,
            19.89591458259082,
            0
          ],
          [
            73.5380249039215,
            19.89592992856716,
            0
          ],
          [
            73.53995582802344,
            19.89681040037111,
            0
          ],
          [
            73.54000095232844,
            19.89681036992943,
            0
          ],
          [
            73.54086785955366,
            19.89705309034449,
            0
          ],
          [
            73.54095867998142,
            19.89705302875509,
            0
          ],
          [
            73.5421603918677,
            19.89731517710037,
            0
          ],
          [
            73.54222460928429,
            19.89733168812388,
            0
          ],
          [
            73.54331845313708,
            19.89893506407918,
            0
          ],
          [
            73.5439734550738,
            19.9003670483131,
            0
          ],
          [
            73.54444508416857,
            19.9009365665912,
            0
          ],
          [
            73.54467213239523,
            19.90119004238124,
            0
          ],
          [
            73.54488260901734,
            19.90130076489297,
            0
          ],
          [
            73.5452490422154,
            19.9014101860591,
            0
          ],
          [
            73.54537408256358,
            19.90147587626815,
            0
          ],
          [
            73.54557928371119,
            19.90155332408358,
            0
          ],
          [
            73.54577735739528,
            19.90150229092422,
            0
          ],
          [
            73.5459321063951,
            19.90134705656872,
            0
          ],
          [
            73.54608832432929,
            19.90096869762616,
            0
          ],
          [
            73.54638128944394,
            19.90053072573571,
            0
          ],
          [
            73.54718675765645,
            19.90002003051955,
            0
          ],
          [
            73.54808042747113,
            19.89943098521487,
            0
          ],
          [
            73.54835640786965,
            19.89937156267068,
            0
          ],
          [
            73.5486901401078,
            19.89978747418815,
            0
          ],
          [
            73.54930556622882,
            19.9005985369304,
            0
          ],
          [
            73.5495593236787,
            19.90111045411009,
            0
          ],
          [
            73.54984602074819,
            19.90172205325187,
            0
          ],
          [
            73.55011180146381,
            19.90235997110655,
            0
          ],
          [
            73.55047670195222,
            19.90340970148269,
            0
          ],
          [
            73.55062389783576,
            19.90416825615644,
            0
          ],
          [
            73.55116793145446,
            19.90529793716814,
            0
          ],
          [
            73.55143997702241,
            19.90579993199272,
            0
          ],
          [
            73.55178851071486,
            19.90683065860873,
            0
          ],
          [
            73.55205196937277,
            19.90756573112054,
            0
          ],
          [
            73.55204715989143,
            19.90822810175127,
            0
          ],
          [
            73.55222311586826,
            19.90890739662041,
            0
          ],
          [
            73.55270815818984,
            19.90953155060291,
            0
          ],
          [
            73.55324175330274,
            19.91033940875584,
            0
          ],
          [
            73.55346944972638,
            19.91118935175715,
            0
          ],
          [
            73.55386239437834,
            19.91131754773201,
            0
          ],
          [
            73.5541854057221,
            19.91173955281837,
            0
          ],
          [
            73.55421110462643,
            19.91265156531821,
            0
          ],
          [
            73.55421532582298,
            19.91438378496471,
            0
          ],
          [
            73.55461427483878,
            19.91509485664443,
            0
          ],
          [
            73.55510968572912,
            19.91564437970733,
            0
          ],
          [
            73.55529280832583,
            19.91613658367853,
            0
          ],
          [
            73.55610702626447,
            19.91843156252894,
            0
          ],
          [
            73.55599423784973,
            19.91895651156492,
            0
          ],
          [
            73.55556505179904,
            19.91949548668044,
            0
          ],
          [
            73.55526829817917,
            19.92018340787058,
            0
          ],
          [
            73.55514183407573,
            19.92158996585842,
            0
          ],
          [
            73.55495068980015,
            19.92255629405249,
            0
          ],
          [
            73.55460845347324,
            19.92338659587578,
            0
          ],
          [
            73.5546436694965,
            19.92495791158111,
            0
          ],
          [
            73.55443985730307,
            19.92557562056942,
            0
          ],
          [
            73.5541632960682,
            19.92615489173362,
            0
          ],
          [
            73.55419932668141,
            19.92656757318725,
            0
          ],
          [
            73.55419959002005,
            19.92657254276538,
            0
          ],
          [
            73.55425909633684,
            19.92719992864663,
            0
          ],
          [
            73.55433112743168,
            19.92785235158849,
            0
          ]
        ]
      },
      "properties": {
        "styleUrl": "#msn_ylw-pushpin36",
        "stroke-opacity": 1,
        "stroke": "#ff0000",
        "stroke-width": 5,
        "icon-scale": 1.1,
        "icon-offset": [
          20,
          2
        ],
        "icon-offset-units": [
          "pixels",
          "pixels"
        ],
        "icon": "http://maps.google.com/mapfiles/kml/pushpin/ylw-pushpin.png"
      }
    },
    {
      "type": "Feature",
      "geometry": {
        "type": "LineString",
        "coordinates": [
          [
            73.6826360445568,
            19.86158615748564,
            0
          ],
          [
            73.68145210259328,
            19.86165184194132,
            0
          ],
          [
            73.68135864271623,
            19.86165186266832,
            0
          ],
          [
            73.68083286057006,
            19.86142328599792,
            0
          ],
          [
            73.68071078481249,
            19.86129300552217,
            0
          ],
          [
            73.6794179190057,
            19.86087164818361,
            0
          ],
          [
            73.67810243095441,
            19.86126104171289,
            0
          ],
          [
            73.67739599609452,
            19.86178383714404,
            0
          ],
          [
            73.67677697735031,
            19.86168565552065,
            0
          ],
          [
            73.67634651790694,
            19.86213304476896,
            0
          ],
          [
            73.67617384459781,
            19.862483453584,
            0
          ],
          [
            73.67590905020106,
            19.86255230387401,
            0
          ],
          [
            73.67560099054818,
            19.86239539980861,
            0
          ],
          [
            73.67521305975707,
            19.86230767639248,
            0
          ],
          [
            73.67496893368576,
            19.86223968580833,
            0
          ],
          [
            73.6748852271591,
            19.86198892704541,
            0
          ],
          [
            73.67489327977671,
            19.8615712468299,
            0
          ],
          [
            73.6748846626117,
            19.86156185123825,
            0
          ],
          [
            73.67490074063839,
            19.86127264995279,
            0
          ],
          [
            73.67490687050737,
            19.86109737441165,
            0
          ],
          [
            73.67470347928274,
            19.86077836351578,
            0
          ],
          [
            73.6746664202019,
            19.86077836466613,
            0
          ],
          [
            73.67405928234511,
            19.86032224693619,
            0
          ],
          [
            73.67403377241698,
            19.86030456641712,
            0
          ],
          [
            73.67365696323974,
            19.86001504576035,
            0
          ],
          [
            73.67249360199534,
            19.85894195583063,
            0
          ],
          [
            73.67222830385055,
            19.85835964271546,
            0
          ],
          [
            73.67180162881289,
            19.85834040252445,
            0
          ],
          [
            73.6709815886551,
            19.85839832843005,
            0
          ],
          [
            73.67014116577009,
            19.85818663236517,
            0
          ],
          [
            73.66909240163899,
            19.85751977849053,
            0
          ],
          [
            73.66577560039363,
            19.85559786796182,
            0
          ],
          [
            73.66426460070706,
            19.8556013172288,
            0
          ],
          [
            73.66315879878466,
            19.85494219028731,
            0
          ],
          [
            73.66213405733211,
            19.85423348484386,
            0
          ],
          [
            73.66207456774085,
            19.85421342445024,
            0
          ],
          [
            73.6611770710175,
            19.85371512381297,
            0
          ],
          [
            73.66059614506953,
            19.85341914351887,
            0
          ],
          [
            73.66017361843333,
            19.852911302539,
            0
          ],
          [
            73.65990391933754,
            19.85254433383107,
            0
          ],
          [
            73.65701223365647,
            19.85206226707871,
            0
          ],
          [
            73.65499595316821,
            19.85101700177891,
            0
          ],
          [
            73.65359080764911,
            19.85093427373052,
            0
          ],
          [
            73.65253293617505,
            19.85015026982224,
            0
          ],
          [
            73.65140913836623,
            19.84990455413173,
            0
          ],
          [
            73.65065873190999,
            19.84970036944991,
            0
          ],
          [
            73.65005145944693,
            19.84921236792623,
            0
          ],
          [
            73.64961296429874,
            19.84876782157739,
            0
          ],
          [
            73.6482842225781,
            19.84824602791801,
            0
          ],
          [
            73.64824389319739,
            19.84824603516404,
            0
          ],
          [
            73.64664545127111,
            19.84776770052732,
            0
          ],
          [
            73.64614120421238,
            19.84733178304213,
            0
          ],
          [
            73.64528203981361,
            19.84693780214899,
            0
          ],
          [
            73.64393809338927,
            19.84623392258403,
            0
          ],
          [
            73.64292158702175,
            19.84545968786486,
            0
          ],
          [
            73.64223617752015,
            19.84492261690883,
            0
          ],
          [
            73.6417899392337,
            19.84431365639567,
            0
          ],
          [
            73.64165869302118,
            19.84363468072296,
            0
          ],
          [
            73.64137582462321,
            19.84311104949223,
            0
          ],
          [
            73.64071113923849,
            19.84288785974645,
            0
          ],
          [
            73.64059454646701,
            19.84288786950231,
            0
          ],
          [
            73.63981725021303,
            19.84288793371366,
            0
          ],
          [
            73.6391156953029,
            19.84189199165639,
            0
          ],
          [
            73.63865321008188,
            19.84141744764137,
            0
          ],
          [
            73.63804049978653,
            19.84094609858926,
            0
          ],
          [
            73.637129333134,
            19.84022708918292,
            0
          ],
          [
            73.63701492090371,
            19.84022709208473,
            0
          ],
          [
            73.63622480402167,
            19.83965717951613,
            0
          ],
          [
            73.6357862601656,
            19.83888112096215,
            0
          ],
          [
            73.63490788561035,
            19.83790589513125,
            0
          ],
          [
            73.63476097686765,
            19.83780222266634,
            0
          ],
          [
            73.63439299025907,
            19.83759534525532,
            0
          ],
          [
            73.63297848320646,
            19.83742337629265,
            0
          ],
          [
            73.63275885376041,
            19.83732042493752,
            0
          ],
          [
            73.63205785109506,
            19.83714916518326,
            0
          ],
          [
            73.63158576129143,
            19.83691014443473,
            0
          ],
          [
            73.63097359464314,
            19.83478164117925,
            0
          ],
          [
            73.63032117574765,
            19.83408660569467,
            0
          ],
          [
            73.62832289085463,
            19.8320631551409,
            0
          ],
          [
            73.6267767605545,
            19.83046610855035,
            0
          ],
          [
            73.6257795796702,
            19.82950544410649,
            0
          ],
          [
            73.62427273824125,
            19.82825530617037,
            0
          ],
          [
            73.62352720478887,
            19.82780063934981,
            0
          ],
          [
            73.6229957188379,
            19.82728139361429,
            0
          ],
          [
            73.6217801909341,
            19.8267929405689,
            0
          ],
          [
            73.62048644021556,
            19.82628849746696,
            0
          ],
          [
            73.62010684865508,
            19.82581371965075,
            0
          ],
          [
            73.61916774990152,
            19.82523249851399,
            0
          ],
          [
            73.61603095055482,
            19.82427928648116,
            0
          ],
          [
            73.61446320183308,
            19.82418631136628,
            0
          ],
          [
            73.61418773207018,
            19.8239530894581,
            0
          ],
          [
            73.61425884809435,
            19.82344599126591,
            0
          ],
          [
            73.6143497717239,
            19.82294746428901,
            0
          ],
          [
            73.61410099144439,
            19.82274608944333,
            0
          ],
          [
            73.61362159738025,
            19.82265721896043,
            0
          ],
          [
            73.61332218320234,
            19.82288066894987,
            0
          ],
          [
            73.61296778687203,
            19.82281368047598,
            0
          ],
          [
            73.61274074008105,
            19.82272447504375,
            0
          ],
          [
            73.61256481842135,
            19.82243614742867,
            0
          ],
          [
            73.61271584416872,
            19.82180287082482,
            0
          ],
          [
            73.61260061328055,
            19.82160921804407,
            0
          ],
          [
            73.61238484285664,
            19.82139561594425,
            0
          ],
          [
            73.61203480082503,
            19.82143838667583,
            0
          ],
          [
            73.61181910624072,
            19.8216310367769,
            0
          ],
          [
            73.61151949296391,
            19.82182503721786,
            0
          ],
          [
            73.61103167933868,
            19.82202045381648,
            0
          ],
          [
            73.61056126398705,
            19.82221720510739,
            0
          ],
          [
            73.6101861519692,
            19.82248152546941,
            0
          ],
          [
            73.60970694992913,
            19.82270373982325,
            0
          ],
          [
            73.60911627923427,
            19.82274864486208,
            0
          ],
          [
            73.60873675979462,
            19.82277116824007,
            0
          ],
          [
            73.60790115728723,
            19.82274927845923,
            0
          ],
          [
            73.60736498988398,
            19.82252722267927,
            0
          ],
          [
            73.6068108719849,
            19.82246113572985,
            0
          ],
          [
            73.6065666813508,
            19.8227053738751,
            0
          ],
          [
            73.60619083510964,
            19.82297423705008,
            0
          ],
          [
            73.6058960236591,
            19.8232455576327,
            0
          ],
          [
            73.60560581018042,
            19.82347361795762,
            0
          ],
          [
            73.60519885020952,
            19.82349673627413,
            0
          ],
          [
            73.60481546137575,
            19.82338269065971,
            0
          ],
          [
            73.60447453135883,
            19.82304272675323,
            0
          ],
          [
            73.60451853024908,
            19.82268417522331,
            0
          ],
          [
            73.60473281628893,
            19.82039485714852,
            0
          ],
          [
            73.60476463162601,
            19.82000704865033,
            0
          ],
          [
            73.60486291511718,
            19.81958460703019,
            0
          ],
          [
            73.60467504562074,
            19.81907122278549,
            0
          ],
          [
            73.60444018247641,
            19.81873666873688,
            0
          ],
          [
            73.60388373493083,
            19.81861835375268,
            0
          ],
          [
            73.6031720119218,
            19.81831240423931,
            0
          ],
          [
            73.6025568995609,
            19.81833623846149,
            0
          ],
          [
            73.60220528085662,
            19.81850118416477,
            0
          ],
          [
            73.60147784480216,
            19.81850163460818,
            0
          ],
          [
            73.60033007047129,
            19.81854958217437,
            0
          ],
          [
            73.59953677043535,
            19.81852645292085,
            0
          ],
          [
            73.59837078642019,
            19.81919574609094,
            0
          ],
          [
            73.59687286448123,
            19.8189802429758,
            0
          ],
          [
            73.59564846168536,
            19.81878986489854,
            0
          ],
          [
            73.59458929299255,
            19.8189338413078,
            0
          ],
          [
            73.59393587078415,
            19.81867208656373,
            0
          ],
          [
            73.59346942590192,
            19.81853031493347,
            0
          ],
          [
            73.59269317880334,
            19.81841291813611,
            0
          ],
          [
            73.59184778734092,
            19.81820237630107,
            0
          ],
          [
            73.59112748710868,
            19.81817946892249,
            0
          ],
          [
            73.59055162479606,
            19.81843784627497,
            0
          ],
          [
            73.58937110743818,
            19.81839153868394,
            0
          ],
          [
            73.58638754358465,
            19.81950644339081,
            0
          ],
          [
            73.58591990229324,
            19.81971110259572,
            0
          ],
          [
            73.5852000609531,
            19.82004592443724,
            0
          ],
          [
            73.58425033337744,
            19.82038366844644,
            0
          ],
          [
            73.58318457010608,
            19.82051459638612,
            0
          ],
          [
            73.58259762613991,
            19.82046255112573,
            0
          ],
          [
            73.5822413226729,
            19.82022832731426,
            0
          ],
          [
            73.58182645330449,
            19.82012475501466,
            0
          ],
          [
            73.58098730286802,
            19.82017688318964,
            0
          ],
          [
            73.5805114690101,
            19.82020299238236,
            0
          ],
          [
            73.58015962327212,
            19.82048957355551,
            0
          ],
          [
            73.57992257526456,
            19.82069928222218,
            0
          ],
          [
            73.58011306321775,
            19.82128134096031,
            0
          ],
          [
            73.58010366598502,
            19.82192605355765,
            0
          ],
          [
            73.58015949305539,
            19.82244372585442,
            0
          ],
          [
            73.58011499509672,
            19.82321870846451,
            0
          ],
          [
            73.58007618070859,
            19.82389467765846,
            0
          ],
          [
            73.58009888590635,
            19.82452401203617,
            0
          ],
          [
            73.57980457836108,
            19.82501698627712,
            0
          ],
          [
            73.579488231014,
            19.82533911808981,
            0
          ],
          [
            73.57886082346754,
            19.82581215787358,
            0
          ],
          [
            73.57798605529136,
            19.82629062787638,
            0
          ],
          [
            73.57727735794795,
            19.82683519055251,
            0
          ],
          [
            73.57701338948642,
            19.82707940757544,
            0
          ],
          [
            73.57669881253719,
            19.82785122533292,
            0
          ],
          [
            73.5762490275942,
            19.82838408724723,
            0
          ],
          [
            73.575687617355,
            19.82905134598124,
            0
          ],
          [
            73.57518716207397,
            19.82966381344963,
            0
          ],
          [
            73.57478881148444,
            19.83015334071528,
            0
          ],
          [
            73.57437914554271,
            19.83098104752715,
            0
          ],
          [
            73.57175213681475,
            19.83532134554815,
            0
          ],
          [
            73.57060312982982,
            19.83584467805349,
            0
          ],
          [
            73.56947951147122,
            19.83697440830057,
            0
          ],
          [
            73.56941695527665,
            19.83720176713172,
            0
          ],
          [
            73.56860002581706,
            19.83880814922982,
            0
          ],
          [
            73.56783198032133,
            19.84012761709788,
            0
          ],
          [
            73.5673578124792,
            19.84146418113229,
            0
          ],
          [
            73.56721214326953,
            19.84162265556555,
            0
          ],
          [
            73.56617777179214,
            19.84249887256726,
            0
          ],
          [
            73.564371556057,
            19.84354463534493,
            0
          ],
          [
            73.56193404297755,
            19.84492842058043,
            0
          ],
          [
            73.56054816683064,
            19.84566864281577,
            0
          ],
          [
            73.55969675472804,
            19.84624782014778,
            0
          ],
          [
            73.55899661060712,
            19.84674679740194,
            0
          ],
          [
            73.55899679877686,
            19.84567006932707,
            0
          ],
          [
            73.55907425579332,
            19.84509478061957,
            0
          ],
          [
            73.55799329356141,
            19.84468682788998,
            0
          ],
          [
            73.55738211232479,
            19.84387428972445,
            0
          ],
          [
            73.55607582914513,
            19.84379450358584,
            0
          ],
          [
            73.55499317835273,
            19.84411971212167,
            0
          ],
          [
            73.55338271425178,
            19.84387790186588,
            0
          ],
          [
            73.55191511157646,
            19.84366355085774,
            0
          ],
          [
            73.5508936756912,
            19.84393105482151,
            0
          ],
          [
            73.5507818672407,
            19.84355115027981,
            0
          ],
          [
            73.5505140732354,
            19.84315903419753,
            0
          ],
          [
            73.55022091375609,
            19.84303000133953,
            0
          ],
          [
            73.55020019630825,
            19.84345768159334,
            0
          ],
          [
            73.55006257579711,
            19.84372209458101,
            0
          ],
          [
            73.54979998366835,
            19.84395131822187,
            0
          ],
          [
            73.54917454642343,
            19.84418320445069,
            0
          ],
          [
            73.5485981609666,
            19.84418379470719,
            0
          ],
          [
            73.54807582300715,
            19.84399144230262,
            0
          ],
          [
            73.54733177079248,
            19.84374380229194,
            0
          ],
          [
            73.54611495344965,
            19.84299706096017,
            0
          ],
          [
            73.54500788900236,
            19.84247077033142,
            0
          ],
          [
            73.5449588004021,
            19.84245284900878,
            0
          ],
          [
            73.54390825230008,
            19.8417815333546,
            0
          ],
          [
            73.54306788299564,
            19.84107908218412,
            0
          ],
          [
            73.54244900486323,
            19.84084455538657,
            0
          ],
          [
            73.54162949665933,
            19.84065735910055,
            0
          ],
          [
            73.54157907118596,
            19.84068265660206,
            0
          ],
          [
            73.54066968783229,
            19.84075934488149,
            0
          ],
          [
            73.54059389795212,
            19.84075941253085,
            0
          ],
          [
            73.53960858000389,
            19.84076029214595,
            0
          ],
          [
            73.53885594982711,
            19.8412457428187,
            0
          ],
          [
            73.53724029157571,
            19.84181773478286,
            0
          ],
          [
            73.53721289060722,
            19.84184393008392,
            0
          ],
          [
            73.53566890232212,
            19.84245313005537,
            0
          ],
          [
            73.53412207810013,
            19.84307374964837,
            0
          ],
          [
            73.53251578409679,
            19.84373386854651,
            0
          ],
          [
            73.53147325080319,
            19.84435007040693,
            0
          ],
          [
            73.5310208702377,
            19.84469081237344,
            0
          ],
          [
            73.53059046508207,
            19.84520807372006,
            0
          ],
          [
            73.53006699503138,
            19.84576267928152,
            0
          ],
          [
            73.52954523230781,
            19.8462665663529,
            0
          ],
          [
            73.52881062481434,
            19.84653684488079,
            0
          ],
          [
            73.52805522236049,
            19.84732779809521,
            0
          ],
          [
            73.52734241264609,
            19.84826258614623,
            0
          ],
          [
            73.52700813629292,
            19.849092417721,
            0
          ],
          [
            73.52676013763687,
            19.85033978860731,
            0
          ],
          [
            73.5268176351913,
            19.85183786456711,
            0
          ],
          [
            73.52656114973946,
            19.85347048759315,
            0
          ],
          [
            73.5265933214574,
            19.85457333400837,
            0
          ],
          [
            73.52706924771248,
            19.8556689240907,
            0
          ],
          [
            73.52761977461199,
            19.85644208765178,
            0
          ],
          [
            73.5275037769644,
            19.85711221900921,
            0
          ],
          [
            73.52691082263344,
            19.85759294952807,
            0
          ],
          [
            73.526576715061,
            19.85730914447013,
            0
          ],
          [
            73.52650430945673,
            19.85754487993026,
            0
          ],
          [
            73.5265280327957,
            19.85784662923809,
            0
          ],
          [
            73.52660132024701,
            19.85816820380842,
            0
          ],
          [
            73.52655920126442,
            19.85847765504328,
            0
          ],
          [
            73.52648698925977,
            19.85865860169709,
            0
          ],
          [
            73.52646923466762,
            19.85869164452113,
            0
          ],
          [
            73.52634649206212,
            19.8588575378169,
            0
          ],
          [
            73.52620190358851,
            19.85914199931909,
            0
          ],
          [
            73.52597339616571,
            19.85936179509796,
            0
          ],
          [
            73.5256576581053,
            19.85958357261517,
            0
          ],
          [
            73.52514323663816,
            19.85963545676712,
            0
          ],
          [
            73.52460272115935,
            19.85980800772037,
            0
          ],
          [
            73.52505528891953,
            19.85998072168005,
            0
          ],
          [
            73.52550120995029,
            19.85999765280811,
            0
          ],
          [
            73.52593160215017,
            19.85997984113064,
            0
          ],
          [
            73.52624204974495,
            19.85994480740436,
            0
          ],
          [
            73.52648600104702,
            19.85982340226683,
            0
          ],
          [
            73.52665683094664,
            19.85984050658697,
            0
          ],
          [
            73.52673521701506,
            19.86013585158329,
            0
          ],
          [
            73.5269372653051,
            19.8603638313752,
            0
          ],
          [
            73.52695421199101,
            19.86038144912774,
            0
          ],
          [
            73.52708956624686,
            19.86055831412055,
            0
          ],
          [
            73.52711573737169,
            19.86106031035757,
            0
          ],
          [
            73.52713236272156,
            19.86111464871799,
            0
          ],
          [
            73.52738917275795,
            19.86166409908711,
            0
          ],
          [
            73.52742402134203,
            19.86171965784915,
            0
          ],
          [
            73.52782902790496,
            19.86264382938106,
            0
          ],
          [
            73.52797287550064,
            19.86330412542519,
            0
          ],
          [
            73.528083090229,
            19.86383993646248,
            0
          ],
          [
            73.52860869163757,
            19.86471452088577,
            0
          ],
          [
            73.52880488182025,
            19.8653624356265,
            0
          ],
          [
            73.52877612833248,
            19.86606892831607,
            0
          ],
          [
            73.52862738661332,
            19.86652782686619,
            0
          ],
          [
            73.5288888220779,
            19.86721791585417,
            0
          ],
          [
            73.52910688868386,
            19.8673757535047,
            0
          ],
          [
            73.52991968936081,
            19.86764761578779,
            0
          ],
          [
            73.5308056906571,
            19.86806061858687,
            0
          ],
          [
            73.53122585626772,
            19.86850362065404,
            0
          ],
          [
            73.53140113693007,
            19.86914517940271,
            0
          ],
          [
            73.53144956415774,
            19.8696537889516,
            0
          ],
          [
            73.5314039036551,
            19.8701483788713,
            0
          ],
          [
            73.53137478629131,
            19.87057733456695,
            0
          ],
          [
            73.53240846941576,
            19.87080908775296,
            0
          ],
          [
            73.53305103818353,
            19.8712432724877,
            0
          ],
          [
            73.53386554064177,
            19.8719187711851,
            0
          ],
          [
            73.53444557408856,
            19.87250020079643,
            0
          ],
          [
            73.53438325368941,
            19.873228350314,
            0
          ],
          [
            73.53424920788213,
            19.87393165212048,
            0
          ],
          [
            73.53411051506852,
            19.87471652271127,
            0
          ],
          [
            73.53426267713698,
            19.87551317924933,
            0
          ],
          [
            73.53490492543416,
            19.87606290523436,
            0
          ],
          [
            73.53570023900924,
            19.87669287301701,
            0
          ],
          [
            73.53658238245829,
            19.87714180511654,
            0
          ],
          [
            73.53702664934879,
            19.87732990978629,
            0
          ],
          [
            73.53705656770985,
            19.8780524115593,
            0
          ],
          [
            73.53705540053183,
            19.87816739379284,
            0
          ],
          [
            73.5367872390671,
            19.8785913756045,
            0
          ],
          [
            73.53640278310819,
            19.87905783529053,
            0
          ],
          [
            73.53608355820103,
            19.87992320198736,
            0
          ],
          [
            73.5358386548905,
            19.88068175632585,
            0
          ],
          [
            73.5358182155488,
            19.88165484051944,
            0
          ],
          [
            73.53658319780149,
            19.88239517701268,
            0
          ],
          [
            73.53688652005992,
            19.88318801732011,
            0
          ],
          [
            73.53703668079753,
            19.8839071562043,
            0
          ],
          [
            73.53730693381068,
            19.8848082193048,
            0
          ],
          [
            73.53766264597543,
            19.88554807522956,
            0
          ],
          [
            73.53806361207062,
            19.88598755396593,
            0
          ],
          [
            73.5389115519329,
            19.88629649699834,
            0
          ],
          [
            73.53935673989061,
            19.88638482001596,
            0
          ],
          [
            73.53991915422013,
            19.88616220485809,
            0
          ],
          [
            73.54024185670866,
            19.8861618093807,
            0
          ],
          [
            73.54095786495981,
            19.88741475740255,
            0
          ],
          [
            73.54126145725826,
            19.8880973507566,
            0
          ],
          [
            73.54136362018298,
            19.88883461096275,
            0
          ],
          [
            73.54150196329518,
            19.88934679428866,
            0
          ],
          [
            73.54184086281512,
            19.88958071445719,
            0
          ],
          [
            73.54217949949596,
            19.88976842630291,
            0
          ],
          [
            73.54259089141917,
            19.89076558312195,
            0
          ],
          [
            73.54288427771073,
            19.89182779278578,
            0
          ],
          [
            73.543510694314,
            19.89300219378257,
            0
          ],
          [
            73.54387703928468,
            19.89399257236864,
            0
          ],
          [
            73.54450095999017,
            19.89453568433139,
            0
          ],
          [
            73.54472927986407,
            19.89508426462976,
            0
          ],
          [
            73.54500006808833,
            19.89563794344392,
            0
          ],
          [
            73.54540013258966,
            19.89585196836018,
            0
          ],
          [
            73.54604611898397,
            19.89589426690345,
            0
          ],
          [
            73.54673199566655,
            19.89619527792594,
            0
          ],
          [
            73.54729952990986,
            19.8965413911096,
            0
          ],
          [
            73.54779331998753,
            19.89777041027707,
            0
          ],
          [
            73.54829653879146,
            19.89893443950745,
            0
          ],
          [
            73.54855520713166,
            19.89925220249312,
            0
          ],
          [
            73.54857494874032,
            19.89926604760669,
            0
          ],
          [
            73.54860077182073,
            19.89929380224521,
            0
          ],
          [
            73.5488108883549,
            19.89963969034114,
            0
          ],
          [
            73.54911302605949,
            19.89998917157542,
            0
          ],
          [
            73.54939694441232,
            19.90030406609859,
            0
          ],
          [
            73.54941819083598,
            19.90031927176457,
            0
          ],
          [
            73.54961586082054,
            19.90064358031574,
            0
          ],
          [
            73.5496301125885,
            19.9006749506075,
            0
          ],
          [
            73.54981896198827,
            19.90108245955363,
            0
          ],
          [
            73.5498263568036,
            19.9010987309024,
            0
          ],
          [
            73.54999207113153,
            19.90154670836991,
            0
          ],
          [
            73.5499921558003,
            19.90156363281537,
            0
          ],
          [
            73.55000759475163,
            19.90161453026708,
            0
          ],
          [
            73.55019782730922,
            19.90222455411977,
            0
          ],
          [
            73.55053438828283,
            19.90286206971056,
            0
          ],
          [
            73.5505522798989,
            19.90293735617502,
            0
          ],
          [
            73.55078705842861,
            19.90377505642087,
            0
          ],
          [
            73.55106044965613,
            19.90446377031701,
            0
          ],
          [
            73.55108124711003,
            19.9045105799458,
            0
          ],
          [
            73.55109100649753,
            19.90455751570718,
            0
          ],
          [
            73.55134531500619,
            19.90511759403945,
            0
          ],
          [
            73.55134480432174,
            19.905141802679,
            0
          ],
          [
            73.55139942164855,
            19.90522670696426,
            0
          ],
          [
            73.5516753397245,
            19.90571910058309,
            0
          ],
          [
            73.55168630897954,
            19.90575654256299,
            0
          ],
          [
            73.55195816531712,
            19.90624966335051,
            0
          ],
          [
            73.55200416007258,
            19.90632661568666,
            0
          ],
          [
            73.55227242043512,
            19.90690017918281,
            0
          ],
          [
            73.55229607494428,
            19.90693987633231,
            0
          ],
          [
            73.55232263225395,
            19.90773722798944,
            0
          ],
          [
            73.55246627373934,
            19.90835102536028,
            0
          ],
          [
            73.55263036855703,
            19.90891552921015,
            0
          ],
          [
            73.55292397943089,
            19.90932200519468,
            0
          ],
          [
            73.55297662980529,
            19.90935918317943,
            0
          ],
          [
            73.55306415115962,
            19.90945235839412,
            0
          ],
          [
            73.5533818071751,
            19.90971458876777,
            0
          ],
          [
            73.55341697282404,
            19.90978995536547,
            0
          ],
          [
            73.55361177105544,
            19.91022669512027,
            0
          ],
          [
            73.55362961327282,
            19.91026494573658,
            0
          ],
          [
            73.55371879504725,
            19.9106693639259,
            0
          ],
          [
            73.55399092707644,
            19.91107853985099,
            0
          ],
          [
            73.55406380777126,
            19.91111771779853,
            0
          ],
          [
            73.55413686444048,
            19.91117661127917,
            0
          ],
          [
            73.55419160652156,
            19.91119623053622,
            0
          ],
          [
            73.55450327375381,
            19.91139332532626,
            0
          ],
          [
            73.55459530046983,
            19.91145267993999,
            0
          ],
          [
            73.55463282187802,
            19.91153208116536,
            0
          ],
          [
            73.55487731675957,
            19.91195196556148,
            0
          ],
          [
            73.55464710596067,
            19.91272599951094,
            0
          ],
          [
            73.55464858699143,
            19.91284978437957,
            0
          ],
          [
            73.55466063067271,
            19.91385636050685,
            0
          ],
          [
            73.55466190555836,
            19.91396290787756,
            0
          ],
          [
            73.55472539766257,
            19.91447881840207,
            0
          ],
          [
            73.55523423819923,
            19.91499342798951,
            0
          ],
          [
            73.55572916356141,
            19.91577129280826,
            0
          ],
          [
            73.55606701425282,
            19.91691936446339,
            0
          ],
          [
            73.55610786740002,
            19.91700888696546,
            0
          ],
          [
            73.55643013105208,
            19.91784543384651,
            0
          ],
          [
            73.55668344675483,
            19.91874406328362,
            0
          ],
          [
            73.55626178404354,
            19.91930624436431,
            0
          ],
          [
            73.55607650048559,
            19.9198989942388,
            0
          ],
          [
            73.5558999028501,
            19.92069303049406,
            0
          ],
          [
            73.55589485801768,
            19.92076587540272,
            0
          ],
          [
            73.55583713325656,
            19.9215993649469,
            0
          ],
          [
            73.55582855812489,
            19.92172317717741,
            0
          ],
          [
            73.5556784394669,
            19.92244775293417,
            0
          ],
          [
            73.55564812166797,
            19.92252334897844,
            0
          ],
          [
            73.55543086199152,
            19.92310687748938,
            0
          ],
          [
            73.55542716595149,
            19.92315794070541,
            0
          ],
          [
            73.55519332366343,
            19.92359433612102,
            0
          ],
          [
            73.5551641858813,
            19.92364593684735,
            0
          ],
          [
            73.55503333802532,
            19.92437388705321,
            0
          ],
          [
            73.55502541978774,
            19.92447875892059,
            0
          ],
          [
            73.5550466304001,
            19.92521910938295,
            0
          ],
          [
            73.55503466501642,
            19.92537922455091,
            0
          ],
          [
            73.55503266702456,
            19.92540596056002,
            0
          ],
          [
            73.55504025170497,
            19.92599777530331,
            0
          ],
          [
            73.55478213518465,
            19.92632383137913,
            0
          ],
          [
            73.5547070453025,
            19.92764866596603,
            0
          ]
        ]
      },
      "properties": {
        "name": "Trimbak to Ghoti (RETURN ROUTE)",
        "styleUrl": "#LineStyle003002",
        "fill-opacity": 0,
        "fill": "#000000",
        "stroke-opacity": 1,
        "stroke": "#55ff7f",
        "stroke-width": 5,
        "label-opacity": 0,
        "label-color": "#000000",
        "label-scale": 0
      }
    },
    {
      "type": "Feature",
      "geometry": {
        "type": "LineString",
        "coordinates": [
          [
            73.72355216461058,
            19.98567247825125,
            0
          ],
          [
            73.72300314255662,
            19.98546550986842,
            0
          ],
          [
            73.72253547897428,
            19.98525827708822,
            0
          ],
          [
            73.72222175910973,
            19.98507748848964,
            0
          ],
          [
            73.72167133899622,
            19.98479880432794,
            0
          ],
          [
            73.72095176337619,
            19.98452893097142,
            0
          ],
          [
            73.72003187377992,
            19.98416090887943,
            0
          ],
          [
            73.7194215722104,
            19.98392579457924,
            0
          ],
          [
            73.71871176600183,
            19.98357098926249,
            0
          ],
          [
            73.71830147546414,
            19.98326889714092,
            0
          ],
          [
            73.718285042188,
            19.98325161927637,
            0
          ],
          [
            73.71827697883104,
            19.98324733264659,
            0
          ],
          [
            73.71774915721984,
            19.98280574901329,
            0
          ],
          [
            73.71773125520171,
            19.98279742853953,
            0
          ],
          [
            73.71772759742171,
            19.98279732791779,
            0
          ],
          [
            73.71730166171614,
            19.98243981885678,
            0
          ],
          [
            73.71704478912619,
            19.98221286755281,
            0
          ],
          [
            73.71658383079836,
            19.98193845429285,
            0
          ],
          [
            73.71611336166748,
            19.9817971048464,
            0
          ],
          [
            73.71565202756877,
            19.98168375443548,
            0
          ],
          [
            73.71512225060873,
            19.98159497666284,
            0
          ],
          [
            73.71457243195277,
            19.98147911766184,
            0
          ],
          [
            73.71434342292102,
            19.98147516126054,
            0
          ],
          [
            73.71414128030746,
            19.981465100981,
            0
          ],
          [
            73.71388025157844,
            19.9815143813917,
            0
          ],
          [
            73.71355900191979,
            19.98157656779083,
            0
          ],
          [
            73.71326761593537,
            19.98163031883205,
            0
          ],
          [
            73.71309135516412,
            19.98163480834451,
            0
          ],
          [
            73.71286260494564,
            19.98165514566965,
            0
          ],
          [
            73.71265196723549,
            19.98160191162621,
            0
          ],
          [
            73.71244948549536,
            19.98157445530283,
            0
          ],
          [
            73.71240251126454,
            19.9815457374315,
            0
          ],
          [
            73.71227184949622,
            19.98146604260597,
            0
          ],
          [
            73.712160658135,
            19.98136272583367,
            0
          ],
          [
            73.71185686825167,
            19.98114805591988,
            0
          ],
          [
            73.7115047396867,
            19.98085582687049,
            0
          ],
          [
            73.7113696956441,
            19.98075127846464,
            0
          ],
          [
            73.71124611756281,
            19.98065309805841,
            0
          ],
          [
            73.71056346567087,
            19.98012063273787,
            0
          ],
          [
            73.7098366683127,
            19.97969928807603,
            0
          ],
          [
            73.70946407740999,
            19.97955370999537,
            0
          ],
          [
            73.70892195275692,
            19.97942726494124,
            0
          ],
          [
            73.70840670623477,
            19.97932638127485,
            0
          ],
          [
            73.70771784964246,
            19.97928205844887,
            0
          ],
          [
            73.70697553384076,
            19.97923564481138,
            0
          ],
          [
            73.70655807504163,
            19.97920949560728,
            0
          ],
          [
            73.7055853540536,
            19.97907906231228,
            0
          ],
          [
            73.70500216214104,
            19.97902679185466,
            0
          ],
          [
            73.70443013220063,
            19.97899904007165,
            0
          ],
          [
            73.70385147413383,
            19.97897237896317,
            0
          ],
          [
            73.70358563375608,
            19.97896624806462,
            0
          ],
          [
            73.70292083812322,
            19.97897066943554,
            0
          ],
          [
            73.70234704739956,
            19.97894015506147,
            0
          ],
          [
            73.70152691917896,
            19.97886404835948,
            0
          ],
          [
            73.70125539676894,
            19.97878380282469,
            0
          ],
          [
            73.70012412494631,
            19.97848051293242,
            0
          ],
          [
            73.69925294964324,
            19.97833154497802,
            0
          ],
          [
            73.69806768534804,
            19.97817499009431,
            0
          ],
          [
            73.6977645047864,
            19.97812164197663,
            0
          ],
          [
            73.6951967985362,
            19.97774875598009,
            0
          ],
          [
            73.69290621720663,
            19.97690969350966,
            0
          ],
          [
            73.69148089688998,
            19.97579294956395,
            0
          ],
          [
            73.68967994984715,
            19.97507731667683,
            0
          ],
          [
            73.68652294436491,
            19.97390113789045,
            0
          ],
          [
            73.68355428466856,
            19.97291017421008,
            0
          ],
          [
            73.68043016296221,
            19.97203112115545,
            0
          ],
          [
            73.67837937186357,
            19.97157267861275,
            0
          ],
          [
            73.67586781778016,
            19.97077684471541,
            0
          ],
          [
            73.67326827692897,
            19.96996893350333,
            0
          ],
          [
            73.67040077355841,
            19.96906924295753,
            0
          ],
          [
            73.66831655423151,
            19.968437287244,
            0
          ],
          [
            73.66716872636202,
            19.96807542940869,
            0
          ],
          [
            73.66620406764625,
            19.96747933712774,
            0
          ],
          [
            73.6655548468273,
            19.96721365266957,
            0
          ],
          [
            73.66421023455358,
            19.96697812446456,
            0
          ],
          [
            73.66304685877355,
            19.96681010685045,
            0
          ],
          [
            73.66190992731146,
            19.96631838444647,
            0
          ],
          [
            73.661054352294,
            19.96608026744788,
            0
          ],
          [
            73.65993299582094,
            19.96584759104227,
            0
          ],
          [
            73.65793713420517,
            19.96572292124064,
            0
          ],
          [
            73.65671305240512,
            19.9656579449519,
            0
          ],
          [
            73.65539753506793,
            19.96560477469456,
            0
          ],
          [
            73.65491695334565,
            19.96554784711959,
            0
          ],
          [
            73.65231080915059,
            19.96536615096452,
            0
          ],
          [
            73.64665238876384,
            19.96369703219106,
            0
          ],
          [
            73.64576607544058,
            19.96289485783585,
            0
          ],
          [
            73.64426550333228,
            19.96197540561278,
            0
          ],
          [
            73.64289332496006,
            19.96113193773124,
            0
          ],
          [
            73.6419362819042,
            19.96069680531892,
            0
          ],
          [
            73.64155988987635,
            19.96063843336763,
            0
          ],
          [
            73.64180450036567,
            19.96228856082483,
            0
          ]
        ]
      },
      "properties": {
        "name": "Nashik To Khambale Outer",
        "styleUrl": "#msn_ylw-pushpin005",
        "stroke-opacity": 1,
        "stroke": "#0055ff",
        "stroke-width": 4,
        "icon-scale": 1.1,
        "icon-offset": [
          20,
          2
        ],
        "icon-offset-units": [
          "pixels",
          "pixels"
        ],
        "icon": "http://maps.google.com/mapfiles/kml/pushpin/ylw-pushpin.png"
      }
    },
    {
      "type": "Feature",
      "geometry": {
        "type": "LineString",
        "coordinates": [
          [
            73.50777799454907,
            20.06413115513945,
            0
          ],
          [
            73.51233979785422,
            20.06096635592771,
            0
          ],
          [
            73.51685767153384,
            20.05601049748087,
            0
          ],
          [
            73.52075352024137,
            20.05131036793001,
            0
          ],
          [
            73.5194166918424,
            20.04633694464546,
            0
          ],
          [
            73.51266218658922,
            20.04339230241483,
            0
          ],
          [
            73.50730542525443,
            20.03978670754153,
            0
          ],
          [
            73.50200745948082,
            20.03591426261019,
            0
          ],
          [
            73.49679846995171,
            20.03244356165761,
            0
          ],
          [
            73.49337536264548,
            20.02785782829221,
            0
          ],
          [
            73.4913922993771,
            20.02295868048813,
            0
          ],
          [
            73.49024050598801,
            20.0198166213092,
            0
          ],
          [
            73.48213559652919,
            20.01399345903936,
            0
          ],
          [
            73.48078968695987,
            20.01270224470448,
            0
          ],
          [
            73.47996428804349,
            20.00968599382294,
            0
          ],
          [
            73.4787372947347,
            20.0068567560832,
            0
          ],
          [
            73.48076218593808,
            20.00279794735102,
            0
          ],
          [
            73.48091490966688,
            19.99707344586135,
            0
          ],
          [
            73.48010673022897,
            19.99173455788973,
            0
          ],
          [
            73.48108358584412,
            19.98708728000497,
            0
          ],
          [
            73.48044761129276,
            19.98420512699568,
            0
          ],
          [
            73.47961407545706,
            19.98035508719165,
            0
          ],
          [
            73.47952602056067,
            19.97992915448388,
            0
          ],
          [
            73.48148730119215,
            19.97905157304731,
            0
          ],
          [
            73.48345327169962,
            19.97816929417034,
            0
          ],
          [
            73.48534895563122,
            19.97761160780721,
            0
          ],
          [
            73.48706427674023,
            19.97714703252539,
            0
          ],
          [
            73.48852672029324,
            19.97661694689803,
            0
          ],
          [
            73.48955488689452,
            19.97636099429554,
            0
          ],
          [
            73.4902183637091,
            19.97608068871412,
            0
          ],
          [
            73.49192188953548,
            19.97433261372201,
            0
          ],
          [
            73.49309652279686,
            19.97317763191859,
            0
          ],
          [
            73.49372460269105,
            19.97259195485014,
            0
          ],
          [
            73.49466924516611,
            19.97170652406793,
            0
          ],
          [
            73.49687568938145,
            19.96965863560386,
            0
          ],
          [
            73.49744419994643,
            19.96914596261626,
            0
          ],
          [
            73.49753892606898,
            19.96929755462887,
            0
          ]
        ]
      },
      "properties": {
        "name": "Waghera To Amboli Peth Side",
        "styleUrl": "#m_ylw-pushpin015",
        "stroke-opacity": 1,
        "stroke": "#ff0000",
        "stroke-width": 5,
        "icon-scale": 1.1,
        "icon-offset": [
          20,
          2
        ],
        "icon-offset-units": [
          "pixels",
          "pixels"
        ],
        "icon": "http://maps.google.com/mapfiles/kml/pushpin/ylw-pushpin.png"
      }
    },
    {
      "type": "Feature",
      "geometry": {
        "type": "Polygon",
        "coordinates": [
          [
            [
              73.49701082575768,
              19.96974391171026,
              0
            ],
            [
              73.49689170758946,
              19.96980852080801,
              0
            ],
            [
              73.49861637359115,
              19.96828823630417,
              0
            ],
            [
              73.50050571403611,
              19.96765594789336,
              0
            ],
            [
              73.49902775640265,
              19.97032138923225,
              0
            ],
            [
              73.49806733820284,
              19.9722581969641,
              0
            ],
            [
              73.49736829897503,
              19.97367289231841,
              0
            ],
            [
              73.49665178595701,
              19.9743298435093,
              0
            ],
            [
              73.4958039196872,
              19.97478875619878,
              0
            ],
            [
              73.49533593193412,
              19.97437930903331,
              0
            ],
            [
              73.49619108925083,
              19.97127249502256,
              0
            ],
            [
              73.49701082575768,
              19.96974391171026,
              0
            ]
          ]
        ]
      },
      "properties": {
        "name": "Amboli Outer PArking 1",
        "styleUrl": "#m_ylw-pushpin112",
        "fill-opacity": 1,
        "fill": "#00ff7f",
        "stroke-opacity": 1,
        "stroke": "#00ff7f",
        "icon-scale": 1.1,
        "icon-offset": [
          20,
          2
        ],
        "icon-offset-units": [
          "pixels",
          "pixels"
        ],
        "icon": "http://maps.google.com/mapfiles/kml/pushpin/ylw-pushpin.png"
      }
    },
    {
      "type": "Feature",
      "geometry": {
        "type": "Polygon",
        "coordinates": [
          [
            [
              73.49139367862901,
              19.97410069335221,
              0
            ],
            [
              73.49112371052007,
              19.97399769553174,
              0
            ],
            [
              73.49065351363086,
              19.97386502329546,
              0
            ],
            [
              73.49036321632367,
              19.97376540267338,
              0
            ],
            [
              73.4901848019592,
              19.97363252973392,
              0
            ],
            [
              73.4900282664405,
              19.97347421746862,
              0
            ],
            [
              73.4899911204962,
              19.9732665254719,
              0
            ],
            [
              73.49010339719683,
              19.97298709417857,
              0
            ],
            [
              73.49013584780793,
              19.97269776460466,
              0
            ],
            [
              73.49011882554329,
              19.97239514579828,
              0
            ],
            [
              73.49009841671759,
              19.97212024120147,
              0
            ],
            [
              73.49016148466602,
              19.97170232671274,
              0
            ],
            [
              73.49042722433292,
              19.97153091887077,
              0
            ],
            [
              73.49082795268531,
              19.97162615987166,
              0
            ],
            [
              73.49122318074558,
              19.97164837147281,
              0
            ],
            [
              73.49148568483315,
              19.97146103402734,
              0
            ],
            [
              73.49214271402225,
              19.97137431747324,
              0
            ],
            [
              73.49302329373518,
              19.97154419128954,
              0
            ],
            [
              73.49292486292308,
              19.97253515229647,
              0
            ],
            [
              73.49318429998152,
              19.97282573117443,
              0
            ],
            [
              73.4917707661274,
              19.97410053221723,
              0
            ],
            [
              73.49139367862901,
              19.97410069335221,
              0
            ]
          ]
        ]
      },
      "properties": {
        "name": "Ambolil Outer 2",
        "styleUrl": "#m_ylw-pushpin112",
        "fill-opacity": 1,
        "fill": "#00ff7f",
        "stroke-opacity": 1,
        "stroke": "#00ff7f",
        "icon-scale": 1.1,
        "icon-offset": [
          20,
          2
        ],
        "icon-offset-units": [
          "pixels",
          "pixels"
        ],
        "icon": "http://maps.google.com/mapfiles/kml/pushpin/ylw-pushpin.png"
      }
    },
    {
      "type": "Feature",
      "geometry": {
        "type": "LineString",
        "coordinates": [
          [
            73.44579760864382,
            19.98493846602095,
            0
          ],
          [
            73.44828240143761,
            19.98357456670809,
            0
          ],
          [
            73.44890425673113,
            19.98314410556723,
            0
          ],
          [
            73.44933825937485,
            19.98377989292929,
            0
          ],
          [
            73.45023323192947,
            19.98445662106553,
            0
          ],
          [
            73.45158704302219,
            19.98419082329345,
            0
          ],
          [
            73.45266037988866,
            19.98379622676385,
            0
          ],
          [
            73.45351548171206,
            19.98319396946664,
            0
          ],
          [
            73.45419369349204,
            19.98333703582898,
            0
          ],
          [
            73.4543764157808,
            19.98384016019994,
            0
          ],
          [
            73.45443857537632,
            19.98389404838306,
            0
          ],
          [
            73.45491209301275,
            19.98425252367854,
            0
          ],
          [
            73.45582760193273,
            19.98396026620742,
            0
          ],
          [
            73.45660446690773,
            19.98368157585015,
            0
          ],
          [
            73.45724927656488,
            19.98328907494079,
            0
          ],
          [
            73.45721187802594,
            19.98410221487765,
            0
          ],
          [
            73.45719368637728,
            19.98470473356661,
            0
          ],
          [
            73.4582773667565,
            19.98477498025245,
            0
          ],
          [
            73.45882210997738,
            19.98473858477798,
            0
          ],
          [
            73.45894052909362,
            19.98572620745777,
            0
          ],
          [
            73.45975423474765,
            19.9861651015046,
            0
          ],
          [
            73.46045328324547,
            19.98581115500586,
            0
          ],
          [
            73.46103061403358,
            19.98519088408154,
            0
          ],
          [
            73.46305072632244,
            19.98468615369218,
            0
          ],
          [
            73.46427743572568,
            19.98530602121642,
            0
          ],
          [
            73.46567040499471,
            19.98524065201601,
            0
          ],
          [
            73.46759888129547,
            19.98538303486004,
            0
          ],
          [
            73.4692342417371,
            19.98578660160225,
            0
          ],
          [
            73.47071558759637,
            19.98552975060753,
            0
          ],
          [
            73.47115906013873,
            19.98479735738508,
            0
          ],
          [
            73.47078138437475,
            19.98446092951802,
            0
          ],
          [
            73.47039732338025,
            19.98409038017913,
            0
          ],
          [
            73.47039532681731,
            19.98348996804934,
            0
          ],
          [
            73.47070391980301,
            19.98286624802285,
            0
          ],
          [
            73.47107360612947,
            19.9824812589738,
            0
          ],
          [
            73.47153017024004,
            19.98215108654998,
            0
          ],
          [
            73.47218823638971,
            19.9820072300301,
            0
          ],
          [
            73.47302387175027,
            19.98183174304583,
            0
          ],
          [
            73.47372392426212,
            19.98172728641497,
            0
          ],
          [
            73.47421920528471,
            19.98157589099593,
            0
          ],
          [
            73.47565312404106,
            19.98127840739807,
            0
          ],
          [
            73.47657720258944,
            19.980979415815,
            0
          ],
          [
            73.47737656689645,
            19.98090302917302,
            0
          ],
          [
            73.47831806326073,
            19.9804944932186,
            0
          ],
          [
            73.47900762715209,
            19.98009362232415,
            0
          ],
          [
            73.48172178976043,
            19.97857099593728,
            0
          ],
          [
            73.48417210768363,
            19.97754612508282,
            0
          ],
          [
            73.48576590186534,
            19.97705554263522,
            0
          ],
          [
            73.48709010615949,
            19.97682976948419,
            0
          ],
          [
            73.4889162067157,
            19.97622799068444,
            0
          ],
          [
            73.4901449822319,
            19.97580249620686,
            0
          ],
          [
            73.49094471689426,
            19.97496546205001,
            0
          ],
          [
            73.49152492543418,
            19.97446680996124,
            0
          ],
          [
            73.49209943980857,
            19.97378627755626,
            0
          ],
          [
            73.49220264284355,
            19.9735529881523,
            0
          ]
        ]
      },
      "properties": {
        "name": "Jawahar Kadun Yenare Bhavik",
        "styleUrl": "#m_ylw-pushpin015",
        "stroke-opacity": 1,
        "stroke": "#ff0000",
        "stroke-width": 5,
        "icon-scale": 1.1,
        "icon-offset": [
          20,
          2
        ],
        "icon-offset-units": [
          "pixels",
          "pixels"
        ],
        "icon": "http://maps.google.com/mapfiles/kml/pushpin/ylw-pushpin.png"
      }
    },
    {
      "type": "Feature",
      "geometry": {
        "type": "Polygon",
        "coordinates": [
          [
            [
              73.5084601878849,
              19.95905500000324,
              0
            ],
            [
              73.50861321002263,
              19.9582892756423,
              0
            ],
            [
              73.50883582472787,
              19.95778804006008,
              0
            ],
            [
              73.50914361444997,
              19.95728430719899,
              0
            ],
            [
              73.50930931093178,
              19.95709131829302,
              0
            ],
            [
              73.50939529306623,
              19.95696875012593,
              0
            ],
            [
              73.50974066959276,
              19.95682667381034,
              0
            ],
            [
              73.5100924012455,
              19.9566785592435,
              0
            ],
            [
              73.51063225103333,
              19.9568858263473,
              0
            ],
            [
              73.5108964322647,
              19.95717831645883,
              0
            ],
            [
              73.51118482756466,
              19.95742474787691,
              0
            ],
            [
              73.51139766966445,
              19.95748884854714,
              0
            ],
            [
              73.51161656661587,
              19.95741488427477,
              0
            ],
            [
              73.51182961683438,
              19.9573195458663,
              0
            ],
            [
              73.51195804135112,
              19.95741507738799,
              0
            ],
            [
              73.51200451867429,
              19.95758400587022,
              0
            ],
            [
              73.51204563289284,
              19.95775966637092,
              0
            ],
            [
              73.51207271711793,
              19.95789546417856,
              0
            ],
            [
              73.51212755630901,
              19.95806226499191,
              0
            ],
            [
              73.51216464914538,
              19.95822274370029,
              0
            ],
            [
              73.51216431283392,
              19.95837219951196,
              0
            ],
            [
              73.51217377609241,
              19.95845424551097,
              0
            ],
            [
              73.51215916943396,
              19.95852811462461,
              0
            ],
            [
              73.5084601878849,
              19.95905500000324,
              0
            ]
          ]
        ]
      },
      "properties": {
        "name": "Sapgaon Inner parking",
        "styleUrl": "#msn_ylw-pushpin380",
        "fill-opacity": 1,
        "fill": "#ffff00",
        "stroke-opacity": 1,
        "stroke": "#00ff7f",
        "icon-scale": 1.1,
        "icon-offset": [
          20,
          2
        ],
        "icon-offset-units": [
          "pixels",
          "pixels"
        ],
        "icon": "http://maps.google.com/mapfiles/kml/pushpin/ylw-pushpin.png"
      }
    },
    {
      "type": "Feature",
      "geometry": {
        "type": "LineString",
        "coordinates": [
          [
            73.49829540994503,
            19.96882861125534,
            0
          ],
          [
            73.49811121969636,
            19.96849571069885,
            0
          ],
          [
            73.50002230166639,
            19.96739591051267,
            0
          ],
          [
            73.5018231943372,
            19.96697317878966,
            0
          ],
          [
            73.50305421329064,
            19.96616533042015,
            0
          ],
          [
            73.5043359672819,
            19.96546555402213,
            0
          ],
          [
            73.50563517141843,
            19.96464352483436,
            0
          ],
          [
            73.5072288528178,
            19.96354788790114,
            0
          ],
          [
            73.50841410588357,
            19.96271712509998,
            0
          ],
          [
            73.50945274569375,
            19.96180179483299,
            0
          ],
          [
            73.51016513494658,
            19.96103651972173,
            0
          ],
          [
            73.51020833366992,
            19.95986263556708,
            0
          ],
          [
            73.51016053796018,
            19.95956537417324,
            0
          ],
          [
            73.51015167370056,
            19.95920632693612,
            0
          ],
          [
            73.5101038908673,
            19.95900115992727,
            0
          ],
          [
            73.51008527222204,
            19.95875291542571,
            0
          ],
          [
            73.51003857037864,
            19.9585994560729,
            0
          ]
        ]
      },
      "properties": {
        "name": "Amboli Outer To sapgaon Inner",
        "styleUrl": "#m_ylw-pushpin015",
        "stroke-opacity": 1,
        "stroke": "#ff0000",
        "stroke-width": 5,
        "icon-scale": 1.1,
        "icon-offset": [
          20,
          2
        ],
        "icon-offset-units": [
          "pixels",
          "pixels"
        ],
        "icon": "http://maps.google.com/mapfiles/kml/pushpin/ylw-pushpin.png"
      }
    },
    {
      "type": "Feature",
      "geometry": {
        "type": "LineString",
        "coordinates": [
          [
            73.51109354719574,
            19.95858412949626,
            0
          ],
          [
            73.51113060947878,
            19.9595469106706,
            0
          ],
          [
            73.51113197578161,
            19.95992936830399,
            0
          ],
          [
            73.51111348201266,
            19.96025244346536,
            0
          ],
          [
            73.51087727943502,
            19.9607090065552,
            0
          ],
          [
            73.51022315021456,
            19.96133933689884,
            0
          ],
          [
            73.5095009301308,
            19.96211834599637,
            0
          ],
          [
            73.5086280601733,
            19.96276808551546,
            0
          ],
          [
            73.50770199580602,
            19.96344187565382,
            0
          ],
          [
            73.50665743707167,
            19.96416082496998,
            0
          ],
          [
            73.50535429080102,
            19.96518038903675,
            0
          ],
          [
            73.50444530977596,
            19.96581118429581,
            0
          ],
          [
            73.50335190605435,
            19.96661903346889,
            0
          ],
          [
            73.50204363730734,
            19.96735661514242,
            0
          ],
          [
            73.50095803283546,
            19.96768472611076,
            0
          ],
          [
            73.50008170985306,
            19.96806759240991,
            0
          ]
        ]
      },
      "properties": {
        "name": "Sapgaon Inner To amboli Outer",
        "styleUrl": "#m_ylw-pushpin015",
        "stroke-opacity": 1,
        "stroke": "#ff0000",
        "stroke-width": 5,
        "icon-scale": 1.1,
        "icon-offset": [
          20,
          2
        ],
        "icon-offset-units": [
          "pixels",
          "pixels"
        ],
        "icon": "http://maps.google.com/mapfiles/kml/pushpin/ylw-pushpin.png"
      }
    },
    {
      "type": "Feature",
      "geometry": {
        "type": "LineString",
        "coordinates": [
          [
            73.53749293881658,
            19.93865098424542,
            0
          ],
          [
            73.53752248774599,
            19.93883580209536,
            0
          ],
          [
            73.5379823450508,
            19.93905634326498,
            0
          ],
          [
            73.53834018790695,
            19.93937840539335,
            0
          ],
          [
            73.5387907391925,
            19.93962057954314,
            0
          ],
          [
            73.53903581210346,
            19.93995511873332,
            0
          ],
          [
            73.5390052799091,
            19.94025779815979,
            0
          ],
          [
            73.53880554155717,
            19.94060471771842,
            0
          ],
          [
            73.53873272109115,
            19.94089672780911,
            0
          ],
          [
            73.53879129195768,
            19.94109290924324,
            0
          ],
          [
            73.5389151818703,
            19.94129689203649,
            0
          ],
          [
            73.53913819638417,
            19.94154713069684,
            0
          ],
          [
            73.53907117672902,
            19.94173171534279,
            0
          ],
          [
            73.5390296386362,
            19.94178554623372,
            0
          ],
          [
            73.53881720786768,
            19.94198839773439,
            0
          ],
          [
            73.53857391288822,
            19.94217816264178,
            0
          ],
          [
            73.53848253925612,
            19.94237448588845,
            0
          ],
          [
            73.53842535617704,
            19.94249745448939,
            0
          ],
          [
            73.53837599979748,
            19.94271738486063,
            0
          ],
          [
            73.538316641032,
            19.94284578568179,
            0
          ],
          [
            73.53823944961175,
            19.94316778042492,
            0
          ],
          [
            73.53824635047211,
            19.94346533561046,
            0
          ],
          [
            73.53839744334162,
            19.94368741969124,
            0
          ],
          [
            73.53851797631815,
            19.94378026041771,
            0
          ],
          [
            73.5387065478199,
            19.94388278739448,
            0
          ],
          [
            73.53875944022928,
            19.9439263826777,
            0
          ],
          [
            73.53895609449756,
            19.94405350113865,
            0
          ],
          [
            73.5391087765739,
            19.94420125078793,
            0
          ],
          [
            73.53921566630657,
            19.94428888749842,
            0
          ],
          [
            73.5392610721679,
            19.94430933120043,
            0
          ],
          [
            73.53946946899201,
            19.94437972189012,
            0
          ],
          [
            73.53963998490222,
            19.94441628836999,
            0
          ],
          [
            73.53978816634408,
            19.94438153992053,
            0
          ],
          [
            73.53993816581857,
            19.94435756953496,
            0
          ],
          [
            73.54004176500703,
            19.9443340373646,
            0
          ],
          [
            73.54006065189353,
            19.94433244901083,
            0
          ],
          [
            73.54015195974891,
            19.94431367482332,
            0
          ],
          [
            73.54018953565232,
            19.94431047120227,
            0
          ],
          [
            73.54040141102284,
            19.94428233969735,
            0
          ],
          [
            73.54041300724649,
            19.94427741929194,
            0
          ],
          [
            73.54050531993718,
            19.94423824513584,
            0
          ],
          [
            73.54052821914813,
            19.94422857310648,
            0
          ],
          [
            73.54059790253773,
            19.9441811951127,
            0
          ],
          [
            73.5406863946217,
            19.94417924423542,
            0
          ],
          [
            73.54073048165239,
            19.94417827243282,
            0
          ],
          [
            73.54082727520787,
            19.94420857282889,
            0
          ],
          [
            73.54089847734447,
            19.94423788177548,
            0
          ],
          [
            73.541093806701,
            19.9443276390631,
            0
          ],
          [
            73.5411294178618,
            19.94434221855007,
            0
          ],
          [
            73.54126416088313,
            19.94441608605064,
            0
          ],
          [
            73.54128556564707,
            19.94442476127254,
            0
          ],
          [
            73.54132453700178,
            19.94445000438402,
            0
          ],
          [
            73.54140621645422,
            19.94449291018081,
            0
          ],
          [
            73.54155469069886,
            19.94457476569909,
            0
          ],
          [
            73.54160427028862,
            19.94459594064424,
            0
          ],
          [
            73.54177455487373,
            19.94466781962034,
            0
          ],
          [
            73.54186313248744,
            19.94469602126832,
            0
          ],
          [
            73.54200780115332,
            19.94471063868643,
            0
          ],
          [
            73.54206437815074,
            19.94473456611261,
            0
          ],
          [
            73.5422874186672,
            19.94483818280106,
            0
          ],
          [
            73.54230538857269,
            19.94485508063413,
            0
          ],
          [
            73.54235170560692,
            19.94488397590373,
            0
          ],
          [
            73.54254052405277,
            19.94507683561611,
            0
          ],
          [
            73.5427489271704,
            19.94527113813639,
            0
          ],
          [
            73.54281963995119,
            19.94534970346436,
            0
          ],
          [
            73.54296801117253,
            19.94549438201888,
            0
          ],
          [
            73.54299686339401,
            19.94550725927143,
            0
          ],
          [
            73.54317888757123,
            19.94565349937926,
            0
          ],
          [
            73.54320937797107,
            19.94568578655476,
            0
          ],
          [
            73.5432326633821,
            19.94571532704754,
            0
          ],
          [
            73.54333761145413,
            19.94579863129799,
            0
          ],
          [
            73.5434300053609,
            19.94589330638177,
            0
          ],
          [
            73.54346365373043,
            19.94591576597495,
            0
          ],
          [
            73.54348550122525,
            19.94592392539787,
            0
          ],
          [
            73.54351915993684,
            19.94594639051889,
            0
          ],
          [
            73.54366692992615,
            19.94602676186541,
            0
          ],
          [
            73.5436934527039,
            19.94604751018711,
            0
          ],
          [
            73.5437345961126,
            19.94607423152834,
            0
          ],
          [
            73.54393888654215,
            19.94615801522909,
            0
          ],
          [
            73.54415524166534,
            19.94622779229135,
            0
          ],
          [
            73.54432762039103,
            19.9462245561888,
            0
          ],
          [
            73.54448147606573,
            19.94616745380634,
            0
          ],
          [
            73.54453529608506,
            19.94616342920365,
            0
          ],
          [
            73.54474773914505,
            19.94610764854994,
            0
          ],
          [
            73.54501503624216,
            19.94603325904174,
            0
          ],
          [
            73.54508601247126,
            19.94598798793421,
            0
          ],
          [
            73.54524039141118,
            19.94590437546156,
            0
          ],
          [
            73.54538201175275,
            19.94580948294106,
            0
          ],
          [
            73.54549282771197,
            19.9457663849375,
            0
          ],
          [
            73.54575349242423,
            19.94562057797776,
            0
          ],
          [
            73.54587158343436,
            19.94557443916741,
            0
          ],
          [
            73.54596321609758,
            19.94556009958461,
            0
          ],
          [
            73.54615580271953,
            19.94560414643471,
            0
          ],
          [
            73.54632706157628,
            19.94571891987677,
            0
          ],
          [
            73.54644994350897,
            19.94586678961393,
            0
          ],
          [
            73.54645903667686,
            19.94589806801783,
            0
          ],
          [
            73.54652033196328,
            19.94600797813887,
            0
          ],
          [
            73.54653390212707,
            19.94601405868221,
            0
          ],
          [
            73.5465941702029,
            19.94609463127507,
            0
          ],
          [
            73.54668239441777,
            19.94620523212183,
            0
          ],
          [
            73.54679964094547,
            19.94625564022248,
            0
          ],
          [
            73.54699643059618,
            19.9463677044613,
            0
          ],
          [
            73.5470102840902,
            19.94637357707914,
            0
          ],
          [
            73.54710495828571,
            19.94647648147799,
            0
          ],
          [
            73.54720580772248,
            19.94650913633323,
            0
          ],
          [
            73.54722995780857,
            19.94651011418713,
            0
          ],
          [
            73.54747492740137,
            19.94654623922207,
            0
          ],
          [
            73.54756738328486,
            19.94655668603133,
            0
          ],
          [
            73.54757429861957,
            19.94655950688147,
            0
          ],
          [
            73.547604975659,
            19.94656330621373,
            0
          ],
          [
            73.5477118010312,
            19.94659634742983,
            0
          ],
          [
            73.5477710763334,
            19.94662806361685,
            0
          ],
          [
            73.54788665873254,
            19.94669976484075,
            0
          ],
          [
            73.54795873119382,
            19.94673824860548,
            0
          ],
          [
            73.54810513280724,
            19.94700077221765,
            0
          ],
          [
            73.54811228309983,
            19.94718039487223,
            0
          ],
          [
            73.54814361527495,
            19.94726840335596,
            0
          ],
          [
            73.54823721188193,
            19.94735441631617,
            0
          ],
          [
            73.54827459828687,
            19.94741647709881,
            0
          ],
          [
            73.54845632714512,
            19.94760576659464,
            0
          ],
          [
            73.54864493886753,
            19.94773281834597,
            0
          ],
          [
            73.54891334971565,
            19.94791316100229,
            0
          ],
          [
            73.54920724991143,
            19.94812095717357,
            0
          ],
          [
            73.54941718209862,
            19.94827227462527,
            0
          ],
          [
            73.54959229573643,
            19.9483640247111,
            0
          ],
          [
            73.5498617222184,
            19.9484726724145,
            0
          ],
          [
            73.55011080451521,
            19.94854359998901,
            0
          ],
          [
            73.55039021168956,
            19.94862448616397,
            0
          ],
          [
            73.5505746085861,
            19.94861857577758,
            0
          ],
          [
            73.5508329444744,
            19.94860958759649,
            0
          ],
          [
            73.55100633182823,
            19.94863044168809,
            0
          ],
          [
            73.55115976598357,
            19.94863103082112,
            0
          ],
          [
            73.55123367417892,
            19.94865463396696,
            0
          ],
          [
            73.55128607420804,
            19.94866827979183,
            0
          ],
          [
            73.55130318106242,
            19.94868483173513,
            0
          ],
          [
            73.55132342189454,
            19.94875926551915,
            0
          ],
          [
            73.5513453190709,
            19.9488077413734,
            0
          ],
          [
            73.5513510138729,
            19.94882326621578,
            0
          ],
          [
            73.55138338660367,
            19.94889985291068,
            0
          ],
          [
            73.55138629645622,
            19.94890777485748,
            0
          ],
          [
            73.55139588225771,
            19.94901090702122,
            0
          ],
          [
            73.55140074852649,
            19.94903014265213,
            0
          ],
          [
            73.55140755293573,
            19.9490606957367,
            0
          ],
          [
            73.55141484878345,
            19.94914097643647,
            0
          ],
          [
            73.55143282625497,
            19.94922611556519,
            0
          ],
          [
            73.55145790463229,
            19.94933795314596,
            0
          ],
          [
            73.55145888128303,
            19.94935301631122,
            0
          ],
          [
            73.55147564304758,
            19.94942997920135,
            0
          ],
          [
            73.5514807699663,
            19.94950852426323,
            0
          ],
          [
            73.55150129557998,
            19.94961767569825,
            0
          ],
          [
            73.5515288879031,
            19.94968991587991,
            0
          ],
          [
            73.55153120946811,
            19.94972385547688,
            0
          ]
        ]
      },
      "properties": {
        "name": "New Trimbak Ghat",
        "styleUrl": "#msn_ylw-pushpin44",
        "stroke-opacity": 1,
        "stroke": "#ffff00",
        "stroke-width": 8,
        "icon-scale": 1.1,
        "icon-offset": [
          20,
          2
        ],
        "icon-offset-units": [
          "pixels",
          "pixels"
        ],
        "icon": "http://maps.google.com/mapfiles/kml/pushpin/ylw-pushpin.png"
      }
    },
    {
      "type": "Feature",
      "geometry": {
        "type": "Polygon",
        "coordinates": [
          [
            [
              73.64182126185986,
              19.96165364813326,
              0
            ],
            [
              73.64202850485972,
              19.96169477167642,
              0
            ],
            [
              73.64257914241102,
              19.96178225567034,
              0
            ],
            [
              73.64345757261593,
              19.96202876469849,
              0
            ],
            [
              73.64410527772714,
              19.96239067566599,
              0
            ],
            [
              73.64436466004986,
              19.96274105592366,
              0
            ],
            [
              73.6445221716,
              19.96349074909513,
              0
            ],
            [
              73.64492513573123,
              19.96624701040762,
              0
            ],
            [
              73.64244457551155,
              19.96623048034375,
              0
            ],
            [
              73.64233731254457,
              19.9662494567657,
              0
            ],
            [
              73.64222497776684,
              19.96628014191086,
              0
            ],
            [
              73.64206926122539,
              19.9663088730389,
              0
            ],
            [
              73.64192382342989,
              19.96634318927101,
              0
            ],
            [
              73.64189313718238,
              19.96634782692445,
              0
            ],
            [
              73.64175809840694,
              19.96638288681469,
              0
            ],
            [
              73.64171462695657,
              19.9664029053033,
              0
            ],
            [
              73.64160275008214,
              19.96644500814707,
              0
            ],
            [
              73.64156434740609,
              19.96645280995751,
              0
            ],
            [
              73.64136168119421,
              19.96649055191364,
              0
            ],
            [
              73.64105508768452,
              19.9665370208406,
              0
            ],
            [
              73.6410056223314,
              19.96654132269775,
              0
            ],
            [
              73.64075889394171,
              19.96657514286885,
              0
            ],
            [
              73.64036384958368,
              19.96662615774357,
              0
            ],
            [
              73.63991327238509,
              19.96663415334083,
              0
            ],
            [
              73.63922284749509,
              19.96676302084523,
              0
            ],
            [
              73.63884531742424,
              19.96686292606789,
              0
            ],
            [
              73.63841146915208,
              19.96691803906679,
              0
            ],
            [
              73.63806782954909,
              19.96691670572595,
              0
            ],
            [
              73.63755999424447,
              19.96696927776209,
              0
            ],
            [
              73.63753141940677,
              19.96657233157051,
              0
            ],
            [
              73.63758513412337,
              19.96631787064966,
              0
            ],
            [
              73.63756883504884,
              19.96574435879707,
              0
            ],
            [
              73.63761447111393,
              19.96525185040372,
              0
            ],
            [
              73.63761641102386,
              19.96469772188503,
              0
            ],
            [
              73.63762401951772,
              19.96413996396436,
              0
            ],
            [
              73.63832845611996,
              19.96432222781283,
              0
            ],
            [
              73.63897068014,
              19.96448622896,
              0
            ],
            [
              73.6390305509338,
              19.96381383059866,
              0
            ],
            [
              73.63905215527159,
              19.96301740327737,
              0
            ],
            [
              73.63928177136961,
              19.96177983593417,
              0
            ],
            [
              73.63950592762355,
              19.96177024009549,
              0
            ],
            [
              73.63951339279645,
              19.96177013175708,
              0
            ],
            [
              73.639543252539,
              19.96176969849345,
              0
            ],
            [
              73.64020313837038,
              19.96173891165517,
              0
            ],
            [
              73.64034862600676,
              19.96168333033094,
              0
            ],
            [
              73.64037958189044,
              19.96135504813625,
              0
            ],
            [
              73.64164452358618,
              19.96146078372994,
              0
            ],
            [
              73.64169664277513,
              19.96170431453379,
              0
            ],
            [
              73.64182126185986,
              19.96165364813326,
              0
            ]
          ]
        ]
      },
      "properties": {
        "name": "Khambale Outer 1",
        "styleUrl": "#msn_ylw-pushpin380",
        "fill-opacity": 1,
        "fill": "#ffff00",
        "stroke-opacity": 1,
        "stroke": "#00ff7f",
        "icon-scale": 1.1,
        "icon-offset": [
          20,
          2
        ],
        "icon-offset-units": [
          "pixels",
          "pixels"
        ],
        "icon": "http://maps.google.com/mapfiles/kml/pushpin/ylw-pushpin.png"
      }
    },
    {
      "type": "Feature",
      "geometry": {
        "type": "Polygon",
        "coordinates": [
          [
            [
              73.6388123933686,
              19.95706710619808,
              0
            ],
            [
              73.63852357569354,
              19.95717518398853,
              0
            ],
            [
              73.63814759671591,
              19.95727567633805,
              0
            ],
            [
              73.637734343036,
              19.95725326342917,
              0
            ],
            [
              73.63750521521318,
              19.95726052444918,
              0
            ],
            [
              73.63725312726872,
              19.9571590731845,
              0
            ],
            [
              73.63698489462769,
              19.95704331001564,
              0
            ],
            [
              73.63668483346846,
              19.9568338479374,
              0
            ],
            [
              73.63623436722945,
              19.95641584223802,
              0
            ],
            [
              73.63587003058514,
              19.95592725967474,
              0
            ],
            [
              73.63554763508027,
              19.95522388634838,
              0
            ],
            [
              73.63565804250612,
              19.95495948751185,
              0
            ],
            [
              73.6359208864825,
              19.95475281743184,
              0
            ],
            [
              73.6358666087103,
              19.95475235283709,
              0
            ],
            [
              73.63675247418297,
              19.95430044278964,
              0
            ],
            [
              73.63711521976373,
              19.95476888095074,
              0
            ],
            [
              73.63767673862961,
              19.95544071521102,
              0
            ],
            [
              73.63835831874867,
              19.95602903130312,
              0
            ],
            [
              73.6386893294407,
              19.95684299437563,
              0
            ],
            [
              73.6388123933686,
              19.95706710619808,
              0
            ]
          ]
        ]
      },
      "properties": {
        "name": "Khabale Outer 2",
        "styleUrl": "#msn_ylw-pushpin380",
        "fill-opacity": 1,
        "fill": "#ffff00",
        "stroke-opacity": 1,
        "stroke": "#00ff7f",
        "icon-scale": 1.1,
        "icon-offset": [
          20,
          2
        ],
        "icon-offset-units": [
          "pixels",
          "pixels"
        ],
        "icon": "http://maps.google.com/mapfiles/kml/pushpin/ylw-pushpin.png"
      }
    },
    {
      "type": "Feature",
      "geometry": {
        "type": "Polygon",
        "coordinates": [
          [
            [
              73.63681159977024,
              19.95407515345965,
              0
            ],
            [
              73.63701721031234,
              19.95404427626338,
              0
            ],
            [
              73.63722175921896,
              19.95401433401053,
              0
            ],
            [
              73.63764416343733,
              19.95377191489122,
              0
            ],
            [
              73.63788256095356,
              19.95364460189511,
              0
            ],
            [
              73.6381802478629,
              19.95348813596339,
              0
            ],
            [
              73.63843156793976,
              19.95333673794287,
              0
            ],
            [
              73.63864419926172,
              19.95332707703958,
              0
            ],
            [
              73.63885577948632,
              19.95321279053886,
              0
            ],
            [
              73.63905730279322,
              19.95315199279452,
              0
            ],
            [
              73.63946741183636,
              19.95308316251429,
              0
            ],
            [
              73.63956279022116,
              19.95313420661696,
              0
            ],
            [
              73.63966867150923,
              19.95335653974727,
              0
            ],
            [
              73.63965702214446,
              19.9537433478809,
              0
            ],
            [
              73.63883039316377,
              19.95427943939639,
              0
            ],
            [
              73.63902428170964,
              19.95455756874503,
              0
            ],
            [
              73.63913886157593,
              19.95517766900108,
              0
            ],
            [
              73.63806115439232,
              19.95555260707721,
              0
            ],
            [
              73.63681159977024,
              19.95407515345965,
              0
            ]
          ]
        ]
      },
      "properties": {
        "name": "Khambale Outer 3",
        "styleUrl": "#msn_ylw-pushpin380",
        "fill-opacity": 1,
        "fill": "#ffff00",
        "stroke-opacity": 1,
        "stroke": "#00ff7f",
        "icon-scale": 1.1,
        "icon-offset": [
          20,
          2
        ],
        "icon-offset-units": [
          "pixels",
          "pixels"
        ],
        "icon": "http://maps.google.com/mapfiles/kml/pushpin/ylw-pushpin.png"
      }
    },
    {
      "type": "Feature",
      "geometry": {
        "type": "Polygon",
        "coordinates": [
          [
            [
              73.63569466608536,
              19.95327170598023,
              0
            ],
            [
              73.6371229941228,
              19.95214490505477,
              0
            ],
            [
              73.63774757309723,
              19.95169751589731,
              0
            ],
            [
              73.63820098696839,
              19.95140054989174,
              0
            ],
            [
              73.6386408147642,
              19.9514811454115,
              0
            ],
            [
              73.63860960312874,
              19.95177989655745,
              0
            ],
            [
              73.63855474688967,
              19.95198886269604,
              0
            ],
            [
              73.63841042520133,
              19.95221643153734,
              0
            ],
            [
              73.63819890014285,
              19.95246533238618,
              0
            ],
            [
              73.63798092431233,
              19.95274954555361,
              0
            ],
            [
              73.63787002780848,
              19.95289975696134,
              0
            ],
            [
              73.63822127106131,
              19.95318484477826,
              0
            ],
            [
              73.63794077778692,
              19.95331616495242,
              0
            ],
            [
              73.6377270390233,
              19.95341204513709,
              0
            ],
            [
              73.63749942519446,
              19.95350696311967,
              0
            ],
            [
              73.63741740867191,
              19.95356189022378,
              0
            ],
            [
              73.63731938539019,
              19.95365815098933,
              0
            ],
            [
              73.63718290151935,
              19.9537389119814,
              0
            ],
            [
              73.6370031354507,
              19.9538393769432,
              0
            ],
            [
              73.63676995756813,
              19.95391595803886,
              0
            ],
            [
              73.63666305370106,
              19.9539179198778,
              0
            ],
            [
              73.63569466608536,
              19.95327170598023,
              0
            ]
          ]
        ]
      },
      "properties": {
        "name": "Khambale Outer 4",
        "styleUrl": "#msn_ylw-pushpin380",
        "fill-opacity": 1,
        "fill": "#ffff00",
        "stroke-opacity": 1,
        "stroke": "#00ff7f",
        "icon-scale": 1.1,
        "icon-offset": [
          20,
          2
        ],
        "icon-offset-units": [
          "pixels",
          "pixels"
        ],
        "icon": "http://maps.google.com/mapfiles/kml/pushpin/ylw-pushpin.png"
      }
    },
    {
      "type": "Feature",
      "geometry": {
        "type": "Polygon",
        "coordinates": [
          [
            [
              73.56208288318885,
              19.94645420521961,
              0
            ],
            [
              73.5619800377561,
              19.94626002274823,
              0
            ],
            [
              73.56191493857008,
              19.94595226501708,
              0
            ],
            [
              73.56190818814184,
              19.94556553461558,
              0
            ],
            [
              73.56191396954395,
              19.94525070759754,
              0
            ],
            [
              73.56215335078352,
              19.94519917924706,
              0
            ],
            [
              73.56263958707655,
              19.94518541524373,
              0
            ],
            [
              73.56289025985143,
              19.94527245873095,
              0
            ],
            [
              73.56317973680943,
              19.94622117814946,
              0
            ],
            [
              73.56230287858476,
              19.94680720946348,
              0
            ],
            [
              73.56208288318885,
              19.94645420521961,
              0
            ]
          ]
        ]
      },
      "properties": {
        "name": "Laddha Inner Parking 2",
        "styleUrl": "#msn_ylw-pushpin39",
        "fill-opacity": 0.5019607843137255,
        "fill": "#ffff00",
        "stroke-opacity": 1,
        "stroke": "#000000",
        "stroke-width": 3,
        "icon-scale": 1.1,
        "icon-offset": [
          20,
          2
        ],
        "icon-offset-units": [
          "pixels",
          "pixels"
        ],
        "icon": "http://maps.google.com/mapfiles/kml/pushpin/ylw-pushpin.png"
      }
    },
    {
      "type": "Feature",
      "geometry": {
        "type": "Polygon",
        "coordinates": [
          [
            [
              73.67250095638262,
              19.96048263128439,
              0
            ],
            [
              73.67210938438548,
              19.95816456451675,
              0
            ],
            [
              73.67225445564668,
              19.95752546752887,
              0
            ],
            [
              73.67237442104577,
              19.95744507335394,
              0
            ],
            [
              73.67242060561502,
              19.95742115018372,
              0
            ],
            [
              73.67270353944252,
              19.95736376935216,
              0
            ],
            [
              73.67305444950054,
              19.95747033432934,
              0
            ],
            [
              73.67473053485716,
              19.95825190290388,
              0
            ],
            [
              73.68057593730438,
              19.96094533708664,
              0
            ],
            [
              73.6798592215991,
              19.96366039135305,
              0
            ],
            [
              73.67347949219808,
              19.96284842729089,
              0
            ],
            [
              73.67250095638262,
              19.96048263128439,
              0
            ]
          ]
        ]
      },
      "properties": {
        "name": "Sandeep Land",
        "styleUrl": "#m_ylw-pushpin211",
        "fill-opacity": 1,
        "fill": "#ffff00",
        "stroke-opacity": 0,
        "icon-scale": 1.1,
        "icon-offset": [
          20,
          2
        ],
        "icon-offset-units": [
          "pixels",
          "pixels"
        ],
        "icon": "http://maps.google.com/mapfiles/kml/pushpin/ylw-pushpin.png"
      }
    },
    {
      "type": "Feature",
      "geometry": {
        "type": "LineString",
        "coordinates": [
          [
            73.63834067684917,
            19.95356886010951,
            0
          ],
          [
            73.63839809351671,
            19.95332486269539,
            0
          ],
          [
            73.6388773875379,
            19.95278901533738,
            0
          ],
          [
            73.63958938712399,
            19.9522462369337,
            0
          ],
          [
            73.64067329107081,
            19.95178547211639,
            0
          ],
          [
            73.6415491540388,
            19.9512620348725,
            0
          ],
          [
            73.64254384951629,
            19.9509883297667,
            0
          ],
          [
            73.64246129739718,
            19.95041973102596,
            0
          ],
          [
            73.64303259066722,
            19.95019921827316,
            0
          ],
          [
            73.64337086403883,
            19.95003024243837,
            0
          ],
          [
            73.64398427832488,
            19.94974642533047,
            0
          ],
          [
            73.64463711037588,
            19.94962417127289,
            0
          ],
          [
            73.64466959518312,
            19.94961039946045,
            0
          ],
          [
            73.64473951913901,
            19.94960878796594,
            0
          ],
          [
            73.64522358299827,
            19.94953919960237,
            0
          ],
          [
            73.64538466996369,
            19.94646706477444,
            0
          ],
          [
            73.64545934973248,
            19.94468309327892,
            0
          ],
          [
            73.64528063056096,
            19.94396645173549,
            0
          ],
          [
            73.64472513715589,
            19.94316534379655,
            0
          ],
          [
            73.64456956636597,
            19.94274243598844,
            0
          ],
          [
            73.6447284871374,
            19.94227343608612,
            0
          ],
          [
            73.64494835058619,
            19.94181774912292,
            0
          ],
          [
            73.6454083392466,
            19.93985438442135,
            0
          ],
          [
            73.64606602434223,
            19.9389620501884,
            0
          ],
          [
            73.64624741628012,
            19.93835455080432,
            0
          ],
          [
            73.64662012240692,
            19.93792563312849,
            0
          ],
          [
            73.64682738645772,
            19.9375035500907,
            0
          ],
          [
            73.64684046249032,
            19.93748812430073,
            0
          ],
          [
            73.64696126422025,
            19.93701975786239,
            0
          ],
          [
            73.64695745558917,
            19.93698984797491,
            0
          ],
          [
            73.64705809438838,
            19.93652285662048,
            0
          ],
          [
            73.64706483367365,
            19.93646522082252,
            0
          ],
          [
            73.64708411628638,
            19.93639369900765,
            0
          ],
          [
            73.64710397467087,
            19.93632357177885,
            0
          ],
          [
            73.64717952389513,
            19.93591075024064,
            0
          ],
          [
            73.64717577109846,
            19.93588332183026,
            0
          ],
          [
            73.64724509056808,
            19.93556079097876,
            0
          ],
          [
            73.64724131818811,
            19.93553404231587,
            0
          ],
          [
            73.64729799659926,
            19.93532579290572,
            0
          ],
          [
            73.64730832616458,
            19.93519651833271,
            0
          ],
          [
            73.64765520985497,
            19.93159871554952,
            0
          ],
          [
            73.6478754351937,
            19.92944564006468,
            0
          ],
          [
            73.64771265318836,
            19.92793067386728,
            0
          ],
          [
            73.64742823378185,
            19.92639766273472,
            0
          ],
          [
            73.64778179610849,
            19.92406042537326,
            0
          ],
          [
            73.64809863172607,
            19.92313835655836,
            0
          ],
          [
            73.64847000293501,
            19.9223552004847,
            0
          ],
          [
            73.6495465925961,
            19.92281808314438,
            0
          ],
          [
            73.65084446610174,
            19.92310788119201,
            0
          ],
          [
            73.65202179913653,
            19.92281069786522,
            0
          ],
          [
            73.6529227155012,
            19.92263950389172,
            0
          ],
          [
            73.65408542606649,
            19.92240711082977,
            0
          ],
          [
            73.65499916059434,
            19.92232856926579,
            0
          ],
          [
            73.656196307855,
            19.92253278677047,
            0
          ],
          [
            73.6571001770489,
            19.92254087923859,
            0
          ],
          [
            73.65851382665586,
            19.92194883845605,
            0
          ],
          [
            73.66027066726697,
            19.92121003608244,
            0
          ],
          [
            73.66119528264038,
            19.92101979153544,
            0
          ],
          [
            73.66321013351268,
            19.92053023185112,
            0
          ],
          [
            73.66470896892672,
            19.92019609415154,
            0
          ],
          [
            73.66619396012369,
            19.91991515394749,
            0
          ],
          [
            73.66701970342629,
            19.91979387170629,
            0
          ],
          [
            73.66881763156086,
            19.91946778064518,
            0
          ],
          [
            73.67019829178157,
            19.91954393057479,
            0
          ],
          [
            73.67131542132921,
            19.91972221531248,
            0
          ],
          [
            73.67186394478233,
            19.91988100774505,
            0
          ],
          [
            73.67251434009722,
            19.91982690878049,
            0
          ],
          [
            73.67298037766972,
            19.91980145357126,
            0
          ],
          [
            73.67431324376409,
            19.91958874298698,
            0
          ],
          [
            73.67480310283737,
            19.91992135000694,
            0
          ],
          [
            73.67502716328141,
            19.92044629058793,
            0
          ],
          [
            73.67523965720424,
            19.92065689993156,
            0
          ],
          [
            73.67536455257213,
            19.9209591852842,
            0
          ],
          [
            73.67542408758649,
            19.9211222585912,
            0
          ],
          [
            73.67554716953478,
            19.92119675878569,
            0
          ],
          [
            73.67628573498077,
            19.9212881704236,
            0
          ],
          [
            73.67724413627522,
            19.92136167422348,
            0
          ],
          [
            73.67834549412743,
            19.92142574482857,
            0
          ],
          [
            73.67973635941757,
            19.92144290171426,
            0
          ],
          [
            73.68108327697512,
            19.92151732886108,
            0
          ],
          [
            73.68236674907332,
            19.92138063694605,
            0
          ],
          [
            73.68324061328333,
            19.92092558914782,
            0
          ],
          [
            73.68391388110575,
            19.92054000501227,
            0
          ],
          [
            73.68474168896643,
            19.92023073944229,
            0
          ],
          [
            73.68583165616614,
            19.9198500336169,
            0
          ],
          [
            73.68676185639725,
            19.9194784624893,
            0
          ],
          [
            73.68738948304934,
            19.91909483869987,
            0
          ],
          [
            73.68776074680589,
            19.91856620937493,
            0
          ],
          [
            73.68821332294625,
            19.9180485752712,
            0
          ],
          [
            73.68859276844599,
            19.9177030257554,
            0
          ],
          [
            73.68925007156005,
            19.91721183515038,
            0
          ],
          [
            73.68998240929227,
            19.91678854914869,
            0
          ],
          [
            73.69062165598633,
            19.916450107454,
            0
          ],
          [
            73.69134397017118,
            19.91626675613728,
            0
          ],
          [
            73.69206220223857,
            19.91601235056712,
            0
          ],
          [
            73.69296412369651,
            19.9156875596294,
            0
          ],
          [
            73.69338594515514,
            19.91549137170194,
            0
          ],
          [
            73.6937468716655,
            19.91532995935339,
            0
          ],
          [
            73.6942345594226,
            19.91525768715783,
            0
          ],
          [
            73.69455730487404,
            19.91525197878585,
            0
          ],
          [
            73.69536111494135,
            19.91578599354573,
            0
          ],
          [
            73.69579234446086,
            19.91597896484002,
            0
          ],
          [
            73.69610587705745,
            19.91605721862821,
            0
          ],
          [
            73.69754068568682,
            19.91637502606616,
            0
          ],
          [
            73.69914853635932,
            19.91634453809958,
            0
          ],
          [
            73.6999298297689,
            19.91628518275574,
            0
          ],
          [
            73.70124647852585,
            19.91630138641205,
            0
          ],
          [
            73.70193985855582,
            19.91655085904535,
            0
          ],
          [
            73.70247225692529,
            19.91671582145529,
            0
          ],
          [
            73.70303353327081,
            19.9168961328855,
            0
          ],
          [
            73.70355934838192,
            19.91716069175641,
            0
          ],
          [
            73.70407685814789,
            19.91733895721703,
            0
          ],
          [
            73.70533763635308,
            19.91772969168383,
            0
          ],
          [
            73.70609257029649,
            19.91766248268025,
            0
          ],
          [
            73.70637769372287,
            19.91731964069961,
            0
          ],
          [
            73.70700073122724,
            19.91688524177758,
            0
          ],
          [
            73.70806506264198,
            19.91663749013436,
            0
          ],
          [
            73.70886299047913,
            19.91645666580671,
            0
          ],
          [
            73.70930810443238,
            19.91635984484632,
            0
          ],
          [
            73.70989577761601,
            19.91611835419968,
            0
          ],
          [
            73.7103319778193,
            19.91615012867319,
            0
          ],
          [
            73.71083202601145,
            19.9162535457186,
            0
          ],
          [
            73.71096066937794,
            19.91625456647252,
            0
          ],
          [
            73.71118733625347,
            19.91637533513667,
            0
          ]
        ]
      },
      "properties": {
        "name": "Sarul Fatha 8va Mail To Khambale Outer Parking",
        "styleUrl": "#msn_ylw-pushpin005",
        "stroke-opacity": 1,
        "stroke": "#0055ff",
        "stroke-width": 4,
        "icon-scale": 1.1,
        "icon-offset": [
          20,
          2
        ],
        "icon-offset-units": [
          "pixels",
          "pixels"
        ],
        "icon": "http://maps.google.com/mapfiles/kml/pushpin/ylw-pushpin.png"
      }
    },
    {
      "type": "Feature",
      "geometry": {
        "type": "LineString",
        "coordinates": [
          [
            73.6378829349672,
            19.95377769906521,
            0
          ],
          [
            73.63873803018915,
            19.95304289773408,
            0
          ],
          [
            73.63940937156065,
            19.9525210768355,
            0
          ],
          [
            73.6400364471375,
            19.95233377220964,
            0
          ],
          [
            73.64101551627301,
            19.95181124683338,
            0
          ],
          [
            73.64149550068767,
            19.95145910831268,
            0
          ],
          [
            73.64223273037562,
            19.95123282590489,
            0
          ],
          [
            73.64254780452194,
            19.95106927143372,
            0
          ],
          [
            73.64263724872164,
            19.95074447570056,
            0
          ],
          [
            73.64265615452994,
            19.95048630354045,
            0
          ],
          [
            73.64310688978485,
            19.95034085242983,
            0
          ],
          [
            73.64348093660941,
            19.95005456684648,
            0
          ],
          [
            73.64351561372368,
            19.9500367046681,
            0
          ],
          [
            73.64439467916192,
            19.9497894367938,
            0
          ],
          [
            73.64512932842781,
            19.94968925994326,
            0
          ],
          [
            73.64561170388275,
            19.94963543845755,
            0
          ],
          [
            73.64627319494996,
            19.94967056776341,
            0
          ],
          [
            73.64759319935692,
            19.9495668342174,
            0
          ],
          [
            73.64826778621153,
            19.94973741003701,
            0
          ],
          [
            73.64920681501974,
            19.94994664016069,
            0
          ],
          [
            73.65045354340586,
            19.95006826506327,
            0
          ],
          [
            73.6515744645338,
            19.9502289975625,
            0
          ],
          [
            73.65251098319098,
            19.95021095721531,
            0
          ],
          [
            73.6532329774936,
            19.95018212434278,
            0
          ],
          [
            73.65413244969194,
            19.95044591273528,
            0
          ],
          [
            73.6548296661444,
            19.95047603876987,
            0
          ],
          [
            73.65544346461283,
            19.95061325597315,
            0
          ],
          [
            73.65654430814605,
            19.95079145242445,
            0
          ],
          [
            73.65854907201604,
            19.95122363435774,
            0
          ],
          [
            73.66011796802273,
            19.95158851943711,
            0
          ],
          [
            73.6614697193785,
            19.95184982101594,
            0
          ],
          [
            73.66246543600008,
            19.95235626165966,
            0
          ],
          [
            73.66403097903613,
            19.95297927601605,
            0
          ],
          [
            73.66523543387731,
            19.95336482672379,
            0
          ],
          [
            73.66637283519839,
            19.95404513441095,
            0
          ],
          [
            73.6675269199891,
            19.95453281712584,
            0
          ],
          [
            73.66854456864678,
            19.95472825470238,
            0
          ],
          [
            73.67111015400286,
            19.9564680214689,
            0
          ],
          [
            73.67351772441775,
            19.95745582474682,
            0
          ],
          [
            73.67436105743408,
            19.95773054341149,
            0
          ],
          [
            73.67591487261201,
            19.95886934364377,
            0
          ],
          [
            73.67747438179212,
            19.95950428448955,
            0
          ],
          [
            73.67917538184436,
            19.960284454693,
            0
          ],
          [
            73.68449850208631,
            19.9627445698014,
            0
          ],
          [
            73.68687877618076,
            19.96414166304764,
            0
          ],
          [
            73.68808301186637,
            19.96479550839721,
            0
          ],
          [
            73.68907318997148,
            19.96535297470574,
            0
          ],
          [
            73.68934044593844,
            19.96547866633482,
            0
          ],
          [
            73.68968201823661,
            19.96568076705974,
            0
          ],
          [
            73.69009844902324,
            19.96585753039354,
            0
          ],
          [
            73.69039343962002,
            19.96573623682601,
            0
          ],
          [
            73.69090752701676,
            19.96543457807258,
            0
          ],
          [
            73.6913276411269,
            19.96526206669833,
            0
          ],
          [
            73.6918983451494,
            19.96511476022929,
            0
          ],
          [
            73.69256683608019,
            19.96506023418771,
            0
          ],
          [
            73.69291106347742,
            19.96498333238851,
            0
          ],
          [
            73.69323678997895,
            19.96484489207548,
            0
          ],
          [
            73.69352215474767,
            19.96460562089275,
            0
          ],
          [
            73.69376376573695,
            19.9643373707109,
            0
          ],
          [
            73.69376332718974,
            19.96410426689168,
            0
          ],
          [
            73.69382202490584,
            19.96385290090352,
            0
          ],
          [
            73.69417179475224,
            19.96349064762851,
            0
          ],
          [
            73.69471151391666,
            19.96320809035276,
            0
          ],
          [
            73.69532659529914,
            19.96316090784409,
            0
          ],
          [
            73.69611105279387,
            19.96317263129979,
            0
          ],
          [
            73.69667461661271,
            19.96315266799656,
            0
          ],
          [
            73.69824049370287,
            19.96255551408363,
            0
          ],
          [
            73.69868178725334,
            19.96111146714693,
            0
          ],
          [
            73.69905329567386,
            19.96017077212286,
            0
          ],
          [
            73.69948988703513,
            19.95946056553837,
            0
          ],
          [
            73.69982581981593,
            19.95866892784979,
            0
          ],
          [
            73.69976946139471,
            19.95780879860397,
            0
          ],
          [
            73.6997664390361,
            19.95739674886117,
            0
          ],
          [
            73.70037135556466,
            19.95711025765441,
            0
          ],
          [
            73.70124649617209,
            19.95673443381679,
            0
          ],
          [
            73.70237947802087,
            19.95585116062896,
            0
          ],
          [
            73.70367735266501,
            19.95499480221406,
            0
          ],
          [
            73.70415789619427,
            19.95424430353737,
            0
          ],
          [
            73.70589649958285,
            19.95195803249878,
            0
          ],
          [
            73.70646079530329,
            19.95009620689098,
            0
          ],
          [
            73.70675426303696,
            19.94738253487104,
            0
          ],
          [
            73.7066728814837,
            19.94574460747707,
            0
          ],
          [
            73.70693369378776,
            19.9443447291142,
            0
          ],
          [
            73.70723585260124,
            19.94303876446311,
            0
          ],
          [
            73.70777626509788,
            19.94242758560285,
            0
          ],
          [
            73.70828691176523,
            19.94183393531046,
            0
          ],
          [
            73.70858016164136,
            19.94102938593575,
            0
          ],
          [
            73.70879394399331,
            19.93990051206081,
            0
          ],
          [
            73.70895048161292,
            19.93889712873264,
            0
          ],
          [
            73.70908438406316,
            19.93807639931968,
            0
          ],
          [
            73.7092765321331,
            19.93741787151086,
            0
          ],
          [
            73.70945893788651,
            19.93732708735508,
            0
          ],
          [
            73.70980465905411,
            19.93759169390377,
            0
          ],
          [
            73.71010594160781,
            19.93819562498804,
            0
          ],
          [
            73.71030663942582,
            19.938864123082,
            0
          ],
          [
            73.71056302431094,
            19.93952986804623,
            0
          ],
          [
            73.71108600285844,
            19.94038475606852,
            0
          ],
          [
            73.71149804141274,
            19.94086942930316,
            0
          ],
          [
            73.71177415615887,
            19.94118727228567,
            0
          ],
          [
            73.71247482845014,
            19.94058451241071,
            0
          ],
          [
            73.7134890384739,
            19.93972550169195,
            0
          ],
          [
            73.71467714592774,
            19.93902922494954,
            0
          ],
          [
            73.71540076841,
            19.93800386954286,
            0
          ],
          [
            73.71589420857404,
            19.93682326738423,
            0
          ],
          [
            73.71614131724716,
            19.9353711048163,
            0
          ],
          [
            73.71669157580605,
            19.93372538800849,
            0
          ],
          [
            73.71693316304031,
            19.93180233015993,
            0
          ],
          [
            73.71694217586324,
            19.93054458634616,
            0
          ],
          [
            73.71692640365545,
            19.92943796837717,
            0
          ],
          [
            73.71692373038194,
            19.92830021722132,
            0
          ],
          [
            73.71680261788086,
            19.92716178698487,
            0
          ],
          [
            73.71679014672044,
            19.92616082075144,
            0
          ],
          [
            73.71683785777302,
            19.92551809629515,
            0
          ],
          [
            73.71690181372533,
            19.925381969341,
            0
          ]
        ]
      },
      "properties": {
        "name": "Khambale parking to Underpass  Agarahighway",
        "styleUrl": "#msn_ylw-pushpin005",
        "stroke-opacity": 1,
        "stroke": "#0055ff",
        "stroke-width": 4,
        "icon-scale": 1.1,
        "icon-offset": [
          20,
          2
        ],
        "icon-offset-units": [
          "pixels",
          "pixels"
        ],
        "icon": "http://maps.google.com/mapfiles/kml/pushpin/ylw-pushpin.png"
      }
    },
    {
      "type": "Feature",
      "geometry": {
        "type": "LineString",
        "coordinates": [
          [
            73.5918576833496,
            19.95450591015118,
            0
          ],
          [
            73.59178687404538,
            19.95424658328807,
            0
          ],
          [
            73.5911274380806,
            19.95188576561283,
            0
          ],
          [
            73.59049801652667,
            19.95006978594242,
            0
          ],
          [
            73.59008639733692,
            19.94883646886994,
            0
          ],
          [
            73.58986751419374,
            19.948302309355,
            0
          ],
          [
            73.58970472121406,
            19.94716998334578,
            0
          ],
          [
            73.58951731812762,
            19.94687851203985,
            0
          ],
          [
            73.58904613390827,
            19.94693746364075,
            0
          ],
          [
            73.58861246534205,
            19.94696011143249,
            0
          ],
          [
            73.58812388245599,
            19.94690978661927,
            0
          ],
          [
            73.58776885385315,
            19.94653981060356,
            0
          ],
          [
            73.58763606654894,
            19.94619375420098,
            0
          ],
          [
            73.58761419470316,
            19.94585767790493,
            0
          ],
          [
            73.5876650018361,
            19.9454554326096,
            0
          ],
          [
            73.58781765371229,
            19.94518549487646,
            0
          ],
          [
            73.58820720460218,
            19.94483989780783,
            0
          ],
          [
            73.58887434389169,
            19.94454606515222,
            0
          ],
          [
            73.58932528749676,
            19.94431077417932,
            0
          ],
          [
            73.58967518327451,
            19.9440421907271,
            0
          ],
          [
            73.58988141337754,
            19.94359229221307,
            0
          ],
          [
            73.590168589811,
            19.94336507783288,
            0
          ],
          [
            73.59089252341039,
            19.94281772673347,
            0
          ],
          [
            73.59131145444567,
            19.94253335900459,
            0
          ],
          [
            73.59178159656982,
            19.94213591832438,
            0
          ],
          [
            73.59231520573977,
            19.94181681282855,
            0
          ],
          [
            73.59285605416594,
            19.94140022417357,
            0
          ],
          [
            73.59322490585619,
            19.94122789640633,
            0
          ],
          [
            73.59331165757679,
            19.94093577485097,
            0
          ],
          [
            73.59337717791557,
            19.9401092020644,
            0
          ],
          [
            73.5933101296173,
            19.93956976043306,
            0
          ],
          [
            73.59323203089876,
            19.9393221713574,
            0
          ],
          [
            73.5940106283892,
            19.93893534047031,
            0
          ],
          [
            73.59484359444022,
            19.9383588014072,
            0
          ],
          [
            73.59542635518564,
            19.93802739409002,
            0
          ],
          [
            73.59578404720496,
            19.93718794326023,
            0
          ],
          [
            73.59582520343174,
            19.93699293081363,
            0
          ],
          [
            73.59644207407234,
            19.93691767145246,
            0
          ],
          [
            73.59649241066366,
            19.93692725002106,
            0
          ],
          [
            73.59728256424685,
            19.93697009386972,
            0
          ],
          [
            73.59789380810902,
            19.93700134402268,
            0
          ],
          [
            73.59793229938637,
            19.93700058553985,
            0
          ],
          [
            73.5983645330376,
            19.93666230543737,
            0
          ],
          [
            73.59870375040006,
            19.93584663760082,
            0
          ],
          [
            73.59954104381937,
            19.93507262606755,
            0
          ],
          [
            73.59987141673486,
            19.93389152929822,
            0
          ],
          [
            73.60047964771678,
            19.93263974503609,
            0
          ],
          [
            73.60076559218977,
            19.93147909071911,
            0
          ],
          [
            73.60120319357755,
            19.93067199841761,
            0
          ],
          [
            73.60197171022907,
            19.9297351270665,
            0
          ],
          [
            73.60209178180017,
            19.92893680975238,
            0
          ],
          [
            73.60240398758073,
            19.92838215691827,
            0
          ],
          [
            73.6024536428566,
            19.92797831901223,
            0
          ],
          [
            73.60240530899037,
            19.92761918371674,
            0
          ],
          [
            73.60256125865182,
            19.92744058271749,
            0
          ],
          [
            73.60247083908287,
            19.92699088237097,
            0
          ],
          [
            73.6024266693036,
            19.92690980325756,
            0
          ],
          [
            73.60219958186183,
            19.92642296927318,
            0
          ],
          [
            73.60202176271206,
            19.92617526901238,
            0
          ],
          [
            73.6018919489259,
            19.92586185241885,
            0
          ],
          [
            73.60183703030485,
            19.92561528306431,
            0
          ],
          [
            73.60196165451316,
            19.92516942664207,
            0
          ],
          [
            73.60201215750293,
            19.9246189563807,
            0
          ],
          [
            73.6020138853192,
            19.92456508150918,
            0
          ],
          [
            73.60204970395542,
            19.92424750162276,
            0
          ],
          [
            73.6020462717278,
            19.92423019948247,
            0
          ],
          [
            73.60203377232273,
            19.92365912334909,
            0
          ],
          [
            73.60203193818512,
            19.92364688904734,
            0
          ],
          [
            73.6021379453858,
            19.92339982108436,
            0
          ],
          [
            73.60215232847636,
            19.92335033945123,
            0
          ],
          [
            73.6021990636007,
            19.92315729127357,
            0
          ],
          [
            73.60219726161426,
            19.9231458110221,
            0
          ],
          [
            73.60223440012943,
            19.92304467578757,
            0
          ],
          [
            73.6019629588062,
            19.92332064037585,
            0
          ],
          [
            73.60179045755362,
            19.92326857919579,
            0
          ],
          [
            73.60178893509392,
            19.92325716796536,
            0
          ],
          [
            73.60114766906999,
            19.92259567806989,
            0
          ],
          [
            73.60091087744348,
            19.92236923331571,
            0
          ],
          [
            73.60056665525524,
            19.92228767548587,
            0
          ],
          [
            73.60020652300543,
            19.92205244995705,
            0
          ],
          [
            73.60019519803527,
            19.92204203287055,
            0
          ],
          [
            73.60001882986107,
            19.92193459630937,
            0
          ],
          [
            73.60000827278381,
            19.92193434721049,
            0
          ],
          [
            73.59949839242348,
            19.92178850084231,
            0
          ],
          [
            73.59926397257081,
            19.92159592984649,
            0
          ],
          [
            73.59919081322253,
            19.92155144961244,
            0
          ],
          [
            73.59893292380349,
            19.92138697301325,
            0
          ],
          [
            73.59891254401609,
            19.92137664849268,
            0
          ],
          [
            73.59839122984864,
            19.92111599659493,
            0
          ],
          [
            73.5982431221106,
            19.92108210004594,
            0
          ],
          [
            73.59822367361672,
            19.92107126750477,
            0
          ],
          [
            73.5980493062661,
            19.92098601658892,
            0
          ],
          [
            73.59784397232714,
            19.92028683853107,
            0
          ],
          [
            73.59766612893421,
            19.91881537714844,
            0
          ],
          [
            73.59778207651866,
            19.91770602218647,
            0
          ],
          [
            73.59761122516447,
            19.91686941192865,
            0
          ],
          [
            73.59776025930893,
            19.91592990799501,
            0
          ],
          [
            73.59715263475233,
            19.91373509788436,
            0
          ],
          [
            73.59691517892833,
            19.91332957950647,
            0
          ],
          [
            73.5969361744202,
            19.91297084611237,
            0
          ],
          [
            73.59710384115992,
            19.9125409459925,
            0
          ],
          [
            73.59721580745642,
            19.9118498464217,
            0
          ],
          [
            73.59734545785228,
            19.91088005321377,
            0
          ],
          [
            73.59746056464029,
            19.90992528685175,
            0
          ],
          [
            73.59759726645639,
            19.90897474729768,
            0
          ],
          [
            73.59804028982306,
            19.90800460969029,
            0
          ],
          [
            73.59846763895608,
            19.90702623206958,
            0
          ],
          [
            73.59905577790265,
            19.90579258675724,
            0
          ],
          [
            73.599736457952,
            19.9050134912133,
            0
          ],
          [
            73.60067595207781,
            19.90438426304709,
            0
          ],
          [
            73.60133467580884,
            19.90401817761477,
            0
          ],
          [
            73.60280134108736,
            19.90365515984602,
            0
          ],
          [
            73.60406326908385,
            19.90350331073411,
            0
          ],
          [
            73.60556487678643,
            19.90352924353872,
            0
          ],
          [
            73.60713024014902,
            19.90347828374776,
            0
          ],
          [
            73.60832695141674,
            19.90333043922469,
            0
          ],
          [
            73.6097119218962,
            19.90307282893315,
            0
          ],
          [
            73.60999593743334,
            19.90264644240183,
            0
          ],
          [
            73.61043326834496,
            19.90217015947665,
            0
          ],
          [
            73.61078919509252,
            19.90208068191995,
            0
          ],
          [
            73.6113451038284,
            19.9021636151762,
            0
          ],
          [
            73.61259601933558,
            19.90226109928867,
            0
          ],
          [
            73.61389895571396,
            19.9020943544988,
            0
          ],
          [
            73.61508258554076,
            19.90164385869792,
            0
          ],
          [
            73.61742996903666,
            19.90070846802925,
            0
          ],
          [
            73.61941175875037,
            19.89978377003337,
            0
          ],
          [
            73.62104070255936,
            19.89923806459577,
            0
          ],
          [
            73.62159889879888,
            19.89873565586296,
            0
          ],
          [
            73.62364718265488,
            19.89902238643288,
            0
          ],
          [
            73.6245091763845,
            19.89915075639575,
            0
          ],
          [
            73.62617678082974,
            19.89903035235369,
            0
          ],
          [
            73.62845862050575,
            19.8995692519776,
            0
          ],
          [
            73.62940532603318,
            19.89941139901822,
            0
          ],
          [
            73.63097171397776,
            19.89844988540049,
            0
          ],
          [
            73.63292247881664,
            19.89720799244154,
            0
          ],
          [
            73.63493915095708,
            19.8959473194436,
            0
          ],
          [
            73.63621652147472,
            19.89386603132517,
            0
          ],
          [
            73.63844935541985,
            19.89301911552598,
            0
          ],
          [
            73.63964351457467,
            19.89266750400429,
            0
          ],
          [
            73.64040716141459,
            19.89301347072204,
            0
          ],
          [
            73.64073411705876,
            19.89355812235407,
            0
          ],
          [
            73.64094310456395,
            19.89361240917795,
            0
          ],
          [
            73.64230651441522,
            19.89330272012864,
            0
          ],
          [
            73.64296070688695,
            19.89324239059122,
            0
          ],
          [
            73.64397103903801,
            19.89322784349627,
            0
          ],
          [
            73.64428658336882,
            19.89278305746554,
            0
          ],
          [
            73.64466856782336,
            19.89274956768913,
            0
          ],
          [
            73.64491213021314,
            19.89249523728782,
            0
          ],
          [
            73.64535640078184,
            19.89236663986185,
            0
          ],
          [
            73.64555725358649,
            19.89210498065444,
            0
          ],
          [
            73.64580620768848,
            19.89192233607872,
            0
          ],
          [
            73.645896402125,
            19.89155094172915,
            0
          ],
          [
            73.64620534671042,
            19.89134361185774,
            0
          ],
          [
            73.64697829880365,
            19.89109766294503,
            0
          ],
          [
            73.64774154790314,
            19.89089469895628,
            0
          ],
          [
            73.64856675613701,
            19.8904867260394,
            0
          ],
          [
            73.64875767917019,
            19.89036229500307,
            0
          ],
          [
            73.64903569046858,
            19.89045616703672,
            0
          ],
          [
            73.64935367771281,
            19.89047434650819,
            0
          ],
          [
            73.64940059404421,
            19.8904773074837,
            0
          ],
          [
            73.64987798607893,
            19.89046733894637,
            0
          ],
          [
            73.64996724087575,
            19.89064834542105,
            0
          ],
          [
            73.65061884654779,
            19.89086740494469,
            0
          ],
          [
            73.65096047373129,
            19.89109355037615,
            0
          ],
          [
            73.65099618836247,
            19.89113817861934,
            0
          ],
          [
            73.65163961058857,
            19.89124439885201,
            0
          ],
          [
            73.65228681520864,
            19.89114377965603,
            0
          ],
          [
            73.65325213481115,
            19.89089888043463,
            0
          ],
          [
            73.65413856042099,
            19.89055323728026,
            0
          ],
          [
            73.65498523938733,
            19.89055334026743,
            0
          ],
          [
            73.65540277812708,
            19.89069779360553,
            0
          ],
          [
            73.65635011544394,
            19.89106970434986,
            0
          ],
          [
            73.65721179586234,
            19.8907748509533,
            0
          ],
          [
            73.65726048540557,
            19.89076871272385,
            0
          ],
          [
            73.65730918097746,
            19.89076257266512,
            0
          ],
          [
            73.65811939854886,
            19.89057273500316,
            0
          ],
          [
            73.65931147013369,
            19.89040653249806,
            0
          ],
          [
            73.65997756020039,
            19.89045250594398,
            0
          ],
          [
            73.66235610097611,
            19.89053063010483,
            0
          ],
          [
            73.66537527671369,
            19.89154075024129,
            0
          ],
          [
            73.66655644214055,
            19.8918100548898,
            0
          ],
          [
            73.66933855030118,
            19.89316902880864,
            0
          ],
          [
            73.67168542291962,
            19.89414475099506,
            0
          ],
          [
            73.6736497586709,
            19.89413732760456,
            0
          ],
          [
            73.67534934736523,
            19.8941203147139,
            0
          ],
          [
            73.6779089932938,
            19.89401470448481,
            0
          ],
          [
            73.67820836525875,
            19.8933150856208,
            0
          ],
          [
            73.67839204221409,
            19.89288207431385,
            0
          ],
          [
            73.67940957916677,
            19.8929314258821,
            0
          ],
          [
            73.68003919590977,
            19.89240684427697,
            0
          ],
          [
            73.68144732036784,
            19.89259159256205,
            0
          ],
          [
            73.68258382148605,
            19.89247792163284,
            0
          ],
          [
            73.6836953305131,
            19.89226244786895,
            0
          ],
          [
            73.68445797098832,
            19.89193841185188,
            0
          ],
          [
            73.6845531068958,
            19.89189135899145,
            0
          ],
          [
            73.68516999863668,
            19.89135157977171,
            0
          ],
          [
            73.6852743587568,
            19.89135289489131,
            0
          ],
          [
            73.68593599949375,
            19.89138700252127,
            0
          ],
          [
            73.6865827634548,
            19.89193118766145,
            0
          ],
          [
            73.68690748633341,
            19.89256688502944,
            0
          ],
          [
            73.68724988979301,
            19.89269323034464,
            0
          ],
          [
            73.68730468311658,
            19.89266394650592,
            0
          ],
          [
            73.68792155228473,
            19.89238959947727,
            0
          ],
          [
            73.68803194426945,
            19.89202091537826,
            0
          ],
          [
            73.6887937633471,
            19.8920269075554,
            0
          ],
          [
            73.68889396118273,
            19.89201888577722,
            0
          ],
          [
            73.68905407953483,
            19.8920060664611,
            0
          ],
          [
            73.689491999361,
            19.89196958483386,
            0
          ],
          [
            73.68969781997562,
            19.8919746049466,
            0
          ],
          [
            73.69013753614803,
            19.89189368910499,
            0
          ],
          [
            73.69050776879385,
            19.89168812959212,
            0
          ],
          [
            73.69130663301847,
            19.89196076344986,
            0
          ],
          [
            73.69221912173053,
            19.89200438093032,
            0
          ],
          [
            73.6932459950236,
            19.89211070681828,
            0
          ],
          [
            73.69410206436363,
            19.89209379960684,
            0
          ],
          [
            73.69437154080063,
            19.89181119525204,
            0
          ],
          [
            73.69454843917528,
            19.89132354492414,
            0
          ],
          [
            73.6947077199163,
            19.89092557967848,
            0
          ],
          [
            73.6948607200258,
            19.89072016326476,
            0
          ],
          [
            73.69502484098994,
            19.89080284440688,
            0
          ],
          [
            73.6952133189858,
            19.89088603932967,
            0
          ],
          [
            73.69529309499995,
            19.89093892433165,
            0
          ]
        ]
      },
      "properties": {
        "name": "Raigadnagar to ghat VIP IN & Out",
        "styleUrl": "#msn_ylw-pushpin005",
        "stroke-opacity": 1,
        "stroke": "#0055ff",
        "stroke-width": 4,
        "icon-scale": 1.1,
        "icon-offset": [
          20,
          2
        ],
        "icon-offset-units": [
          "pixels",
          "pixels"
        ],
        "icon": "http://maps.google.com/mapfiles/kml/pushpin/ylw-pushpin.png"
      }
    },
    {
      "type": "Feature",
      "geometry": {
        "type": "Polygon",
        "coordinates": [
          [
            [
              73.56354549033227,
              19.951817996784,
              0
            ],
            [
              73.5639051638063,
              19.95113376708144,
              0
            ],
            [
              73.56414509889014,
              19.95076858260752,
              0
            ],
            [
              73.56469695699332,
              19.95096680981001,
              0
            ],
            [
              73.5643343593799,
              19.95200606869196,
              0
            ],
            [
              73.56362797410766,
              19.95183801701275,
              0
            ],
            [
              73.56354549033227,
              19.951817996784,
              0
            ]
          ]
        ]
      },
      "properties": {
        "name": "Tupadevi Bus Stand To outer Parking",
        "styleUrl": "#msn_ylw-pushpin370",
        "fill-opacity": 0.5019607843137255,
        "fill": "#ffff00",
        "stroke-opacity": 1,
        "stroke": "#000000",
        "stroke-width": 3.1,
        "icon-scale": 1.1,
        "icon-offset": [
          20,
          2
        ],
        "icon-offset-units": [
          "pixels",
          "pixels"
        ],
        "icon": "http://maps.google.com/mapfiles/kml/pushpin/ylw-pushpin.png"
      }
    },
    {
      "type": "Feature",
      "geometry": {
        "type": "Polygon",
        "coordinates": [
          [
            [
              73.55421361642524,
              19.92911653612583,
              0
            ],
            [
              73.55416895972373,
              19.92911654379918,
              0
            ],
            [
              73.55364109973866,
              19.9288853335013,
              0
            ],
            [
              73.5537433154035,
              19.92771243619203,
              0
            ],
            [
              73.55395198342165,
              19.92768191576327,
              0
            ],
            [
              73.55412634518547,
              19.92762645352965,
              0
            ],
            [
              73.55423863932937,
              19.92762643551859,
              0
            ],
            [
              73.55430242551338,
              19.92778417776958,
              0
            ],
            [
              73.55428166301712,
              19.92850139407842,
              0
            ],
            [
              73.55421361642524,
              19.92911653612583,
              0
            ]
          ]
        ]
      },
      "properties": {
        "name": "BG Farm Inner Parking",
        "styleUrl": "#msn_ylw-pushpin39",
        "fill-opacity": 0.5019607843137255,
        "fill": "#ffff00",
        "stroke-opacity": 1,
        "stroke": "#000000",
        "stroke-width": 3,
        "icon-scale": 1.1,
        "icon-offset": [
          20,
          2
        ],
        "icon-offset-units": [
          "pixels",
          "pixels"
        ],
        "icon": "http://maps.google.com/mapfiles/kml/pushpin/ylw-pushpin.png"
      }
    },
    {
      "type": "Feature",
      "geometry": {
        "type": "LineString",
        "coordinates": [
          [
            73.55421998488748,
            19.92860542077177,
            0
          ],
          [
            73.55437069800169,
            19.92933543581718,
            0
          ],
          [
            73.55446020261017,
            19.93071304945159,
            0
          ],
          [
            73.55442559171352,
            19.93171544148485,
            0
          ],
          [
            73.55413095433111,
            19.932644536063,
            0
          ],
          [
            73.55389392583696,
            19.93366580660363,
            0
          ],
          [
            73.55385392522913,
            19.93436197975918,
            0
          ],
          [
            73.55362785978195,
            19.93507854905032,
            0
          ],
          [
            73.55342052211556,
            19.93540841621645,
            0
          ],
          [
            73.55336467646293,
            19.93595489978396,
            0
          ],
          [
            73.55346882535336,
            19.93644407532649,
            0
          ],
          [
            73.55346657399865,
            19.93707850732122,
            0
          ],
          [
            73.55353443218691,
            19.93767246252295,
            0
          ],
          [
            73.5535477578874,
            19.93841234409757,
            0
          ],
          [
            73.55319854313576,
            19.93889500759123,
            0
          ],
          [
            73.55281227478035,
            19.93926195744567,
            0
          ],
          [
            73.5524833184676,
            19.93961766302173,
            0
          ],
          [
            73.5523052712213,
            19.9400516529503,
            0
          ],
          [
            73.55215083688495,
            19.94064758089445,
            0
          ],
          [
            73.55194234081783,
            19.94145433572563,
            0
          ],
          [
            73.55160509409494,
            19.94261428643687,
            0
          ],
          [
            73.55154307868146,
            19.94329388591347,
            0
          ],
          [
            73.55133831270614,
            19.94446766678255,
            0
          ],
          [
            73.55110858499467,
            19.94478404668415,
            0
          ],
          [
            73.55041907437202,
            19.94476665830687,
            0
          ],
          [
            73.54937656558609,
            19.94466119104408,
            0
          ],
          [
            73.54816745026646,
            19.94414200671497,
            0
          ],
          [
            73.54627974765019,
            19.94318377758303,
            0
          ],
          [
            73.5455620450669,
            19.94289430187629,
            0
          ],
          [
            73.54454606771425,
            19.94237524149375,
            0
          ],
          [
            73.54304541483101,
            19.941697341796,
            0
          ],
          [
            73.54205888619515,
            19.94125830898613,
            0
          ],
          [
            73.54173624910351,
            19.94197098513562,
            0
          ],
          [
            73.54137285494227,
            19.94259081583541,
            0
          ],
          [
            73.54125365593003,
            19.94316291231177,
            0
          ],
          [
            73.54115242074084,
            19.9436801735786,
            0
          ],
          [
            73.54115956660604,
            19.94396129738369,
            0
          ],
          [
            73.54168249699237,
            19.94415137856523,
            0
          ],
          [
            73.54222033685744,
            19.94440858973244,
            0
          ],
          [
            73.54275333959627,
            19.94467012621107,
            0
          ],
          [
            73.54313636654976,
            19.94503716123799,
            0
          ],
          [
            73.5435864880006,
            19.94537830726844,
            0
          ],
          [
            73.54390498979818,
            19.94565656525235,
            0
          ],
          [
            73.54457574245706,
            19.94585047286436,
            0
          ],
          [
            73.54476271727471,
            19.94585038684301,
            0
          ],
          [
            73.5448483757788,
            19.94555116725695,
            0
          ],
          [
            73.54497175556472,
            19.94475183494671,
            0
          ],
          [
            73.54517420076962,
            19.944278010136,
            0
          ],
          [
            73.54538290089471,
            19.94375588052453,
            0
          ],
          [
            73.54554923143175,
            19.94341743330001,
            0
          ],
          [
            73.54567599822974,
            19.94320592999289,
            0
          ],
          [
            73.54608962731866,
            19.94329601316053,
            0
          ],
          [
            73.54637681743294,
            19.94346278334154,
            0
          ],
          [
            73.54682191083921,
            19.94373972423691,
            0
          ],
          [
            73.54758110952936,
            19.94410099571661,
            0
          ],
          [
            73.54824471320359,
            19.94443843448069,
            0
          ],
          [
            73.54878302655091,
            19.94466749024507,
            0
          ],
          [
            73.54938516180425,
            19.94489991578058,
            0
          ],
          [
            73.55003574385215,
            19.94503415829733,
            0
          ],
          [
            73.55065897691196,
            19.94506771104414,
            0
          ],
          [
            73.55109413474703,
            19.94506753553259,
            0
          ],
          [
            73.55150512598865,
            19.94478748128944,
            0
          ],
          [
            73.55159021712754,
            19.94433694716634,
            0
          ],
          [
            73.55169050404963,
            19.94399795615295,
            0
          ],
          [
            73.55183634571287,
            19.94303375403752,
            0
          ],
          [
            73.5519895236472,
            19.94229935494166,
            0
          ],
          [
            73.55220420172544,
            19.94142444908331,
            0
          ],
          [
            73.55244979136897,
            19.94060420676741,
            0
          ],
          [
            73.55264065634461,
            19.94009541158681,
            0
          ],
          [
            73.55290238164729,
            19.93970515532029,
            0
          ],
          [
            73.55321658351711,
            19.93936394597537,
            0
          ],
          [
            73.5535268868949,
            19.93886203988345,
            0
          ],
          [
            73.55377378802594,
            19.93829096030672,
            0
          ],
          [
            73.5537737736679,
            19.93761769223177,
            0
          ],
          [
            73.55364723916232,
            19.9367775020028,
            0
          ],
          [
            73.5537381631213,
            19.93613280886992,
            0
          ],
          [
            73.5537385183748,
            19.93572011272636,
            0
          ],
          [
            73.55391284846988,
            19.93522887608709,
            0
          ],
          [
            73.55408186743553,
            19.93461479441054,
            0
          ],
          [
            73.55409412380205,
            19.93403589980625,
            0
          ],
          [
            73.55436850610855,
            19.93318954969526,
            0
          ],
          [
            73.55452904009476,
            19.93207520889707,
            0
          ],
          [
            73.55481443073211,
            19.93099364819221,
            0
          ],
          [
            73.5546923618499,
            19.92976783515381,
            0
          ],
          [
            73.55470994380823,
            19.92972881401349,
            0
          ],
          [
            73.55465165221324,
            19.92873944051188,
            0
          ],
          [
            73.55451776238215,
            19.92831666375476,
            0
          ],
          [
            73.55422910981777,
            19.92800985268356,
            0
          ]
        ]
      },
      "properties": {
        "name": "BG Farm to Ghat Return",
        "styleUrl": "#LineStyle003003",
        "fill-opacity": 0,
        "fill": "#000000",
        "stroke-opacity": 1,
        "stroke": "#ff00ff",
        "stroke-width": 5,
        "label-opacity": 0,
        "label-color": "#000000",
        "label-scale": 0
      }
    },
    {
      "type": "Feature",
      "geometry": {
        "type": "Polygon",
        "coordinates": [
          [
            [
              73.54085184078224,
              19.93304552147795,
              0
            ],
            [
              73.54074473096114,
              19.9321486414085,
              0
            ],
            [
              73.54232328385419,
              19.93185389159315,
              0
            ],
            [
              73.54243286116315,
              19.93305777151392,
              0
            ],
            [
              73.54242366659938,
              19.93321871439088,
              0
            ],
            [
              73.54203442462872,
              19.9331668871912,
              0
            ],
            [
              73.54113663884638,
              19.93323867257532,
              0
            ],
            [
              73.54085184078224,
              19.93304552147795,
              0
            ]
          ]
        ]
      },
      "properties": {
        "name": "Helipad",
        "styleUrl": "#msn_ylw-pushpin430",
        "fill-opacity": 0.5019607843137255,
        "fill": "#ff0000",
        "stroke-opacity": 1,
        "stroke": "#000000",
        "stroke-width": 3,
        "icon-scale": 1.1,
        "icon-offset": [
          20,
          2
        ],
        "icon-offset-units": [
          "pixels",
          "pixels"
        ],
        "icon": "http://maps.google.com/mapfiles/kml/pushpin/ylw-pushpin.png"
      }
    },
    {
      "type": "Feature",
      "geometry": {
        "type": "LineString",
        "coordinates": [
          [
            73.51168547378099,
            19.95848416410973,
            0
          ],
          [
            73.5119803696767,
            19.95855488838823,
            0
          ],
          [
            73.51263491697236,
            19.95850092014033,
            0
          ],
          [
            73.5135173326977,
            19.9583133665453,
            0
          ],
          [
            73.51444617040383,
            19.95823320508413,
            0
          ],
          [
            73.51578732596758,
            19.95794200335227,
            0
          ],
          [
            73.51700077471332,
            19.95765399708159,
            0
          ],
          [
            73.51795571826977,
            19.95734345403777,
            0
          ],
          [
            73.5189975454998,
            19.95690978765222,
            0
          ],
          [
            73.5196749810358,
            19.95635924092835,
            0
          ],
          [
            73.52000693336181,
            19.95589308158434,
            0
          ],
          [
            73.52038904476318,
            19.95565103519866,
            0
          ],
          [
            73.52080771990687,
            19.95550685028607,
            0
          ],
          [
            73.521245693973,
            19.95536347287308,
            0
          ],
          [
            73.52168508099459,
            19.95498524254089,
            0
          ],
          [
            73.52231085169159,
            19.95440542635655,
            0
          ],
          [
            73.5229214536816,
            19.9537270546552,
            0
          ],
          [
            73.52377710603946,
            19.95278632975738,
            0
          ],
          [
            73.52426379461374,
            19.95204685427048,
            0
          ],
          [
            73.52479459947321,
            19.95130954711912,
            0
          ],
          [
            73.52536318989945,
            19.95051673119173,
            0
          ],
          [
            73.52598118016502,
            19.94963762065753,
            0
          ],
          [
            73.52672844016182,
            19.94861177701564,
            0
          ],
          [
            73.52713882277529,
            19.94811502697339,
            0
          ],
          [
            73.52750985416512,
            19.94793075234508,
            0
          ],
          [
            73.52788966017634,
            19.94843334476668,
            0
          ],
          [
            73.52865450356579,
            19.94889097121815,
            0
          ],
          [
            73.53022678494682,
            19.94980190249153,
            0
          ],
          [
            73.53074691331989,
            19.95002731184861,
            0
          ],
          [
            73.531240562277,
            19.95005544528099,
            0
          ],
          [
            73.53144458871078,
            19.94957762791693,
            0
          ],
          [
            73.5319238523406,
            19.9491078790732,
            0
          ],
          [
            73.5321092123594,
            19.94878116138172,
            0
          ],
          [
            73.53314422586325,
            19.94840460668384,
            0
          ],
          [
            73.53421374867189,
            19.94792819647282,
            0
          ],
          [
            73.53487617991121,
            19.947745111949,
            0
          ],
          [
            73.53571493195497,
            19.94746001053342,
            0
          ],
          [
            73.53685835732291,
            19.94717785280634,
            0
          ],
          [
            73.53823701848718,
            19.94694908352519,
            0
          ],
          [
            73.53907688075226,
            19.94682282668708,
            0
          ],
          [
            73.54013058725194,
            19.94664713074984,
            0
          ],
          [
            73.54052975654515,
            19.94664700232985,
            0
          ],
          [
            73.54054430102806,
            19.94559517943539,
            0
          ],
          [
            73.5406544686608,
            19.94470043979359,
            0
          ],
          [
            73.54020421235417,
            19.94467746098056,
            0
          ],
          [
            73.53982746542256,
            19.94477019076413,
            0
          ],
          [
            73.53930969476143,
            19.94470086489298,
            0
          ],
          [
            73.53885663483713,
            19.94426533972134,
            0
          ],
          [
            73.53830320688867,
            19.94377043850779,
            0
          ],
          [
            73.5380777662349,
            19.9434166156532,
            0
          ],
          [
            73.53815308939895,
            19.94280939718194,
            0
          ],
          [
            73.53828953519137,
            19.942258917983,
            0
          ],
          [
            73.53851464755802,
            19.94192632980291,
            0
          ],
          [
            73.53863772135449,
            19.94161874776345,
            0
          ],
          [
            73.53848447133126,
            19.94068055069062,
            0
          ],
          [
            73.53861247873853,
            19.94019655917349,
            0
          ],
          [
            73.53872570677788,
            19.93983547345371,
            0
          ],
          [
            73.53824839867953,
            19.93955459210745,
            0
          ],
          [
            73.53769936216997,
            19.93924045649362,
            0
          ],
          [
            73.53753024424552,
            19.9387862138686,
            0
          ],
          [
            73.53738377740252,
            19.93835875965045,
            0
          ],
          [
            73.53660719426172,
            19.93763045295277,
            0
          ],
          [
            73.53629410828205,
            19.9374775754696,
            0
          ],
          [
            73.53241640239064,
            19.94205237944265,
            0
          ],
          [
            73.53004486848369,
            19.94488970692235,
            0
          ],
          [
            73.52794590905448,
            19.9470033486891,
            0
          ],
          [
            73.52747483220301,
            19.94743733535455,
            0
          ],
          [
            73.52651779150082,
            19.94840720962151,
            0
          ],
          [
            73.52567016139642,
            19.94947656027944,
            0
          ],
          [
            73.52480019938261,
            19.95056423581658,
            0
          ],
          [
            73.5241754354904,
            19.95148013577304,
            0
          ],
          [
            73.52358621363908,
            19.95224752922279,
            0
          ],
          [
            73.52293644699613,
            19.95318165591763,
            0
          ],
          [
            73.52215280894224,
            19.95393013367238,
            0
          ],
          [
            73.5216845780781,
            19.95439988937922,
            0
          ],
          [
            73.52118718617447,
            19.95480220186564,
            0
          ],
          [
            73.52060098977056,
            19.95495479257151,
            0
          ],
          [
            73.52016309046608,
            19.95523668453783,
            0
          ],
          [
            73.51971509536233,
            19.95562595461757,
            0
          ],
          [
            73.51936863856898,
            19.9561272841011,
            0
          ],
          [
            73.51893541304234,
            19.95644887909039,
            0
          ],
          [
            73.51824618230738,
            19.95671993519862,
            0
          ],
          [
            73.51712565221912,
            19.95704891586972,
            0
          ],
          [
            73.5150311205739,
            19.95755009113732,
            0
          ],
          [
            73.51384380852735,
            19.957775902492,
            0
          ],
          [
            73.51297923861034,
            19.95786121410639,
            0
          ],
          [
            73.51221465532983,
            19.9580322852293,
            0
          ],
          [
            73.51137963834903,
            19.95817573277949,
            0
          ]
        ]
      },
      "properties": {
        "name": "Sapgaon To ghat Return",
        "styleUrl": "#LineStyle003001",
        "fill-opacity": 0,
        "fill": "#000000",
        "stroke-opacity": 1,
        "stroke": "#aaaaff",
        "stroke-width": 5,
        "label-opacity": 0,
        "label-color": "#000000",
        "label-scale": 0
      }
    },
    {
      "type": "Feature",
      "geometry": {
        "type": "Polygon",
        "coordinates": [
          [
            [
              73.55651885626456,
              19.97088622156577,
              0
            ],
            [
              73.55625811447831,
              19.97100622817521,
              0
            ],
            [
              73.5558939324781,
              19.97091330376834,
              0
            ],
            [
              73.5558948555227,
              19.97088802045531,
              0
            ],
            [
              73.55589603250277,
              19.97085578150246,
              0
            ],
            [
              73.5561099212333,
              19.97008623600557,
              0
            ],
            [
              73.55624745250138,
              19.96981461542453,
              0
            ],
            [
              73.55625002041945,
              19.96981204812873,
              0
            ],
            [
              73.55630236636189,
              19.96971853461876,
              0
            ],
            [
              73.55647610730077,
              19.9697919518735,
              0
            ],
            [
              73.55660648917838,
              19.96982815409087,
              0
            ],
            [
              73.55672056652452,
              19.96987002096784,
              0
            ],
            [
              73.55673163962703,
              19.96987529059264,
              0
            ],
            [
              73.55675020016622,
              19.96995519543372,
              0
            ],
            [
              73.55651885626456,
              19.97088622156577,
              0
            ]
          ]
        ]
      },
      "properties": {
        "name": "Talwade Inner Parking 1",
        "styleUrl": "#msn_ylw-pushpin370",
        "fill-opacity": 0.5019607843137255,
        "fill": "#ffff00",
        "stroke-opacity": 1,
        "stroke": "#000000",
        "stroke-width": 3.1,
        "icon-scale": 1.1,
        "icon-offset": [
          20,
          2
        ],
        "icon-offset-units": [
          "pixels",
          "pixels"
        ],
        "icon": "http://maps.google.com/mapfiles/kml/pushpin/ylw-pushpin.png"
      }
    },
    {
      "type": "Feature",
      "geometry": {
        "type": "Polygon",
        "coordinates": [
          [
            [
              73.55682163276668,
              19.9700046587289,
              0
            ],
            [
              73.55745759255424,
              19.97004163106122,
              0
            ],
            [
              73.55748554179152,
              19.97035702730185,
              0
            ],
            [
              73.55747833466224,
              19.97062266156158,
              0
            ],
            [
              73.5573158058605,
              19.97062982724369,
              0
            ],
            [
              73.55712119866915,
              19.97062922174084,
              0
            ],
            [
              73.55702895346434,
              19.97062126676804,
              0
            ],
            [
              73.5568239540435,
              19.97063982783729,
              0
            ],
            [
              73.55670144743506,
              19.97065487541832,
              0
            ],
            [
              73.55666787378468,
              19.97067415015449,
              0
            ],
            [
              73.55677165668565,
              19.97034083429252,
              0
            ],
            [
              73.55676654807097,
              19.97032670596878,
              0
            ],
            [
              73.55676146041463,
              19.97031263565842,
              0
            ],
            [
              73.55675943441351,
              19.97029863134967,
              0
            ],
            [
              73.55676501231449,
              19.97030563902475,
              0
            ],
            [
              73.55676705184317,
              19.97031967208701,
              0
            ],
            [
              73.55676579047488,
              19.97033728384377,
              0
            ],
            [
              73.55676477670802,
              19.97035143847453,
              0
            ],
            [
              73.55682163276668,
              19.9700046587289,
              0
            ]
          ]
        ]
      },
      "properties": {
        "name": "Talwade Inner Parking 2",
        "styleUrl": "#msn_ylw-pushpin370",
        "fill-opacity": 0.5019607843137255,
        "fill": "#ffff00",
        "stroke-opacity": 1,
        "stroke": "#000000",
        "stroke-width": 3.1,
        "icon-scale": 1.1,
        "icon-offset": [
          20,
          2
        ],
        "icon-offset-units": [
          "pixels",
          "pixels"
        ],
        "icon": "http://maps.google.com/mapfiles/kml/pushpin/ylw-pushpin.png"
      }
    },
    {
      "type": "Feature",
      "geometry": {
        "type": "LineString",
        "coordinates": [
          [
            73.55700077817178,
            19.97008766342222,
            0
          ],
          [
            73.55701629632362,
            19.96996057896319,
            0
          ],
          [
            73.55679294052258,
            19.96983557339288,
            0
          ],
          [
            73.5565213573231,
            19.96974832488132,
            0
          ],
          [
            73.55640569765461,
            19.96970932119767,
            0
          ],
          [
            73.55641727184359,
            19.96959862913666,
            0
          ],
          [
            73.55640859876317,
            19.96942207081724,
            0
          ],
          [
            73.5563408176078,
            19.96923895293894,
            0
          ],
          [
            73.5562718348454,
            19.96907930591462,
            0
          ],
          [
            73.55621574217321,
            19.96890344285977,
            0
          ],
          [
            73.55618560753393,
            19.96875907090602,
            0
          ],
          [
            73.55617940826116,
            19.96864260347351,
            0
          ],
          [
            73.55620047606251,
            19.96851554452574,
            0
          ],
          [
            73.55618673310528,
            19.96836517369355,
            0
          ],
          [
            73.55617854200362,
            19.96816884859546,
            0
          ],
          [
            73.55615961993266,
            19.96800362372085,
            0
          ],
          [
            73.55616190417139,
            19.96789297472525,
            0
          ],
          [
            73.55611239361332,
            19.96768530577256,
            0
          ],
          [
            73.5560963532987,
            19.96750564008546,
            0
          ],
          [
            73.55609803751689,
            19.96725195867408,
            0
          ],
          [
            73.55605932384196,
            19.96714075876755,
            0
          ],
          [
            73.55601488961514,
            19.96696293876726,
            0
          ],
          [
            73.55599174760897,
            19.96682894892031,
            0
          ],
          [
            73.55596153441442,
            19.96668095950507,
            0
          ],
          [
            73.55595525189173,
            19.96653876168162,
            0
          ],
          [
            73.55594883120143,
            19.96643245741057,
            0
          ],
          [
            73.55594809489176,
            19.96637388002127,
            0
          ],
          [
            73.55593209832382,
            19.96609756781201,
            0
          ],
          [
            73.55593844260831,
            19.96591796912677,
            0
          ],
          [
            73.55595799329303,
            19.96581948742502,
            0
          ],
          [
            73.55596270884102,
            19.96568763271685,
            0
          ],
          [
            73.55596871781958,
            19.96554796507377,
            0
          ],
          [
            73.55596853693663,
            19.96543064033354,
            0
          ],
          [
            73.55594502667473,
            19.96530148780781,
            0
          ],
          [
            73.55593193775917,
            19.9652119863972,
            0
          ],
          [
            73.5559108905378,
            19.96508815631031,
            0
          ],
          [
            73.55587063708526,
            19.96496165365956,
            0
          ],
          [
            73.55580750805204,
            19.96491047336469,
            0
          ],
          [
            73.55569726673822,
            19.96488506868513,
            0
          ],
          [
            73.55557333421591,
            19.96487231246608,
            0
          ],
          [
            73.55548924936382,
            19.96484237098678,
            0
          ],
          [
            73.55543102239558,
            19.96473104989066,
            0
          ],
          [
            73.55542097458542,
            19.96463563108131,
            0
          ],
          [
            73.5554279187982,
            19.96452815097292,
            0
          ],
          [
            73.55542947652678,
            19.96434987553769,
            0
          ],
          [
            73.55543021912965,
            19.96419233021113,
            0
          ],
          [
            73.55545688350853,
            19.96408827358181,
            0
          ],
          [
            73.55550457182622,
            19.96400091333915,
            0
          ],
          [
            73.55554515563122,
            19.96395696955692,
            0
          ],
          [
            73.55557533424358,
            19.96383684239257,
            0
          ],
          [
            73.5556256473701,
            19.9636290870177,
            0
          ],
          [
            73.5556304604891,
            19.96356655625736,
            0
          ],
          [
            73.5550713822188,
            19.96345560599307,
            0
          ],
          [
            73.5549924979917,
            19.96336593636448,
            0
          ],
          [
            73.55484830945844,
            19.96336972869909,
            0
          ],
          [
            73.55472738171865,
            19.96319638747685,
            0
          ],
          [
            73.55467447709519,
            19.96303471602756,
            0
          ],
          [
            73.55462056022482,
            19.96298099901583,
            0
          ],
          [
            73.5538392254875,
            19.96269791903485,
            0
          ],
          [
            73.55378324719555,
            19.96256135384195,
            0
          ],
          [
            73.55373524640719,
            19.96225628447513,
            0
          ],
          [
            73.5536409870446,
            19.96197309848683,
            0
          ],
          [
            73.55354596222442,
            19.96164575511525,
            0
          ],
          [
            73.5534377911882,
            19.9612677164849,
            0
          ],
          [
            73.55336393660859,
            19.96090021438446,
            0
          ],
          [
            73.55328551532253,
            19.96057551081804,
            0
          ],
          [
            73.55321708645253,
            19.96027970599654,
            0
          ],
          [
            73.55311364928906,
            19.9599887707363,
            0
          ],
          [
            73.55305276643577,
            19.95984436245381,
            0
          ],
          [
            73.55300955787713,
            19.95964388808892,
            0
          ],
          [
            73.5529452916852,
            19.95937206290097,
            0
          ],
          [
            73.55289731091099,
            19.95920511789026,
            0
          ],
          [
            73.55282943964589,
            19.95909266831322,
            0
          ],
          [
            73.55273006222485,
            19.95898818914528,
            0
          ],
          [
            73.55266743869899,
            19.95881259586257,
            0
          ],
          [
            73.55263819230169,
            19.95867254975873,
            0
          ],
          [
            73.55259893787287,
            19.95857448632353,
            0
          ],
          [
            73.55252686186125,
            19.958443423928,
            0
          ],
          [
            73.5524927130453,
            19.95833975961631,
            0
          ],
          [
            73.55245373926931,
            19.95820839810271,
            0
          ],
          [
            73.55242864297934,
            19.95803900454199,
            0
          ],
          [
            73.55238870476622,
            19.95788241968793,
            0
          ],
          [
            73.55233754101306,
            19.95759572564391,
            0
          ],
          [
            73.55229945840713,
            19.95735912764096,
            0
          ],
          [
            73.55228595199081,
            19.95721196545634,
            0
          ],
          [
            73.552279343746,
            19.95707100635044,
            0
          ],
          [
            73.55234389625716,
            19.95641713207485,
            0
          ],
          [
            73.55233584512312,
            19.9559319266541,
            0
          ],
          [
            73.55219975427487,
            19.95558357060289,
            0
          ],
          [
            73.55217495688032,
            19.95523946222026,
            0
          ],
          [
            73.55218282805833,
            19.9551550550588,
            0
          ],
          [
            73.55207185431618,
            19.95497464886088,
            0
          ],
          [
            73.5520368095405,
            19.95480444048529,
            0
          ],
          [
            73.55197392104392,
            19.95456858847839,
            0
          ],
          [
            73.55192096536597,
            19.95438793631144,
            0
          ],
          [
            73.55191889708334,
            19.95424701226728,
            0
          ],
          [
            73.5519554473593,
            19.95404345763581,
            0
          ],
          [
            73.55197349723397,
            19.95391879953938,
            0
          ],
          [
            73.55193665418572,
            19.95374770949871,
            0
          ],
          [
            73.55191799299068,
            19.95341587873606,
            0
          ],
          [
            73.55191018141487,
            19.95316383567425,
            0
          ],
          [
            73.55190623878535,
            19.95292413455166,
            0
          ],
          [
            73.55188582865878,
            19.95269922971423,
            0
          ],
          [
            73.55187529428107,
            19.9524750219181,
            0
          ],
          [
            73.55185585333864,
            19.95226439190161,
            0
          ],
          [
            73.55178704308244,
            19.95199850613762,
            0
          ],
          [
            73.55164268517811,
            19.95191512360089,
            0
          ],
          [
            73.55152197760033,
            19.95177862480087,
            0
          ],
          [
            73.55138109165608,
            19.95159727353913,
            0
          ],
          [
            73.5513287548405,
            19.95134952329571,
            0
          ],
          [
            73.55130302339609,
            19.95112533544872,
            0
          ],
          [
            73.55131864985047,
            19.95096092628633,
            0
          ],
          [
            73.55139111608365,
            19.95073576382249,
            0
          ],
          [
            73.55147029893901,
            19.95051825593636,
            0
          ],
          [
            73.55152635913929,
            19.95027359053379,
            0
          ],
          [
            73.55152321106628,
            19.95004229426736,
            0
          ],
          [
            73.55142992501816,
            19.94963937400535,
            0
          ],
          [
            73.55134898843664,
            19.94923312065431,
            0
          ],
          [
            73.55130770089573,
            19.94885969815861,
            0
          ],
          [
            73.55121289124287,
            19.94872962330542,
            0
          ],
          [
            73.55091108165534,
            19.9487710049922,
            0
          ],
          [
            73.55050781277963,
            19.94883156594494,
            0
          ],
          [
            73.5497419583686,
            19.9485703550339,
            0
          ],
          [
            73.54905808329679,
            19.94825245384386,
            0
          ],
          [
            73.54839559406686,
            19.94768985077175,
            0
          ],
          [
            73.54792443723309,
            19.94728453681583,
            0
          ],
          [
            73.54788019165173,
            19.94685943138913,
            0
          ],
          [
            73.54717781191862,
            19.94662116097854,
            0
          ],
          [
            73.54668394041109,
            19.94634481654859,
            0
          ],
          [
            73.54631454214328,
            19.9459376371568,
            0
          ],
          [
            73.5460705733486,
            19.94571035958189,
            0
          ],
          [
            73.54554708260954,
            19.94580271588489,
            0
          ],
          [
            73.54529455628368,
            19.94603024752109,
            0
          ]
        ]
      },
      "properties": {
        "name": "Talwade to Ghar In Route",
        "styleUrl": "#msn_ylw-pushpin38",
        "stroke-opacity": 1,
        "stroke": "#0000ff",
        "stroke-width": 4.5,
        "icon-scale": 1.1,
        "icon-offset": [
          20,
          2
        ],
        "icon-offset-units": [
          "pixels",
          "pixels"
        ],
        "icon": "http://maps.google.com/mapfiles/kml/pushpin/ylw-pushpin.png"
      }
    },
    {
      "type": "Feature",
      "geometry": {
        "type": "LineString",
        "coordinates": [
          [
            73.54518766294616,
            19.94613212651431,
            0
          ],
          [
            73.54511610846343,
            19.94650130209337,
            0
          ],
          [
            73.54503564773508,
            19.94701163692926,
            0
          ],
          [
            73.54494277259134,
            19.94742329585451,
            0
          ],
          [
            73.54487668303989,
            19.94776414618153,
            0
          ],
          [
            73.54485773781276,
            19.94804094282327,
            0
          ],
          [
            73.54488278720065,
            19.94854234482161,
            0
          ],
          [
            73.54499605864117,
            19.94899603111338,
            0
          ],
          [
            73.5450618948266,
            19.94931152948645,
            0
          ],
          [
            73.54550931908283,
            19.94931273162511,
            0
          ],
          [
            73.54709270234949,
            19.9492782993396,
            0
          ],
          [
            73.54812351411032,
            19.94924245349944,
            0
          ],
          [
            73.54921601583816,
            19.94912999706656,
            0
          ],
          [
            73.55027696201884,
            19.94899163817416,
            0
          ],
          [
            73.5503586671334,
            19.9489797031198,
            0
          ],
          [
            73.55060905176947,
            19.9489462580047,
            0
          ],
          [
            73.55084253327439,
            19.94889374822433,
            0
          ],
          [
            73.55108293349635,
            19.94884656897699,
            0
          ],
          [
            73.55122336465136,
            19.94890915287314,
            0
          ],
          [
            73.55123853735242,
            19.94904599492397,
            0
          ],
          [
            73.55123384039024,
            19.94917143050915,
            0
          ],
          [
            73.5513000512974,
            19.9494110099353,
            0
          ],
          [
            73.55133608058183,
            19.94959559502955,
            0
          ],
          [
            73.55136760938434,
            19.94974701584873,
            0
          ],
          [
            73.55139921288523,
            19.94989706611005,
            0
          ],
          [
            73.55142312449743,
            19.95009372885307,
            0
          ],
          [
            73.55141048543166,
            19.95024749599045,
            0
          ],
          [
            73.55137865213688,
            19.95037998256482,
            0
          ],
          [
            73.55135368650373,
            19.9504961086431,
            0
          ],
          [
            73.55130971850656,
            19.95056230819881,
            0
          ],
          [
            73.55122161344512,
            19.9508972660433,
            0
          ],
          [
            73.55119008940068,
            19.95110552623647,
            0
          ],
          [
            73.55122025290059,
            19.95137041657418,
            0
          ],
          [
            73.55126865929368,
            19.95164093347912,
            0
          ],
          [
            73.55131133994097,
            19.95180766545349,
            0
          ],
          [
            73.55141503734376,
            19.95191695949695,
            0
          ],
          [
            73.55157789270598,
            19.95200743120504,
            0
          ],
          [
            73.55170646968499,
            19.95212669964549,
            0
          ],
          [
            73.55176300559776,
            19.95225416754566,
            0
          ],
          [
            73.55179631765243,
            19.95240777183214,
            0
          ],
          [
            73.55180232519157,
            19.95262561283835,
            0
          ],
          [
            73.55180858493294,
            19.95285258411483,
            0
          ],
          [
            73.55181137509288,
            19.95305987725418,
            0
          ],
          [
            73.5518380272332,
            19.95340313665984,
            0
          ],
          [
            73.55184351240264,
            19.95372616905483,
            0
          ],
          [
            73.55184800782611,
            19.95392407481206,
            0
          ],
          [
            73.55182569182061,
            19.95410662196593,
            0
          ],
          [
            73.55182777365926,
            19.95426672594784,
            0
          ],
          [
            73.55185749022168,
            19.95447841572011,
            0
          ],
          [
            73.55192670926144,
            19.9547265100476,
            0
          ],
          [
            73.5519605814614,
            19.95489136108614,
            0
          ],
          [
            73.55206094429023,
            19.95514310870536,
            0
          ],
          [
            73.55210029804539,
            19.95521392860861,
            0
          ],
          [
            73.55209535374864,
            19.95531355472382,
            0
          ],
          [
            73.55209506035621,
            19.9554503297185,
            0
          ],
          [
            73.55213024306693,
            19.95557173590798,
            0
          ],
          [
            73.55218366595005,
            19.95572529513417,
            0
          ],
          [
            73.55225358201389,
            19.95593570880197,
            0
          ],
          [
            73.55228541045037,
            19.95618332837255,
            0
          ],
          [
            73.55228014274594,
            19.95635905448546,
            0
          ],
          [
            73.55226420179741,
            19.95650245960424,
            0
          ],
          [
            73.55224481542899,
            19.95669038481264,
            0
          ],
          [
            73.55220733299487,
            19.95691721407449,
            0
          ],
          [
            73.5521962408264,
            19.95714921651508,
            0
          ],
          [
            73.55223500224768,
            19.95731836420387,
            0
          ],
          [
            73.5522765399658,
            19.95762074613488,
            0
          ],
          [
            73.55233393060789,
            19.95786616829255,
            0
          ],
          [
            73.55238798939867,
            19.95816229755692,
            0
          ],
          [
            73.55245279436942,
            19.95837544455565,
            0
          ],
          [
            73.5525508560552,
            19.9586442514504,
            0
          ],
          [
            73.55262752591777,
            19.95887987652736,
            0
          ],
          [
            73.55272080763629,
            19.95911012147086,
            0
          ],
          [
            73.55282831574536,
            19.95924658104648,
            0
          ],
          [
            73.55289178999578,
            19.95945776562983,
            0
          ],
          [
            73.5529672178161,
            19.95977173418887,
            0
          ],
          [
            73.55307987264318,
            19.96006527522436,
            0
          ],
          [
            73.5531912890081,
            19.96036587327708,
            0
          ],
          [
            73.55323425761418,
            19.96065361502868,
            0
          ],
          [
            73.55331268817324,
            19.96101622031825,
            0
          ],
          [
            73.55341402785109,
            19.96146455869187,
            0
          ],
          [
            73.55353348772952,
            19.96185712975718,
            0
          ],
          [
            73.5536217887799,
            19.96212584001937,
            0
          ],
          [
            73.55367724053323,
            19.96242333837775,
            0
          ],
          [
            73.55370888410854,
            19.96261151691045,
            0
          ],
          [
            73.5537623691123,
            19.96272729210022,
            0
          ],
          [
            73.55385974589227,
            19.96279354405902,
            0
          ],
          [
            73.55460994576401,
            19.96306898794458,
            0
          ],
          [
            73.55474035006205,
            19.96334830165753,
            0
          ],
          [
            73.55486074539704,
            19.96342356238116,
            0
          ],
          [
            73.55494220065712,
            19.9634399985293,
            0
          ],
          [
            73.5550019927774,
            19.96346728545536,
            0
          ],
          [
            73.55507463374256,
            19.96351666512426,
            0
          ],
          [
            73.55520522536976,
            19.96353905996196,
            0
          ],
          [
            73.55539035864639,
            19.96357280311431,
            0
          ],
          [
            73.55547215716936,
            19.96360645208194,
            0
          ],
          [
            73.55555280860703,
            19.96360969448098,
            0
          ],
          [
            73.55556168013662,
            19.9636799250121,
            0
          ],
          [
            73.55553508987559,
            19.9637875634413,
            0
          ],
          [
            73.55553318326308,
            19.963792676172,
            0
          ],
          [
            73.55548544541793,
            19.96391034313541,
            0
          ],
          [
            73.55542898695428,
            19.9640193314571,
            0
          ],
          [
            73.55539596469215,
            19.96412124453049,
            0
          ],
          [
            73.55539561292068,
            19.96424204041294,
            0
          ],
          [
            73.55538157935266,
            19.9643711924959,
            0
          ],
          [
            73.55538209066816,
            19.96437748947919,
            0
          ],
          [
            73.55538694753969,
            19.96440281955737,
            0
          ],
          [
            73.55538720729099,
            19.96440600004989,
            0
          ],
          [
            73.5553825208308,
            19.96459640421896,
            0
          ],
          [
            73.55539802339018,
            19.96475634611117,
            0
          ],
          [
            73.55541867979349,
            19.96486524785966,
            0
          ],
          [
            73.55547190225839,
            19.96492126433016,
            0
          ],
          [
            73.55559413402938,
            19.96494645153177,
            0
          ],
          [
            73.55571833482898,
            19.96495799620198,
            0
          ],
          [
            73.55583589427272,
            19.96501809300043,
            0
          ],
          [
            73.55584810576184,
            19.96515371144955,
            0
          ],
          [
            73.55589336350056,
            19.9653183240078,
            0
          ],
          [
            73.55591292306174,
            19.96546219233874,
            0
          ],
          [
            73.55590674100611,
            19.96557119272815,
            0
          ],
          [
            73.55589892077332,
            19.9657057840407,
            0
          ],
          [
            73.55588007565298,
            19.9658690504005,
            0
          ],
          [
            73.55586065441992,
            19.96597712835557,
            0
          ],
          [
            73.55586126237468,
            19.96619238664531,
            0
          ],
          [
            73.55587537733757,
            19.96638153252731,
            0
          ],
          [
            73.5558990466566,
            19.96658369546602,
            0
          ],
          [
            73.55592193211857,
            19.96676837290114,
            0
          ],
          [
            73.5559202998651,
            19.96686826738878,
            0
          ],
          [
            73.55597651129145,
            19.96707343017057,
            0
          ],
          [
            73.55602291801915,
            19.96723816244275,
            0
          ],
          [
            73.55602144827117,
            19.96740195206959,
            0
          ],
          [
            73.55602509579347,
            19.96753058729634,
            0
          ],
          [
            73.55606279162615,
            19.96773119282492,
            0
          ],
          [
            73.55606875684629,
            19.96796264755313,
            0
          ],
          [
            73.55609563247461,
            19.96821368795799,
            0
          ],
          [
            73.55610528399092,
            19.96841628769969,
            0
          ],
          [
            73.55609512334169,
            19.96852200049096,
            0
          ],
          [
            73.55609711578192,
            19.96870945827104,
            0
          ],
          [
            73.55614342041792,
            19.96889242881534,
            0
          ],
          [
            73.55620203440789,
            19.96907181341658,
            0
          ],
          [
            73.55627101324087,
            19.96928997064895,
            0
          ],
          [
            73.55632470316552,
            19.96940165394387,
            0
          ],
          [
            73.55636071990142,
            19.96956931594562,
            0
          ],
          [
            73.55636680264381,
            19.96967575896971,
            0
          ],
          [
            73.55638195697458,
            19.96973821329192,
            0
          ],
          [
            73.55637934460873,
            19.9698300108958,
            0
          ],
          [
            73.55633241466272,
            19.9699534700955,
            0
          ]
        ]
      },
      "properties": {
        "name": "Ghat To talwade Return Route",
        "styleUrl": "#msn_ylw-pushpin45",
        "stroke-opacity": 1,
        "stroke": "#55ffff",
        "stroke-width": 3.8,
        "icon-scale": 1.1,
        "icon-offset": [
          20,
          2
        ],
        "icon-offset-units": [
          "pixels",
          "pixels"
        ],
        "icon": "http://maps.google.com/mapfiles/kml/pushpin/ylw-pushpin.png"
      }
    },
    {
      "type": "Feature",
      "geometry": {
        "type": "LineString",
        "coordinates": [
          [
            73.55642494332093,
            19.97079560954862,
            0
          ],
          [
            73.55650396386261,
            19.97084495596987,
            0
          ],
          [
            73.55652859237712,
            19.97087729013949,
            0
          ],
          [
            73.5565156458575,
            19.97095807351273,
            0
          ],
          [
            73.5564237235991,
            19.97117211118965,
            0
          ],
          [
            73.55633586595569,
            19.97132624344263,
            0
          ],
          [
            73.55623420469973,
            19.97151417682927,
            0
          ],
          [
            73.55615205542827,
            19.97164097711078,
            0
          ],
          [
            73.55609535848849,
            19.97172972661522,
            0
          ]
        ]
      },
      "properties": {
        "name": "Untitled Path",
        "styleUrl": "#msn_ylw-pushpin45",
        "stroke-opacity": 1,
        "stroke": "#55ffff",
        "stroke-width": 3.8,
        "icon-scale": 1.1,
        "icon-offset": [
          20,
          2
        ],
        "icon-offset-units": [
          "pixels",
          "pixels"
        ],
        "icon": "http://maps.google.com/mapfiles/kml/pushpin/ylw-pushpin.png"
      }
    },
    {
      "type": "Feature",
      "geometry": {
        "type": "LineString",
        "coordinates": [
          [
            73.55613167240203,
            19.97193631424137,
            0
          ],
          [
            73.55629784445718,
            19.97165297065822,
            0
          ],
          [
            73.5564321826839,
            19.9713334548145,
            0
          ],
          [
            73.55655076687628,
            19.97110779533215,
            0
          ],
          [
            73.55660741755646,
            19.97093413962297,
            0
          ],
          [
            73.55663814989008,
            19.97077902986134,
            0
          ],
          [
            73.55665372042266,
            19.97065657918747,
            0
          ],
          [
            73.55668077307578,
            19.97057358129877,
            0
          ],
          [
            73.5567460998363,
            19.97052408290446,
            0
          ],
          [
            73.5568221806152,
            19.97052425784925,
            0
          ],
          [
            73.55695800600763,
            19.97049112449364,
            0
          ],
          [
            73.5570263278417,
            19.97047344503371,
            0
          ],
          [
            73.5570353532461,
            19.97046839228603,
            0
          ],
          [
            73.55709043100438,
            19.97043078042837,
            0
          ]
        ]
      },
      "properties": {
        "name": "Untitled Path",
        "styleUrl": "#msn_ylw-pushpin43",
        "stroke-opacity": 1,
        "stroke": "#0000ff",
        "stroke-width": 3.8,
        "icon-scale": 1.1,
        "icon-offset": [
          20,
          2
        ],
        "icon-offset-units": [
          "pixels",
          "pixels"
        ],
        "icon": "http://maps.google.com/mapfiles/kml/pushpin/ylw-pushpin.png"
      }
    },
    {
      "type": "Feature",
      "geometry": {
        "type": "Point",
        "coordinates": [
          73.54243750776699,
          19.94584642638311,
          0
        ]
      },
      "properties": {
        "name": "Sadhugram",
        "styleUrl": "#m_ylw-pushpin35",
        "icon-scale": 1.1,
        "icon-offset": [
          20,
          2
        ],
        "icon-offset-units": [
          "pixels",
          "pixels"
        ],
        "icon": "http://maps.google.com/mapfiles/kml/pushpin/ylw-pushpin.png"
      }
    },
    {
      "type": "Feature",
      "geometry": {
        "type": "LineString",
        "coordinates": [
          [
            73.55919327054636,
            19.94390776533756,
            0
          ],
          [
            73.55863365017989,
            19.94390670406499,
            0
          ],
          [
            73.55814407132932,
            19.94393738902869,
            0
          ],
          [
            73.55755140985084,
            19.94410901348725,
            0
          ],
          [
            73.55736132496071,
            19.94418003886642,
            0
          ],
          [
            73.55711534626809,
            19.94401175226171,
            0
          ],
          [
            73.55700268198144,
            19.94383451097363,
            0
          ],
          [
            73.55691626101864,
            19.94397311703936,
            0
          ],
          [
            73.55668946528824,
            19.94410084303829,
            0
          ],
          [
            73.55651132247765,
            19.94434280847476,
            0
          ],
          [
            73.55632666285307,
            19.94455765093756,
            0
          ],
          [
            73.5562299584607,
            19.94489059215018,
            0
          ],
          [
            73.55600877511426,
            19.94516300621136,
            0
          ],
          [
            73.55585803730543,
            19.94539159116212,
            0
          ],
          [
            73.55566049435767,
            19.94564129413608,
            0
          ],
          [
            73.5555883838475,
            19.94583527542503,
            0
          ],
          [
            73.55568345515367,
            19.94618740699336,
            0
          ],
          [
            73.55562434123075,
            19.94640981030338,
            0
          ],
          [
            73.55495706596328,
            19.94608002348667,
            0
          ],
          [
            73.5539672218013,
            19.94542268945018,
            0
          ],
          [
            73.55316865483698,
            19.94504575995073,
            0
          ],
          [
            73.55265697947132,
            19.9449401605955,
            0
          ],
          [
            73.55171232951108,
            19.94479091566868,
            0
          ],
          [
            73.55164365660427,
            19.94515490395459,
            0
          ],
          [
            73.55173938339698,
            19.94552650743913,
            0
          ],
          [
            73.55178795727385,
            19.94580068534656,
            0
          ],
          [
            73.55170814809799,
            19.94606583109055,
            0
          ],
          [
            73.55136772512148,
            19.94620440493454,
            0
          ],
          [
            73.55082165751583,
            19.94626557270226,
            0
          ],
          [
            73.54995828575294,
            19.94602281243183,
            0
          ],
          [
            73.54948842665742,
            19.94560276132936,
            0
          ],
          [
            73.54917518081974,
            19.94539967874763,
            0
          ],
          [
            73.54860184367972,
            19.94502766304215,
            0
          ],
          [
            73.54834665477817,
            19.94485759122603,
            0
          ],
          [
            73.54820109781195,
            19.94509526505194,
            0
          ],
          [
            73.54804186586833,
            19.9454471604771,
            0
          ],
          [
            73.54791136154361,
            19.94578367635065,
            0
          ],
          [
            73.54781902924967,
            19.94612547914893,
            0
          ],
          [
            73.54781878591797,
            19.94627379237054,
            0
          ],
          [
            73.5480386271982,
            19.94651273580855,
            0
          ],
          [
            73.5482548708759,
            19.94680831810338,
            0
          ],
          [
            73.54847887718608,
            19.94709617571881,
            0
          ],
          [
            73.54881553005124,
            19.94744634519745,
            0
          ],
          [
            73.5491337895417,
            19.94777251359648,
            0
          ],
          [
            73.54949438603843,
            19.94799651506339,
            0
          ],
          [
            73.54987838803926,
            19.94818733091558,
            0
          ],
          [
            73.55020305109942,
            19.94832325181997,
            0
          ],
          [
            73.550701583505,
            19.94831537316174,
            0
          ],
          [
            73.55120558913067,
            19.94837546858747,
            0
          ],
          [
            73.55151306525575,
            19.94846462295915,
            0
          ],
          [
            73.55178030460353,
            19.94853460417216,
            0
          ],
          [
            73.55230683594236,
            19.9484577355074,
            0
          ],
          [
            73.552661323835,
            19.94797942467605,
            0
          ],
          [
            73.55301202688817,
            19.94746002537789,
            0
          ],
          [
            73.55325158797298,
            19.94694915900295,
            0
          ],
          [
            73.55348135899139,
            19.94643980089173,
            0
          ],
          [
            73.55370801517829,
            19.94605592745028,
            0
          ],
          [
            73.5538496056477,
            19.94589543530541,
            0
          ],
          [
            73.55398993800212,
            19.94574614799911,
            0
          ],
          [
            73.55449754810621,
            19.94608001711513,
            0
          ],
          [
            73.55518124781615,
            19.94651526362717,
            0
          ],
          [
            73.55569298282275,
            19.94685336622363,
            0
          ],
          [
            73.5562314292458,
            19.94716068208775,
            0
          ],
          [
            73.55699426303086,
            19.94762492456282,
            0
          ],
          [
            73.55799755111447,
            19.94812323942629,
            0
          ],
          [
            73.55886993777933,
            19.94851188823408,
            0
          ],
          [
            73.55969566229805,
            19.94890039597733,
            0
          ],
          [
            73.5605965070195,
            19.94926250076464,
            0
          ],
          [
            73.56143563688993,
            19.94965874156654,
            0
          ],
          [
            73.562312698145,
            19.95000969480711,
            0
          ],
          [
            73.56298431253454,
            19.9503083995377,
            0
          ],
          [
            73.56349903789004,
            19.9504577589345,
            0
          ],
          [
            73.56386088209607,
            19.9506681133377,
            0
          ],
          [
            73.56401393288418,
            19.95075358493415,
            0
          ],
          [
            73.56409676600845,
            19.95093481983957,
            0
          ],
          [
            73.56411034078981,
            19.95107503127501,
            0
          ]
        ]
      },
      "properties": {
        "name": "Laddha To ghat",
        "styleUrl": "#m_ylw-pushpin0",
        "stroke-opacity": 1,
        "stroke": "#ff557f",
        "stroke-width": 3.8,
        "icon-scale": 1.1,
        "icon-offset": [
          20,
          2
        ],
        "icon-offset-units": [
          "pixels",
          "pixels"
        ],
        "icon": "http://maps.google.com/mapfiles/kml/pushpin/ylw-pushpin.png"
      }
    },
    {
      "type": "Feature",
      "geometry": {
        "type": "LineString",
        "coordinates": [
          [
            73.56018675896283,
            19.94600478684178,
            0
          ],
          [
            73.56017296428769,
            19.94620319467826,
            0
          ],
          [
            73.56015295319364,
            19.94634100053186,
            0
          ],
          [
            73.5599856543166,
            19.94634615480271,
            0
          ],
          [
            73.55961140139566,
            19.94628965505882,
            0
          ],
          [
            73.55939195278116,
            19.94626152168762,
            0
          ],
          [
            73.5592980050954,
            19.94626679398221,
            0
          ],
          [
            73.55915798046507,
            19.94661780163017,
            0
          ],
          [
            73.55917581193745,
            19.94678923745553,
            0
          ],
          [
            73.55914108038147,
            19.94691619744946,
            0
          ],
          [
            73.55909000931027,
            19.94707691515469,
            0
          ],
          [
            73.55908815339994,
            19.94708945082572,
            0
          ],
          [
            73.55907662011984,
            19.94731936314863,
            0
          ],
          [
            73.55908171180674,
            19.94763891226097,
            0
          ],
          [
            73.55911454442186,
            19.94790312951789,
            0
          ],
          [
            73.5591125955499,
            19.94791730849742,
            0
          ],
          [
            73.559047059827,
            19.9481334038608,
            0
          ],
          [
            73.55899547223568,
            19.9482439315202,
            0
          ],
          [
            73.55892103843306,
            19.94841371997848,
            0
          ],
          [
            73.55941909832748,
            19.94862815343485,
            0
          ],
          [
            73.56001444943145,
            19.94889578410645,
            0
          ],
          [
            73.56069313671799,
            19.94918827610309,
            0
          ],
          [
            73.56134841345057,
            19.94944546938646,
            0
          ],
          [
            73.56205094090326,
            19.94976323588408,
            0
          ],
          [
            73.56244209845613,
            19.94993168292269,
            0
          ],
          [
            73.56277199447267,
            19.95008536342931,
            0
          ],
          [
            73.5632181059867,
            19.95025766358441,
            0
          ],
          [
            73.56360122707767,
            19.95044080936303,
            0
          ],
          [
            73.56390499898875,
            19.95055620548413,
            0
          ],
          [
            73.56415128506823,
            19.95077466313557,
            0
          ],
          [
            73.5642217472014,
            19.95093828009851,
            0
          ],
          [
            73.56417588674535,
            19.95111631271225,
            0
          ],
          [
            73.5640775207548,
            19.95127810395567,
            0
          ],
          [
            73.56417924400004,
            19.95141300287888,
            0
          ],
          [
            73.56436239956064,
            19.95135740623544,
            0
          ],
          [
            73.56437567869007,
            19.95115242915792,
            0
          ],
          [
            73.56437471398702,
            19.95097293363141,
            0
          ],
          [
            73.56439543258365,
            19.95088361835838,
            0
          ],
          [
            73.56451847945677,
            19.95087131020544,
            0
          ],
          [
            73.56470065053591,
            19.95091367033361,
            0
          ],
          [
            73.56508045032612,
            19.95102187969632,
            0
          ],
          [
            73.56542891034431,
            19.95112810528629,
            0
          ],
          [
            73.56577782259697,
            19.95124128896301,
            0
          ]
        ]
      },
      "properties": {
        "name": "Laddha to Tupadevi BUS ",
        "styleUrl": "#msn_ylw-pushpin",
        "stroke-width": 3.8,
        "icon-scale": 1.1,
        "icon-offset": [
          20,
          2
        ],
        "icon-offset-units": [
          "pixels",
          "pixels"
        ],
        "icon": "http://maps.google.com/mapfiles/kml/pushpin/ylw-pushpin.png"
      }
    },
    {
      "type": "Feature",
      "geometry": {
        "type": "Point",
        "coordinates": [
          73.52813278416679,
          19.93305772610545,
          0
        ]
      },
      "properties": {
        "name": "1.kushavar parmanent chauki ",
        "styleUrl": "#m_ylw-pushpin",
        "icon-scale": 1.1,
        "icon-offset": [
          20,
          2
        ],
        "icon-offset-units": [
          "pixels",
          "pixels"
        ],
        "icon": "http://maps.google.com/mapfiles/kml/pushpin/ylw-pushpin.png"
      }
    },
    {
      "type": "Feature",
      "geometry": {
        "type": "Point",
        "coordinates": [
          73.52748121733067,
          19.94828183724942,
          0
        ]
      },
      "properties": {
        "name": "tatpurti 1",
        "styleUrl": "#m_ylw-pushpin",
        "icon-scale": 1.1,
        "icon-offset": [
          20,
          2
        ],
        "icon-offset-units": [
          "pixels",
          "pixels"
        ],
        "icon": "http://maps.google.com/mapfiles/kml/pushpin/ylw-pushpin.png"
      }
    },
    {
      "type": "Feature",
      "geometry": {
        "type": "Point",
        "coordinates": [
          73.5364617731912,
          19.93741627185144,
          0
        ]
      },
      "properties": {
        "name": "2. Navin javhar phata parmanent chauki",
        "styleUrl": "#m_ylw-pushpin",
        "icon-scale": 1.1,
        "icon-offset": [
          20,
          2
        ],
        "icon-offset-units": [
          "pixels",
          "pixels"
        ],
        "icon": "http://maps.google.com/mapfiles/kml/pushpin/ylw-pushpin.png"
      }
    },
    {
      "type": "Feature",
      "geometry": {
        "type": "Point",
        "coordinates": [
          73.53268837101785,
          19.93409217538104,
          0
        ]
      },
      "properties": {
        "name": "tatpurti 2",
        "styleUrl": "#m_ylw-pushpin",
        "icon-scale": 1.1,
        "icon-offset": [
          20,
          2
        ],
        "icon-offset-units": [
          "pixels",
          "pixels"
        ],
        "icon": "http://maps.google.com/mapfiles/kml/pushpin/ylw-pushpin.png"
      }
    },
    {
      "type": "Feature",
      "geometry": {
        "type": "Point",
        "coordinates": [
          73.5512118595864,
          19.94451729960935,
          0
        ]
      },
      "properties": {
        "name": "3. Prayagtirth parmanent chauki",
        "styleUrl": "#m_ylw-pushpin",
        "icon-scale": 1.1,
        "icon-offset": [
          20,
          2
        ],
        "icon-offset-units": [
          "pixels",
          "pixels"
        ],
        "icon": "http://maps.google.com/mapfiles/kml/pushpin/ylw-pushpin.png"
      }
    },
    {
      "type": "Feature",
      "geometry": {
        "type": "Point",
        "coordinates": [
          73.58364691023735,
          19.95341995635798,
          0
        ]
      },
      "properties": {
        "name": "4. Anjaneri parmanent chauki",
        "styleUrl": "#m_ylw-pushpin",
        "icon-scale": 1.1,
        "icon-offset": [
          20,
          2
        ],
        "icon-offset-units": [
          "pixels",
          "pixels"
        ],
        "icon": "http://maps.google.com/mapfiles/kml/pushpin/ylw-pushpin.png"
      }
    },
    {
      "type": "Feature",
      "geometry": {
        "type": "Point",
        "coordinates": [
          73.54332030875668,
          19.94452026285385,
          0
        ]
      },
      "properties": {
        "name": "5. navin ghat parmanent chauki",
        "styleUrl": "#m_ylw-pushpin",
        "icon-scale": 1.1,
        "icon-offset": [
          20,
          2
        ],
        "icon-offset-units": [
          "pixels",
          "pixels"
        ],
        "icon": "http://maps.google.com/mapfiles/kml/pushpin/ylw-pushpin.png"
      }
    },
    {
      "type": "Feature",
      "geometry": {
        "type": "Point",
        "coordinates": [
          73.54832869627927,
          19.89945957747885,
          0
        ]
      },
      "properties": {
        "name": "6. Pahine parmanent chauki ",
        "styleUrl": "#m_ylw-pushpin",
        "icon-scale": 1.1,
        "icon-offset": [
          20,
          2
        ],
        "icon-offset-units": [
          "pixels",
          "pixels"
        ],
        "icon": "http://maps.google.com/mapfiles/kml/pushpin/ylw-pushpin.png"
      }
    },
    {
      "type": "Feature",
      "geometry": {
        "type": "Point",
        "coordinates": [
          73.88823143925939,
          20.06102538959149,
          0
        ]
      },
      "properties": {
        "name": "7. 10 th mail parmanent chauki",
        "styleUrl": "#m_ylw-pushpin",
        "icon-scale": 1.1,
        "icon-offset": [
          20,
          2
        ],
        "icon-offset-units": [
          "pixels",
          "pixels"
        ],
        "icon": "http://maps.google.com/mapfiles/kml/pushpin/ylw-pushpin.png"
      }
    },
    {
      "type": "Feature",
      "geometry": {
        "type": "Point",
        "coordinates": [
          73.75432471100606,
          20.56032981713554,
          0
        ]
      },
      "properties": {
        "name": "8. Thanapada parmanent chauki",
        "styleUrl": "#m_ylw-pushpin",
        "icon-scale": 1.1,
        "icon-offset": [
          20,
          2
        ],
        "icon-offset-units": [
          "pixels",
          "pixels"
        ],
        "icon": "http://maps.google.com/mapfiles/kml/pushpin/ylw-pushpin.png"
      }
    },
    {
      "type": "Feature",
      "geometry": {
        "type": "Point",
        "coordinates": [
          73.6622576788319,
          20.07333848904313,
          0
        ]
      },
      "properties": {
        "name": "9. Girnare parmanent chauki",
        "styleUrl": "#m_ylw-pushpin",
        "icon-scale": 1.1,
        "icon-offset": [
          20,
          2
        ],
        "icon-offset-units": [
          "pixels",
          "pixels"
        ],
        "icon": "http://maps.google.com/mapfiles/kml/pushpin/ylw-pushpin.png"
      }
    },
    {
      "type": "Feature",
      "geometry": {
        "type": "Point",
        "coordinates": [
          73.7181451295541,
          20.19451252512177,
          0
        ]
      },
      "properties": {
        "name": "10. umarale parmanent chauki ",
        "styleUrl": "#m_ylw-pushpin",
        "icon-scale": 1.1,
        "icon-offset": [
          20,
          2
        ],
        "icon-offset-units": [
          "pixels",
          "pixels"
        ],
        "icon": "http://maps.google.com/mapfiles/kml/pushpin/ylw-pushpin.png"
      }
    },
    {
      "type": "Feature",
      "geometry": {
        "type": "Point",
        "coordinates": [
          73.52778610163442,
          19.93279137053776,
          0
        ]
      },
      "properties": {
        "name": "1. kushavart watch tower",
        "styleUrl": "#m_ylw-pushpin",
        "icon-scale": 1.1,
        "icon-offset": [
          20,
          2
        ],
        "icon-offset-units": [
          "pixels",
          "pixels"
        ],
        "icon": "http://maps.google.com/mapfiles/kml/pushpin/ylw-pushpin.png"
      }
    },
    {
      "type": "Feature",
      "geometry": {
        "type": "Point",
        "coordinates": [
          73.53251700622194,
          19.9341396155757,
          0
        ]
      },
      "properties": {
        "name": "2. Dr. ambedkar chauk watch tower",
        "styleUrl": "#m_ylw-pushpin",
        "icon-scale": 1.1,
        "icon-offset": [
          20,
          2
        ],
        "icon-offset-units": [
          "pixels",
          "pixels"
        ],
        "icon": "http://maps.google.com/mapfiles/kml/pushpin/ylw-pushpin.png"
      }
    },
    {
      "type": "Feature",
      "geometry": {
        "type": "Point",
        "coordinates": [
          73.52948710727314,
          19.93532363501514,
          0
        ]
      },
      "properties": {
        "name": "3. khanderao mandir watch tower",
        "styleUrl": "#m_ylw-pushpin",
        "icon-scale": 1.1,
        "icon-offset": [
          20,
          2
        ],
        "icon-offset-units": [
          "pixels",
          "pixels"
        ],
        "icon": "http://maps.google.com/mapfiles/kml/pushpin/ylw-pushpin.png"
      }
    },
    {
      "type": "Feature",
      "geometry": {
        "type": "Point",
        "coordinates": [
          73.52395761194927,
          19.93331312159017,
          0
        ]
      },
      "properties": {
        "name": "4. santa nivruttinath watch tower",
        "styleUrl": "#m_ylw-pushpin",
        "icon-scale": 1.1,
        "icon-offset": [
          20,
          2
        ],
        "icon-offset-units": [
          "pixels",
          "pixels"
        ],
        "icon": "http://maps.google.com/mapfiles/kml/pushpin/ylw-pushpin.png"
      }
    },
    {
      "type": "Feature",
      "geometry": {
        "type": "Point",
        "coordinates": [
          73.53325540744747,
          19.9407254871072,
          0
        ]
      },
      "properties": {
        "name": "5. old javhar phata watch tower",
        "styleUrl": "#m_ylw-pushpin",
        "icon-scale": 1.1,
        "icon-offset": [
          20,
          2
        ],
        "icon-offset-units": [
          "pixels",
          "pixels"
        ],
        "icon": "http://maps.google.com/mapfiles/kml/pushpin/ylw-pushpin.png"
      }
    },
    {
      "type": "Feature",
      "geometry": {
        "type": "Point",
        "coordinates": [
          73.53955072219243,
          19.94416070316451,
          0
        ]
      },
      "properties": {
        "name": "6. navin ghat watch tower 1",
        "styleUrl": "#m_ylw-pushpin",
        "icon-scale": 1.1,
        "icon-offset": [
          20,
          2
        ],
        "icon-offset-units": [
          "pixels",
          "pixels"
        ],
        "icon": "http://maps.google.com/mapfiles/kml/pushpin/ylw-pushpin.png"
      }
    },
    {
      "type": "Feature",
      "geometry": {
        "type": "Point",
        "coordinates": [
          73.54972177882087,
          19.94871090222071,
          0
        ]
      },
      "properties": {
        "name": "8. navin ghat watch tower 3",
        "styleUrl": "#m_ylw-pushpin",
        "icon-scale": 1.1,
        "icon-offset": [
          20,
          2
        ],
        "icon-offset-units": [
          "pixels",
          "pixels"
        ],
        "icon": "http://maps.google.com/mapfiles/kml/pushpin/ylw-pushpin.png"
      }
    },
    {
      "type": "Feature",
      "geometry": {
        "type": "Point",
        "coordinates": [
          73.54611039561912,
          19.94542437601088,
          0
        ]
      },
      "properties": {
        "name": "7. navin ghat watch tower 2",
        "styleUrl": "#m_ylw-pushpin",
        "icon-scale": 1.1,
        "icon-offset": [
          20,
          2
        ],
        "icon-offset-units": [
          "pixels",
          "pixels"
        ],
        "icon": "http://maps.google.com/mapfiles/kml/pushpin/ylw-pushpin.png"
      }
    },
    {
      "type": "Feature",
      "geometry": {
        "type": "Point",
        "coordinates": [
          73.54996887704208,
          19.94570128656347,
          0
        ]
      },
      "properties": {
        "name": "9. prayagtirth watch tower",
        "styleUrl": "#m_ylw-pushpin",
        "icon-scale": 1.1,
        "icon-offset": [
          20,
          2
        ],
        "icon-offset-units": [
          "pixels",
          "pixels"
        ],
        "icon": "http://maps.google.com/mapfiles/kml/pushpin/ylw-pushpin.png"
      }
    },
    {
      "type": "Feature",
      "geometry": {
        "type": "Point",
        "coordinates": [
          73.90769034758354,
          20.39897903547254,
          0
        ]
      },
      "properties": {
        "name": "10. saptashrungi gad watch tower",
        "styleUrl": "#m_ylw-pushpin",
        "icon-scale": 1.1,
        "icon-offset": [
          20,
          2
        ],
        "icon-offset-units": [
          "pixels",
          "pixels"
        ],
        "icon": "http://maps.google.com/mapfiles/kml/pushpin/ylw-pushpin.png"
      }
    }
  ]
}