{"type":"FeatureCollection","features":[{"type":"Feature","geometry":{"type":"GeometryCollection","geometries":[{"type":"LineString","coordinates":[[73.550226593607,19.948588013164,640.035899999552],[73.55005406471,19.948534647655,640.035899999552]]},{"type":"LineString","coordinates":[[73.54118925364,19.944319922828,1356.755900001153],[73.541009931199,19.9443465466,1356.755900002085]]},{"type":"LineString","coordinates":[[73.540977080867,19.944104581194,1356.755900003016],[73.540969932902,19.94410564244,1356.755900003016]]},{"type":"LineString","coordinates":[[73.541142107108,19.944080079945,1356.755900001153],[73.541149255072,19.944079018692,1356.755900002085]]},{"type":"LineString","coordinates":[[73.541057077579,19.944586389503,1356.755900002085],[73.541049929592,19.944587450751,1356.755900002085]]},{"type":"LineString","coordinates":[[73.54122210432,19.944561888211,1356.755900002085],[73.541229252304,19.944560826956,1356.755900001153]]},{"type":"LineString","coordinates":[[73.541049929592,19.944587450751,1356.755900002085],[73.540969932902,19.94410564244,1356.755900003016]]},{"type":"LineString","coordinates":[[73.541038983163,19.943968194636,1356.755900002085],[73.541157150564,19.944679897146,1356.755900002085]]},{"type":"LineString","coordinates":[[73.541149255072,19.944079018692,1356.755900002085],[73.541229252304,19.944560826956,1356.755900001153]]}]},"properties":{"name":"Defpoints","styleUrl":"#s6","stroke-opacity":1,"stroke":"#FFFFFF","stroke-width":2,"label-scale":0,"icon-scale":0.5,"icon":"http://maps.google.com/mapfiles/kml/shapes/placemark_circle.png","folderPath":["Layers"]}},{"type":"Feature","geometry":{"type":"GeometryCollection","geometries":[{"type":"LineString","coordinates":[[73.539671907141,19.945012013865],[73.539681207602,19.945009954376],[73.539690508063,19.945007894886],[73.539699808524,19.945005835396],[73.539709108984,19.945003775905],[73.539718409444,19.945001716414],[73.539727709904,19.944999656922],[73.539737010364,19.94499759743],[73.539746310824,19.944995537937],[73.539755611283,19.944993478443],[73.539764911742,19.94499141895],[73.539774212201,19.944989359455],[73.53978351266,19.94498729996],[73.539792813119,19.944985240465],[73.539802113577,19.944983180969],[73.539811414035,19.944981121473],[73.539820714493,19.944979061976],[73.539830014951,19.944977002479],[73.539839315409,19.944974942981],[73.539848615866,19.944972883482],[73.539857916323,19.944970823983],[73.53986721678,19.944968764484],[73.539876517237,19.944966704984],[73.539885817693,19.944964645484],[73.539895118149,19.944962585983],[73.539904418605,19.944960526481],[73.539913719061,19.94495846698],[73.539923019517,19.944956407477],[73.539932319972,19.944954347974],[73.539941620428,19.944952288471],[73.539950920883,19.944950228967],[73.539960221337,19.944948169462],[73.539969521792,19.944946109958],[73.539978822246,19.944944050452],[73.5399881227,19.944941990946],[73.539997423154,19.94493993144],[73.540006723608,19.944937871933],[73.540016024062,19.944935812425],[73.540025324515,19.944933752918],[73.540034624968,19.944931693409],[73.540043925421,19.9449296339],[73.540053225874,19.944927574391],[73.540062526326,19.944925514881],[73.540071826779,19.94492345537],[73.540081127231,19.944921395859],[73.540090365478,19.944919115627],[73.540099516387,19.944916525471],[73.540108667385,19.944913935597],[73.54011781848,19.944911346027],[73.540126969677,19.944908756785],[73.540136120986,19.944906167892],[73.540145272412,19.944903579371],[73.540154423962,19.944900991244],[73.540163575643,19.944898403534],[73.540172727463,19.944895816263],[73.540181879429,19.944893229452],[73.540191031546,19.944890643124],[73.540200183823,19.944888057301],[73.540209336265,19.944885472003],[73.54021848888,19.944882887254],[73.540227641676,19.944880303074],[73.540236794659,19.944877719483],[73.540245947835,19.944875136505],[73.54025510121,19.944872554158],[73.54026425479,19.944869972466],[73.540273408585,19.944867391447],[73.540282562597,19.944864811123],[73.540291716835,19.944862231513],[73.540300871303,19.94485965264],[73.54031002601,19.944857074521],[73.54031918096,19.944854497177],[73.540328336161,19.944851920628],[73.540337491619,19.944849344893],[73.540346647338,19.944846769991],[73.540355803305,19.944844195877],[73.540364959687,19.944841623079],[73.540374117107,19.944839053579],[73.54038327625,19.944836489584],[73.540392437871,19.944833933526],[73.540401602719,19.944831387829],[73.540410771554,19.944828855013],[73.54041994514,19.944826337622],[73.540429124205,19.94482383816],[73.540438309498,19.944821359238],[73.540447501779,19.944818903591],[73.540456701827,19.944816474091],[73.54046591051,19.944814074036],[73.540475128576,19.944811706409],[73.540484356662,19.944809373951],[73.540493595415,19.944807079566],[73.540502845486,19.944804826331],[73.540512107531,19.944802617519],[73.540521382204,19.944800456616],[73.540530670158,19.944798347342],[73.540539972035,19.944796293671],[73.540549288465,19.944794299864],[73.540558620052,19.944792370493],[73.540567967369,19.944790510466],[73.540577330813,19.94478872447],[73.540586710571,19.944787016776],[73.540596106774,19.944785391947],[73.540605519478,19.944783854916],[73.540614948653,19.944782411022],[73.540624394171,19.944781066055],[73.540633855768,19.944779826308],[73.540643333024,19.944778698626],[73.540652825321,19.944777690473],[73.540662331791,19.944776809855]]},{"type":"LineString","coordinates":[[73.538361945618,19.940033606176],[73.538362924757,19.940042586393],[73.538363828222,19.940051573709],[73.538364659208,19.94006056728],[73.538365418508,19.940069566516],[73.538366106915,19.94007857085],[73.538366725259,19.940087579731],[73.538367274406,19.940096592621],[73.53836775526,19.940105608999],[73.53836816876,19.940114628365],[73.538368515879,19.940123650234],[73.538368797625,19.94013267414],[73.53836901504,19.940141699637],[73.538369169197,19.940150726299],[73.538369261202,19.940159753719],[73.538369292191,19.940168781511],[73.538369263332,19.94017780931],[73.538369175822,19.940186836771],[73.538369030886,19.940195863571],[73.538368829779,19.940204889408],[73.538368573783,19.940213914002],[73.538368264207,19.940222937096],[73.538367902388,19.940231958451],[73.538367489688,19.940240977853],[73.538367027489,19.940249995108],[73.538366517155,19.940259010044],[73.538365960065,19.940268022509],[73.538365357623,19.940277032365],[73.538364711264,19.940286039499],[73.538364022447,19.940295043818],[73.53836329266,19.940304045253],[73.538362523417,19.940313043749],[73.538361716259,19.940322039275],[73.538360872754,19.940331031819],[73.538359994495,19.940340021387],[73.538359083102,19.940349008006],[73.538358140221,19.94035799172],[73.538357167515,19.94036697259],[73.538356166582,19.940375950686],[73.538355138992,19.940384926089],[73.53835408634,19.940393898896],[73.538353010246,19.940402869216],[73.538351912358,19.940411837175],[73.538350794346,19.94042080291],[73.53834965791,19.940429766574],[73.538348504776,19.94043872833],[73.538347336694,19.940447688356],[73.538346155448,19.940456646838],[73.538344962846,19.940465603975],[73.538343760728,19.940474559976],[73.538342550962,19.940483515055],[73.538341335448,19.940492469438],[73.538340116116,19.940501423356],[73.538338894841,19.940510377038],[73.538337673421,19.940519330703],[73.538336453679,19.940528284571],[73.538335237467,19.940537238869],[73.538334026673,19.940546193824],[73.538332823215,19.940555149663],[73.538331629049,19.940564106614],[73.538330446164,19.940573064903],[73.538329276586,19.940582024754],[73.538328122377,19.940590986387],[73.538326985639,19.940599950016],[73.538325868511,19.94060891585],[73.538324773173,19.940617884087],[73.538323701847,19.940626854916],[73.538322656792,19.940635828516],[73.53832164023,19.940644805043],[73.538320654257,19.940653784619],[73.538319700991,19.940662767352],[73.538318782586,19.940671753332],[73.538317901237,19.940680742628],[73.538317059175,19.940689735291],[73.53831625867,19.940698731346],[73.538315502031,19.940707730794],[73.538314791604,19.940716733608],[73.538314129773,19.940725739734],[73.538313518958,19.940734749082],[73.538312961616,19.940743761528],[73.538312460239,19.940752776911],[73.538312017349,19.940761795032],[73.538311635465,19.940770815647],[73.538311317064,19.940779838465],[73.538311064624,19.940788863147],[73.538310880623,19.940797889306],[73.538310767532,19.940806916506],[73.538310727812,19.940815944259],[73.538310763906,19.940824972023],[73.538310878235,19.940833999201],[73.538311073187,19.940843025141],[73.538311351117,19.940852049134],[73.538311714331,19.940861070413],[73.53831216476,19.940870088178],[73.53831270173,19.940879101714],[73.538313322823,19.940888110418],[73.538314024868,19.940897113799],[73.53831480381,19.940906111535],[73.538315654403,19.940915103471],[73.538316571401,19.94092408957],[73.538317549828,19.940933069876],[73.538318584957,19.940942044498],[73.538319672289,19.9409510136],[73.538320807536,19.940959977393],[73.538321986606,19.940968936128],[73.538323205574,19.940977890083],[73.538324460457,19.940986839599],[73.538325747152,19.940995785076],[73.538327061683,19.941004726932],[73.538328400208,19.941013665613],[73.538329759012,19.941022601564],[73.538331134494,19.94103153523],[73.538332523164,19.941040467068],[73.538333921638,19.941049397534],[73.538335326624,19.941058327083],[73.538336734809,19.941067256185],[73.538338142689,19.941076185332],[73.538339546811,19.941085115007],[73.538340943807,19.941094045683],[73.538342330387,19.941102977811],[73.538343703332,19.941111911824],[73.538345059495,19.941120848129],[73.538346395792,19.941129787111],[73.5383477092,19.941138729126],[73.538348996755,19.941147674503],[73.538350255544,19.941156623537],[73.538351482691,19.941165576494],[73.538352675115,19.941174533647],[73.538353829588,19.941183495244],[73.538354942931,19.94119246149],[73.538356012015,19.941201432553],[73.538357033759,19.941210408547],[73.538358005135,19.941219389541],[73.53835892316,19.941228375549],[73.538359784897,19.94123736654],[73.538360587461,19.941246362426],[73.538361328012,19.941255363064],[73.538362003758,19.941264368255],[73.53836261196,19.941273377751],[73.538363149828,19.941282391245],[73.538363614272,19.941291408386],[73.538364002188,19.941300428761],[73.538364310543,19.941309451879],[73.538364536376,19.941318477179],[73.538364676804,19.941327504026],[73.538364729028,19.941336531715],[73.538364690331,19.94134555946],[73.53836455809,19.941354586411],[73.538364329775,19.941363611644],[73.538364002957,19.941372634164],[73.538363575314,19.941381652911],[73.538363044643,19.941390666765],[73.538362408931,19.941399674537],[73.538361666088,19.941408674976],[73.538360813772,19.941417666735],[73.538359849379,19.941426648357],[73.538358770982,19.941435618378],[73.538357580431,19.94144457571],[73.538356280339,19.941453519417],[73.538354872995,19.941462448594],[73.538353360348,19.941471362362],[73.538351744131,19.941480259861],[73.538350026121,19.94148914029],[73.538348208163,19.941498002907],[73.538346292164,19.941506847042],[73.538344280091,19.941515672077],[73.538342173964,19.941524477469],[73.538339975837,19.941533262732],[73.538337687716,19.941542027425],[73.538335311577,19.941550771151],[73.538332849386,19.941559493561],[73.538330303097,19.941568194353],[73.538327674561,19.941576873246],[73.538324965552,19.941585529982],[73.538322177853,19.941594164349],[73.538319313252,19.941602776178],[73.538316373543,19.941611365343],[73.538313360524,19.941619931762],[73.538310275992,19.941628475397],[73.538307121748,19.941636996244],[73.538303899592,19.94164549434],[73.538300611322,19.941653969764],[73.538297258735,19.941662422621],[73.538293843624,19.941670853066],[73.538290367774,19.941679261289],[73.538286832969,19.941687647508],[73.538283240913,19.941696011943],[73.538279593199,19.941704354811],[73.538275891406,19.941712676353],[73.538272137106,19.941720976831],[73.538268331863,19.94172925654],[73.538264477232,19.941737515796],[73.538260574764,19.941745754938],[73.538256626,19.941753974334],[73.53825263248,19.941762174373],[73.538248595738,19.941770355467],[73.538244517306,19.941778518052],[73.538240398712,19.941786662587],[73.538236241485,19.941794789552],[73.538232047151,19.94180289945],[73.538227817038,19.941810992709],[73.538223552207,19.941819069656],[73.538219253723,19.941827130634],[73.538214922677,19.941835176013],[73.538210560184,19.941843206184],[73.538206167381,19.941851221566],[73.538201745429,19.941859222602],[73.538197295512,19.941867209761],[73.538192818831,19.941875183537],[73.538188316614,19.941883144445],[73.538183790106,19.941891093025],[73.538179240571,19.94189902984],[73.538174669278,19.941906955468],[73.538170077382,19.941914870438],[73.538165465989,19.941922775265],[73.538160836222,19.941930670482],[73.53815618922,19.941938556644],[73.538151526142,19.941946434312],[73.538146848159,19.941954304076],[73.538142156457,19.941962166534],[73.538137452235,19.9419700223],[73.538132736704,19.941977872001],[73.538128011085,19.941985716275],[73.53812327661,19.941993555773],[73.53811853452,19.942001391153],[73.538113786062,19.942009223085],[73.538109032483,19.942017052237],[73.538104274683,19.9420248791],[73.538099513049,19.942032703886],[73.538094747942,19.94204052678],[73.538089979719,19.942048347974],[73.538085208703,19.942056167643],[73.538080435183,19.942063985948],[73.538075659444,19.942071803039],[73.538070881771,19.942079619073],[73.538066102447,19.942087434204],[73.538061321756,19.942095248585],[73.538056539975,19.94210306237],[73.538051757386,19.942110875712],[73.538046974267,19.942118688763],[73.538042190896,19.942126501677],[73.53803740755,19.942134314604],[73.538032624506,19.942142127695],[73.538027842032,19.942149941114],[73.53802306041,19.942157754998],[73.538018279916,19.942165569498],[73.538013500822,19.942173384765],[73.538008723404,19.942181200946],[73.538003947936,19.942189018192],[73.53799917469,19.94219683665],[73.53799440394,19.94220465647],[73.53798963596,19.9422124778],[73.537984871022,19.942220300787],[73.537980109401,19.942228125579],[73.537975351369,19.942235952323],[73.537970597202,19.942243781166],[73.537965847173,19.942251612253],[73.537961101557,19.942259445733],[73.53795636063,19.942267281751],[73.537951624668,19.942275120447],[73.537946893939,19.942282961976],[73.537942168715,19.942290806469],[73.537937449264,19.942298654074],[73.537932735858,19.942306504924],[73.537928028772,19.942314359158],[73.537923328275,19.94232221692],[73.53791863464,19.942330078349],[73.53791394814,19.942337943586],[73.537909269053,19.942345812768],[73.537904597654,19.942353686034],[73.537899934221,19.942361563522],[73.537895279034,19.942369445372],[73.537890632373,19.942377331719],[73.537885994521,19.942385222703],[73.53788136576,19.94239311846],[73.537876746375,19.942401019126],[73.537872136654,19.942408924839],[73.537867536885,19.942416835734],[73.537862947358,19.942424751948],[73.537858368366,19.942432673615],[73.537853800202,19.94244060087],[73.537849243157,19.942448533845],[73.537844697523,19.942456472672],[73.537840163589,19.94246441748],[73.537835641651,19.942472368401],[73.537831132005,19.942480325561],[73.537826634949,19.942488289092],[73.537822150784,19.942496259121],[73.537817679816,19.942504235777],[73.537813222349,19.942512219188],[73.537808778692,19.942520209482],[73.537804349158,19.942528206785],[73.53779993406,19.942536211225],[73.537795533717,19.942544222926],[73.537791148448,19.942552242016],[73.537786778577,19.942560268619],[73.53778242443,19.942568302861],[73.537778086336,19.942576344865],[73.537773764633,19.942584394748],[73.537769459653,19.94259245264],[73.537765171735,19.942600518662],[73.537760901222,19.942608592939],[73.537756648461,19.94261667559],[73.537752413801,19.942624766737],[73.537748197599,19.942632866497],[73.537744000209,19.942640974991],[73.537739821995,19.942649092337],[73.537735663322,19.942657218651],[73.537731524553,19.942665354042],[73.537727406043,19.942673498623],[73.537723308154,19.942681652499],[73.537719231251,19.942689815778],[73.537715175703,19.942697988564],[73.537711141887,19.94270617096],[73.537707130177,19.942714363071],[73.537703140959,19.942722564997],[73.537699174617,19.94273077684],[73.537695231546,19.942738998697],[73.537691312139,19.942747230667],[73.537687416799,19.942755472845],[73.53768354593,19.942763725327],[73.537679699943,19.942771988206],[73.537675879254,19.942780261571],[73.537672084284,19.942788545509],[73.537668315457,19.942796840113],[73.537664573203,19.942805145469],[73.537660857957,19.942813461662],[73.53765717016,19.942821788773],[73.537653510258,19.942830126881],[73.537649878702,19.942838476066],[73.537646275948,19.942846836403],[73.53764270246,19.942855207963],[73.537639158704,19.942863590818],[73.537635645153,19.942871985036],[73.537632162288,19.942880390682],[73.537628710592,19.942888807816],[73.537625290555,19.9428972365],[73.537621902674,19.942905676789],[73.53761854745,19.942914128735],[73.537615225391,19.942922592388],[73.537611937005,19.942931067791],[73.537608682781,19.942939554975],[73.537605463208,19.942948053968],[73.53760227878,19.942956564792],[73.537599129996,19.942965087468],[73.537596017361,19.942973622011],[73.537592941387,19.942982168431],[73.53758990259,19.942990726736],[73.537586901492,19.942999296928],[73.53758393862,19.943007879006],[73.537581014508,19.943016472963],[73.537578129694,19.943025078789],[73.537575284724,19.943033696466],[73.537572480144,19.943042325975],[73.537569716513,19.943050967285],[73.537566994391,19.943059620365],[73.53756431434,19.943068285182],[73.537561676935,19.94307696169],[73.537559082748,19.943085649842],[73.537556532363,19.943094349582],[73.537554026364,19.943103060851],[73.537551565344,19.943111783576],[73.537549149898,19.943120517687],[73.537546780625,19.9431292631],[73.537544458132,19.943138019726],[73.537542183027,19.943146787469],[73.537539955924,19.943155566226],[73.537537777443,19.943164355886],[73.537535648203,19.943173156331],[73.537533568829,19.943181967431],[73.537531539942,19.943190789049],[73.537529562163,19.94319962104],[73.537527636114,19.943208463249],[73.537525762413,19.943217315509],[73.53752394168,19.943226177648],[73.53752217453,19.94323504948],[73.537520461577,19.943243930811],[73.537518803432,19.943252821439],[73.537517200701,19.94326172115],[73.53751565399,19.943270629719],[73.537514163898,19.943279546912],[73.537512731018,19.943288472487],[73.537511355941,19.943297406187],[73.53751003925,19.943306347749],[73.537508781521,19.943315296898],[73.537507583326,19.943324253347],[73.537506445228,19.943333216801],[73.537505367781,19.943342186955],[73.537504351531,19.943351163492],[73.537503397017,19.943360146086],[73.537502504765,19.943369134401],[73.537501675294,19.943378128089],[73.537500909111,19.943387126796],[73.53750020671,19.943396130153],[73.537499568575,19.943405137784],[73.537498995177,19.943414149306],[73.537498486975,19.943423164324],[73.537498044412,19.943432182436],[73.537497667919,19.943441203228],[73.537497357895,19.943450226281],[73.53749711476,19.943459251179],[73.53749693905,19.943468277483],[73.537496831419,19.943477304741],[73.537496792644,19.9434863325],[73.537496823633,19.943495360287],[73.537496925425,19.943504387609],[73.537497099203,19.94351341395],[73.537497347709,19.943522438727],[73.537497677922,19.943531461151],[73.537498097943,19.943540480225],[73.537498616381,19.943549494712],[73.53749924242,19.943558503082],[73.537499985898,19.943567503458],[73.537500856773,19.943576493604],[73.537501863199,19.943585471075],[73.53750301285,19.943594433138],[73.537504313346,19.943603376733],[73.537505772183,19.943612298447],[73.537507396999,19.943621194462],[73.53750919803,19.943630060064],[73.537511188044,19.94363888944],[73.537513378939,19.943647676171],[73.537515777814,19.943656414166],[73.537518402917,19.943665093766],[73.537521272131,19.943673703954],[73.5375244006,19.943682232981],[73.537527802391,19.943690667858],[73.537531504586,19.943698988735],[73.537535531239,19.943707173671],[73.537539898484,19.943715200852],[73.537544640161,19.943723035544],[73.53754978324,19.943730640225],[73.537555352083,19.943737971603],[73.537561331385,19.943745008365],[73.537567638262,19.943751784999],[73.537574202683,19.943758339522],[73.537580967675,19.943764709305],[73.537587885874,19.94377093033],[73.537594926718,19.943777027155],[73.537602061936,19.943783025124],[73.537609265093,19.943788950099],[73.537616514801,19.943794824107],[73.537623794424,19.94380066493],[73.537631089049,19.943806489027],[73.537638384673,19.943812312009],[73.537645671672,19.943818144629],[73.537652950351,19.943823986516],[73.537660221045,19.943829837285],[73.537667483891,19.943835696766],[73.537674739019,19.943841564784],[73.537681986583,19.94384744118],[73.537689226699,19.943853325766],[73.537696459512,19.943859218375],[73.537703685161,19.943865118836],[73.537710903788,19.943871026978],[73.537718115533,19.94387694263],[73.537725320538,19.943882865619],[73.537732518947,19.943888795776],[73.537739710903,19.943894732928],[73.537746896552,19.943900676905],[73.537754076039,19.943906627536],[73.53776124951,19.943912584649],[73.537768417114,19.943918548073],[73.537775578997,19.943924517638],[73.537782735312,19.943930493173],[73.537789886206,19.943936474506],[73.537797031831,19.943942461467],[73.537804172338,19.943948453884],[73.537811307882,19.943954451589],[73.537818438619,19.943960454412],[73.5378255647,19.94396646218],[73.53783268628,19.943972474721],[73.537839803515,19.943978491865],[73.537846916559,19.94398451344],[73.537854025572,19.943990539275],[73.53786113071,19.943996569197],[73.537868232133,19.944002603037],[73.537875329997,19.94400864062],[73.537882424465,19.944014681775],[73.537889515686,19.944020726322],[73.537896603828,19.944026774095],[73.537903689057,19.944032824922],[73.537910771535,19.944038878632],[73.537917851425,19.944044935051],[73.537924928891,19.944050994007],[73.537932004098,19.944057055326],[73.53793907721,19.944063118834],[73.537946148392,19.944069184355],[73.537953217807,19.944075251714],[73.537960285622,19.944081320735],[73.537967352006,19.944087391245],[73.537974417127,19.944093463068],[73.537981481152,19.944099536028],[73.537988544252,19.944105609951],[73.53799560659,19.944111684662],[73.538002668331,19.944117759996],[73.538009729638,19.944123835784],[73.538016790677,19.944129911857],[73.538023851609,19.944135988045],[73.538030912601,19.94414206418],[73.538037973814,19.944148140087],[73.538045035407,19.94415421559],[73.538052097548,19.944160290517],[73.538059160401,19.944166364697],[73.538066224132,19.944172437956],[73.538073288915,19.944178510125],[73.538080354926,19.944184581039],[73.53808742233,19.944190650521],[73.53809449128,19.94419671838],[73.538101561941,19.944202784441],[73.538108634484,19.944208848526],[73.538115709082,19.944214910463],[73.538122785918,19.944220970084],[73.538129865152,19.944227027202],[73.53813694695,19.944233081636],[73.538144031486,19.944239133205],[73.538151118929,19.944245181729],[73.53815820945,19.944251227025],[73.538165303217,19.944257268908],[73.538172400414,19.944263307204],[73.538179501202,19.94426934172],[73.538186605753,19.94427537227],[73.538193714248,19.944281398675],[73.53820082685,19.944287420741],[73.538207943726,19.944293438273],[73.538215065057,19.944299451089],[73.538222191025,19.944305459007],[73.538229321798,19.944311461831],[73.538236457543,19.944317459364],[73.538243598435,19.944323451413],[73.538250744645,19.944329437781],[73.53825789635,19.944335418277],[73.538265053729,19.944341392708],[73.538272216948,19.944347360869],[73.538279386187,19.944353322567],[73.538286561627,19.944359277607],[73.538293743434,19.944365225782],[73.538300931777,19.944371166884],[73.538308126834,19.944377100715],[73.53831532878,19.944383027069],[73.538322537788,19.944388945739],[73.538329754033,19.94439485652],[73.538336977688,19.944400759201],[73.538344208926,19.944406653574],[73.538351447922,19.944412539426],[73.538358694849,19.944418416545],[73.538365949879,19.944424284717],[73.538373213185,19.944430143729],[73.538380484931,19.944435993371],[73.538387765279,19.944441833437],[73.538395054392,19.944447663717],[73.538402352432,19.944453484004],[73.538409659561,19.944459294084],[73.538416975941,19.944465093746],[73.538424301732,19.944470882775],[73.538431637095,19.944476660955],[73.538438982192,19.944482428069],[73.538446337181,19.944488183899],[73.538453702221,19.944493928223],[73.538461077473,19.944499660821],[73.538468463095,19.944505381469],[73.538475859244,19.944511089942],[73.538483266077,19.944516786014],[73.538490683753,19.944522469457],[73.538498112426,19.944528140041],[73.538505552251,19.944533797535],[73.538513003384,19.944539441707],[73.53852046598,19.944545072322],[73.538527940191,19.944550689146],[73.538535426169,19.944556291938],[73.538542924066,19.944561880461],[73.538550434032,19.944567454474],[73.538557956218,19.944573013734],[73.538565490771,19.944578557998],[73.538573037841,19.944584087019],[73.538580597572,19.944589600551],[73.538588170112,19.944595098343],[73.538595755603,19.944600580147],[73.53860335419,19.944606045708],[73.538610966016,19.944611494775],[73.538618591219,19.94461692709],[73.538626229939,19.944622342397],[73.538633882315,19.944627740437],[73.538641548483,19.944633120949],[73.538649228578,19.944638483672],[73.538656922734,19.944643828341],[73.538664631083,19.944649154693],[73.538672353755,19.944654462459],[73.538680090879,19.944659751372],[73.538687842582,19.944665021161],[73.538695608989,19.944670271556],[73.538703390222,19.944675502283],[73.538711186405,19.944680713068],[73.538718997653,19.944685903634],[73.538726824087,19.944691073704],[73.538734665821,19.944696223001],[73.53874252297,19.944701351244],[73.538750395636,19.944706458161],[73.538758283915,19.94471154349],[73.538766187901,19.944716606972],[73.538774107676,19.944721648345],[73.538782043323,19.944726667351],[73.538789994919,19.944731663734],[73.53879796254,19.944736637239],[73.538805946254,19.944741587612],[73.538813946127,19.944746514602],[73.538821962221,19.944751417961],[73.538829994593,19.944756297441],[73.538838043296,19.9447611528],[73.538846108377,19.944765983793],[73.538854189882,19.944770790183],[73.538862287849,19.944775571731],[73.538870402313,19.944780328205],[73.538878533305,19.944785059373],[73.538886680849,19.944789765007],[73.538894844969,19.944794444883],[73.538903025679,19.944799098779],[73.538911222992,19.944803726476],[73.538919436911,19.944808327769],[73.538927667268,19.94481290272],[73.538935913693,19.944817451722],[73.538944175806,19.94482197521],[73.538952453216,19.944826473626],[73.53896074553,19.944830947431],[73.538969052357,19.944835397099],[73.5389773733,19.944839823116],[73.538985707968,19.944844225983],[73.538994055965,19.944848606209],[73.539002416898,19.944852964316],[73.539010790375,19.944857300834],[73.539019176004,19.944861616301],[73.539027573396,19.944865911263],[73.539035982166,19.944870186274],[73.539044401929,19.944874441891],[73.539052832304,19.944878678676],[73.539061272915,19.944882897196],[73.539069723391,19.944887098017],[73.539078183475,19.944891281508],[73.539086653106,19.94489544769],[73.539095132293,19.944899596481],[73.539103621112,19.944903727627],[73.539112120746,19.944907838846],[73.539120633589,19.94491192556],[73.539129162152,19.944915982843],[73.539137709029,19.944920005511],[73.539146276596,19.944923988635],[73.539154867018,19.94492792749],[73.539163482531,19.944931817019],[73.539172125466,19.944935651753],[73.539180798244,19.944939425752],[73.539189503364,19.944943132563],[73.539198243292,19.944946765387],[73.539207020418,19.944950317083],[73.539215837048,19.944953780161],[73.53922469535,19.944957146786],[73.539233597309,19.94496040879],[73.53924254404,19.94496355935],[73.539251599033,19.944966416812],[73.539260807726,19.944968794818],[73.539270143921,19.94497067519],[73.53927958456,19.944972010155],[73.539289091152,19.944972827927],[73.53929863127,19.944973137971],[73.539308175171,19.944972951656],[73.539317697331,19.944972312398],[73.539327178913,19.944971263282],[73.539336607132,19.944969846921],[73.539345976601,19.944968116029],[73.539355286086,19.944966116072]]},{"type":"LineString","coordinates":[[73.538363924444,19.940062115822],[73.538363051748,19.940053090905],[73.538362280643,19.940044057793],[73.538361689552,19.940035012655],[73.538361342871,19.940025956311],[73.538361296522,19.94001689427],[73.538361599635,19.940007836795],[73.538362295191,19.939998798824],[73.538363420999,19.939989799828],[73.538365008955,19.939980863487],[73.53836708431,19.939972017057],[73.53836966614,19.939963290765],[73.538372767857,19.939954717301],[73.538376396381,19.939946330869],[73.538380552724,19.939938166521],[73.538385232634,19.939930259652],[73.538390426061,19.939922644945],[73.538396118601,19.939915356294],[73.53840229136,19.939908426],[73.538408920084,19.939901883164],[73.538415979708,19.939895756654],[73.538423438628,19.939890068888],[73.538431263656,19.939884839398],[73.538439415588,19.939880077266],[73.538447857368,19.93987579026],[73.538456551568,19.939871980883],[73.538465463355,19.939868651249],[73.53847455965,19.939865802349],[73.538483809453,19.939863436291],[73.538493182769,19.939861554377],[73.538502650887,19.939860160066],[73.538512186002,19.939859262528],[73.538521758978,19.93985886539],[73.538531340573,19.939858971957],[73.538540901575,19.939859572942],[73.538550415424,19.939860653488],[73.538559858915,19.939862190673],[73.538569213186,19.939864156912],[73.53857846669,19.939866513478],[73.538587616077,19.939869208022],[73.538596670889,19.939872173721],[73.538605316399,19.939876077739],[73.538613843286,19.939880214149],[73.538622345705,19.939884395477],[73.538630836708,19.939888597536]]},{"type":"LineString","coordinates":[[73.546228106488,19.944962052498],[73.546237225316,19.944959803546],[73.546246442189,19.944957946056],[73.546255738323,19.944956483813],[73.546265094774,19.944955419798],[73.546274492474,19.944954756178],[73.546283912271,19.944954494307],[73.546293334968,19.944954634718],[73.546302741362,19.944955177125],[73.546312112284,19.944956120422],[73.546321428636,19.944957462687],[73.546330671432,19.944959201185],[73.546339821835,19.944961332372],[73.546348861199,19.944963851906],[73.546357771101,19.944966754652],[73.546366533384,19.944970034694],[73.54637513019,19.944973685348],[73.546383544,19.944977699174],[73.546391757666,19.944982067992],[73.546399754451,19.944986782898],[73.546407518057,19.944991834285],[73.546415032662,19.944997211856],[73.546422282952,19.945002904655],[73.546429254151,19.945008901078],[73.546435932052,19.945015188906],[73.546442303047,19.945021755324],[73.546598903737,19.945190034827],[73.546892480236,19.945494407089],[73.547251161028,19.945938743611],[73.547404498474,19.94600401315],[73.547462344251,19.946018898581],[73.547553135622,19.946029150485],[73.547681395004,19.946033202125],[73.547818432943,19.94604400114],[73.547960858921,19.946086416667],[73.548038392869,19.946132479374],[73.548101560629,19.946193529044],[73.548248235011,19.946344202606],[73.548365382768,19.946492419023],[73.548404485746,19.946550274621],[73.548430846544,19.946594665206],[73.548457310775,19.946646709101],[73.54848042721,19.946703449698],[73.548502214292,19.946774349458],[73.548527308701,19.946880056693],[73.548546659973,19.946958796508],[73.548565696682,19.947017292024],[73.548584508232,19.947059321989],[73.548607639729,19.947099585398],[73.548646525173,19.947156597329],[73.548668113309,19.947185787656],[73.549158608194,19.94750301844],[73.549658532564,19.947802222814],[73.550736230366,19.94806199928]]},{"type":"LineString","coordinates":[[73.540446315613,19.943762093846],[73.540480002115,19.943758947178],[73.540547375115,19.943752653823],[73.540708294943,19.943737622092],[73.541202666762,19.943909630309],[73.541640699647,19.944049892574],[73.541968579851,19.94415487004],[73.54239558284,19.944303998698],[73.543042697381,19.94475595445],[73.543485939532,19.945218075485],[73.543919179688,19.945552091894],[73.54432279283,19.945753646781],[73.544695774698,19.945590235928],[73.545231200204,19.945406059774],[73.54533227013,19.945361123678],[73.545555353921,19.945257098149],[73.545963649617,19.945048573553],[73.546228106488,19.944962052498]]},{"type":"LineString","coordinates":[[73.538807289081,19.943290369187],[73.53885907272,19.943332769292],[73.539066207555,19.943502369576],[73.539117991334,19.943544769612],[73.539131546849,19.943555868726],[73.53937565975,19.943761497297],[73.539385806195,19.943770048431],[73.539402293978,19.943780529642],[73.539443643648,19.943806815433],[73.539526343031,19.943859386988],[73.53960904247,19.943911958508],[73.539646330734,19.943935662402],[73.53979973058,19.943941202993],[73.539878235725,19.943944038439],[73.540068463458,19.943840132713],[73.540109503495,19.943817715879],[73.540130023509,19.943806507458],[73.540142074853,19.943799924783],[73.540165131027,19.943788359328],[73.540188741619,19.943786153878],[73.540190983502,19.943785944464],[73.540195467268,19.943785525638],[73.540267207528,19.943778824403],[73.54041068803,19.943765421846],[73.540446315542,19.943762093853]]},{"type":"LineString","coordinates":[[73.550736230366,19.94806199928],[73.550745462025,19.948064397888],[73.5507545932,19.948067118774],[73.55076361131,19.948070158191],[73.550772503936,19.948073511953],[73.550781258827,19.948077175438],[73.550789863923,19.948081143602],[73.550798307373,19.948085410978],[73.550806577544,19.948089971688],[73.550814663046,19.94809481945],[73.550822552741,19.948099947586],[73.550830235761,19.948105349033],[73.550837701523,19.948111016349],[73.550844939743,19.94811694173],[73.550851940451,19.948123117012],[73.550858694004,19.94812953369],[73.550865191099,19.948136182924],[73.550871422785,19.948143055556],[73.55087738048,19.948150142119],[73.550883055977,19.948157432852],[73.550888441458,19.948164917711],[73.550893529505,19.948172586387],[73.550898313108,19.948180428316],[73.55090278568,19.948188432697],[73.550906941058,19.948196588504],[73.550910773519,19.948204884502],[73.550914277784,19.948213309263],[73.550917449026,19.948221851184],[73.550920282877,19.948230498498],[73.550922775432,19.948239239293],[73.550924923259,19.94824806153],[73.550926723398,19.948256953056],[73.550928173371,19.948265901624],[73.550929271179,19.948274894907],[73.550930015311,19.948283920516],[73.550930404742,19.948292966021],[73.550930438934,19.94830201896],[73.550930117842,19.948311066864],[73.550929441906,19.948320097269],[73.550928412058,19.948329097737],[73.550927029717,19.94833805587],[73.550925296787,19.948346959328],[73.550923215654,19.948355795846],[73.550920789186,19.948364553254],[73.550918020724,19.948373219487],[73.550914914082,19.948381782609],[73.55091147354,19.948390230824],[73.550907703835,19.948398552494],[73.550903610162,19.948406736158],[73.550899198159,19.948414770542],[73.550894473903,19.948422644579],[73.550889443902,19.948430347423],[73.550884115084,19.948437868464],[73.55087849479,19.948445197341],[73.550872590761,19.948452323959],[73.55086641113,19.948459238502],[73.550859964409,19.948465931445],[73.550853259478,19.948472393568],[73.550846305574,19.948478615971],[73.550839112274,19.948484590082],[73.550831689487,19.948490307672],[73.550824047439,19.948495760865],[73.550816196655,19.948500942149],[73.55080814795,19.948505844388],[73.550799912411,19.948510460829]]},{"type":"LineString","coordinates":[[73.544091116394,19.946633869021],[73.544607745854,19.946613393444],[73.54464333801,19.946599249968],[73.544659767599,19.946592702885],[73.544675994771,19.946586218189],[73.5446920213,19.946579795481],[73.544707848962,19.946573434362],[73.544723479531,19.94656713443],[73.544738914784,19.946560895287],[73.544754156499,19.94655471653],[73.544769206453,19.94654859776],[73.544784066424,19.946542538575],[73.544798738175,19.946536538579],[73.544813223547,19.94653059734],[73.544827524346,19.946524714444],[73.544841642322,19.946518889504],[73.544855579216,19.946513122138],[73.544869336769,19.94650741196],[73.544882916726,19.946501758587],[73.544896320831,19.946496161633],[73.54490955083,19.946490620713],[73.544922608469,19.946485135439],[73.544935495499,19.946479705425],[73.54494821367,19.946474330283],[73.544960764733,19.946469009623],[73.544973150443,19.946463743057],[73.544985372554,19.946458530193],[73.544997432825,19.946453370641],[73.545009333013,19.946448264007],[73.545021074881,19.946443209898],[73.545032660191,19.946438207921],[73.545044060724,19.946433270663],[73.545066494722,19.946423510625],[73.545088300589,19.946413965864],[73.545109522658,19.946404620079],[73.545130174405,19.946395470472],[73.545150269171,19.946386514299],[73.545169820337,19.946377748794],[73.545188841339,19.946369171162],[73.54520734566,19.946360778577],[73.545225346846,19.946352568181],[73.545242858497,19.946344537082],[73.545259894281,19.946336682352],[73.545276468089,19.94632900095],[73.545292593885,19.946321489852],[73.545308284513,19.946314146626],[73.5453235524,19.946306969023],[73.545338410071,19.94629995474],[73.54535287014,19.946293101426],[73.545366945314,19.946286406682],[73.545380648397,19.946279868063],[73.545393992297,19.946273483071],[73.545406990024,19.946267249161],[73.545419654803,19.94626116369],[73.545432001112,19.946255223453],[73.545444039685,19.946249427407],[73.545455780306,19.946243774394],[73.545467235416,19.946238261791],[73.54547841829,19.946232886598],[73.5454893423,19.946227645802],[73.545500020911,19.946222536384],[73.545510467673,19.946217555335],[73.545520696214,19.946212699669],[73.545530720219,19.946207966436],[73.545540552796,19.946203353042],[73.545550202724,19.946198858852],[73.545559681728,19.946194480932],[73.545569006402,19.946190214277],[73.54557831561,19.946185998686],[73.545596221255,19.946178032104],[73.545613920068,19.946170357408],[73.54563130248,19.946163020181],[73.545648368276,19.946156016946],[73.545665118848,19.946149343671],[73.545681554346,19.946142997005],[73.545697667489,19.946136976291],[73.545713453298,19.946131279192],[73.545728910234,19.946125902215],[73.545744038339,19.94612084161],[73.545758836222,19.946116094637],[73.545773293165,19.946111661081],[73.545787398528,19.946107538337],[73.545801150595,19.946103721189],[73.545814549565,19.946100204374],[73.545827597286,19.946096982817],[73.545840298439,19.946094051537],[73.545852643649,19.946091409716],[73.545864603715,19.946089057346],[73.545876163159,19.946086987731],[73.54588732536,19.946085191182],[73.545898098404,19.946083658584],[73.545908496407,19.946082381809],[73.54591851877,19.946081356647],[73.5459281224,19.946080580559],[73.5459372882,19.946080041652],[73.545946034062,19.946079727922],[73.545954360147,19.946079629112],[73.545962292022,19.946079732499],[73.545969850359,19.946080027115],[73.545977031952,19.946080500243],[73.545983820043,19.946081135033],[73.545990298851,19.946081922743],[73.545996562764,19.946082871448],[73.546002557743,19.946083968019],[73.5460081525,19.946085169901],[73.546013444247,19.94608646901],[73.546019667244,19.946088197297],[73.546028867197,19.946091247563],[73.546038410407,19.946095083149],[73.546047018974,19.94609918168],[73.546052389231,19.946102047045],[73.546056921173,19.946104628322],[73.546061558879,19.946107443248],[73.546066256361,19.946110474087],[73.546070977056,19.94611369948],[73.546075736717,19.946117128599],[73.546080567431,19.946120786064],[73.546085475262,19.946124679587],[73.546090463133,19.946128813355],[73.546095526977,19.946133185091],[73.546100662358,19.94613779095],[73.546105864743,19.94614262889],[73.546111142679,19.946147706779],[73.546116513464,19.946153041183],[73.546121977359,19.946158633569],[73.546127528863,19.946164474158],[73.546133182427,19.946170573335],[73.546138954841,19.946176945766],[73.546144859324,19.946183603735],[73.546150895449,19.946190544705],[73.546157056245,19.946197754033],[73.54616334882,19.946205230579],[73.546169787073,19.946212982219],[73.546176383001,19.946221015573],[73.54618314472,19.946229333281],[73.546190072517,19.946237927654],[73.546197169731,19.946246791313],[73.546204447101,19.946255926131],[73.546211915114,19.946265334109],[73.546219583334,19.946275016425],[73.546227458614,19.946284971054],[73.546235546846,19.946295193692],[73.546243856918,19.946305683089],[73.546252398744,19.946316439606],[73.546261180504,19.946327461522],[73.546270214635,19.946338751808],[73.54627948729,19.946350284416],[73.546288950691,19.946361998886],[73.546298581577,19.94637386946],[73.54630833043,19.946385838668],[73.546328209424,19.946410118517],[73.546368726301,19.946459181964],[73.546388833433,19.94648336188],[73.546398774304,19.946495281598],[73.54640862533,19.946507072915],[73.546418343263,19.946518686062],[73.546427902513,19.946530092439],[73.546437277533,19.946541263507],[73.546446442829,19.946552170788],[73.546455372912,19.946562785814],[73.546464041882,19.946573079603],[73.546472423154,19.946583022306],[73.546480490686,19.946592584766],[73.546488218423,19.946601737807],[73.54649558167,19.946610453864],[73.546499114446,19.946614634146],[73.546502548151,19.946618696396],[73.546505877021,19.946622634002],[73.546509097785,19.946626443297],[73.546512207473,19.946630120999],[73.546515202962,19.946633663588],[73.546520906278,19.946640404188],[73.546526272996,19.946646732819],[73.546531269356,19.946652599372],[73.546540800072,19.946663661315],[73.546550040213,19.946674101806],[73.546554352217,19.946678832465],[73.54655884705,19.94668363806],[73.546563416636,19.946688379045],[73.546568109594,19.94669308386],[73.546572924097,19.946697734793],[73.546577826958,19.94670228622],[73.546582839172,19.946706746872],[73.546587950697,19.946711113697],[73.546593087139,19.946715330966],[73.546598236145,19.946719400501],[73.546603420518,19.946723361054],[73.546608631879,19.946727225528],[73.546613887857,19.946731026398],[73.54661911242,19.946734727109],[73.546630562448,19.946742662883],[73.546636379634,19.94674663759],[73.546642645289,19.946750897354],[73.546649280618,19.946755397142],[73.546656364504,19.946760199009],[73.546663928955,19.946765328003],[73.546671927747,19.946770754413],[73.546680322848,19.946776454082],[73.546689076685,19.94678240317],[73.54669815205,19.946788578085],[73.546707510391,19.946794954332],[73.546717109936,19.946801505203],[73.546726934234,19.94680822127],[73.546746956712,19.946821950904],[73.546767319305,19.946835981287],[73.546787632647,19.946850060221],[73.546797738769,19.946857101054],[73.546807683319,19.946864056797],[73.546817461728,19.94687092668],[73.546827029916,19.946877682306],[73.546836339078,19.94688429122],[73.54684534412,19.946890723647],[73.546854002365,19.946896951738],[73.546862269585,19.94690294678],[73.546870029036,19.946908626138],[73.546873810744,19.946911416031],[73.546877405404,19.946914083496],[73.546880859477,19.946916662911],[73.546884166799,19.946919149825],[73.546887309038,19.946921530664],[73.546890388638,19.946923883262],[73.546895955598,19.946928188073],[73.54690133391,19.946932407198],[73.546910967563,19.946940079119],[73.546915719885,19.946943887736],[73.546920426282,19.946947646094],[73.546922707839,19.946949452602],[73.546925104607,19.946951334658],[73.546927590372,19.946953267935],[73.546930114787,19.946955208453],[73.546932660123,19.946957132829],[73.546935292299,19.946959081897],[73.546938081154,19.946961098039],[73.546941060534,19.946963195998],[73.546944186779,19.946965333792],[73.546947442141,19.94696748325],[73.54695088087,19.94696966479],[73.54695452539,19.946971876672],[73.546958376596,19.946974101206],[73.546962431828,19.946976318628],[73.546966675323,19.946978502981],[73.546971101178,19.946980633755],[73.546975736709,19.946982707506],[73.546980550389,19.946984698561],[73.54698544469,19.94698655668],[73.546990428444,19.946988276581],[73.546995535357,19.946989868308],[73.547000676628,19.946991305937],[73.54700576389,19.946992568082],[73.547010817835,19.946993666831],[73.547015846403,19.946994615555],[73.547020781642,19.946995412863],[73.547025597328,19.946996066686],[73.547030296128,19.946996591751],[73.54703487542,19.946997001096],[73.547039346581,19.946997308443],[73.547043701577,19.946997525998],[73.547047924927,19.946997664213],[73.547052043623,19.946997733538],[73.547056100361,19.946997744099],[73.547060079385,19.946997704688],[73.547063972144,19.946997621514],[73.547067827971,19.946997499344],[73.547071469623,19.946997351613],[73.547079087045,19.946996958124],[73.547095053113,19.946995867375],[73.5471115071,19.946994510602],[73.547129001168,19.946992929922],[73.547147487373,19.94699119292],[73.547166847389,19.946989365612],[73.547186948246,19.946987514475],[73.547207598613,19.946985706832],[73.547228614111,19.946984009877],[73.547249780168,19.946982489682],[73.547270655826,19.946981225403],[73.54728129335,19.946980688207],[73.547291626355,19.946980243996],[73.547301824733,19.946979889845],[73.54731185679,19.946979633529],[73.547321677292,19.946979481379],[73.547331252195,19.946979438104],[73.547340544198,19.946979508716],[73.547349590299,19.946979695333],[73.547358429887,19.946979997167],[73.547367050526,19.946980411944],[73.547375446617,19.946980937658],[73.547383608676,19.946981571044],[73.547391537226,19.946982309148],[73.547399244291,19.946983150926],[73.54740672135,19.946984094563],[73.547413935518,19.94698513226],[73.547420875834,19.946986256152],[73.547427554417,19.946987462614],[73.547433989483,19.946988750794],[73.547440203412,19.94699012302],[73.547446169774,19.946991572351],[73.547451844597,19.946993081207],[73.547457240514,19.946994644395],[73.547513283815,19.947012287683],[73.547533571172,19.947064275283],[73.547535123049,19.947068454164],[73.547536680237,19.947072852851],[73.547538249223,19.947077497889],[73.547539832018,19.94708240748],[73.547541423452,19.947087580054],[73.547543013188,19.947092990904],[73.547544598727,19.947098631617],[73.547546183535,19.947104516096],[73.547547769666,19.947110656301],[73.547549357424,19.947117059924],[73.547550942841,19.947123717842],[73.547552523417,19.947130619154],[73.547554107334,19.947137795906],[73.547555700589,19.947145268154],[73.547557303112,19.947153018101],[73.54755891762,19.947161040286],[73.547560544374,19.947169320391],[73.547562183802,19.947177837861],[73.547563839455,19.947186583463],[73.547565515563,19.947195552884],[73.547567215852,19.947204740256],[73.547568943662,19.947214138465],[73.547570702022,19.947223739359],[73.547572493045,19.947233530193],[73.547574319248,19.947243496611],[73.547576184995,19.947253630916],[73.547578094975,19.947263928278],[73.547580053622,19.947274382798],[73.547582065252,19.947284988205],[73.547584134078,19.947295737902],[73.547586264221,19.947306625001],[73.547588459523,19.947317641359],[73.547590723864,19.94732877806],[73.547593061848,19.947340027927],[73.547595478434,19.947351385538],[73.547597978558,19.947362845521],[73.547600567093,19.94737440237],[73.547603248858,19.947386050464],[73.547606028625,19.947397784123],[73.547608910872,19.947409596634],[73.547611899849,19.947421479561],[73.547615000589,19.947433425584],[73.547618218734,19.947445429804],[73.547621559939,19.947457487524],[73.54762502981,19.947469594009],[73.547628633911,19.947481744503],[73.54763237747,19.947493933276],[73.547636265495,19.947506153302],[73.547640304951,19.947518401342],[73.547644499337,19.9475306656],[73.547648851812,19.947542933537],[73.547653366323,19.947555197365],[73.547658045857,19.94756745314],[73.547662894543,19.947579700045],[73.547667916319,19.947591936733],[73.547673116482,19.947604164585],[73.547678500292,19.947616386498],[73.547684071544,19.94762860246],[73.547689833579,19.947640811326],[73.547695789774,19.947653011972],[73.547701943545,19.947665203296],[73.547708298498,19.947677384498],[73.547714859636,19.947689557449],[73.547721631945,19.947701725366],[73.547728618816,19.947713889212],[73.547735822794,19.947726048335],[73.547743246436,19.947738202051],[73.547750892326,19.947750349662],[73.547758763101,19.947762490502],[73.54776686261,19.947774625698],[73.547775195506,19.947786758394],[73.547783765373,19.947798890911],[73.547792574758,19.947811023962],[73.547801626214,19.947823158225],[73.547810922285,19.947835294328],[73.547820465507,19.947847432854],[73.54783025882,19.947859574856],[73.547840306222,19.947871722899],[73.547850611459,19.947883879885],[73.547861177553,19.947896047672],[73.547872007678,19.947908228277],[73.54788310498,19.947920423663],[73.547894472564,19.947932635738],[73.547906113524,19.947944866387],[73.547918031343,19.94795711791],[73.547930229938,19.947969393265],[73.547942714029,19.947981696121],[73.547955482096,19.947994024737],[73.547968537013,19.948006380409],[73.547982107566,19.9480189622],[73.547988908281,19.948025166869],[73.547995945128,19.94803151519],[73.548003120322,19.948037914318],[73.54801044119,19.948044367269],[73.548017916748,19.94805087839],[73.548025558483,19.948057454806],[73.548033376336,19.948064102566],[73.548041378962,19.948070826557],[73.548049574961,19.948077631576],[73.548057972866,19.948084522331],[73.54806658115,19.94809150344],[73.548075408307,19.948098579513],[73.548084464789,19.948105756713],[73.548093761891,19.948113042463],[73.548103309883,19.948120443344],[73.548113119117,19.94812796584],[73.548123200313,19.948135616714],[73.548133564084,19.948143402643],[73.548144220937,19.94815133022],[73.54815518128,19.94815940597],[73.54816645549,19.948167636397],[73.548178054184,19.948176028207],[73.548189988588,19.948184588626],[73.548202269829,19.948193324619],[73.548214909426,19.948202243414],[73.548227918902,19.948211352256],[73.548241309715,19.948220658354],[73.548255093265,19.948230168888],[73.548269280899,19.948239891015],[73.54828388401,19.948249831936],[73.548298913982,19.9482599989],[73.548314382013,19.948270398979],[73.548330299145,19.948281038908],[73.548346676928,19.948291925764],[73.548363526917,19.948303066636],[73.548380860649,19.948314468611],[73.54839868965,19.948326138777],[73.548417025434,19.948338084223],[73.54843587951,19.948350312042],[73.548455285717,19.948362843756],[73.548465156807,19.948369198292],[73.548475187786,19.948375642748],[73.548485356966,19.948382163125],[73.548495665782,19.948388760313],[73.548506115674,19.9483954352],[73.548516708079,19.948402188678],[73.548527444437,19.948409021637],[73.548538326184,19.948415934969],[73.548549354761,19.948422929565],[73.548560531607,19.948430006318],[73.54857185816,19.94843716612],[73.548583335862,19.948444409865],[73.548594966151,19.948451738447],[73.548606750397,19.948459152714],[73.548618689906,19.948466653452],[73.548630786132,19.948474241517],[73.548643040577,19.948481917822],[73.548655454651,19.948489683227],[73.548668029763,19.948497538589],[73.548680767323,19.948505484768],[73.548693668741,19.948513522623],[73.548706735429,19.948521653012],[73.548719968798,19.948529876797],[73.548733370259,19.948538194838],[73.548746941225,19.948546607995],[73.548760683108,19.948555117129],[73.548774597322,19.948563723104],[73.54878868528,19.94857242678],[73.548802948397,19.948581229021],[73.548817388086,19.948590130689],[73.548832005763,19.948599132647],[73.548846802843,19.94860823576],[73.548861780743,19.948617440892],[73.548876940878,19.948626748907],[73.548892284665,19.94863616067],[73.548907813522,19.948645677046],[73.548923528866,19.948655298901],[73.548939432116,19.9486650271],[73.548955524689,19.948674862511],[73.548971808004,19.948684805999],[73.548988283482,19.948694858431],[73.549004952541,19.948705020675],[73.549021816602,19.948715293599],[73.549038877086,19.948725678069],[73.549056135412,19.948736174954],[73.549073593003,19.948746785123],[73.549091251278,19.948757509442],[73.549109111627,19.948768348761],[73.5491271754,19.948779303891],[73.549145444005,19.948790375686],[73.549163918848,19.948801565002],[73.549182601331,19.948812872692],[73.549201492855,19.94882429961],[73.549220594823,19.948835846608],[73.549239908636,19.94884751454],[73.549259435698,19.948859304261],[73.54927917741,19.948871216624],[73.549299135176,19.948883252483],[73.549319310399,19.948895412693],[73.549339704483,19.94890769811],[73.549360318832,19.948920109586],[73.54938115485,19.948932647978],[73.549402213942,19.948945314141],[73.549423497512,19.94895810893],[73.549445006965,19.948971033201],[73.549466743707,19.94898408781],[73.549488709143,19.948997273612],[73.549559806506,19.949039933711]]},{"type":"LineString","coordinates":[[73.539342647112,19.944968742032],[73.540053682619,19.944816336723]]},{"type":"LineString","coordinates":[[73.540053682619,19.944816336723],[73.540062826532,19.944813748418],[73.540071970527,19.94481116037],[73.54008111461,19.944808572604],[73.54009025879,19.944805985145],[73.540099403075,19.944803398019],[73.540108547474,19.944800811248],[73.540117691993,19.94479822486],[73.54012683664,19.944795638877],[73.540135981422,19.944793053325],[73.540145126348,19.944790468227],[73.540154271425,19.944787883609],[73.540163416662,19.944785299494],[73.540172562064,19.944782715906],[73.54018170764,19.94478013287],[73.540190853398,19.944777550409],[73.540199999344,19.944774968547],[73.540209145487,19.944772387307],[73.540218291833,19.944769806714],[73.540227438389,19.944767226791],[73.540236585164,19.94476464756],[73.540245732165,19.944762069045],[73.540254879397,19.944759491269],[73.540264026869,19.944756914254],[73.540273174588,19.944754338024],[73.540282322561,19.944751762601],[73.540291470794,19.944749188008],[73.540300619294,19.944746614266],[73.540309768069,19.944744041398],[73.540318917125,19.944741469425],[73.540328066471,19.94473889837],[73.540337216295,19.94473632882],[73.54034636731,19.944733763063],[73.540355520338,19.944731203726],[73.540364676211,19.944728653497],[73.540373835753,19.944726115103],[73.54038299969,19.944723590933],[73.540392168681,19.944721083236],[73.540401343381,19.944718594285],[73.540410524436,19.944716126374],[73.540419712511,19.944713681931],[73.540428908289,19.944711263539],[73.54043811246,19.944708873863],[73.540447325696,19.944706515636],[73.540456548606,19.944704191476],[73.54046578176,19.94470190398],[73.540475025716,19.944699655835],[73.540484281017,19.944697449823],[73.540493548185,19.944695288827],[73.540502827725,19.94469317584],[73.540512120113,19.944691113966],[73.540521425797,19.944689106435],[73.54053074519,19.944687156605],[73.540540078665,19.944685267972],[73.540549426547,19.944683444175],[73.5405587891,19.944681688977],[73.540568166456,19.944680005957],[73.540577558649,19.944678398637],[73.540586965643,19.944676870685],[73.540596387321,19.94467542592],[73.540605823481,19.944674068318],[73.540615273823,19.944672802018],[73.540624737936,19.944671631328],[73.54063421529,19.944670560728],[73.540643705217,19.944669594873],[73.540653206895,19.944668738597],[73.540662719328,19.944667996808],[73.540672241308,19.944667374188],[73.540681771437,19.944666875443],[73.540691308116,19.944666505378],[73.540700849539,19.944666268876],[73.540710393669,19.944666170884],[73.540719938233,19.944666216398],[73.540729480705,19.944666410434],[73.540739018293,19.944666757981],[73.540748548002,19.944667263022],[73.540758066842,19.944667926481],[73.540767572196,19.944668744906],[73.540777061748,19.944669713592],[73.540786533362,19.944670828277],[73.540795985102,19.94467208484],[73.540805415204,19.944673479263],[73.540814822093,19.944675007489],[73.540824204381,19.944676665466],[73.54083356084,19.944678449216],[73.540842890396,19.944680354827],[73.540852192143,19.944682378378],[73.540861465305,19.94468451604],[73.540870709219,19.94468676414],[73.540879923318,19.944689119162],[73.540889107122,19.944691577733],[73.540898260274,19.944694136487],[73.540907382549,19.944696792024],[73.540916473795,19.944699541072],[73.540925533928,19.944702380495],[73.54093456292,19.944705307284],[73.540943560793,19.944708318557],[73.540952527615,19.944711411548],[73.540961463495,19.944714583611],[73.540970368575,19.944717832206],[73.54097924303,19.944721154899],[73.540988087062,19.944724549357],[73.540996900922,19.94472801328],[73.541005684974,19.944731544268],[73.541014439609,19.944735139995],[73.541023165239,19.944738798235],[73.541031862276,19.944742516862],[73.541040531151,19.944746293839],[73.541049172299,19.944750127221],[73.54105778615,19.944754015135],[73.541066373155,19.944757955797],[73.54107493376,19.944761947492],[73.541083468415,19.944765988573],[73.541091977571,19.94477007746],[73.541100461679,19.944774212623],[73.541108921299,19.94477839241],[73.54111735709,19.944782615047],[73.541125769739,19.944786878774],[73.541134159956,19.944791181853],[73.54114252847,19.944795522561],[73.541150876031,19.944799899201],[73.541159203409,19.944804310095],[73.541167511379,19.944808753581],[73.541175800744,19.944813228026],[73.541184072322,19.94481773181],[73.541192327051,19.944822263154],[73.541200566027,19.944826820065],[73.541208790367,19.944831400554],[73.541217001204,19.944836002658],[73.541225199676,19.944840624432],[73.541233386928,19.944845263955],[73.541241564112,19.944849919331],[73.541249732378,19.944854588685],[73.541257892881,19.944859270166],[73.541266046769,19.944863961944],[73.541274195223,19.944868662157],[73.541282339461,19.944873368902],[73.541290480689,19.944878080297],[73.541298620107,19.944882794488],[73.541306758896,19.944887509646],[73.541314898222,19.944892223975],[73.541323039227,19.944896935707],[73.54133118303,19.944901643112],[73.541339330731,19.944906344504],[73.541347483345,19.944911038272],[73.541355641871,19.944915722846],[73.541363807297,19.944920396658],[73.541371980603,19.944925058136],[73.541380162771,19.944929705694],[73.541388354781,19.944934337724],[73.541396557608,19.944938952597],[73.541404771793,19.944943549351],[73.541412997207,19.944948128115],[73.541421233656,19.944952689111],[73.541429480946,19.944957232565],[73.541437738882,19.9449617587],[73.541446007272,19.944966267744],[73.541454285924,19.944970759925],[73.54146257465,19.944975235472],[73.541470873248,19.94497969461],[73.54147918154,19.944984137577],[73.541487499341,19.944988564608],[73.541495826467,19.944992975936],[73.541504162734,19.9449973718],[73.541512507961,19.945001752437],[73.541520861966,19.945006118086],[73.541529224572,19.945010468988],[73.5415375956,19.945014805384],[73.541545974873,19.945019127517],[73.541554362216,19.945023435631],[73.541562757455,19.945027729971],[73.541571160417,19.945032010782],[73.541579570931,19.945036278313],[73.541587988827,19.94504053281],[73.541596413934,19.945044774523],[73.541604846086,19.945049003702],[73.541613285114,19.945053220597],[73.541621730855,19.945057425461],[73.541630183142,19.945061618546],[73.541638641813,19.945065800104],[73.541647106704,19.945069970392],[73.541655577656,19.945074129662],[73.541664054506,19.945078278172],[73.541672537097,19.945082416178],[73.541681025269,19.945086543936],[73.541689518866,19.945090661706],[73.541698017731,19.945094769744],[73.541706521713,19.945098868303],[73.541715030662,19.945102957635],[73.541723544428,19.945107037991],[73.541732062863,19.945111109625],[73.541740585818,19.94511517279],[73.541749113148,19.945119227743],[73.541757644705,19.945123274738],[73.541766180343,19.945127314032],[73.541774719917,19.945131345882],[73.541783263281,19.945135370545],[73.541791810292,19.945139388279],[73.541800360805,19.945143399344],[73.541808914677,19.945147403999],[73.541817471769,19.945151402505],[73.541826031934,19.94515539512],[73.541834595033,19.945159382107],[73.541843160924,19.945163363726],[73.541851729468,19.945167340239],[73.541860300524,19.945171311909],[73.541868873952,19.945175278997],[73.541877449614,19.945179241767],[73.54188602737,19.94518320048],[73.541894607083,19.9451871554],[73.541903188615,19.945191106791],[73.541911771828,19.945195054916],[73.541920356586,19.945199000038],[73.54192894275,19.945202942421],[73.541937530185,19.945206882329],[73.541946118755,19.945210820024],[73.541954708323,19.945214755772],[73.541963298755,19.945218689835],[73.541971889898,19.945222622508],[73.541980481267,19.945226554742],[73.541989072059,19.945230488107],[73.541997661447,19.945234424216],[73.542006248552,19.945238364769],[73.542014832244,19.945242311966],[73.542023411241,19.945246268278],[73.54203198422,19.945250236232],[73.542040549821,19.945254218415],[73.542049106631,19.94525821747],[73.542057653181,19.945262236103],[73.542066187933,19.94526627708],[73.5420747093,19.945270343237],[73.542083215651,19.94527443741],[73.542091705435,19.945278562215],[73.542100177062,19.945282720265],[73.542108628857,19.945286914251],[73.542117059045,19.945291146942],[73.542125465749,19.945295421194],[73.542133846976,19.945299739951],[73.542142200607,19.945304106246],[73.54215052439,19.945308523215],[73.542158815921,19.945312994091],[73.542167072638,19.945317522211],[73.542175291818,19.945322110982],[73.542183470778,19.945326763566],[73.542191606781,19.945331483014],[73.54219969691,19.945336272457],[73.542207738055,19.945341135099],[73.542215726898,19.945346074219],[73.542223659903,19.945351093164],[73.542231533298,19.945356195344],[73.54223934306,19.945361384226],[73.542247084904,19.945366663322],[73.542254754272,19.945372036172],[73.5422623464,19.945377506224],[73.542269856393,19.945383076731],[73.542277279212,19.945388750743],[73.542284610274,19.945394530438],[73.542291847651,19.945400414767],[73.542298991514,19.945406400406],[73.542306043454,19.945412482755],[73.542313005344,19.945418657177],[73.542319879023,19.945424919358],[73.542326666306,19.94543126525],[73.542333369216,19.94543769084],[73.542339989962,19.945444192159],[73.542346530853,19.945450765372],[73.542352994338,19.945457406705],[73.54235938302,19.945464112441],[73.542365699532,19.94547087904],[73.542371946506,19.94547770313],[73.542378126556,19.945484581497],[73.542384242284,19.945491511084],[73.542390296268,19.945498488988],[73.542396291057,19.945505512444],[73.542402229164,19.945512578827],[73.542408113072,19.94551968564],[73.542413945256,19.945526830477],[73.542419728409,19.945534010869],[73.542425465266,19.945541224396],[73.542431158502,19.945548468758],[73.542436810741,19.945555741775],[73.542442424542,19.945563041364],[73.542448002408,19.945570365545],[73.542453546788,19.945577712429],[73.542459060071,19.945585080211],[73.542464544592,19.945592467163],[73.542470002634,19.945599871634],[73.542475436442,19.945607292022],[73.542480848389,19.945614726683],[73.542486240891,19.945622173969],[73.542491616309,19.945629632291],[73.542496976955,19.945637100116],[73.542502325091,19.945644575957],[73.542507662928,19.945652058379],[73.542512992633,19.945659545985],[73.542518316327,19.945667037415],[73.542523636084,19.945674531348],[73.542528953939,19.945682026488],[73.542534271883,19.945689521573],[73.542539591875,19.945697015356],[73.54254491595,19.945704506538],[73.54255024622,19.94571199378],[73.542555584758,19.945719475755],[73.542560933592,19.945726951149],[73.542566294715,19.94573441867],[73.542571670076,19.945741877033],[73.542577061589,19.945749324965],[73.542582471127,19.945756761203],[73.542587900526,19.945764184487],[73.542593351584,19.945771593564],[73.542598826064,19.945778987184],[73.542604325689,19.945786364099],[73.542609852163,19.945793723041],[73.542615407301,19.945801062658],[73.542620992939,19.945808381548],[73.54262661087,19.945815678301],[73.542632262855,19.945822951502],[73.542637950614,19.945830199722],[73.542643675833,19.945837421523],[73.542649440157,19.945844615455],[73.542655245195,19.945851780054],[73.542661092514,19.94585891384],[73.542666983645,19.945866015322],[73.542672920052,19.945873083008],[73.542678902129,19.945880116173],[73.542684929049,19.945887115024],[73.542691000125,19.945894079663],[73.542697114625,19.945901010251],[73.542703271738,19.945907907024],[73.542709470642,19.945914770244],[73.542715710503,19.945921600197],[73.542721990481,19.945928397192],[73.542728309726,19.945935161567],[73.542734667383,19.945941893681],[73.542741062588,19.945948593918],[73.542747494473,19.945955262684],[73.542753962165,19.945961900412],[73.542760464789,19.945968507558],[73.542767001458,19.945975084596],[73.542773571288,19.945981632022],[73.54278017339,19.945988150359],[73.542786806872,19.945994640146],[73.542793470836,19.946001101952],[73.542800164375,19.946007536365],[73.542806886592,19.94601394399],[73.542813636598,19.946020325438],[73.542820413512,19.946026681333],[73.542827216464,19.946033012307],[73.542834044587,19.946039319004],[73.542840897025,19.946045602076],[73.542847772926,19.946051862187],[73.542854671444,19.946058100009],[73.542861591741,19.946064316228],[73.542868532994,19.946070511516],[73.542875494493,19.94607668646],[73.542882475555,19.946082841621],[73.542889475493,19.946088977588],[73.542896493603,19.946095094964],[73.542903529179,19.946101194376],[73.542910581503,19.94610727647],[73.542917649849,19.94611334191],[73.542924733487,19.946119391377],[73.54293183168,19.946125425571],[73.542938943685,19.946131445206],[73.542946068754,19.94613745101],[73.542953206137,19.946143443729],[73.542960355076,19.946149424116],[73.542967514815,19.946155392939],[73.542974684594,19.946161350976],[73.542981863675,19.946167298991],[73.54298905192,19.946173237102],[73.542996249848,19.946179164712],[73.543003458008,19.946185081193],[73.543010676938,19.946190985916],[73.543017907174,19.946196878255],[73.543025149241,19.946202757584],[73.543032403657,19.946208623281],[73.543039670932,19.946214474726],[73.543046951574,19.946220311306],[73.54305424607,19.946226132406],[73.543061554897,19.94623193741],[73.543068878524,19.946237725711],[73.543076217409,19.946243496706],[73.543083571998,19.946249249797],[73.543090942725,19.946254984389],[73.543098330013,19.946260699894],[73.543105734273,19.946266395731],[73.543113155903,19.946272071316],[73.543120595294,19.946277726068],[73.543128052831,19.946283359406],[73.543135528889,19.946288970747],[73.543143023837,19.946294559509],[73.543150538033,19.946300125109],[73.54315807183,19.946305666965],[73.543165625574,19.946311184497],[73.543173199595,19.946316677118],[73.543180794218,19.946322144244],[73.543188409758,19.946327585291],[73.543196046521,19.946332999674],[73.543203704804,19.946338386808],[73.543211384896,19.946343746108],[73.543219087076,19.946349076992],[73.54322681161,19.946354378873],[73.543234558757,19.946359651168],[73.543242328767,19.946364893293],[73.543250121877,19.946370104665],[73.543257938317,19.946375284702],[73.543265778304,19.946380432821],[73.543273642044,19.946385548442],[73.543281529735,19.946390630986],[73.543289441568,19.946395679865],[73.543297377725,19.946400694489],[73.543305338382,19.946405674271],[73.543313323695,19.946410618624],[73.543321333815,19.946415526969],[73.543329368874,19.946420398727],[73.543337428994,19.946425233326],[73.543345514285,19.946430030199],[73.543353624842,19.94643478878],[73.543361760746,19.94643950851],[73.543369922068,19.946444188839],[73.543378108862,19.946448829217],[73.54338632117,19.946453429103],[73.543394559023,19.946457987967],[73.543402822414,19.946462505312],[73.54341111132,19.94646698066],[73.54341942572,19.946471413525],[73.543427765582,19.946475803408],[73.543436130875,19.946480149808],[73.543444521567,19.946484452212],[73.543452937616,19.9464887101],[73.543461378983,19.946492922936],[73.543469845633,19.946497090159],[73.54347833753,19.94650121119],[73.543486854633,19.946505285446],[73.54349539689,19.946509312334],[73.54350396425,19.946513291253],[73.543512556648,19.946517221596],[73.543521174019,19.946521102744],[73.543529816285,19.946524934076],[73.543538483362,19.946528714957],[73.54354717516,19.94653244475],[73.543555891582,19.946536122806],[73.543564632523,19.946539748453],[73.543573397887,19.946543320987],[73.543582187569,19.946546839695],[73.543591001451,19.946550303853],[73.543599839402,19.946553712729],[73.543608701287,19.946557065584],[73.543617586956,19.946560361673],[73.543626496248,19.94656360024],[73.543635428988,19.946566780522],[73.543644384993,19.946569901752],[73.543653364064,19.946572963153],[73.543662365987,19.946575963943],[73.543671390538,19.946578903332],[73.543680437476,19.946581780527],[73.543689506547,19.946584594727],[73.543698597481,19.946587345128],[73.543707709993,19.946590030919],[73.543716843781,19.946592651289],[73.543725998541,19.946595205382],[73.543735173972,19.94659769226],[73.543744369759,19.946600110967],[73.543753585567,19.946602460548],[73.543762821037,19.946604740045],[73.543772075791,19.946606948503],[73.543781349424,19.946609084965],[73.543790641513,19.946611148479],[73.54379995161,19.946613138092],[73.54380927924,19.946615052858],[73.54381862391,19.946616891835],[73.543827985097,19.946618654086],[73.543837362258,19.946620338684],[73.543846754824,19.946621944707],[73.543856162201,19.946623471245],[73.543865583769,19.946624917398],[73.543875018886,19.94662628228],[73.543884466882,19.946627565015],[73.543893927066,19.946628764753],[73.543903398715,19.946629880696],[73.543912881081,19.94663091205],[73.543922373398,19.946631858002],[73.543931874883,19.946632717722],[73.54394138473,19.946633490361],[73.543950902111,19.946634175053],[73.543960426171,19.946634770914],[73.543969956035,19.946635277048],[73.543979490799,19.946635692542],[73.543989029533,19.946636016471],[73.543998571277,19.946636247896],[73.544008115043,19.946636385868],[73.544017659812,19.946636429429],[73.544027204532,19.946636377612],[73.544036748146,19.946636230286],[73.54404628977,19.946635993567],[73.54405582874,19.946635675514],[73.54406536461,19.94663528306],[73.544074897061,19.946634822293],[73.544084425967,19.946634299898],[73.544093951386,19.946633723393]]},{"type":"LineString","coordinates":[[73.538630836708,19.939888597536],[73.539374072603,19.940408900852],[73.539401795784,19.940463154544],[73.53941715441,19.940493211042],[73.539432513042,19.940523267539],[73.53944787168,19.940553324036],[73.539463230323,19.940583380531],[73.539478587803,19.940613434739],[73.539493949152,19.9406435001],[73.539509307011,19.94067355863],[73.539526052963,19.940706333932],[73.53953676028,19.940730659073],[73.539543310746,19.940747822117],[73.539549600946,19.940764303229],[73.539557075852,19.940786244141],[73.53956488216,19.940811690705],[73.539572469727,19.940836424222],[73.539581041537,19.940866090572],[73.539588087068,19.940900683593],[73.539594303369,19.940931205147],[73.539600520945,19.940961732953],[73.539604873409,19.940983089693],[73.539608913594,19.941002910876],[73.539613293044,19.941024396491],[73.539618149728,19.941052993685],[73.539623007041,19.941084671323],[73.539627867591,19.941116370057],[73.539632205501,19.941148151806],[73.539633700435,19.941170493533],[73.539634959385,19.941189308486],[73.53963645329,19.94121163483],[73.539636422328,19.941228897268],[73.539636395961,19.941242659801],[73.539636366564,19.941258002261],[73.53963590158,19.941272043818],[73.539635332196,19.941283634652],[73.539634720829,19.941296080108],[73.539633217607,19.941314428961],[73.539630826799,19.941337554905],[73.539628500446,19.941360057381],[73.539625249698,19.941388940208],[73.539620877818,19.941404259599],[73.539618863905,19.941411316498],[73.539615642451,19.941422604706],[73.539607585407,19.941443845778],[73.539600028842,19.941462937018],[73.539593415755,19.941479185041],[73.539558075769,19.941577946401],[73.539500365579,19.941741360602],[73.539442369677,19.941905583435],[73.539391154724,19.942045124802],[73.539347333062,19.942094342469],[73.539226410204,19.942221616052],[73.539092760991,19.942341637032],[73.539040028765,19.942407391341],[73.538784298876,19.942697754361],[73.538773797941,19.942711070467],[73.538763050488,19.942725397886],[73.538753077997,19.94273942073],[73.538743848076,19.942753159744],[73.538735327067,19.942766638121],[73.538727480336,19.942779881816],[73.538720272677,19.942792919793],[73.538713668798,19.942805784153],[73.538707633883,19.942818510128],[73.538702134186,19.942831135905],[73.538697137619,19.942843702282],[73.53869261428,19.942856252151],[73.538688536872,19.942868829855],[73.538684880986,19.94288148043],[73.538680730128,19.9428977591],[73.53867773182,19.942911949549],[73.538677210144,19.942914426443],[73.538676711936,19.942916803396],[73.538676190154,19.942919308051],[73.538675665489,19.94292184634],[73.538675139405,19.942924416085],[73.538674612785,19.942927017582],[73.538674086505,19.942929651728],[73.538673561548,19.94293231851],[73.538673039235,19.942935016888],[73.538672520285,19.942937748923],[73.538672006089,19.942940513044],[73.538671497952,19.942943308915],[73.538670996502,19.94294613981],[73.538670503352,19.942949003071],[73.53867000771,19.942951971864],[73.538669780631,19.942953366345],[73.538669545661,19.942954835491],[73.538669313645,19.942956313309],[73.538669084856,19.942957799568],[73.538668859249,19.942959295356],[73.53866863728,19.942960798987],[73.538668419044,19.942962310974],[73.538668204703,19.942963831572],[73.538667994422,19.942965360797],[73.538667788306,19.942966899325],[73.538667586634,19.942968446341],[73.538667389762,19.94297000071],[73.538667197588,19.942971564937],[73.538667010427,19.942973137637],[73.538666828384,19.942974720089],[73.538666651782,19.942976310547],[73.538666480914,19.942977909006],[73.538666315759,19.942979516959],[73.538666156692,19.942981133208],[73.538666003818,19.942982758574],[73.538665857367,19.942984392997],[73.53866571751,19.942986036862],[73.538665584565,19.942987688938],[73.538665458817,19.942989348529],[73.538665340325,19.94299101812],[73.538665229288,19.942992697336],[73.538665126054,19.94299438481],[73.538665030832,19.942996080638],[73.53866494388,19.942997784752],[73.538664865355,19.942999498364],[73.538664795485,19.943001221556],[73.538664734566,19.94300295265],[73.538664682852,19.943004691865],[73.538664640535,19.943006440663],[73.538664607858,19.943008198085],[73.538664585105,19.943009963879],[73.538664572489,19.943011737718],[73.538664570307,19.9430135202],[73.538664578754,19.943015312034],[73.538664598114,19.943017112766],[73.538664628544,19.943018918615],[73.538664669755,19.943020714844],[73.538664721514,19.94302250291],[73.538664785148,19.943024326981],[73.538664855471,19.943026047406],[73.538664937836,19.943027817562],[73.538665029499,19.94302957243],[73.538665130595,19.943031319284],[73.538665240809,19.943033057257],[73.538665359967,19.943034786147],[73.538665487984,19.94303650868],[73.538665624464,19.943038222533],[73.538665769129,19.943039926683],[73.538665921823,19.943041621927],[73.538666082479,19.943043309724],[73.538666250731,19.943044988964],[73.538666426423,19.943046659662],[73.538666609399,19.943048322852],[73.538666799274,19.943049976642],[73.538666995817,19.943051620884],[73.538667199144,19.943053258011],[73.538667408873,19.943054887139],[73.538667624527,19.943056505617],[73.538667846354,19.943058116897],[73.538668074109,19.943059720837],[73.538668307243,19.94306131486],[73.538668545884,19.943062900972],[73.538668789832,19.94306447941],[73.538669038682,19.943066048574],[73.538669292462,19.943067609871],[73.538669550845,19.943069162473],[73.538669798551,19.943070617595],[73.538670353699,19.943073776108],[73.538670908136,19.943076807192],[73.538671477273,19.943079806628],[73.538672059507,19.943082773086],[73.538672653559,19.943085706671],[73.538673258325,19.943088608347],[73.538673872768,19.943091479154],[73.538674492839,19.943094306478],[73.538675465148,19.943098636303],[73.538678243269,19.943112167679],[73.53868083769,19.943122779781],[73.538683822562,19.943133281529],[73.538687193512,19.943143663903],[73.538690946147,19.943153917744],[73.538695076047,19.943164033796],[73.538699578763,19.943174002733],[73.538704449822,19.943183815199],[73.538709684739,19.943193461839],[73.538715279035,19.943202933328],[73.538721228259,19.943212220401],[73.538734751061,19.943231740087],[73.538753651223,19.943246758413],[73.538764514935,19.943255390864],[73.538765193918,19.943255930392],[73.538765533409,19.943256200157],[73.538766344387,19.943256844571],[73.538768426785,19.943258548974],[73.538781397283,19.943269169138],[73.538807289081,19.943290369187]]},{"type":"LineString","coordinates":[[73.544095917105,19.946742183728],[73.544633150272,19.946720891557],[73.544687806498,19.946699172477],[73.544704342499,19.946692582989],[73.544720676803,19.946686055481],[73.544736811177,19.946679589554],[73.544752747387,19.946673184809],[73.544768487202,19.946666840846],[73.544784032388,19.946660557267],[73.544799384713,19.94665433367],[73.544814545943,19.946648169659],[73.544829517847,19.946642064833],[73.544844302194,19.946636018791],[73.544858900814,19.946630031103],[73.544873315467,19.946624101372],[73.544887547876,19.946618229218],[73.544901599767,19.946612414263],[73.544915472864,19.946606656128],[73.54492916889,19.946600954435],[73.54494268957,19.946595308805],[73.544956036628,19.946589718858],[73.544969211789,19.946584184216],[73.544982216775,19.9465787045],[73.544995053313,19.946573279332],[73.545007723125,19.946567908333],[73.545020227936,19.946562591123],[73.54503256947,19.946557327324],[73.545044749451,19.946552116558],[73.545056769604,19.946546958444],[73.545068631653,19.946541852606],[73.545080337321,19.946536798663],[73.545091888333,19.946531796237],[73.545114533286,19.946521944422],[73.545136580386,19.94651229407],[73.545158043033,19.946502842338],[73.545178934077,19.946493586712],[73.545199266359,19.946484524679],[73.545219052718,19.946475653728],[73.545238305997,19.946466971349],[73.545257039037,19.946458475029],[73.545275264678,19.946450162258],[73.545292995762,19.946442030524],[73.545310245129,19.946434077316],[73.545327025622,19.946426300122],[73.545343349858,19.946418696594],[73.545359229436,19.94641126494],[73.545374675679,19.946404003489],[73.545389699915,19.94639691057],[73.545404313469,19.946389984512],[73.545418527668,19.946383223642],[73.545432353838,19.94637662629],[73.545445803303,19.946370190785],[73.545458887392,19.946363915454],[73.545471617428,19.946357798627],[73.545484004633,19.946351838714],[73.545496058527,19.946346035291],[73.545507789663,19.946340386845],[73.545519209197,19.946334891362],[73.545530328287,19.946329546827],[73.545541158088,19.946324351227],[73.545551709758,19.946319302547],[73.545561994454,19.946314398772],[73.545572023332,19.946309637888],[73.54558180755,19.946305017881],[73.545591358263,19.946300536735],[73.545600686881,19.946296192187],[73.545609807109,19.946291979969],[73.545618733179,19.946287895701],[73.545627479222,19.946283935135],[73.545644520828,19.94627635298],[73.545661180872,19.946269128723],[73.545677489517,19.94626224474],[73.545693445427,19.946255696966],[73.545709047264,19.946249481337],[73.545724292745,19.946243594202],[73.545739174211,19.946238033708],[73.545753685288,19.94623279666],[73.545767820025,19.946227879635],[73.545781572469,19.946223279211],[73.545794936767,19.946218992115],[73.545807906351,19.946215014692],[73.54582047301,19.946211341684],[73.545832628427,19.946207967717],[73.545844364285,19.946204887418],[73.545855672269,19.946202095412],[73.545866544062,19.946199586327],[73.545876971056,19.946197354997],[73.545886942602,19.94619539374],[73.545896447194,19.946193692029],[73.545905473322,19.946192239279],[73.545914009477,19.946191024907],[73.545922044148,19.946190038326],[73.545929565826,19.946189268954],[73.545936561817,19.946188703594],[73.545943019298,19.946188323924],[73.545948926845,19.94618811201],[73.54595428941,19.94618804837],[73.545959140482,19.946188111601],[73.545963504201,19.946188281694],[73.545967404582,19.946188538654],[73.545970865803,19.946188862331],[73.545973919176,19.946189233568],[73.545976605506,19.946189640428],[73.545978966237,19.946190072241],[73.54598104281,19.946190518337],[73.545982878812,19.94619096907],[73.545984524001,19.946191425981],[73.545987434601,19.946192390998],[73.545990159423,19.946193486153],[73.54599304136,19.94619485824],[73.545994631655,19.946195706762],[73.545996368247,19.94619669588],[73.545998274223,19.946197852741],[73.546000364725,19.946199201544],[73.546002654747,19.946200766192],[73.546005159268,19.946202570585],[73.54600788769,19.946204636349],[73.546010841757,19.946206979896],[73.54601402367,19.946209616952],[73.546017422936,19.94621255162],[73.546021014994,19.946215773294],[73.54602478361,19.946219277907],[73.546028739332,19.9462230837],[73.546032888696,19.946227204958],[73.546037236598,19.946231655111],[73.546041785549,19.946236440942],[73.546046537652,19.946241567608],[73.546051495009,19.946247040264],[73.546056659723,19.946252864066],[73.546062033662,19.946259043589],[73.546067618024,19.946265578381],[73.546073415194,19.946272466315],[73.546079427704,19.946279705367],[73.546085658085,19.946287293517],[73.546092108868,19.946295228743],[73.546098782819,19.94630350821],[73.546105684182,19.946312127279],[73.54611281777,19.946321081623],[73.546120188397,19.946330366926],[73.546127800879,19.946339978871],[73.546135660042,19.946349913134],[73.546143771533,19.946360165177],[73.546152141922,19.946370730718],[73.546160777757,19.946381605628],[73.546169685584,19.946392785778],[73.546178871164,19.946404265344],[73.546188303273,19.946415996278],[73.546197918092,19.946427898192],[73.546207687226,19.946439939174],[73.546217590039,19.946452097415],[73.546237703388,19.94647666352],[73.54627848605,19.946526048853],[73.546298762772,19.946550432728],[73.546308784046,19.946562448862],[73.546318693388,19.946574309991],[73.546328465393,19.946585987763],[73.546338074654,19.946597453824],[73.546347495766,19.946608679822],[73.546356703323,19.946619637404],[73.54636567192,19.946630298218],[73.54637437578,19.946640633444],[73.546382788274,19.946650613193],[73.546390883145,19.946660208065],[73.546398634092,19.946669388604],[73.54640601435,19.946678124803],[73.546409557046,19.946682316827],[73.546412996944,19.946686386407],[73.546416330555,19.946690329622],[73.546419554353,19.946694142508],[73.546422665349,19.94669782176],[73.546425672439,19.946701378072],[73.546431426125,19.946708178208],[73.546436907387,19.946714641918],[73.546442182813,19.946720836145],[73.546452395757,19.946732689932],[73.546462655955,19.946744282999],[73.546467990714,19.946750135718],[73.546473538062,19.946756066599],[73.546479344359,19.946762090686],[73.546485438687,19.946768200416],[73.546491794351,19.946774340152],[73.546498373964,19.946780448147],[73.546505116709,19.946786448899],[73.546511933079,19.946792272193],[73.546518736723,19.946797858317],[73.546525446265,19.946803161229],[73.546532020412,19.946808183489],[73.54653843416,19.946812939593],[73.546544697642,19.946817469044],[73.546550857073,19.94682183195],[73.546563101984,19.946830318643],[73.546569344543,19.946834583996],[73.546575775982,19.946838956472],[73.546582476374,19.946843500384],[73.546589564053,19.946848304825],[73.546597110742,19.946853421777],[73.54660508063,19.94685882858],[73.54661343693,19.946864501908],[73.546622142853,19.946870418436],[73.546631161611,19.946876554838],[73.546640454856,19.946882886735],[73.546649980891,19.946889387443],[73.546659698878,19.946896030837],[73.546679547476,19.946909641243],[73.546699674068,19.946923509022],[73.546719743631,19.946937419],[73.546729648321,19.946944319499],[73.546739408096,19.946951146003],[73.546748979678,19.946957870582],[73.546758317742,19.94696446373],[73.546767370772,19.946970890809],[73.546776086769,19.946977116771],[73.546784413732,19.946983106565],[73.546792299377,19.946988824905],[73.546799681659,19.946994228206],[73.546803162003,19.946996795773],[73.546806489861,19.946999265256],[73.546809654557,19.947001628572],[73.546812644731,19.947003877009],[73.546815441686,19.947005996232],[73.546818077176,19.947008009562],[73.546823067044,19.947011868122],[73.546827807512,19.947015586879],[73.546836979647,19.947022891265],[73.546841672595,19.947026652301],[73.546846639988,19.947030619081],[73.546849285327,19.94703271363],[73.546852070069,19.947034900341],[73.546855018316,19.947037193309],[73.546858158457,19.947039607138],[73.546861520209,19.947042148758],[73.546865133066,19.947044823999],[73.546869026522,19.94704763869],[73.546873230069,19.947050598658],[73.546877773896,19.947053705827],[73.546882682468,19.947056946871],[73.546887975782,19.947060304967],[73.546893673917,19.9470637632],[73.546899791176,19.947067296655],[73.546906320349,19.947070866841],[73.546913250197,19.947074434005],[73.546920568262,19.947077957198],[73.5469282397,19.947081389094],[73.546936210133,19.947084685859],[73.546944424526,19.94708780445],[73.546952822226,19.94709070251],[73.546961327496,19.947093353439],[73.546969866621,19.947095741194],[73.546978365957,19.947097849873],[73.546986752737,19.947099673195],[73.546994972817,19.947101224052],[73.547002978058,19.947102517332],[73.547010720984,19.947103568584],[73.547018172457,19.947104401245],[73.547025323394,19.947105040472],[73.547032165723,19.947105510813],[73.547038694382,19.947105836954],[73.547044921827,19.947106040755],[73.547050865553,19.947106140799],[73.547056542964,19.947106155579],[73.547061974747,19.947106101779],[73.547067186787,19.947105990418],[73.547072204634,19.94710583143],[73.547077053501,19.947105634726],[73.547086344987,19.947105154762],[73.547104164003,19.947103937426],[73.547121939578,19.947102471677],[73.54714012183,19.947100828817],[73.547158848869,19.947099069187],[73.547178097193,19.947097252422],[73.547197788543,19.947095438998],[73.547217759796,19.947093690802],[73.547237832907,19.947092069944],[73.547257785638,19.947090636894],[73.547277376797,19.947089450408],[73.547286953766,19.94708896677],[73.547296333489,19.947088563541],[73.547305476779,19.94708824603],[73.547314344195,19.94708801947],[73.54732289038,19.947087887064],[73.547331065514,19.947087850116],[73.547338833187,19.947087909144],[73.547346271272,19.947088062589],[73.547353448098,19.947088307647],[73.547360349792,19.947088639718],[73.547366970238,19.947089054252],[73.547373303278,19.947089545704],[73.547379342765,19.947090107947],[73.547385082554,19.947090734856],[73.547390516131,19.947091420597],[73.547395637562,19.947092157272],[73.547400441823,19.947092935258],[73.547404923896,19.947093744929],[73.547409078764,19.947094576656],[73.547412901407,19.947095420813],[73.547416386937,19.947096267508],[73.547419532577,19.94709710389],[73.547422337049,19.947097916341],[73.547424799077,19.947098691425],[73.547425700879,19.947101002352],[73.547426673901,19.947103622504],[73.547427711603,19.947106553772],[73.547428807443,19.94710979805],[73.547429954878,19.947113357229],[73.547431147371,19.947117233148],[73.547432379183,19.947121425771],[73.547433646356,19.94712593388],[73.547434945172,19.947130756467],[73.547436271909,19.947135892524],[73.547437622847,19.947141341042],[73.547438993865,19.947147098611],[73.547440383516,19.947153166302],[73.547441799767,19.947159583378],[73.547443249714,19.947166383545],[73.547444732353,19.947173553744],[73.547446246009,19.947181074842],[73.547447788767,19.947188927445],[73.547449360999,19.947197095832],[73.547450964739,19.947205567249],[73.547452602022,19.947214328939],[73.547454274885,19.947223368148],[73.547455985363,19.947232672121],[73.547457735491,19.947242228104],[73.547459527316,19.947252023359],[73.547461364055,19.947262047313],[73.547463250065,19.947272291725],[73.547465189535,19.947282748116],[73.54746718665,19.94729340801],[73.5474692456,19.947304262928],[73.54747137057,19.947315304394],[73.547473565749,19.94732652393],[73.547475835335,19.9473379131],[73.547478184011,19.947349464626],[73.54748061708,19.947361172063],[73.547483139879,19.947373028897],[73.547485757743,19.947385028616],[73.547488476011,19.947397164707],[73.547491300017,19.947409430658],[73.547494235099,19.947421819956],[73.547497286597,19.947434326151],[73.547500460295,19.94744694349],[73.547503762679,19.947459666409],[73.547507200288,19.9474724893],[73.547510779662,19.947485406556],[73.547514507339,19.947498412569],[73.547518389861,19.947511501732],[73.547522433765,19.947524668438],[73.547526646404,19.947537908753],[73.54753103631,19.947551219423],[73.547535607822,19.947564586408],[73.547540364908,19.947577994814],[73.547545309093,19.947591425894],[73.5475504412,19.947604866988],[73.547555765932,19.947618316324],[73.547561288037,19.947631772201],[73.547567012436,19.947645232779],[73.547572943055,19.947658696039],[73.547579083448,19.947672159962],[73.547585437164,19.947685622529],[73.547592007755,19.947699081722],[73.547598798772,19.947712535521],[73.547605813767,19.947725981909],[73.54761305612,19.947739418744],[73.547620528251,19.947752844058],[73.547628232331,19.947766256551],[73.547636170539,19.947779654949],[73.547644345053,19.947793037978],[73.547652758052,19.947806404366],[73.547661411713,19.947819752837],[73.547670308191,19.947833082117],[73.547679449132,19.947846391338],[73.547688836138,19.947859680706],[73.547698470924,19.947872950581],[73.547708355201,19.947886201326],[73.547718490685,19.9478994333],[73.547728879087,19.947912646866],[73.547739522121,19.947925842383],[73.547750421421,19.947939020444],[73.547761578823,19.94795218273],[73.547772996509,19.94796533121],[73.547784676666,19.947978467851],[73.54779662148,19.94799159462],[73.54780883314,19.948004713485],[73.547821313832,19.948017826411],[73.54783406578,19.948030935428],[73.547847091739,19.94804404336],[73.547860394561,19.948057153068],[73.547873973086,19.948070264255],[73.547887850968,19.948083398821],[73.547902171962,19.948096676381],[73.547909535813,19.948103394834],[73.547917043747,19.948110168152],[73.547924702283,19.948116998346],[73.547932517933,19.948123887426],[73.547940496541,19.9481308367],[73.547948644809,19.948137849037],[73.547956970269,19.948144928434],[73.547965480451,19.948152078889],[73.547974182887,19.948159304399],[73.547983085107,19.948166608963],[73.547992194641,19.948173996578],[73.548001519022,19.948181471242],[73.548011065793,19.948189036996],[73.548020843431,19.948196699325],[73.548030861859,19.948204464855],[73.548041131119,19.948212340139],[73.548051661256,19.948220331729],[73.548062462313,19.948228446178],[73.548073544335,19.94823669004],[73.548084917363,19.948245069866],[73.548096591444,19.94825359221],[73.548108576749,19.948262263743],[73.548120884668,19.948271092083],[73.548133526768,19.948280084768],[73.548146514539,19.948289249247],[73.548159859471,19.948298592969],[73.548173573055,19.948308123383],[73.548187666781,19.94831784794],[73.54820215214,19.948327774087],[73.548217040621,19.948337909275],[73.548232343878,19.948348261104],[73.548248074011,19.948358837414],[73.548264242839,19.948369645594],[73.548280862156,19.94838069301],[73.548297943757,19.948391987023],[73.548315499438,19.948403534998],[73.548333540994,19.948415344298],[73.548352080219,19.948427422286],[73.548371128908,19.948439776326],[73.548390698856,19.948452413781],[73.548400682988,19.948458841091],[73.548410801858,19.948465342015],[73.548421056941,19.948471917474],[73.54843144971,19.94847856839],[73.54844198164,19.948485295682],[73.548452654206,19.94849210027],[73.548463468881,19.948498983076],[73.548474427141,19.948505945019],[73.548485530459,19.94851298702],[73.54849678031,19.94852011],[73.548508178168,19.948527314878],[73.548519725508,19.948534602576],[73.548531423805,19.948541974013],[73.548543274531,19.94854943011],[73.548555279169,19.948556971766],[73.548567439178,19.948564599845],[73.548579755999,19.948572315225],[73.548592231068,19.948580118787],[73.548604865824,19.948588011411],[73.548617661705,19.948595993975],[73.54863062015,19.94860406736],[73.548643742596,19.948612232446],[73.548657030481,19.948620490113],[73.548670485244,19.948628841239],[73.548684108323,19.948637286706],[73.548697901155,19.948645827391],[73.548711865179,19.948654464177],[73.548726001834,19.948663197941],[73.548740312557,19.948672029564],[73.548754798786,19.948680959925],[73.54876946196,19.948689989905],[73.548784303517,19.948699120382],[73.548799324894,19.948708352238],[73.548814527531,19.948717686351],[73.548829912865,19.948727123601],[73.548845482333,19.948736664868],[73.548861237376,19.948746311031],[73.54887717943,19.948756062971],[73.548893309934,19.948765921567],[73.548909630325,19.948775887699],[73.548926142043,19.948785962246],[73.548942846525,19.948796146089],[73.548959745209,19.948806440106],[73.548976839534,19.948816845178],[73.548994130937,19.948827362185],[73.549011620858,19.948837992006],[73.549029310733,19.94884873552],[73.549047201997,19.948859593605],[73.549065296026,19.948870567088],[73.549083594222,19.94888165682],[73.549102098001,19.948892863664],[73.549120808778,19.948904188483],[73.54913972797,19.948915632139],[73.549158856991,19.948927195494],[73.549178197258,19.948938879412],[73.549197750186,19.948950684753],[73.549217517191,19.948962612382],[73.549237499689,19.94897466316],[73.549257699095,19.94898683795],[73.549278116825,19.948999137614],[73.549298754295,19.949011563015],[73.54931961292,19.949024115015],[73.549340694117,19.949036794478],[73.549361999301,19.949049602264],[73.549383529887,19.949062539237],[73.549405287292,19.949075606259],[73.549427272931,19.949088804193],[73.549547002738,19.949160644901]]},{"type":"LineString","coordinates":[[73.548018393552,19.946268165591],[73.548159914162,19.94641354495],[73.548018393552,19.946268165591]]},{"type":"LineString","coordinates":[[73.546190621849,19.944859601167],[73.546199757946,19.944857084848],[73.546208968449,19.944854824056],[73.546218245369,19.944852820753],[73.546227580657,19.944851076677],[73.546236966214,19.94484959334],[73.546246393898,19.944848372031],[73.54625585553,19.944847413807],[73.546265342902,19.944846719501],[73.546274847782,19.944846289715],[73.546284361924,19.944846124822],[73.546293877075,19.944846224965],[73.54630338498,19.944846590057],[73.54631287739,19.944847219781],[73.54632234607,19.94484811359],[73.546331782805,19.944849270711],[73.546341179408,19.944850690138],[73.546350527728,19.94485237064],[73.546359819654,19.944854310759],[73.546369047126,19.944856508813],[73.546378202136,19.944858962893],[73.546387276744,19.944861670872],[73.546396263077,19.9448646304],[73.546405153337,19.944867838909],[73.546413939814,19.944871293616],[73.546422614883,19.944874991523],[73.546431171019,19.944878929423],[73.546439600799,19.944883103899],[73.546447896909,19.94488751133],[73.546456052152,19.944892147891],[73.546464059454,19.944897009561],[73.546471911867,19.944902092122],[73.546479602578,19.944907391164],[73.546487124917,19.94491290209],[73.546494472356,19.944918620119],[73.546501638521,19.94492454029],[73.546508617196,19.944930657467],[73.546515402325,19.944936966344],[73.546521988023,19.944943461447],[73.546528368576,19.944950137141],[73.546684295358,19.945117692373],[73.546980565571,19.945424857209],[73.547324682505,19.945851151671],[73.54744331915,19.945901650465],[73.547484310983,19.945912198875],[73.547561862115,19.945920955725],[73.54768807351,19.945924942662],[73.547840685604,19.945936968958],[73.548009362397,19.945987202164],[73.548110859642,19.946047501382],[73.548184727627,19.946118892453],[73.548336555783,19.946274860213],[73.548459725328,19.94643069533],[73.548502848217,19.946494498608],[73.54853259153,19.946544585165],[73.548562632858,19.946603663611],[73.548589159919,19.946668775672],[73.548613297911,19.94674732561],[73.548639076306,19.946855913729],[73.548657418812,19.946930548685],[73.548673553162,19.946980125797],[73.548687912506,19.947012208313],[73.548706321998,19.947044252414],[73.54874170686,19.947096131915],[73.548750086768,19.947107462771],[73.54922164648,19.947412446967],[73.549704477381,19.947701420857],[73.550764549524,19.947956948587]]},{"type":"LineString","coordinates":[[73.540435045847,19.94365420925],[73.540468732326,19.943651062583],[73.54053610528,19.943644769229],[73.540723198818,19.943627292555],[73.541240851755,19.943807401049],[73.541677467517,19.943947209507],[73.542006829329,19.944052661317],[73.54245058653,19.944207641246],[73.543119966642,19.944675147494],[73.543565066116,19.945139204732],[73.543982792577,19.945461260375],[73.544326118675,19.945632709349],[73.544652002457,19.94548993304],[73.545187124069,19.945305861427],[73.545282523627,19.945263446399],[73.545502743584,19.9451607563],[73.545917363729,19.944949001681],[73.546190621849,19.944859601167]]},{"type":"LineString","coordinates":[[73.538882332825,19.943208412994],[73.53893411646,19.943250813076],[73.53914125128,19.943420413272],[73.539193035055,19.943462813287],[73.539207200135,19.943474411501],[73.53945192578,19.943680556121],[73.539456250106,19.943684200538],[73.539466253754,19.943690559811],[73.539507603414,19.943716845587],[73.539590302775,19.943769417111],[73.539673002193,19.9438219886],[73.539683256898,19.943828507446],[73.539804106193,19.943832872339],[73.539849546249,19.943834513544],[73.540011121262,19.943746258422],[73.540052161281,19.9437238416],[73.540072681287,19.943712633184],[73.540086523962,19.943705072051],[73.540131371736,19.943682575475],[73.540177471948,19.943678269284],[73.54017971383,19.943678059871],[73.540184197593,19.943677641045],[73.540255937803,19.943670939811],[73.540399418212,19.943657537256],[73.540435045704,19.943654209264]]},{"type":"LineString","coordinates":[[73.539289802142,19.941990638166],[73.539260822926,19.942023185732],[73.539144169547,19.942145965549],[73.539007051918,19.942269101213],[73.538950263184,19.942339913733],[73.538694236732,19.942630613304]]},{"type":"LineString","coordinates":[[73.53855800691,19.943095634044],[73.538558697102,19.943099271471],[73.538559401278,19.943102859229],[73.538560114784,19.943106382725],[73.5385608359,19.943109842666],[73.53856156288,19.943113239278],[73.538562294068,19.94311657327],[73.538563114802,19.94312022812],[73.538566089053,19.943134714842],[73.538569597764,19.943149066753],[73.538573634598,19.943163269681],[73.538578193556,19.943177311097],[73.538583268641,19.943191178476],[73.538588853853,19.94320485929],[73.538594943196,19.943218341011],[73.538601530669,19.943231611113],[73.538608610276,19.943244657068],[73.538616176017,19.94325746635],[73.538624221894,19.94327002643],[73.538632741909,19.943282324782],[73.538641730064,19.943294348879],[73.53865118036,19.943306086193],[73.538652393842,19.943307532569],[73.538653003252,19.943308253996],[73.538653418024,19.943308714227],[73.538654097006,19.943309253756],[73.53865545497,19.943310332813],[73.538658170897,19.943312490927],[73.53867989832,19.943329755841],[73.538690762033,19.943338388296],[73.538691441016,19.943338927825],[73.538691780507,19.943339197589],[73.538691950252,19.943339332471],[73.538693407546,19.94334052524],[73.538706353449,19.943351125275],[73.53873224526,19.943372325344],[73.538784028902,19.943414725471],[73.538991163752,19.943584325842],[73.539042947534,19.943626725901],[73.539055893484,19.943637325913],[73.539299414987,19.943842456414],[73.539308385231,19.943850016302],[73.539312870353,19.943853796245],[73.539317659292,19.943857356537],[73.539338334127,19.943870499444],[73.539379683808,19.94389678525],[73.539462383212,19.943949356836],[73.539545082673,19.944001928387],[73.539586432424,19.944028214149],[73.539607107305,19.944041357027],[73.539609695062,19.944042827841],[73.53961230999,19.944042922291],[73.539617539846,19.944043111189],[73.539627999557,19.944043488985],[73.539795354956,19.944049533645],[73.539879032665,19.944052555916],[73.539899952093,19.944053311478],[73.53990518195,19.944053500368],[73.539906489414,19.94405354759],[73.539907780238,19.944053096315],[73.539910345245,19.944051695266],[73.539920605275,19.944046091068],[73.539961645386,19.944023674273],[73.540125805718,19.94393400699],[73.540166845773,19.943911590143],[73.540187365797,19.943900381716],[73.540197625807,19.943894777501],[73.540198890358,19.943894143177],[73.5402000113,19.94389403847],[73.540202253185,19.943893829057],[73.540206736954,19.943893410231],[73.540278477262,19.943886708994],[73.540421957866,19.943873306433],[73.54045758539,19.943869978441],[73.540491271914,19.943866831773],[73.54055864496,19.943860538416],[73.540693391042,19.943847951624],[73.541164481717,19.944011859557],[73.54160392795,19.94415257442],[73.541930330319,19.944257078751],[73.542340579081,19.944400356128],[73.54296542804,19.944836761367],[73.54340681287,19.945296946198],[73.543855566725,19.945642923385],[73.544319466974,19.945874584212],[73.544739546991,19.945690538808],[73.54527527639,19.945506258112],[73.545382016692,19.945458800945],[73.545607964318,19.945353439984],[73.546009935559,19.945148145416],[73.546265591171,19.945064503824],[73.546275496219,19.945063117148],[73.546285500347,19.945062718408],[73.546295493663,19.945063311984],[73.546305366394,19.945064891356],[73.546315010092,19.945067439175],[73.546324318824,19.945070927454],[73.546333190338,19.945075317875],[73.546341527184,19.945080562213],[73.546349237785,19.945086602859],[73.546356237441,19.945093373459],[73.546513512038,19.945262377234],[73.546804394824,19.945563956921],[73.547177639469,19.946026335515],[73.547365677743,19.946106375822],[73.547440377484,19.946125598281],[73.547544409111,19.946137345242],[73.547674716485,19.946141461586],[73.547796180247,19.946151033316],[73.547912355381,19.946185631152],[73.547965926018,19.94621745733],[73.548018393552,19.946268165591],[73.548159914162,19.94641354495],[73.548271040137,19.946554142662],[73.548306123209,19.946606050576],[73.548329101497,19.946644745185],[73.548351988639,19.946689754526],[73.548371694458,19.946738123656],[73.548391130639,19.946801373234],[73.548415541067,19.946904199584],[73.548435901099,19.946987044259],[73.548457840157,19.947054458181],[73.5484811039,19.947106435602],[73.548508957393,19.947154918322],[73.548551343415,19.947217062688],[73.548586139769,19.947264112497],[73.549095569834,19.947593589886],[73.549612587684,19.947903024755],[73.550707911165,19.948167049965]]},{"type":"LineString","coordinates":[[73.538694236732,19.942630613304],[73.538681080451,19.942647296611],[73.538668716958,19.942663778361],[73.538657112483,19.94268009601],[73.538646247024,19.942696269558],[73.538636100579,19.942712319004],[73.538626653145,19.942728264347],[73.538617884719,19.942744125586],[73.5386097753,19.942759922722],[73.538602304883,19.942775675752],[73.538595453468,19.942791404676],[73.538589201051,19.942807129494],[73.538583527629,19.942822870204],[73.5385784132,19.942838646805],[73.538573837762,19.942854479298],[73.538568752173,19.942874423701],[73.538565318158,19.94289067622],[73.538564786933,19.94289319824],[73.538564244892,19.942895783791],[73.538563693019,19.94289843288],[73.538563132265,19.942901145755],[73.538562563769,19.942903922664],[73.538561988673,19.942906763616],[73.53856140818,19.942909669101],[73.538560823527,19.942912639126],[73.538560236042,19.942915674183],[73.538559647086,19.942918774762],[73.538559058152,19.942921940634],[73.538558470723,19.94292517277],[73.538557886415,19.942928471423],[73.538557306815,19.942931836604],[73.538556733723,19.942935269287],[73.538556450123,19.942937010856],[73.538556168853,19.942938769485],[73.538555890108,19.942940544937],[73.538555614136,19.942942337693],[73.538555341162,19.942944147515],[73.538555071472,19.942945974405],[73.538554805285,19.942947818605],[73.538554542887,19.942949680116],[73.538554284566,19.942951558702],[73.538554030539,19.942953454843],[73.538553781094,19.942955368303],[73.538553536516,19.942957299322],[73.53855329712,19.942959247903],[73.538553063164,19.942961213809],[73.538552834959,19.942963197522],[73.538552612765,19.942965198563],[73.538552396958,19.942967217416],[73.538552187793,19.942969253842],[73.538551985617,19.942971308085],[73.538551790751,19.942973379905],[73.538551603509,19.942975469547],[73.538551424208,19.942977577012],[73.5385512532,19.942979702062],[73.538551090832,19.942981844941],[73.538550937483,19.942984005651],[73.538550793443,19.942986183955],[73.538550659089,19.942988380095],[73.538550534771,19.942990594074],[73.538550420903,19.942992825655],[73.538550317834,19.942995074841],[73.538550302257,19.942995459011]]},{"type":"LineString","coordinates":[[73.538699047018,19.939801465424],[73.539464997723,19.940337669977],[73.539505017211,19.940415987198],[73.539520375854,19.940446043688],[73.539535734502,19.940476100178],[73.539551093156,19.940506156666],[73.539566451815,19.940536213153],[73.53958181048,19.940566269639],[73.539597173016,19.940596337286],[73.539612530895,19.940626395814],[73.539630664962,19.940661887899],[73.539643657497,19.940691404608],[73.539651143549,19.940711018967],[73.539658109067,19.940729269464],[73.539666709345,19.940754513599],[73.539674983923,19.940781486545],[73.539682821017,19.940807033397],[73.539692784562,19.940841516345],[73.539700659352,19.940880180828],[73.539706875674,19.94091070238],[73.539713091998,19.940941223931],[73.539717442872,19.940962572793],[73.53972148274,19.94098239235],[73.539726200474,19.941005537509],[73.539731479122,19.941036619183],[73.539736461837,19.941069114493],[73.539741451023,19.941101651997],[73.539746382055,19.941137779067],[73.539748112992,19.941163647568],[73.539749371955,19.941182462521],[73.539751100834,19.941208300256],[73.539751063566,19.941229087373],[73.539751037196,19.941242856181],[73.539751004749,19.941259797406],[73.53975045974,19.941276255886],[73.539749850159,19.941288665184],[73.539749156615,19.941302783726],[73.53974742745,19.941323890701],[73.539744924353,19.941348102963],[73.539742550166,19.94137106829],[73.539738289598,19.941408923582],[73.539731559765,19.941432505472],[73.539729545856,19.941439562372],[73.539725116872,19.941455081891],[73.539715228854,19.941481150071],[73.539707209988,19.941501409324],[73.53970125318,19.941516044926],[73.539666741937,19.941612490455],[73.539609104036,19.941775700266],[73.539550894842,19.941940527371],[73.539492507378,19.942099611384],[73.539433843276,19.942165499168],[73.539308650939,19.942297266521],[73.539178470142,19.942414172814],[73.539129794423,19.942474868908],[73.538874361096,19.942764895376],[73.538866515507,19.942774844278],[73.538857384094,19.942787017365],[73.538849043585,19.942798745401],[73.538841449201,19.942810049881],[73.538834553624,19.942820957187],[73.538828307595,19.942831499232],[73.538822660701,19.942841713945],[73.53881756236,19.942851645528],[73.538812962942,19.942861344445],[73.538808814961,19.942870867074],[73.538805074241,19.942880275007],[73.538801700981,19.942889634035],[73.538798660591,19.942899012838],[73.538795924253,19.942908481495],[73.53879270812,19.94292109443],[73.538790159277,19.942933157684],[73.538789654824,19.942935552811],[73.538789179862,19.942937818862],[73.538788687323,19.942940183153],[73.538788198747,19.942942546856],[73.538787715076,19.942944909437],[73.538787236931,19.942947271478],[73.538786764863,19.942949634286],[73.538786299601,19.942951997824],[73.538785842459,19.942954359522],[73.538785393517,19.942956723013],[73.538784954058,19.942959085385],[73.538784525211,19.94296144499],[73.53878410662,19.942963808126],[73.538783699919,19.942966169467],[73.538783281725,19.94296867437],[73.538783111167,19.942969721764],[73.538782922497,19.942970901425],[73.53878273721,19.942972081611],[73.538782555603,19.942973261372],[73.538782377362,19.942974443126],[73.538782203114,19.942975623498],[73.53878203283,19.942976803272],[73.538781866544,19.942977982955],[73.538781704304,19.94297916282],[73.538781546098,19.942980343734],[73.538781392197,19.942981524307],[73.538781243031,19.942982702026],[73.538781098078,19.942983881898],[73.538780957712,19.942985061391],[73.53878082183,19.942986242583],[73.538780690819,19.942987422459],[73.538780564891,19.942988600523],[73.538780443746,19.942989780003],[73.538780327785,19.942990958259],[73.538780216904,19.94299213717],[73.538780111243,19.942993316374],[73.538780010829,19.942994496639],[73.538779915946,19.942995675741],[73.538779826817,19.942996852045],[73.538779743182,19.942998030516],[73.538779665147,19.942999210644],[73.538779593033,19.943000389452],[73.538779526906,19.94300156713],[73.538779466869,19.943002743776],[73.538779412887,19.943003921813],[73.538779365069,19.943005101164],[73.538779323622,19.94300627895],[73.538779288643,19.943007455363],[73.538779260134,19.943008633567],[73.538779238235,19.943009811399],[73.538779223064,19.943010988835],[73.5387792147,19.943012164974],[73.538779213261,19.943013341251],[73.538779218816,19.943014519323],[73.538779231488,19.943015698036],[73.538779251393,19.94301687919],[73.538779278391,19.943018055877],[73.53877931245,19.943019232458],[73.53877935479,19.943020446105],[73.538779400771,19.943021571008],[73.538779456128,19.943022760676],[73.538779517532,19.943023936237],[73.538779585606,19.943025112484],[73.538779660102,19.943026287202],[73.538779740983,19.943027460711],[73.538779828496,19.943028638224],[73.538779922196,19.94302981486],[73.538780021874,19.943030989058],[73.53878012754,19.94303216217],[73.538780239403,19.943033337356],[73.538780357113,19.943034512163],[73.538780480646,19.943035686861],[73.538780610071,19.943036863281],[73.538780744903,19.943038037641],[73.538780885027,19.943039209889],[73.53878103096,19.943040384892],[73.538781182293,19.943041560403],[73.53878133835,19.943042731604],[73.53878149995,19.943043905402],[73.538781666887,19.943045081033],[73.53878183838,19.943046253588],[73.53878201494,19.943047427079],[73.538782196486,19.943048601742],[73.538782382491,19.943049774621],[73.538782573265,19.943050948292],[73.538782768443,19.943052121099],[73.538782937717,19.943053115474],[73.538783383172,19.94305564988],[73.538783812153,19.943057995087],[73.538784257422,19.943060341713],[73.538784717713,19.943062686869],[73.538785192309,19.943065030543],[73.538785680724,19.943067373955],[73.53878618263,19.943069718957],[73.538786691583,19.943072039613],[73.538787815469,19.943077044412],[73.538790397457,19.943089620443],[73.538792077584,19.943096492738],[73.538794010489,19.943103293307],[73.538796193425,19.943110016638],[73.538798623606,19.943116656944],[73.53880129819,19.943123208235],[73.538804214275,19.943129664389],[73.538807368916,19.943136019221],[73.53881075914,19.943142266547],[73.538814381988,19.943148400246],[73.538818234555,19.943154414314],[73.538821410072,19.943158998056],[73.538827404048,19.943163760949],[73.538838267759,19.943172393395],[73.538838946742,19.943172932923],[73.538839286233,19.943173202687],[73.538840738444,19.943174356633],[73.538843462322,19.943176586076],[73.538856441017,19.943187212947],[73.538882332825,19.943208412994]]},{"type":"LineString","coordinates":[[73.539283215693,19.940480265319],[73.539298574298,19.940510321826],[73.539313932908,19.940540378332],[73.539329291524,19.940570434837],[73.539344650146,19.940600491341],[73.539360008772,19.940630547844],[73.539375367405,19.940660604346],[73.539390725235,19.940690662862],[73.539406083069,19.940720721381],[73.539421440909,19.9407507799],[73.539429863014,19.940769913471],[73.539435477897,19.940784625198],[73.539441092781,19.940799336924],[73.539447442321,19.940817974612],[73.539454780359,19.940841894794],[73.5394621184,19.940865814976],[73.539469298482,19.940890664727],[73.53947551476,19.940921186284],[73.539481731039,19.940951707841],[73.539487947321,19.940982229398],[73.539492303257,19.941003603256],[73.539496344424,19.941023429328],[73.539500385591,19.941043255399],[73.539504820316,19.941069368113],[73.539509552228,19.941100228078],[73.539514284142,19.941131088044],[73.539518028937,19.94115852447],[73.539519287873,19.941177339423],[73.539520546809,19.941196154376],[73.539521805746,19.941214969329],[73.539521781073,19.941228719628],[73.53952175473,19.941242463335],[73.539521728387,19.941256207042],[73.539521343431,19.941267831676],[73.539520814245,19.941278604047],[73.539520285059,19.941289376417],[73.539519007783,19.941304967149],[73.539516729266,19.941327006774],[73.539514450747,19.941349046399],[73.539512209831,19.941368956763],[73.539510195914,19.94137601366],[73.539508181997,19.941383070558],[73.539506168079,19.941390127455],[73.539499942014,19.941406541423],[73.539492847753,19.94142446465],[73.539485578384,19.941442325093],[73.539449409653,19.941543402284],[73.539391627173,19.941707020875],[73.539333844563,19.941870639436],[73.539289802142,19.941990638166]]},{"type":"LineString","coordinates":[[73.544582341548,19.946505895326],[73.544591150611,19.946502397102],[73.544599957699,19.946498894438],[73.54460876279,19.946495387287],[73.54461756586,19.946491875603],[73.544626366887,19.94648835934],[73.544635165844,19.946484838452],[73.544643962708,19.946481312889],[73.544652757452,19.946477782604],[73.544661550053,19.946474247547],[73.544670340483,19.946470707668],[73.544679128716,19.946467162915],[73.544687914726,19.946463613238],[73.544696698484,19.946460058584],[73.544705479964,19.9464564989],[73.544714259136,19.946452934131],[73.544723035972,19.946449364224],[73.544731810442,19.946445789122],[73.544740582517,19.946442208768],[73.544749352166,19.946438623107],[73.544758119358,19.946435032079],[73.544766884063,19.946431435625],[73.544775646247,19.946427833687],[73.544784405878,19.946424226202],[73.544793162924,19.946420613111],[73.54480191735,19.94641699435],[73.544810669122,19.946413369856],[73.544819418207,19.946409739564],[73.544828164567,19.946406103411],[73.544836908168,19.946402461331],[73.544845648973,19.946398813255],[73.544854386944,19.946395159118],[73.544863122045,19.94639149885],[73.544871854236,19.946387832383],[73.544880583479,19.946384159646],[73.544889309735,19.946380480568],[73.544898032963,19.946376795078],[73.544906753123,19.946373103104],[73.544915470173,19.946369404572],[73.544924184071,19.946365699408],[73.544932894776,19.946361987539],[73.544941602245,19.946358268888],[73.544950306433,19.94635454338],[73.544959007298,19.946350810939],[73.544967704795,19.946347071489],[73.544976398879,19.946343324951],[73.544985089505,19.946339571249],[73.544993776627,19.946335810306],[73.5450024602,19.946332042043],[73.545011140177,19.946328266382],[73.545019816511,19.946324483247],[73.545028489537,19.946320692393],[73.54503715847,19.946316894067],[73.545045823621,19.946313088034],[73.545054484946,19.94630927422],[73.545063142396,19.946305452551],[73.545071795926,19.946301622952],[73.545080445491,19.946297785353],[73.545089091045,19.946293939683],[73.545097732545,19.946290085875],[73.545106369947,19.946286223863],[73.54511500321,19.946282353586],[73.545123632293,19.946278474983],[73.545132257157,19.946274588001],[73.545140877765,19.946270692588],[73.545149494083,19.946266788698],[73.545158106079,19.946262876292],[73.545166713725,19.946258955336],[73.545175316994,19.946255025803],[73.545183915866,19.946251087676],[73.545192510325,19.946247140945],[73.545201100358,19.946243185611],[73.54520968596,19.946239221687],[73.545218267133,19.946235249197],[73.545226843885,19.946231268182],[73.545235416233,19.946227278696],[73.545243984202,19.946223280813],[73.545252547831,19.946219274624],[73.545261107167,19.946215260244],[73.545269662273,19.94621123781],[73.545278213224,19.946207207488],[73.545286760112,19.946203169472],[73.545295303048,19.946199123987],[73.545303842163,19.946195071297],[73.545312377607,19.946191011703],[73.545320909557,19.946186945551],[73.545329438216,19.946182873234],[73.545337963816,19.946178795198],[73.545346486621,19.946174711946],[73.54535500693,19.946170624043],[73.54536352508,19.946166532124],[73.54537204145,19.946162436898],[73.545380556462,19.946158339154],[73.545389070588,19.946154239769],[73.545397584351,19.946150139716],[73.545406098328,19.946146040067],[73.545414613155,19.946141942004],[73.545423129529,19.946137846823],[73.54543164821,19.946133755943],[73.545440170418,19.946129670722],[73.545448696291,19.946125593205],[73.545457227153,19.946121525033],[73.545465764032,19.946117468168],[73.545474308019,19.94611342471],[73.545482860267,19.946109396904],[73.545491421984,19.94610538713],[73.545499994424,19.946101397902],[73.54550857888,19.946097431853],[73.545517176671,19.946093491725],[73.545525789127,19.946089580348],[73.545534417574,19.94608570062],[73.545543063299,19.94608185544],[73.545551727071,19.946078046737],[73.545560409115,19.946074275436],[73.545569109647,19.94607054244],[73.545577828884,19.946066848688],[73.54558656705,19.946063195162],[73.545595324368,19.946059582885],[73.545604101068,19.946056012925],[73.545612897423,19.94605248638],[73.545621713633,19.94604900443],[73.545630549923,19.946045568299],[73.545639406528,19.946042179265],[73.545648283686,19.946038838666],[73.545657181635,19.946035547906],[73.545666100615,19.946032308457],[73.545675040862,19.946029121867],[73.545684002613,19.946025989761],[73.545692986102,19.94602291385],[73.54570199156,19.946019895937],[73.545711019212,19.946016937919],[73.545720069279,19.946014041802],[73.545729141972,19.946011209702],[73.545738237491,19.946008443855],[73.545747356025,19.946005746632],[73.545756497746,19.946003120541],[73.545765662807,19.946000568243],[73.545774851338,19.945998092566],[73.545784063441,19.945995696515],[73.545793299185,19.945993383289],[73.545802558597,19.945991156297],[73.54581184166,19.945989019178],[73.545821148296,19.945986975818],[73.545830478364,19.945985030377],[73.545839831641,19.945983187311],[73.545849207809,19.9459814514],[73.54585860644,19.945979827776],[73.54586802697,19.945978321963],[73.545877468681,19.945976939908],[73.545886930664,19.945975688024],[73.545896411397,19.945974573281],[73.545905910295,19.945973603071],[73.545915425231,19.945972785549],[73.545924954121,19.945972129491],[73.545934494433,19.945971644413],[73.545944043102,19.94597134064],[73.54595359642,19.945971229156],[73.545963149954,19.945971320885],[73.54597269848,19.945971626874],[73.545982235915,19.945972158314],[73.545991755271,19.945972926369],[73.546001248617,19.945973941988],[73.546010707065,19.945975215663],[73.546020120794,19.945976757159],[73.546029479133,19.945978575211],[73.546038770686,19.945980677207],[73.546047983533,19.945983068871],[73.546057105479,19.94598575397],[73.5460661248,19.945988734211],[73.546075028894,19.945992008496],[73.546083807146,19.945995573652],[73.546092449653,19.945999423931],[73.546100948395,19.946003551478],[73.546109295815,19.946007945732],[73.546117487389,19.946012594876],[73.546125520214,19.946017485492],[73.546133393382,19.946022603118],[73.54614110781,19.946027932579],[73.54614866619,19.94603345841],[73.546156072754,19.946039165147],[73.546163333045,19.946045037598],[73.546170453681,19.946051061049],[73.546177441769,19.946057221776],[73.5461843035,19.946063508242],[73.546191045347,19.946069909712],[73.546197674316,19.946076415805],[73.546204197762,19.946083016592],[73.546210623277,19.946089702721],[73.546216958518,19.946096465438],[73.546223211086,19.946103296602],[73.546229388426,19.946110188684],[73.546235497747,19.946117134754],[73.54624154597,19.946124128452],[73.546247539685,19.946131163966],[73.546253485124,19.946138235988],[73.546259388149,19.946145339683],[73.54626525452,19.946152470983],[73.546271088627,19.946159625012],[73.546276896212,19.946166799349],[73.546282680891,19.946173989737],[73.546288446955,19.946181193468],[73.546294198191,19.946188407883],[73.546299937995,19.946195630467],[73.546305669485,19.946202858938],[73.546311395535,19.94621009125],[73.546317118767,19.946217325544],[73.546322841605,19.946224560168],[73.546328566211,19.946231793562],[73.546334294546,19.946239024312],[73.546340028404,19.946246251141],[73.546345769408,19.946253472892],[73.546351519024,19.94626068851],[73.546357278574,19.946267897034],[73.54636304927,19.946275097621],[73.54636883177,19.946282289794],[73.546374625112,19.946289473616],[73.546380428997,19.94629665025],[73.546386242503,19.946303819916],[73.546392065274,19.946310983383],[73.546397896244,19.946318140421],[73.546403735149,19.94632529168],[73.546409581531,19.946332437478],[73.546415435037,19.946339578178],[73.546421295243,19.946346713988],[73.546427161795,19.946353845139],[73.546433034377,19.946360971852],[73.546438912698,19.946368094335],[73.546444796492,19.946375212778],[73.54645068551,19.946382327356],[73.546456579524,19.946389438236],[73.546462478318,19.946396545569],[73.546468381694,19.946403649499],[73.546474289464,19.946410750161],[73.546480201452,19.946417847681],[73.546486117494,19.946424942177],[73.546492037432,19.946432033764],[73.546497961118,19.946439122548],[73.546503888411,19.946446208631],[73.546509818929,19.94645329182],[73.546515753063,19.94646037283],[73.546521690127,19.946467451085],[73.546527630564,19.946474527352],[73.546533573927,19.94648160133],[73.546539520122,19.946488673138],[73.546545469041,19.946495742882],[73.546551420601,19.946502810703],[73.546557374684,19.946509876708],[73.546563331094,19.946516940929],[73.546569289683,19.946524003477],[73.546575250282,19.946531064475],[73.546581212701,19.946538124072],[73.546587176708,19.946545182441],[73.546593142015,19.946552239806],[73.54659910824,19.946559296459],[73.546605074924,19.946566352749],[73.546611044301,19.946573406978],[73.546617023847,19.946580453508],[73.546623025476,19.946587483222],[73.546629067781,19.946594481686],[73.546635179439,19.946601426029],[73.546641403146,19.946608280671],[73.546647797051,19.946614993435],[73.546654426201,19.946621498394],[73.546661336631,19.946627735804],[73.546668525401,19.946633685963],[73.546675939625,19.946639383361],[73.546683509709,19.946644894775],[73.546691176078,19.946650286035],[73.54669889727,19.946655606914],[73.546706646961,19.946660890578],[73.546714409023,19.94666615789],[73.546722174071,19.946671421485],[73.546729938801,19.946676686022],[73.546737702611,19.946681952615],[73.546745464035,19.9466872213],[73.546753223028,19.946692492846],[73.546760979697,19.946697767994],[73.546768733955,19.946703047276],[73.546776484794,19.946708330552],[73.546784232167,19.946713618318],[73.546791975744,19.946718910875],[73.546799715239,19.946724208565],[73.546807450414,19.946729511785],[73.546815181063,19.946734820987],[73.546822906955,19.946740136649],[73.546830627619,19.946745459141],[73.54683834242,19.946750788782],[73.546846050796,19.946756126025],[73.546853752121,19.946761471371],[73.546861446708,19.946766826094],[73.546869133842,19.9467721909],[73.546876812768,19.946777566635],[73.546884482691,19.946782954336],[73.546892142469,19.946788355059],[73.546899790879,19.946793770136],[73.546907426953,19.94679920151],[73.54691504898,19.946804651156],[73.546922654888,19.946810121533],[73.546930240725,19.946815614749],[73.546937804306,19.946821135608],[73.54694534058,19.946826688905],[73.546952844029,19.946832282257],[73.546960304602,19.946837925043],[73.546967712417,19.946843629184],[73.546975069695,19.946849394766],[73.546982382904,19.946855208524],[73.546989673545,19.946861047364],[73.546996984619,19.946866863471],[73.547004399794,19.946872560222],[73.547012070635,19.94687794418],[73.547020217396,19.946882653657],[73.547028997353,19.946886189153],[73.547038281014,19.946888282935],[73.547047782956,19.946889182911],[73.547057334072,19.946889323174],[73.547066882704,19.946889026781],[73.547076419952,19.946888484928],[73.547085946922,19.946887802446],[73.547095466218,19.946887032734],[73.547104979792,19.946886206762],[73.547114490365,19.946885344529],[73.547123998664,19.946884460145],[73.547133505322,19.946883564084],[73.547143011897,19.946882664403],[73.547152518768,19.946881767723],[73.547162027228,19.946880879527],[73.547171536998,19.946880004713],[73.547181048879,19.946879147572],[73.54719056267,19.946878312139],[73.547200078523,19.946877502186],[73.547209597107,19.946876721308],[73.54721911822,19.946875973114],[73.547228642748,19.946875261139],[73.54723817052,19.946874589067],[73.54724770162,19.946873960684],[73.547257235769,19.946873379975],[73.547266773684,19.946872851102],[73.547276314841,19.946872378593],[73.547285859083,19.946871967318],[73.547295406695,19.94687162257],[73.547304956489,19.946871350224],[73.547314508505,19.946871156746],[73.547324062148,19.946871049387],[73.547333616629,19.946871036323],[73.547343170417,19.946871126773],[73.547352723114,19.946871328533],[73.547362271856,19.94687164658],[73.54737181582,19.946872086052],[73.547381352065,19.946872652365],[73.547390878016,19.946873351317],[73.547400391339,19.946874189146],[73.547409888931,19.946875172501],[73.547419368065,19.946876308589],[73.547428823267,19.946877604838],[73.547438251037,19.946879069504],[73.547447645849,19.946880711218],[73.547457002569,19.946882539392],[73.547466313854,19.94688456379],[73.547475572028,19.946886794896],[73.547484768293,19.946889243798],[73.547493893032,19.946891922315],[73.547502933777,19.946894842383],[73.547511878251,19.946898016961],[73.54752071127,19.946901459012],[73.547529416094,19.946905181838],[73.547537973435,19.946909198509],[73.547546361913,19.946913521782],[73.547554557314,19.946918163341],[73.547562534354,19.946923134299],[73.547570263469,19.946928444022],[73.547577710624,19.946934102398],[73.547584842645,19.946940112841],[73.547591630664,19.946946469215],[73.547598053318,19.94695315667],[73.547604097758,19.946960152308],[73.547609760801,19.946967427815],[73.547615048305,19.946974951911],[73.547619973523,19.946982692368],[73.547624556036,19.94699061926],[73.547628818535,19.946998704345],[73.547632785911,19.94700692313],[73.547636483204,19.947015253875],[73.547639934924,19.947023678053],[73.547643164607,19.947032180709],[73.547646194014,19.947040749115],[73.547649043104,19.94704937272],[73.54765173,19.947058042794],[73.547654271046,19.94706675211],[73.547656680942,19.947075494792],[73.547658972775,19.947084265709],[73.547661158205,19.947093060391],[73.547663247946,19.947101876329],[73.547665251241,19.947110710136],[73.547667177806,19.947119559129],[73.547669039376,19.947128420494],[73.547670846537,19.947137291876],[73.547672608541,19.947146171625],[73.547674333398,19.947155057899],[73.547676028234,19.947163949354],[73.547677699404,19.947172844841],[73.547679352609,19.947181743367],[73.54768099293,19.94719064363],[73.547682625177,19.947199545462],[73.547684253603,19.947208447888],[73.547685882176,19.947217350254],[73.54768751468,19.947226252527],[73.547689154506,19.947235153906],[73.547690804744,19.947244053159],[73.547692468475,19.94725295001],[73.547694148589,19.947261844058],[73.547695847822,19.9472707348],[73.547697568716,19.947279621377],[73.547699313929,19.947288504056],[73.5477010859,19.947297382417],[73.547702886756,19.947306254875],[73.547704718993,19.947315122006],[73.547706584737,19.947323982819],[73.547708486159,19.947332836775],[73.547710425388,19.947341683308],[73.547712404528,19.947350521881],[73.547714425655,19.947359351911],[73.54771649082,19.94736817279],[73.547718602069,19.947376983927],[73.547720761436,19.947385784699],[73.547722970932,19.947394574381],[73.547725232568,19.947403352238],[73.547727548358,19.947412117504],[73.547729920318,19.947420869375],[73.547732350549,19.947429607295],[73.547734840898,19.947438329719],[73.54773739337,19.947447035625],[73.547740010248,19.947455724819],[73.5477426935,19.947464395929],[73.547745445206,19.947473047865],[73.547748267466,19.947481679483],[73.547751162397,19.94749028958],[73.547754132131,19.947498876887],[73.547757178766,19.94750744009],[73.547760303721,19.947515977924],[73.547763507986,19.947524489352],[73.547766792467,19.947532973384],[73.547770157939,19.94754142897],[73.547773605075,19.947549855065],[73.547777134437,19.947558250637],[73.547780746481,19.947566614669],[73.547784441727,19.947574946553],[73.547788220149,19.947583244713],[73.547792081991,19.947591508457],[73.547796027279,19.947599736874],[73.547800055931,19.94760792908],[73.547804167564,19.947616083836],[73.547808362254,19.947624201049],[73.547812639462,19.947632279639],[73.547816998718,19.947640318887],[73.547821439539,19.947648318263],[73.547825961232,19.947656277047],[73.547830563211,19.947664194901],[73.547835244352,19.947672070742],[73.547840004019,19.947679904493],[73.547844841274,19.947687695722],[73.547849755116,19.94769544404],[73.547854744489,19.947703149111],[73.547859807456,19.947710809405],[73.547864943596,19.947718425833],[73.54787015155,19.947725997968],[73.547875430376,19.947733526094],[73.547880778731,19.94774100999],[73.547886195332,19.947748449608],[73.547891678874,19.947755844941],[73.547897227817,19.947763195736],[73.547902843189,19.94777050513],[73.547908521783,19.94777777073],[73.547914262282,19.94778499271],[73.547920063371,19.947792171279],[73.547925923737,19.947799306677],[73.547931842072,19.947806399174],[73.547937817075,19.947813449069],[73.547943847457,19.947820456685],[73.547949931942,19.947827422369],[73.547956069267,19.947834346491],[73.547962258185,19.947841229437],[73.547968497467,19.947848071615],[73.547974785904,19.947854873448],[73.547981122304,19.947861635372],[73.5479875055,19.947868357837],[73.547993934342,19.947875041304],[73.548000407707,19.947881686244],[73.548006924492,19.947888293136],[73.548013483619,19.947894862467],[73.548020083723,19.947901394424],[73.54802672435,19.947907890076],[73.548033404208,19.947914349641],[73.548040122313,19.947920773621],[73.548046878014,19.947927162808],[73.548053670085,19.947933516278],[73.548060500436,19.947939833512],[73.548067369652,19.947946112959],[73.548074278547,19.947952353936],[73.548081226706,19.947958555266],[73.548088214294,19.947964716862],[73.548095240914,19.947970838645],[73.548102305945,19.947976920776],[73.54810940857,19.947982963635],[73.548116547824,19.94798896778],[73.548123722622,19.947994933926],[73.548130931792,19.948000862915],[73.548138174099,19.948006755685],[73.548145448279,19.948012613253],[73.548152753046,19.948018436689],[73.548160087119,19.948024227101],[73.548167449228,19.948029985616],[73.54817483813,19.94803571337],[73.54818225261,19.948041411494],[73.548189691497,19.948047081108],[73.548197153658,19.948052723311],[73.548204638007,19.948058339177],[73.548212143504,19.948063929752],[73.548219669157,19.948069496048],[73.548227214022,19.948075039044],[73.5482347772,19.948080559681],[73.548242357838,19.948086058866],[73.548249955128,19.948091537466],[73.548257568304,19.948096996314],[73.548265196642,19.948102436206],[73.548272839454,19.948107857902],[73.548280496091,19.94811326213],[73.548288165941,19.948118649581],[73.548295848422,19.948124020917],[73.548303542985,19.948129376768],[73.548311249112,19.948134717735],[73.54831896631,19.948140044389],[73.548326694116,19.948145357275],[73.548334432413,19.948150657136],[73.548342180122,19.948155944011],[73.548349937187,19.948161218606],[73.548357703236,19.948166481371],[73.548365477914,19.948171732733],[73.548373260886,19.948176973102],[73.548381051831,19.948182202867],[73.548388850448,19.9481874224],[73.548396656449,19.948192632057],[73.54840446956,19.948197832175],[73.548412289523,19.948203023079],[73.548420116091,19.948208205077],[73.548427949027,19.948213378465],[73.548435788108,19.948218543525],[73.548443633122,19.948223700527],[73.548451483864,19.94822884973],[73.548459340141,19.948233991381],[73.548467201768,19.948239125716],[73.548475068568,19.948244252963],[73.548482940373,19.948249373339],[73.548490817021,19.948254487052],[73.548498698358,19.948259594301],[73.548506584237,19.94826469528],[73.548514474518,19.948269790172],[73.548522369064,19.948274879152],[73.548530267745,19.948279962392],[73.548538170439,19.948285040054],[73.548546077026,19.948290112295],[73.548553987392,19.948295179266],[73.548561901428,19.948300241111],[73.548569819028,19.948305297971],[73.548577740093,19.948310349979],[73.548585664523,19.948315397266],[73.548593592227,19.948320439955],[73.548601523114,19.948325478167],[73.548609457099,19.948330512018],[73.548617394098,19.948335541619],[73.548625334031,19.948340567079],[73.548633276821,19.948345588501],[73.548641222394,19.948350605985],[73.548649170678,19.94835561963],[73.548657121605,19.948360629528],[73.548665075107,19.948365635769],[73.54867303112,19.948370638443],[73.548680989583,19.948375637632],[73.548688950435,19.948380633419],[73.548696913618,19.948385625884],[73.548704879077,19.948390615102],[73.548712846758,19.948395601149],[73.548720816608,19.948400584095],[73.548728788576,19.948405564011],[73.548736762614,19.948410540964],[73.548744738674,19.94841551502],[73.548752716711,19.948420486241],[73.54876069668,19.948425454689],[73.548768678538,19.948430420424],[73.548776662243,19.948435383504],[73.548784647754,19.948440343985],[73.548792635033,19.948445301921],[73.548800624042,19.948450257365],[73.548808614744,19.948455210369],[73.548816607103,19.948460160983],[73.548824601085,19.948465109254],[73.548832596655,19.948470055231],[73.54884059378,19.948474998959],[73.54884859243,19.948479940482],[73.548856592573,19.948484879844],[73.548864594178,19.948489817088],[73.548872597218,19.948494752253],[73.548880601666,19.948499685382],[73.548888607509,19.948504616523],[73.548896614704,19.948509545703],[73.548904623224,19.948514472958],[73.548912633043,19.948519398325],[73.548920644137,19.948524321838],[73.548928656481,19.948529243531],[73.548936670053,19.948534163438],[73.548944684829,19.948539081591],[73.548952700787,19.948543998022],[73.548960718243,19.948548912967],[73.548968736488,19.948553826036],[73.548976755852,19.948558737473],[73.548984776315,19.948563647306],[73.548992797857,19.948568555563],[73.549000820459,19.948573462272],[73.549008844103,19.948578367458],[73.549016868771,19.948583271148],[73.549024894444,19.948588173368],[73.549032921106,19.948593074141],[73.549040948739,19.948597973492],[73.549048977327,19.948602871445],[73.549057006854,19.948607768023],[73.549065037304,19.948612663247],[73.549073068661,19.948617557141],[73.549081100912,19.948622449725],[73.549089134041,19.948627341021],[73.549097168033,19.948632231049],[73.549105202875,19.94863711983],[73.549113238553,19.948642007383],[73.549121275054,19.948646893727],[73.549129312365,19.948651778882],[73.549137350471,19.948656662865],[73.549145389362,19.948661545694],[73.549153429025,19.948666427388],[73.549161469448,19.948671307963],[73.549169510618,19.948676187437],[73.549177552526,19.948681065826],[73.549185595159,19.948685943146],[73.549193638506,19.948690819414],[73.549201682557,19.948695694644],[73.549209727301,19.948700568852],[73.549217772728,19.948705442053],[73.549225818827,19.948710314262],[73.549233865589,19.948715185493],[73.549241913004,19.94872005576],[73.549249961062,19.948724925077],[73.549258009754,19.948729793457],[73.549266059072,19.948734660914],[73.549274109005,19.94873952746],[73.549282159545,19.948744393109],[73.549290210684,19.948749257872],[73.549298262413,19.948754121763],[73.549306314724,19.948758984793],[73.549314367609,19.948763846974],[73.549322421059,19.948768708318],[73.549330475067,19.948773568835],[73.549338529626,19.948778428538],[73.549346584727,19.948783287437],[73.549354640363,19.948788145543],[73.549362696527,19.948793002866],[73.549370753213,19.948797859417],[73.549378810412,19.948802715205],[73.549386868118,19.948807570242],[73.549394926325,19.948812424537],[73.549402985025,19.948817278099],[73.549411044213,19.948822130938],[73.549419103881,19.948826983063],[73.549427164024,19.948831834483],[73.549435224636,19.948836685208],[73.549443285709,19.948841535246],[73.54945134724,19.948846384605],[73.54945940922,19.948851233296],[73.549467471646,19.948856081324],[73.549475534511,19.9488609287],[73.54948359781,19.948865775431],[73.549491661536,19.948870621525],[73.549499725686,19.94887546699],[73.549507789897,19.94888031162],[73.549515854886,19.948885155855],[73.549523920283,19.948889999484],[73.549531986081,19.948894842514],[73.549540052276,19.948899684951],[73.549548118864,19.948904526804],[73.549556185839,19.948909368079],[73.549564253198,19.948914208783],[73.549572320949,19.948919048931]]},{"type":"LineString","coordinates":[[73.544582341548,19.946505895326,640.035900000483],[73.544086315685,19.946525554312,640.03589999862]]},{"type":"LineString","coordinates":[[73.538478067709,19.940052029626],[73.538477222273,19.940043277325],[73.538476494946,19.940034515655],[73.538476017512,19.940025738928],[73.538475952071,19.940016951441],[73.538476513563,19.940008181133],[73.538477998082,19.939999510534],[73.538480798524,19.939991141811],[73.538485328344,19.939983490594],[73.538491736131,19.93997716084],[73.53849961205,19.939972529348],[73.538508292831,19.939969420542],[73.538517391276,19.939967671191],[73.538526666487,19.939967291817],[73.538535899133,19.939968237665],[73.538544953224,19.939970205664],[73.538553820394,19.939972834086],[73.538562576227,19.939975780385]]},{"type":"LineString","coordinates":[[73.538562582913,19.939975785066,640.035900000483],[73.539283215693,19.940480265319,640.035900000483]]},{"type":"LineString","coordinates":[[73.538810819427,19.944872811493],[73.538810852094,19.94487283061],[73.538810884763,19.944872849729],[73.538810917435,19.94487286885],[73.538810950111,19.944872887972],[73.538810982789,19.944872907097],[73.538811015471,19.944872926223],[73.538811048156,19.944872945351],[73.538811080844,19.94487296448],[73.538811113535,19.944872983612],[73.538811146236,19.94487300275],[73.538811178926,19.94487302188],[73.538811211627,19.944873041017],[73.53881124433,19.944873060156],[73.538811277037,19.944873079296],[73.538811309747,19.944873098439],[73.538811342461,19.944873117583],[73.538811375177,19.944873136729],[73.53881140791,19.944873155885],[73.53881144062,19.944873175027],[73.53881147336,19.944873194187],[73.538811506075,19.944873213332],[73.538811538824,19.944873232496],[73.538811571543,19.944873251644],[73.538811604318,19.944873270824],[73.53881163708,19.944873289996],[73.53881166979,19.944873309138],[73.53881170252,19.944873328291],[73.538811735272,19.944873347458],[73.538811768028,19.944873366626],[73.538811800853,19.944873385835],[73.538811833549,19.944873404969],[73.538811866338,19.944873424157],[73.538811899083,19.944873443319],[73.538811931855,19.944873462497],[73.538811964631,19.944873481677],[73.538811997436,19.944873500874],[73.53881203022,19.944873520058],[73.538812062978,19.944873539228],[73.538812095796,19.944873558432],[73.538812128648,19.944873577657],[73.538812161356,19.944873596797],[73.538812194186,19.944873616008],[73.53881222699,19.944873635204],[73.538812259765,19.944873654383],[73.538812292574,19.944873673583],[73.538812325421,19.944873692804],[73.538812358204,19.944873711988],[73.538812391025,19.944873731193],[73.538812423848,19.9448737504],[73.538812456676,19.94487376961],[73.538812489506,19.944873788821],[73.538812522341,19.944873808035],[73.538812555295,19.944873827319],[73.538812588139,19.944873846537],[73.538812620865,19.944873865687],[73.538812653713,19.944873884909],[73.538812686565,19.944873904132],[73.538812719464,19.944873923383],[73.538812752324,19.944873942611],[73.538812785143,19.944873961816],[73.538812818009,19.944873981047],[73.53881285088,19.944874000281],[73.538812883753,19.944874019517],[73.538812916631,19.944874038756],[73.538812949512,19.944874057996],[73.538812982397,19.944874077238],[73.538813015285,19.944874096483],[73.538813048177,19.944874115729],[73.538813081073,19.944874134978],[73.538813113972,19.944874154228],[73.538813146928,19.944874173512],[73.538813179836,19.944874192768],[73.538813212693,19.944874211994],[73.538813245608,19.944874231253],[73.538813278526,19.944874250515],[73.538813311448,19.944874269778],[73.538813344374,19.944874289044],[73.538813377361,19.944874308346],[73.538813410354,19.94487432765],[73.538813443233,19.944874346889],[73.538813476235,19.944874366199],[73.538813509061,19.944874385406],[73.538813542009,19.944874404685],[73.538813574962,19.944874423966],[73.538813607919,19.94487444325],[73.538813640879,19.944874462535],[73.538813673844,19.944874481823],[73.538813706812,19.944874501113],[73.538813739784,19.944874520406],[73.538813772827,19.944874539739],[73.538813805741,19.944874558997],[73.538813838725,19.944874578297],[73.538813871713,19.944874597598],[73.538813904705,19.944874616902],[73.538813937701,19.944874636208],[73.538813970701,19.944874655516],[73.538814003705,19.944874674827],[73.538814036786,19.944874694182],[73.538814069799,19.944874713498],[73.538814102816,19.944874732816],[73.538814135762,19.944874752092],[73.538814168787,19.944874771415],[73.538814201891,19.944874790784],[73.538814234848,19.944874810066],[73.538814267885,19.944874829396],[73.538814300926,19.944874848727],[73.53881433405,19.944874868108],[73.53881436702,19.944874887398],[73.538814400154,19.944874906784],[73.538814433131,19.944874926078],[73.538814466275,19.94487494547],[73.538814499259,19.944874964768],[73.538814532329,19.944874984116],[73.538814565404,19.944875003467],[73.538814598483,19.94487502282],[73.538814631651,19.944875042226],[73.538814664653,19.944875061534],[73.538814697919,19.944875080997],[73.538814730841,19.944875100258],[73.53881476403,19.944875119676],[73.538814797225,19.944875139097],[73.538814830155,19.944875158363],[73.538814863268,19.944875177736],[73.538814896386,19.944875197112],[73.538814929508,19.94487521649],[73.538814962635,19.94487523587],[73.538814995766,19.944875255254],[73.538815028901,19.944875274639],[73.538815062041,19.944875294028],[73.538815095185,19.944875313419],[73.538815128334,19.944875332812],[73.538815161585,19.944875352265],[73.538815194744,19.944875371664],[73.538815227808,19.944875391008],[73.538815261075,19.94487541047],[73.538815294146,19.944875429818],[73.538815327525,19.944875449346],[73.538815360605,19.944875468698],[73.538815393688,19.944875488053],[73.538815426878,19.94487550747],[73.538815460073,19.944875526889],[73.538815493272,19.944875546312],[73.538815526476,19.944875565737],[73.538815559791,19.944875585227],[73.538815592898,19.944875604594],[73.538815626116,19.944875624027],[73.538815659447,19.944875643527],[73.538815692566,19.944875662902],[73.538815725798,19.944875682343],[73.538815759035,19.944875701786],[73.538815792277,19.944875721233],[73.538815825636,19.944875740748],[73.538815858775,19.944875760135],[73.538815892031,19.944875779589],[73.538815925292,19.944875799047],[73.538815958558,19.944875818508],[73.538815991829,19.944875837971],[73.538816025105,19.944875857437],[73.538816058385,19.944875876906],[73.538816091671,19.944875896377],[73.538816125081,19.944875915922],[73.538816158257,19.944875935329],[73.538816191558,19.94487595481],[73.538816225107,19.944875974435],[73.538816258174,19.944875993779],[73.53881629149,19.944876013268],[73.538816324811,19.944876032759],[73.538816358261,19.944876052327],[73.538816392094,19.944876072118],[73.538816424804,19.944876091252],[73.538816458272,19.94487611083],[73.538816491491,19.944876130262],[73.538816524843,19.944876149772],[73.538816558329,19.944876169359],[73.538816591562,19.944876188799],[73.538816624929,19.944876208318],[73.538816658301,19.944876227839],[73.538816691679,19.944876247363],[73.538816725062,19.944876266891],[73.53881675845,19.944876286421],[73.538816791844,19.944876305955],[73.538816825378,19.94487632557],[73.538816858647,19.944876345031],[73.538816892057,19.944876364574],[73.538816925472,19.944876384119],[73.538816958893,19.944876403668],[73.538816992319,19.94487642322],[73.53881702575,19.944876442775],[73.538817059327,19.944876462416],[73.53881709263,19.944876481895],[73.538817126079,19.944876501461],[73.538817159677,19.944876521113],[73.538817193281,19.944876540769],[73.538817226457,19.944876560174],[73.538817259927,19.944876579751],[73.538817293403,19.944876599331],[73.538817326885,19.944876618915],[73.538817360372,19.944876638502],[73.538817393865,19.944876658093],[73.538817427364,19.944876677686],[73.538817461019,19.944876697371],[73.538817494379,19.944876716883],[73.538817527895,19.944876736487],[73.538817561416,19.944876756094],[73.538817594944,19.944876775704],[73.538817628787,19.944876795498],[73.538817662017,19.944876814934],[73.538817695718,19.944876834646],[73.538817729113,19.944876854178],[73.53881776267,19.944876873805],[73.538817796233,19.944876893435],[73.538817829962,19.944876913162],[73.538817863378,19.944876932706],[73.538817896959,19.944876952347],[73.538817930546,19.944876971991],[73.538817964139,19.944876991639],[73.538817997738,19.94487701129],[73.538818031344,19.944877030945],[73.538818064955,19.944877050603],[73.538818098573,19.944877070265],[73.538818132197,19.94487708993],[73.538818165827,19.944877109599],[73.538818199464,19.944877129271],[73.538818233107,19.944877148947],[73.538818266756,19.944877168627],[73.538818300411,19.94487718831],[73.538818334073,19.944877207997],[73.538818367741,19.944877227687],[73.538818401415,19.944877247381],[73.538818435096,19.944877267079],[73.538818468784,19.944877286781],[73.538818502653,19.944877306588],[73.538818536178,19.944877326195],[73.538818569885,19.944877345907],[73.538818603598,19.944877365624],[73.538818637319,19.944877385344],[73.538818671045,19.944877405068],[73.538818704779,19.944877424796],[73.538818738519,19.944877444528],[73.538818772265,19.944877464263],[73.538818806019,19.944877484002],[73.538818839779,19.944877503745],[73.538818873546,19.944877523493],[73.53881890732,19.944877543243],[73.5388189411,19.944877562998],[73.538818974888,19.944877582757],[73.538819008682,19.94487760252],[73.538819042483,19.944877622286],[73.538819076292,19.944877642057],[73.538819110107,19.944877661832],[73.538819143929,19.94487768161],[73.538819177759,19.944877701393],[73.538819211595,19.94487772118],[73.538819245439,19.944877740971],[73.538819279289,19.944877760766],[73.538819313147,19.944877780565],[73.538819347012,19.944877800368],[73.538819380884,19.944877820175],[73.538819414764,19.944877839986],[73.538819448651,19.944877859802],[73.538819482545,19.944877879622],[73.538819516645,19.944877899562],[73.538819550555,19.944877919391],[73.538819584272,19.944877939107],[73.538819618396,19.944877959061],[73.538819652127,19.944877978784],[73.538819686268,19.944877998748],[73.538819720012,19.944878018479],[73.538819753966,19.944878038333],[73.538819787927,19.944878058192],[73.538819821896,19.944878078054],[73.538819855873,19.944878097922],[73.538819889858,19.944878117793],[73.538819923851,19.944878137669],[73.538819957851,19.94487815755],[73.538819991859,19.944878177435],[73.538820025875,19.944878197324],[73.538820059899,19.944878217218],[73.53882009393,19.944878237116],[73.53882012797,19.94487825702],[73.538820162018,19.944878276927],[73.538820196074,19.94487829684],[73.538820230138,19.944878316756],[73.53882026421,19.944878336678],[73.53882029829,19.944878356604],[73.538820332379,19.944878376535],[73.538820366475,19.944878396471],[73.53882040058,19.944878416411],[73.538820434694,19.944878436356],[73.538820468815,19.944878456306],[73.538820502946,19.944878476261],[73.538820537084,19.944878496221],[73.538820571231,19.944878516185],[73.538820605387,19.944878536154],[73.538820639551,19.944878556129],[73.538820673724,19.944878576108],[73.538820707905,19.944878596092],[73.538820742095,19.944878616081],[73.538820776294,19.944878636075],[73.538820810502,19.944878656074],[73.538820844718,19.944878676078],[73.538820878943,19.944878696087],[73.538820913177,19.944878716102],[73.538820947421,19.944878736121],[73.538820981673,19.944878756146],[73.538821015934,19.944878776175],[73.538821050439,19.944878796348],[73.538821084484,19.94487881625],[73.538821118772,19.944878836296],[73.53882115307,19.944878856346],[73.538821187377,19.944878876402],[73.538821221694,19.944878896464],[73.538821256019,19.94487891653],[73.538821290355,19.944878936603],[73.538821324699,19.94487895668],[73.538821359053,19.944878976763],[73.538821393417,19.944878996851],[73.538821427791,19.944879016945],[73.538821462174,19.944879037045],[73.538821496566,19.944879057149],[73.538821530969,19.94487907726],[73.538821565381,19.944879097376],[73.538821599803,19.944879117498],[73.538821634235,19.944879137625],[73.538821668677,19.944879157759],[73.538821703129,19.944879177897],[73.538821737592,19.944879198042],[73.538821772064,19.944879218193],[73.538821806546,19.944879238349],[73.538821841039,19.944879258511],[73.538821875542,19.944879278679],[73.538821910055,19.944879298853],[73.538821944579,19.944879319033],[73.538821979113,19.944879339219],[73.538822013658,19.94487935941],[73.538822048213,19.944879379608],[73.538822082779,19.944879399812],[73.538822117356,19.944879420023],[73.538822151943,19.944879440239],[73.538822186541,19.944879460461],[73.53882222115,19.94487948069],[73.53882225577,19.944879500925],[73.538822290401,19.944879521166],[73.538822325043,19.944879541414],[73.538822359696,19.944879561668],[73.538822394361,19.944879581928],[73.538822429036,19.944879602195],[73.538822463723,19.944879622468],[73.538822498421,19.944879642747],[73.538822533131,19.944879663034],[73.538822567852,19.944879683326],[73.538822602585,19.944879703626],[73.538822637329,19.944879723932],[73.538822672086,19.944879744245],[73.538822706853,19.944879764564],[73.538822741633,19.94487978489],[73.538822776425,19.944879805224],[73.538822811228,19.944879825564],[73.538822846044,19.94487984591],[73.538822880872,19.944879866264],[73.538822915712,19.944879886625],[73.538822950564,19.944879906993],[73.538822985429,19.944879927367],[73.538823020306,19.944879947749],[73.538823055195,19.944879968138],[73.538823090097,19.944879988535],[73.538823125012,19.944880008938],[73.53882315994,19.944880029349],[73.53882319488,19.944880049767],[73.538823229833,19.944880070193],[73.538823264799,19.944880090625],[73.538823299778,19.944880111066],[73.538823334771,19.944880131514],[73.538823369776,19.944880151969],[73.538823404795,19.944880172432],[73.538823439827,19.944880192903],[73.538823474873,19.944880213381],[73.538823509932,19.944880233867],[73.538823545005,19.944880254361],[73.538823580091,19.944880274863],[73.538823615191,19.944880295372],[73.538823650306,19.94488031589],[73.538823685434,19.944880336415],[73.538823720576,19.944880356949],[73.538823755732,19.944880377491],[73.538823790903,19.94488039804],[73.538823826088,19.944880418598],[73.538823861288,19.944880439165],[73.538823896502,19.944880459739],[73.53882393173,19.944880480322],[73.538823966974,19.944880500914],[73.538824002232,19.944880521514],[73.538824037505,19.944880542122],[73.538824072793,19.944880562739],[73.538824108096,19.944880583365],[73.538824143415,19.944880603999],[73.538824178749,19.944880624643],[73.538824214098,19.944880645295],[73.538824249463,19.944880665956],[73.538824284844,19.944880686625],[73.53882432024,19.944880707304],[73.538824355653,19.944880727992],[73.538824391081,19.94488074869],[73.538824426525,19.944880769396],[73.538824461986,19.944880790112],[73.538824497463,19.944880810837],[73.538824532956,19.944880831571],[73.538824568466,19.944880852315],[73.538824603993,19.944880873068],[73.538824639536,19.944880893831],[73.538824675097,19.944880914604],[73.538824710674,19.944880935386],[73.538824746269,19.944880956179],[73.538824781881,19.944880976981],[73.53882481751,19.944880997793],[73.538824853157,19.944881018615],[73.538824888822,19.944881039448],[73.538824924505,19.94488106029],[73.538824960205,19.944881081143],[73.538824995924,19.944881102006],[73.538825031661,19.94488112288],[73.538825067416,19.944881143764],[73.53882510319,19.944881164659],[73.538825138982,19.944881185564],[73.538825174793,19.94488120648],[73.538825210623,19.944881227407],[73.538825246473,19.944881248345],[73.538825282341,19.944881269294],[73.538825318229,19.944881290254],[73.538825354137,19.944881311225],[73.538825390064,19.944881332208],[73.538825426011,19.944881353201],[73.538825461978,19.944881374207],[73.538825497966,19.944881395224],[73.538825533973,19.944881416252],[73.538825570002,19.944881437292],[73.53882560605,19.944881458344],[73.53882564212,19.944881479408],[73.538825678211,19.944881500484],[73.538825714323,19.944881521572],[73.538825750457,19.944881542673],[73.538825786612,19.944881563785],[73.538825822788,19.944881584911],[73.538825858987,19.944881606048],[73.538825895208,19.944881627198],[73.538825931451,19.944881648362],[73.538825967717,19.944881669537],[73.538826004005,19.944881690726],[73.538826040316,19.944881711928],[73.53882607665,19.944881733144],[73.538826113008,19.944881754372],[73.538826149389,19.944881775614],[73.538826185794,19.94488179687],[73.538826222223,19.944881818139],[73.538826258676,19.944881839422],[73.538826295153,19.944881860719],[73.538826331655,19.94488188203],[73.538826368182,19.944881903355],[73.538826404733,19.944881924695],[73.53882644131,19.944881946049],[73.538826477913,19.944881967417],[73.538826514541,19.9448819888],[73.538826551195,19.944882010198],[73.538826587876,19.944882031611],[73.538826624583,19.94488205304],[73.538826661316,19.944882074483],[73.538826698077,19.944882095942],[73.538826734865,19.944882117417],[73.53882677168,19.944882138907],[73.538826808523,19.944882160413],[73.538826845395,19.944882181935],[73.538826882294,19.944882203474],[73.538826919222,19.944882225029],[73.53882695618,19.9448822466],[73.538826993167,19.944882268189],[73.538827030183,19.944882289794],[73.538827067229,19.944882311415],[73.538827104305,19.944882333054],[73.538827141411,19.944882354711],[73.538827178548,19.944882376385],[73.538827215716,19.944882398077],[73.538827252915,19.944882419787],[73.538827290146,19.944882441514],[73.538827327409,19.944882463261],[73.538827364704,19.944882485025],[73.538827402032,19.944882506809],[73.538827439394,19.944882528611],[73.538827476788,19.944882550432],[73.538827514217,19.944882572273],[73.53882755168,19.944882594134],[73.538827589177,19.944882616014],[73.538827626709,19.944882637914],[73.538827664277,19.944882659834],[73.53882770188,19.944882681775],[73.53882773952,19.944882703736],[73.538827777196,19.944882725719],[73.53882781491,19.944882747722],[73.53882785266,19.944882769747],[73.538827890449,19.944882791794],[73.538827928276,19.944882813862],[73.538827966142,19.944882835953],[73.538828004047,19.944882858066],[73.538828041991,19.944882880202],[73.538828079976,19.944882902361],[73.538828118002,19.944882924543],[73.538828156069,19.944882946749],[73.538828194178,19.944882968979],[73.538828232329,19.944882991232],[73.538828270523,19.944883013511],[73.53882830876,19.944883035814],[73.538828347041,19.944883058142],[73.538828385367,19.944883080495],[73.538828423737,19.944883102875],[73.538828462154,19.94488312528],[73.538828500616,19.944883147712],[73.538828539126,19.944883170171],[73.538828577683,19.944883192657],[73.538828616288,19.94488321517],[73.538828654942,19.944883237712],[73.538828693646,19.944883260281],[73.5388287324,19.94488328288],[73.538828771205,19.944883305507],[73.538828810061,19.944883328164],[73.53882884897,19.944883350851],[73.538828887932,19.944883373568],[73.538828926947,19.944883396316],[73.538828966018,19.944883419096],[73.538829005144,19.944883441907],[73.538829044326,19.94488346475],[73.538829083566,19.944883487626],[73.538829122864,19.944883510535],[73.53882916222,19.944883533478],[73.538829201637,19.944883556456],[73.538829241114,19.944883579467],[73.538829280653,19.944883602515],[73.538829320255,19.944883625598],[73.538829359921,19.944883648717],[73.538829399651,19.944883671874],[73.538829439448,19.944883695068],[73.538829479311,19.944883718301],[73.538829519242,19.944883741572],[73.538829559243,19.944883764883],[73.538829599314,19.944883788234],[73.538829639457,19.944883811627],[73.538829679673,19.944883835061],[73.538829719963,19.944883858537],[73.538829760328,19.944883882057],[73.538829800771,19.94488390562],[73.538829841291,19.944883929228],[73.538829881892,19.944883952882],[73.538829922573,19.944883976582],[73.538829963338,19.94488400033],[73.538830004186,19.944884024126],[73.538830045121,19.94488404797],[73.538830086143,19.944884071865],[73.538830127255,19.944884095811],[73.538830168458,19.94488411981],[73.538830209754,19.944884143861],[73.538830251145,19.944884167966],[73.538830292633,19.944884192127],[73.538830334219,19.944884216345],[73.538830375907,19.94488424062],[73.538830417698,19.944884264954],[73.538830459594,19.944884289349],[73.538830501598,19.944884313805],[73.538830543713,19.944884338324],[73.53883058594,19.944884362907],[73.538830628282,19.944884387556],[73.538830670743,19.944884412273],[73.538830713324,19.944884437059],[73.538830756029,19.944884461916],[73.53883079886,19.944884486845],[73.538830841822,19.944884511848],[73.538830884917,19.944884536927],[73.538830928148,19.944884562084],[73.538830971519,19.944884587321],[73.538831015034,19.944884612641],[73.538831058697,19.944884638045],[73.538831102511,19.944884663535],[73.538831146481,19.944884689115],[73.538831190611,19.944884714786],[73.538831234906,19.944884740551],[73.538831279371,19.944884766413],[73.53883132401,19.944884792374],[73.538831368828,19.944884818439],[73.538831413833,19.944884844609],[73.538831459028,19.944884870889],[73.53883150442,19.944884897281],[73.538831550016,19.94488492379],[73.538831595823,19.944884950418],[73.538831641847,19.944884977171],[73.538831688095,19.944885004053],[73.538831734577,19.944885031068],[73.5388317813,19.94488505822],[73.538831828273,19.944885085516],[73.538831875506,19.944885112959],[73.538831923008,19.944885140557],[73.538831970791,19.944885168315],[73.538832018864,19.944885196239],[73.538832067241,19.944885224337],[73.538832115935,19.944885252615],[73.538832164959,19.944885281082],[73.538832214327,19.944885309746],[73.538832264056,19.944885338616],[73.538832314163,19.944885367702],[73.538832364666,19.944885397014],[73.538832415584,19.944885426564],[73.53883246694,19.944885456363],[73.538832518757,19.944885486425],[73.538832571059,19.944885516765],[73.538832623874,19.944885547399],[73.538832677236,19.944885578344],[73.538832731172,19.944885609618],[73.538832785722,19.944885641242],[73.538832840925,19.944885673239],[73.538832896827,19.944885705635],[73.538832953477,19.944885738459],[73.538833010931,19.944885771743],[73.538833069253,19.944885805521],[73.538833128513,19.944885839836],[73.538833188792,19.944885874733],[73.538833250183,19.944885910265],[73.538833312792,19.944885946493],[73.538833376746,19.944885983488],[73.538833442189,19.944886021335],[73.538833509294,19.944886060131],[73.538833578272,19.944886099996],[73.538833649373,19.944886141075],[73.538833722912,19.944886183545],[73.538833799283,19.944886227633],[73.538833878992,19.944886273628],[73.53883396271,19.944886321912],[73.538834051351,19.944886373008],[73.538834146221,19.94488642766],[73.53883424928,19.94488648699],[73.538834363722,19.944886552819],[73.538834495357,19.944886628466],[73.538834656998,19.944886721246],[73.538834891171,19.944886855438],[73.538838064552,19.944888665329],[73.538846261377,19.944893315266],[73.538854474722,19.944897940104],[73.538862704164,19.944902540091],[73.538870948453,19.944907115024],[73.538879207931,19.944911665593],[73.538887482285,19.944916192128],[73.538895771098,19.944920694907],[73.538904074061,19.94492517427],[73.538912390864,19.944929630565],[73.538920720937,19.944934064007],[73.538929064542,19.944938475388],[73.538937420936,19.944942864936],[73.538945789791,19.944947233062],[73.538954170779,19.944951580181],[73.538962563552,19.9449559067],[73.538970968036,19.944960213169],[73.538979383963,19.94496450004],[73.538987810829,19.944968767645],[73.538996248322,19.944973016418],[73.539004696136,19.944977246806],[73.539013153705,19.94498145972],[73.53902162079,19.944985655495],[73.539030097404,19.94498983402],[73.539038583552,19.944993995191],[73.539047079231,19.94499813892],[73.539055584454,19.945002265093],[73.539064100977,19.94500637036],[73.539072631409,19.945010449704],[73.539081177832,19.945014498993],[73.539089742289,19.945018514049],[73.53909832679,19.945022490627],[73.539106933309,19.945026424395],[73.539115563994,19.945030310501],[73.539124220699,19.945034144488],[73.539132905085,19.945037922062],[73.539141618835,19.94504163866],[73.539150363655,19.945045289399],[73.539159141261,19.945048869043],[73.539167953014,19.945052372823],[73.53917680024,19.9450557957],[73.539185684442,19.945059131795],[73.539194606756,19.945062374642],[73.539203570892,19.945065513729],[73.539212609823,19.945068454065],[73.53922174283,19.945071121393],[73.539230965766,19.945073495723],[73.539240269911,19.94507556757],[73.539249643479,19.94507733741],[73.539259077292,19.945078792757],[73.539268558629,19.945079939343],[73.53927807577,19.945080779746],[73.539287617844,19.945081309273],[73.539297173291,19.945081537106],[73.539306731499,19.945081468598],[73.539316282446,19.945081109267],[73.539325817149,19.945080469119],[73.53933532758,19.945079559481],[73.539344806611,19.945078392876],[73.539354248683,19.945076983261],[73.53936365028,19.945075349485],[73.539373008205,19.945073504892],[73.539382201011,19.945071495757]]},{"type":"LineString","coordinates":[[73.537384106787,19.943554929731],[73.537384716349,19.943563926005],[73.537385426379,19.943572915682],[73.537386242527,19.943581897296],[73.537387169962,19.943590869242],[73.537388213772,19.943599829741],[73.537389378941,19.94360877685],[73.537390670069,19.943617708479],[73.537392092196,19.94362662229],[73.537393649868,19.943635515814],[73.537395348304,19.943644386258],[73.537397192654,19.9436532306],[73.53739918947,19.943662045282],[73.537401343567,19.94367082679],[73.537403661979,19.943679570781],[73.537406149691,19.943688273049],[73.53740881336,19.943696928604],[73.537411658858,19.943705532252],[73.537414695516,19.943714077247],[73.537417931503,19.943722556562],[73.537421373103,19.943730963143],[73.537425025083,19.943739289959],[73.537428895493,19.94374752804],[73.537432990509,19.943755668432],[73.537437319128,19.943763699981],[73.537441888265,19.943771611456],[73.537446704393,19.943779390813],[73.537451771131,19.943787026469],[73.537457093722,19.943794504824],[73.537462675695,19.943801812084],[73.537468512467,19.943808939181],[73.537474581537,19.943815890654],[73.537480858797,19.943822674862],[73.53748732249,19.943829300748],[73.537493949097,19.943835781189],[73.537500715544,19.943842131166],[73.537507603924,19.943848362852],[73.537514597939,19.943854488496],[73.537521680119,19.943860522879],[73.537528831336,19.94386648405],[73.537536036164,19.943872387226],[73.537543282173,19.943878245174],[73.537550555036,19.943884073295],[73.537557839768,19.943889888163],[73.537565123463,19.943895704204],[73.537572399109,19.943901529238],[73.537579666343,19.943907363655],[73.537586925532,19.94391320702],[73.537594176761,19.943919059217],[73.537601420176,19.943924920062],[73.537608655921,19.943930789372],[73.537615884144,19.943936666965],[73.537623104991,19.94394255266],[73.537630318611,19.943948446275],[73.537637525152,19.943954347629],[73.537644724763,19.943960256541],[73.537651917596,19.943966172832],[73.5376591038,19.943972096321],[73.537666283528,19.943978026829],[73.53767345693,19.943983964179],[73.537680624157,19.943989908193],[73.537687785362,19.943995858695],[73.5376949407,19.944001815505],[73.537702090326,19.944007778444],[73.537709234396,19.944013747337],[73.537716373065,19.944019722004],[73.537723506491,19.944025702269],[73.537730634831,19.944031687956],[73.537737758242,19.944037678888],[73.537744876882,19.944043674889],[73.537751990909,19.944049675781],[73.537759100484,19.944055681392],[73.537766205766,19.944061691545],[73.537773306913,19.944067706067],[73.537780404074,19.944073724794],[73.53778749741,19.944079747552],[73.537794587081,19.944085774168],[73.53780167325,19.944091804467],[73.537808756079,19.944097838274],[73.537815835729,19.944103875416],[73.537822912365,19.944109915718],[73.537829986149,19.944115959007],[73.537837057244,19.94412200511],[73.537844125814,19.94412805385],[73.537851192024,19.944134105057],[73.537858256038,19.944140158557],[73.537865318022,19.944146214176],[73.537872378139,19.944152271741],[73.537879436555,19.944158331078],[73.537886493436,19.944164392014],[73.537893548948,19.944170454377],[73.537900603257,19.944176517991],[73.537907656528,19.944182582685],[73.537914708929,19.944188648284],[73.537921760626,19.944194714615],[73.537928811786,19.944200781505],[73.537935862577,19.944206848779],[73.537942913165,19.944212916264],[73.537949963718,19.944218983786],[73.537957014403,19.94422505117],[73.537964065389,19.944231118243],[73.537971116844,19.944237184829],[73.537978168935,19.944243250754],[73.53798522183,19.944249315843],[73.537992275697,19.94425537992],[73.537999330668,19.944261442849],[73.538006386895,19.944267504471],[73.538013444548,19.944273564609],[73.538020503797,19.944279623085],[73.538027564811,19.944285679721],[73.538034627761,19.94429173434],[73.538041692816,19.944297786761],[73.538048760147,19.944303836807],[73.538055829923,19.944309884298],[73.538062902316,19.944315929053],[73.538069977493,19.944321970893],[73.538077055627,19.944328009638],[73.538084136885,19.944334045105],[73.538091221439,19.944340077112],[73.538098309457,19.94434610548],[73.538105401111,19.944352130024],[73.538112496569,19.944358150562],[73.538119596,19.94436416691],[73.538126699574,19.944370178884],[73.53813380746,19.944376186299],[73.538140919827,19.944382188971],[73.538148036843,19.944388186713],[73.538155158677,19.944394179339],[73.538162285498,19.944400166663],[73.538169417472,19.944406148496],[73.538176554769,19.944412124651],[73.538183697555,19.944418094939],[73.538190845997,19.94442405917],[73.538198000263,19.944430017155],[73.538205160518,19.944435968702],[73.53821232693,19.94444191362],[73.538219499656,19.944447851726],[73.538226678855,19.944453782832],[73.538233864691,19.944459706747],[73.538241057327,19.944465623279],[73.538248256927,19.944471532232],[73.538255463652,19.944477433413],[73.538262677666,19.944483326626],[73.53826989913,19.944489211674],[73.538277128204,19.944495088361],[73.538284365051,19.944500956489],[73.538291609829,19.944506815859],[73.538298862698,19.944512666271],[73.538306123819,19.944518507526],[73.538313393348,19.944524339421],[73.538320671443,19.944530161754],[73.538327958262,19.944535974322],[73.538335253961,19.944541776922],[73.538342558695,19.944547569347],[73.53834987262,19.944553351393],[73.53835719589,19.944559122853],[73.538364528659,19.944564883519],[73.538371871078,19.944570633183],[73.538379223299,19.944576371635],[73.538386585474,19.944582098665],[73.538393957752,19.944587814061],[73.538401340283,19.944593517612],[73.538408733213,19.944599209105],[73.538416136691,19.944604888325],[73.538423550862,19.944610555057],[73.538430975871,19.944616209086],[73.538438411861,19.944621850195],[73.538445858977,19.944627478167],[73.538453317358,19.944633092782],[73.538460787146,19.944638693822],[73.538468268479,19.944644281065],[73.538475761496,19.944649854292],[73.538483266332,19.944655413279],[73.538490783123,19.944660957804],[73.538498312002,19.944666487643],[73.538505853104,19.944672002572],[73.53851340656,19.944677502365],[73.538520972522,19.944682986764],[73.538528551132,19.944688455526],[73.538536142517,19.944693908421],[73.538543746804,19.944699345218],[73.538551364118,19.944704765685],[73.538558994581,19.944710169588],[73.538566638317,19.944715556694],[73.538574295442,19.944720926768],[73.538581966077,19.944726279575],[73.538589650338,19.944731614879],[73.538597348338,19.944736932442],[73.53860506019,19.944742232027],[73.538612786006,19.944747513395],[73.538620525894,19.944752776307],[73.53862827996,19.944758020524],[73.538636048309,19.944763245804],[73.538643831045,19.944768451907],[73.538651628267,19.944773638591],[73.538659440073,19.944778805613],[73.538667266561,19.944783952732],[73.538675107823,19.944789079703],[73.538682963953,19.944794186282],[73.538690835037,19.944799272227],[73.538698721165,19.944804337291],[73.53870662242,19.94480938123],[73.538714538884,19.944814403799],[73.538722470637,19.944819404751],[73.538730417757,19.944824383843],[73.538738380316,19.944829340826],[73.538746358388,19.944834275456],[73.538754352045,19.944839187487],[73.538762361576,19.944844076342],[73.538770388089,19.944848940227],[73.538778432864,19.944853777058],[73.538786497159,19.944858584732],[73.538794582213,19.944863361129],[73.53880268924,19.944868104104],[73.538810819427,19.944872811493]]},{"type":"LineString","coordinates":[[73.538247962758,19.940045201467],[73.538248942189,19.940054188658],[73.538249837729,19.940063183671],[73.538250650994,19.940072185673],[73.538251383713,19.940081193857],[73.538252037731,19.940090207457],[73.538252614995,19.940099225744],[73.538253117557,19.940108248029],[73.538253547449,19.940117273674],[73.53825390498,19.940126302144],[73.538254190994,19.940135332894],[73.538254406853,19.940144365388],[73.538254553965,19.940153399118],[73.538254633782,19.940162433604],[73.538254647804,19.940171468395],[73.538254597567,19.940180503072],[73.538254484617,19.940189537244],[73.538254310427,19.940198570547],[73.538254076527,19.940207602645],[73.538253784482,19.94021663323],[73.538253435889,19.940225662021],[73.538253032379,19.940234688767],[73.53825257561,19.940243713243],[73.538252067266,19.940252735253],[73.538251509058,19.940261754628],[73.538250902716,19.940270771223],[73.538250249995,19.940279784922],[73.538249552667,19.940288795634],[73.53824881252,19.940297803291],[73.53824803136,19.94030680785],[73.538247211006,19.940315809291],[73.538246353345,19.940324807623],[73.538245460208,19.940333802875],[73.538244533326,19.940342795073],[73.538243574446,19.940351784271],[73.538242585325,19.940360770539],[73.538241567736,19.940369753964],[73.538240523461,19.940378734651],[73.538239454293,19.940387712717],[73.538238362034,19.940396688298],[73.538237248494,19.94040566154],[73.538236115492,19.940414632604],[73.538234964853,19.940423601659],[73.53823379842,19.94043256889],[73.538232618436,19.940441534535],[73.538231426923,19.940450498819],[73.538230225721,19.940459461948],[73.53822901667,19.940468424133],[73.538227801606,19.940477385591],[73.538226582371,19.940486346542],[73.53822536081,19.940495307211],[73.538224138775,19.940504267823],[73.538222918007,19.940513228589],[73.538221700199,19.940522189716],[73.5382204873,19.940531151436],[73.538219281268,19.940540113984],[73.538218084065,19.94054907759],[73.538216897657,19.94055804248],[73.53821572401,19.940567008871],[73.538214565089,19.940575976974],[73.538213422926,19.940584946999],[73.538212299874,19.940593919182],[73.538211197861,19.940602893696],[73.538210118747,19.9406118707],[73.538209064408,19.940620850336],[73.538208036741,19.940629832735],[73.538207037669,19.940638818019],[73.538206069118,19.94064780629],[73.53820513283,19.940656797618],[73.538204230759,19.940665792073],[73.538203364938,19.940674789712],[73.538202537391,19.940683790569],[73.538201750132,19.940692794657],[73.53820100516,19.940701801963],[73.538200304466,19.940710812442],[73.538199650342,19.940719826052],[73.538199044869,19.9407288427],[73.538198489972,19.940737862256],[73.538197987609,19.940746884566],[73.538197539772,19.940755909442],[73.538197148466,19.940764936667],[73.538196815491,19.940773965984],[73.538196542753,19.940782997106],[73.538196332195,19.940792029716],[73.538196185743,19.940801063456],[73.538196105307,19.940810097938],[73.538196092731,19.940819132729],[73.538196149759,19.940828167367],[73.53819627828,19.940837201347],[73.538196480162,19.940846234126],[73.538196757236,19.940855265121],[73.538197111288,19.94086429371],[73.53819754437,19.940873319215],[73.538198056918,19.940882340998],[73.538198647217,19.94089135853],[73.538199313245,19.940900371341],[73.538200051672,19.940909379117],[73.538200858002,19.940918381687],[73.538201728246,19.940927378933],[73.538202658349,19.94093637082],[73.538203644405,19.940945357378],[73.538204682921,19.940954338654],[73.538205770472,19.94096331474],[73.538206903665,19.940972285775],[73.538208079117,19.940981251948],[73.53820929316,19.940990213524],[73.538210542138,19.940999170806],[73.538211822435,19.941008124134],[73.538213130418,19.941017073882],[73.538214462553,19.941026020447],[73.538215815875,19.94103496417],[73.53821718702,19.941043905464],[73.538218572569,19.941052844773],[73.538219969134,19.94106178255],[73.538221373346,19.941070719255],[73.538222781852,19.941079655356],[73.538224191298,19.941088591324],[73.538225598325,19.941097527633],[73.538226999344,19.941106464785],[73.538228390763,19.941115403278],[73.538229769368,19.941124343549],[73.538231131954,19.941133286017],[73.538232475319,19.941142231085],[73.538233796299,19.941151179132],[73.538235092037,19.941160130476],[73.538236359145,19.941169085482],[73.538237593975,19.94117804452],[73.538238792783,19.941187007933],[73.538239951702,19.941195976031],[73.538241066895,19.941204949081],[73.53824213471,19.941213927283],[73.538243151511,19.941222910777],[73.538244113673,19.941231899652],[73.538245017771,19.941240893917],[73.538245860486,19.941249893508],[73.538246638326,19.941258898318],[73.538247347686,19.941267908182],[73.538247984839,19.941276922869],[73.538248545925,19.941285942073],[73.538249026878,19.941294965407],[73.538249423266,19.941303992413],[73.538249730986,19.941313022508],[73.538249946051,19.941322055],[73.538250064544,19.941331089085],[73.538250082639,19.941340123845],[73.538249996613,19.941349158253],[73.538249802901,19.941358191169],[73.538249497945,19.941367221334],[73.538249078089,19.94137624737],[73.538248539633,19.94138526777],[73.538247878832,19.941394280888],[73.538247091905,19.94140328494],[73.538246175042,19.941412277986],[73.538245125798,19.941421258084],[73.538243946702,19.941430223767],[73.538242640601,19.941439173701],[73.538241209964,19.941448106594],[73.538239657813,19.941457021329],[73.538237987109,19.941465916882],[73.538236200765,19.941474792322],[73.538234301567,19.941483646783],[73.53823229234,19.941492479506],[73.538230175968,19.941501289828],[73.538227955377,19.941510077186],[73.538225633521,19.941518841107],[73.538223213346,19.941527581212],[73.538220697502,19.941536297128],[73.538218088444,19.941544988507],[73.538215388644,19.941553655071],[73.538212600583,19.94156229661],[73.538209726748,19.941570912985],[73.538206769626,19.941579504124],[73.538203731703,19.941588070015],[73.538200615452,19.941596610713],[73.538197423345,19.941605126326],[73.53819415784,19.941613617018],[73.538190821281,19.941622082974],[73.538187415954,19.941630524408],[73.538183944092,19.941638941572],[73.538180407879,19.941647334747],[73.53817680945,19.941655704244],[73.538173150898,19.9416640504],[73.538169434267,19.94167237358],[73.538165661561,19.94168067417],[73.538161834739,19.94168895258],[73.538157955725,19.94169720924],[73.538154026402,19.9417054446],[73.538150048618,19.941713659132],[73.538146024186,19.941721853322],[73.538141954889,19.941730027675],[73.538137842478,19.941738182713],[73.538133688678,19.941746318973],[73.538129495186,19.941754437007],[73.538125263609,19.941762537347],[73.538120995253,19.941770620414],[73.538116691384,19.941778686628],[73.538112353314,19.941786736442],[73.538107982388,19.94179477035],[73.538103579988,19.941802788877],[73.538099147524,19.941810792581],[73.538094686491,19.941818782083],[73.538090198472,19.941826758065],[73.538085684775,19.941834721067],[73.538081146644,19.941842671639],[73.538076585299,19.941850610324],[73.538072001912,19.941858537646],[73.538067397527,19.941866454076],[73.538062773381,19.941874360197],[73.538058130749,19.941882256626],[73.538053470916,19.941890143987],[73.538048795171,19.941898022925],[73.538044104807,19.94190589409],[73.538039401122,19.941913758144],[73.538034685411,19.941921615755],[73.538029959323,19.941929467793],[73.538025224702,19.941937315237],[73.538020482378,19.941945158519],[73.538015733135,19.941952998056],[73.538010977755,19.941960834265],[73.538006217015,19.941968667561],[73.538001451687,19.941976498361],[73.537996682538,19.941984327079],[73.537991910332,19.941992154131],[73.537987135826,19.941999979926],[73.537982359312,19.942007804632],[73.537977580476,19.942015628071],[73.537972799599,19.942023450395],[73.537968016973,19.942031271763],[73.537963232889,19.942039092334],[73.537958447637,19.942046912263],[73.537953661502,19.94205473171],[73.53794887477,19.942062550832],[73.537944087726,19.942070369781],[73.537939300652,19.942078188714],[73.537934513821,19.94208600778],[73.537929727501,19.942093827126],[73.537924941967,19.942101646903],[73.537920157494,19.942109467261],[73.537915374358,19.942117288351],[73.537910592832,19.942125110321],[73.537905813189,19.942132933318],[73.5379010357,19.942140757494],[73.537896260635,19.942148582993],[73.537891488266,19.942156409964],[73.537886718862,19.94216423855],[73.537881952693,19.942172068897],[73.537877190026,19.942179901149],[73.537872431131,19.942187735451],[73.537867676274,19.942195571946],[73.537862925724,19.942203410777],[73.537858179747,19.942211252083],[73.537853438611,19.942219096008],[73.537848702582,19.942226942692],[73.537843971927,19.942234792275],[73.537839246919,19.942242644898],[73.537834527851,19.942250500714],[73.53782981499,19.942258359863],[73.5378251086,19.942266222478],[73.537820408946,19.942274088697],[73.537815716295,19.942281958652],[73.537811030909,19.94228983248],[73.537806353057,19.942297710311],[73.537801683005,19.94230559228],[73.537797021019,19.942313478519],[73.537792367368,19.94232136916],[73.537787722321,19.942329264331],[73.537783086149,19.942337164163],[73.53777845912,19.942345068788],[73.537773841506,19.942352978333],[73.537769233578,19.942360892929],[73.537764635609,19.942368812704],[73.537760047875,19.942376737782],[73.53775547065,19.942384668293],[73.53775090421,19.942392604363],[73.537746348834,19.942400546117],[73.5377418048,19.942408493679],[73.537737272388,19.942416447173],[73.53773275188,19.942424406724],[73.537728243559,19.942432372453],[73.53772374771,19.942440344484],[73.537719264619,19.942448322937],[73.537714794574,19.942456307933],[73.537710337863,19.942464299592],[73.537705894846,19.942472298065],[73.537701465869,19.942480303499],[73.537697051226,19.942488316011],[73.537692651211,19.942496335715],[73.537688266121,19.942504362726],[73.537683896257,19.942512397159],[73.537679541919,19.942520439127],[73.537675203411,19.942528488742],[73.537670881039,19.942536546117],[73.537666575113,19.942544611362],[73.537662285942,19.942552684588],[73.537658013842,19.942560765902],[73.53765375913,19.94256885541],[73.537649522122,19.942576953223],[73.537645303141,19.942585059449],[73.53764110251,19.942593174192],[73.537636920557,19.942601297557],[73.537632757612,19.942609429647],[73.537628614008,19.942617570566],[73.53762449008,19.942625720414],[73.537620386168,19.942633879293],[73.537616302614,19.942642047301],[73.537612239763,19.942650224536],[73.537608197902,19.942658411066],[73.537604177341,19.942666606971],[73.537600178443,19.942674812347],[73.537596201574,19.942683027293],[73.537592247105,19.942691251902],[73.537588315408,19.942699486269],[73.537584406858,19.942707730484],[73.537580521834,19.942715984637],[73.537576660717,19.942724248815],[73.537572823892,19.942732523105],[73.537569011745,19.942740807588],[73.537565224668,19.942749102348],[73.537561463056,19.942757407458],[73.537557727304,19.942765723],[73.537554017811,19.942774049047],[73.537550334982,19.942782385672],[73.537546679223,19.942790732944],[73.537543050941,19.94279909093],[73.537539450551,19.942807459695],[73.537535878469,19.942815839299],[73.537532335111,19.942824229802],[73.537528820901,19.94283263126],[73.53752533626,19.942841043724],[73.537521881563,19.942849467225],[73.537518457218,19.942857901801],[73.537515063656,19.942866347494],[73.53751170131,19.942874804346],[73.537508370616,19.94288327239],[73.537505072013,19.942891751659],[73.537501805942,19.942900242181],[73.537498572849,19.942908743982],[73.537495373179,19.942917257083],[73.537492207381,19.942925781502],[73.53748907591,19.942934317249],[73.537485979219,19.942942864336],[73.537482917765,19.942951422766],[73.537479892007,19.942959992539],[73.537476902408,19.942968573653],[73.53747394943,19.942977166098],[73.53747103354,19.942985769862],[73.537468155206,19.942994384926],[73.537465314896,19.943003011268],[73.537462513083,19.94301164886],[73.537459750239,19.94302029767],[73.537457026839,19.943028957659],[73.537454343417,19.943037628803],[73.537451700551,19.943046311076],[73.537449098733,19.943055004428],[73.537446538454,19.943063708802],[73.537444020208,19.943072424133],[73.53744154449,19.943081150352],[73.537439111797,19.943089887386],[73.537436722627,19.943098635151],[73.537434377478,19.943107393562],[73.537432076852,19.943116162525],[73.537429821249,19.943124941941],[73.537427611172,19.943133731704],[73.537425447122,19.943142531701],[73.537423329602,19.943151341815],[73.537421259115,19.94316016192],[73.537419236163,19.943168991884],[73.537417261249,19.943177831567],[73.537415334875,19.943186680822],[73.53741345754,19.943195539496],[73.537411629746,19.94320440743],[73.53740985199,19.943213284455],[73.53740812477,19.943222170397],[73.537406448591,19.943231065076],[73.53740482398,19.943239968306],[73.53740325143,19.943248879892],[73.537401731434,19.943257799626],[73.537400264478,19.943266727299],[73.537398851049,19.943275662689],[73.537397491629,19.943284605569],[73.537396186694,19.943293555703],[73.53739493672,19.943302512849],[73.537393742175,19.943311476753],[73.537392603525,19.943320447161],[73.53739152123,19.943329423804],[73.537390495744,19.943338406409],[73.537389527517,19.943347394692],[73.537388616991,19.943356388366],[73.537387764603,19.943365387137],[73.537386970781,19.943374390697],[73.537386235951,19.943383398735],[73.537385560525,19.943392410929],[73.537384944912,19.943401426953],[73.537384389511,19.943410446473],[73.537383894712,19.943419469147],[73.537383460901,19.943428494629],[73.537383088455,19.943437522562],[73.537382777727,19.943446552582],[73.53738252906,19.94345558432],[73.537382342787,19.943464617401],[73.537382219234,19.943473651443],[73.537382158717,19.943482686058],[73.537382161536,19.943491720854],[73.537382226452,19.943500755442],[73.53738235523,19.943509789414],[73.537382551841,19.943518822292],[73.537382820173,19.943527853516],[73.537383177859,19.943536881583],[73.53738363883,19.943545905782],[73.537384106787,19.943554929731]]},{"type":"LineString","coordinates":[[73.537850844504,19.942681142941],[73.537846652244,19.942689246342],[73.537842479679,19.942697358828],[73.537838327183,19.942705480517],[73.537834195135,19.942713611527],[73.53783008392,19.942721751974],[73.537825993931,19.942729901976],[73.537821925562,19.94273806165],[73.537817879216,19.94274623111],[73.537813855303,19.942754410473],[73.537809854237,19.942762599852],[73.53780587644,19.94277079936],[73.537801922339,19.942779009112],[73.537797992368,19.942787229218],[73.537794086969,19.94279545979],[73.537790206589,19.942803700937],[73.537786351684,19.942811952768],[73.537782522717,19.942820215391],[73.537778720156,19.942828488911],[73.537774944479,19.942836773435],[73.53777119617,19.942845069064],[73.537767475723,19.942853375902],[73.537763783637,19.942861694047],[73.537760120422,19.942870023599],[73.537756486594,19.942878364654],[73.537752882678,19.942886717305],[73.537749309209,19.942895081646],[73.537745766728,19.942903457767],[73.537742255788,19.942911845754],[73.537738776928,19.942920245684],[73.537735330645,19.942928657611],[73.537731917457,19.942937081594],[73.537728537891,19.942945517691],[73.537725192484,19.942953965953],[73.537721881778,19.942962426431],[73.537718606326,19.94297089917],[73.537715366689,19.942979384214],[73.537712163437,19.942987881601],[73.537708997147,19.942996391365],[73.537705868407,19.943004913541],[73.537702777812,19.943013448154],[73.537699725966,19.943021995226],[73.537696713484,19.943030554777],[73.537693740988,19.943039126819],[73.53769080911,19.943047711361],[73.537687918492,19.943056308406],[73.537685069783,19.943064917951],[73.537682263644,19.943073539988],[73.537679500743,19.943082174502],[73.537676781759,19.943090821473],[73.537674107381,19.943099480875],[73.537671478305,19.943108152672],[73.537668895238,19.943116836825],[73.537666358897,19.943125533284],[73.537663870007,19.943134241994],[73.537661429263,19.94314296288],[73.537659037308,19.943151695846],[73.537656694841,19.943160440798],[73.537654402567,19.943169197636],[73.537652161196,19.94317796625],[73.537649971445,19.943186746518],[73.537647834032,19.94319553831],[73.537645749682,19.943204341487],[73.537643719124,19.9432131559],[73.53764174309,19.943221981386],[73.537639822316,19.943230817774],[73.537637957541,19.943239664881],[73.537636149505,19.943248522513],[73.537634398953,19.943257390465],[73.53763270663,19.943266268517],[73.537631073282,19.94327515644],[73.537629499656,19.943284053993],[73.537627986499,19.943292960919],[73.537626534559,19.943301876953],[73.537625144582,19.943310801812],[73.537623817312,19.943319735201],[73.537622553491,19.943328676814],[73.537621353859,19.94333762633],[73.537620219152,19.943346583413],[73.5376191501,19.943355547714],[73.537618147379,19.943364518867],[73.537617211671,19.943373496489],[73.537616343672,19.943382480191],[73.537615544064,19.943391469568],[73.537614813517,19.943400464196],[73.537614152681,19.943409463647],[73.537613562179,19.943418467475],[73.537613042664,19.943427475214],[73.537612594776,19.943436486391],[73.537612219135,19.94344550052],[73.537611916336,19.943454517098],[73.537611686955,19.943463535612],[73.537611531541,19.943472555538],[73.537611450621,19.943481576337],[73.537611444694,19.943490597457],[73.537611514234,19.943499618341],[73.537611659793,19.943508638413],[73.537611885886,19.943517656997],[73.53761220272,19.943526673129],[73.537612622252,19.943535685499],[73.537613157558,19.94354469237],[73.537613821343,19.943553691573],[73.537614627161,19.943562680383],[73.537615589505,19.943571655394],[73.537616722601,19.943580612545],[73.537618041025,19.943589546965],[73.537619561401,19.943598452619],[73.537621301781,19.943607322146],[73.537623285174,19.943616145882],[73.537625542624,19.943624910456],[73.537628103921,19.943633599907],[73.537631014478,19.943642190258],[73.537634346752,19.943650642124],[73.537638183841,19.943658899711],[73.537642685159,19.943666849735],[73.537648175416,19.943674216244],[73.537654532076,19.943680940225],[73.537661263456,19.943687331848],[73.537668209649,19.943693514966],[73.537675297846,19.943699552496],[73.537682474636,19.943705495801],[73.537689709871,19.94371137543],[73.537696981996,19.943717214228],[73.53770427052,19.94372303472],[73.537711560402,19.943728853744],[73.537718843174,19.94373468072],[73.537726117751,19.943740516835],[73.537733384419,19.943746361745],[73.537740643304,19.943752215278],[73.537747894548,19.943758077274],[73.537755138289,19.943763947568],[73.537762374659,19.943769825991],[73.537769603793,19.943775712378],[73.537776825821,19.943781606555],[73.537784040877,19.943787508355],[73.537791249104,19.943793417614],[73.53779845064,19.943799334161],[73.53780564563,19.943805257833],[73.537812834204,19.943811188456],[73.53782001651,19.943817125872],[73.537827192686,19.943823069912],[73.537834362872,19.94382902041],[73.537841527215,19.943834977201],[73.537848685857,19.943840940117],[73.537855838944,19.943846908994],[73.537862986619,19.943852883661],[73.53787012903,19.943858863952],[73.53787726633,19.943864849702],[73.537884398668,19.943870840745],[73.537891526197,19.943876836906],[73.537898649065,19.943882838012],[73.537905767412,19.94388884389],[73.537912881416,19.943894854404],[73.537919991204,19.943900869372],[73.537927096925,19.943906888628],[73.537934198735,19.943912912011],[73.537941296785,19.943918939357],[73.537948391228,19.943924970498],[73.537955482217,19.943931005271],[73.537962569909,19.943937043507],[73.537969654456,19.943943085041],[73.537976736018,19.943949129705],[73.537983814751,19.943955177332],[73.537990890813,19.943961227753],[73.537997964364,19.9439672808],[73.538005035564,19.943973336303],[73.538012104574,19.943979394093],[73.538019171556,19.943985453998],[73.538026236672,19.943991515849],[73.538033300087,19.943997579473],[73.538040361964,19.944003644698],[73.53804742247,19.944009711352],[73.538054481771,19.94401577926],[73.538061540034,19.944021848248],[73.538068597445,19.944027918122],[73.538075654178,19.9440339887],[73.538082710392,19.944040059817],[73.538089766248,19.944046131307],[73.538096821906,19.944052203003],[73.538103877526,19.944058274738],[73.538110933272,19.944064346344],[73.538117989306,19.944070417651],[73.538125045792,19.944076488488],[73.538132102894,19.944082558687],[73.538139160775,19.944088628072],[73.538146219604,19.944094696475],[73.538153279545,19.944100763719],[73.538160340767,19.944106829631],[73.538167403439,19.944112894037],[73.538174467726,19.944118956758],[73.5381815338,19.944125017618],[73.53818860183,19.944131076437],[73.538195671988,19.944137133038],[73.538202744444,19.944143187238],[73.538209819371,19.944149238857],[73.538216896942,19.944155287712],[73.53822397733,19.944161333618],[73.538231060709,19.944167376391],[73.538238147254,19.944173415844],[73.53824523714,19.944179451789],[73.538252330543,19.944185484038],[73.53825942764,19.944191512401],[73.538266528608,19.944197536685],[73.538273633625,19.9442035567],[73.538280742871,19.94420957225],[73.538287856523,19.94421558314],[73.538294974762,19.944221589173],[73.538302097767,19.944227590151],[73.538309225719,19.944233585873],[73.5383163588,19.94423957614],[73.538323497191,19.944245560748],[73.538330641076,19.944251539492],[73.538337790636,19.944257512167],[73.538344946055,19.944263478566],[73.538352107516,19.944269438478],[73.538359275204,19.944275391693],[73.538366449304,19.944281337999],[73.538373629999,19.944287277182],[73.538380817467,19.944293209035],[73.538388011876,19.944299133359],[73.538395213397,19.944305049952],[73.5384024222,19.94431095861],[73.538409638456,19.944316859128],[73.538416862336,19.944322751298],[73.538424094011,19.944328634913],[73.538431333652,19.94433450976],[73.538438581432,19.944340375629],[73.538445837521,19.944346232304],[73.538453102093,19.944352079569],[73.538460375318,19.944357917208],[73.538467657371,19.944363744999],[73.538474948421,19.944369562721],[73.538482248642,19.94437537015],[73.538489558206,19.944381167061],[73.538496877287,19.944386953225],[73.538504206055,19.944392728414],[73.538511544685,19.944398492396],[73.538518893347,19.944404244936],[73.538526252214,19.9444099858],[73.538533621458,19.944415714748],[73.538541001252,19.944421431541],[73.538548391767,19.944427135938],[73.538555793172,19.944432827691],[73.53856320564,19.944438506557],[73.538570629342,19.944444172285],[73.538578064448,19.944449824626],[73.538585511129,19.944455463326],[73.538592969554,19.944461088129],[73.538600439892,19.944466698778],[73.538607922312,19.944472295013],[73.538615416981,19.944477876572],[73.538622924068,19.944483443189],[73.538630443738,19.944488994599],[73.538637976157,19.944494530531],[73.538645521491,19.944500050714],[73.538653079905,19.944505554875],[73.538660651561,19.944511042736],[73.538668236622,19.94451651402],[73.538675835248,19.944521968446],[73.538683447564,19.944527405779],[73.5386910737,19.944532825767],[73.538698713803,19.944538228138],[73.538706368018,19.944543612616],[73.53871403649,19.944548978923],[73.538721719362,19.944554326782],[73.538729416777,19.94455965591],[73.538737128875,19.944564966023],[73.538744855791,19.944570256836],[73.538752597664,19.944575528061],[73.53876035463,19.944580779407],[73.538768126821,19.944586010585],[73.53877591437,19.9445912213],[73.538783717405,19.944596411256],[73.538791536051,19.944601580162],[73.538799370429,19.944606727724],[73.538807220657,19.944611853646],[73.538815086855,19.944616957631],[73.538822969135,19.944622039381],[73.538830867611,19.944627098594],[73.538838782394,19.94463213497],[73.538846713588,19.944637148204],[73.5388546613,19.944642137991],[73.538862625633,19.944647104026],[73.538870606683,19.944652046002],[73.538878604548,19.944656963615],[73.538886619317,19.944661856558],[73.538894651077,19.944666724523],[73.538902699914,19.9446715672],[73.53891076591,19.944676384283],[73.538918849142,19.944681175459],[73.538926949686,19.944685940419],[73.538935067613,19.944690678851],[73.538943203062,19.944695390337],[73.538951356158,19.944700074463],[73.538959526779,19.944704731207],[73.538967714751,19.944709360615],[73.538975919865,19.944713962801],[73.538984141873,19.944718537941],[73.538992380454,19.944723086348],[73.539000635087,19.944727608669],[73.539008905342,19.944732105395],[73.539017190814,19.944736577003],[73.539025491102,19.944741023974],[73.539033805806,19.944745446794],[73.539042134535,19.944749845956],[73.539050476908,19.944754221946],[73.53905883253,19.944758575271],[73.539067201017,19.944762906444],[73.539075581987,19.944767215979],[73.539083975064,19.944771504394],[73.539092379879,19.944775772205],[73.539100796066,19.944780019926],[73.539109223268,19.944784248075],[73.539117661131,19.944788457164],[73.539126109311,19.944792647709],[73.539134567469,19.944796820219],[73.539143035268,19.944800975204],[73.539151512388,19.944805113169],[73.539159999642,19.944809232526],[73.539168499427,19.944813328715],[73.539177014411,19.944817396574],[73.539185547293,19.944821430751],[73.539194100962,19.944825425359],[73.539202678197,19.944829374509],[73.539211281849,19.944833271925],[73.539219915021,19.944837110513],[73.539228581251,19.944840881899],[73.539237283907,19.944844577504],[73.539246025728,19.944848189492],[73.539254809761,19.944851708694],[73.539263639441,19.944855124191],[73.539272518653,19.944858422826],[73.539281453037,19.944861585299],[73.539290629398,19.944864010357],[73.539300125279,19.94486472773],[73.539309636889,19.944864101971],[73.539319053454,19.944862668443],[73.539328371191,19.944860736385]]},{"type":"LineString","coordinates":[[73.538475928465,19.940022010809],[73.538476910754,19.94003098432],[73.538477823559,19.940039964382],[73.538478670115,19.940048950259],[73.538479450798,19.940057941468],[73.538480166212,19.940066937532],[73.538480816987,19.940075937985],[73.538481403788,19.94008494237],[73.538481927306,19.940093950244],[73.538482388255,19.940102961174],[73.538482787384,19.940111974744],[73.538483125467,19.940120990546],[73.5384834033,19.940130008189],[73.538483621708,19.940139027294],[73.538483781543,19.940148047497],[73.538483883684,19.940157068451],[73.538483929039,19.94016608982],[73.538483918542,19.940175111286],[73.538483853257,19.940184132547],[73.538483734239,19.940193153317],[73.538483562425,19.940202173326],[73.538483338782,19.94021119232],[73.538483064307,19.940220210059],[73.538482740029,19.940229226319],[73.538482367008,19.940238240895],[73.538481946335,19.940247253595],[73.538481479132,19.940256264245],[73.538480966555,19.940265272689],[73.538480409789,19.940274278788],[73.538479810053,19.94028328242],[73.5384791686,19.94029228348],[73.538478486714,19.940301281882],[73.538477765715,19.940310277558],[73.538477006956,19.940319270457],[73.538476211828,19.940328260545],[73.538475381754,19.940337247809],[73.538474518213,19.940346232253],[73.538473622566,19.940355213886],[73.538472696088,19.940364192722],[73.538471740091,19.940373168791],[73.538470755921,19.940382142137],[73.538469744964,19.940391112821],[73.538468708643,19.940400080917],[73.53846764842,19.940409046514],[73.538466565798,19.940418009717],[73.538465462323,19.940426970646],[73.538464339583,19.940435929436],[73.538463199212,19.940444886233],[73.53846204289,19.940453841202],[73.538460872346,19.94046279452],[73.538459689358,19.940471746375],[73.538458495759,19.94048069697],[73.538457293434,19.94048964652],[73.53845608424,19.940498595243],[73.538454869825,19.940507543334],[73.538453651841,19.940516490991],[73.53845243199,19.94052543842],[73.538451212028,19.940534385836],[73.538449993769,19.94054333346],[73.538448779083,19.940552281519],[73.538447569903,19.940561230243],[73.538446368227,19.940570179868],[73.538445176117,19.94057913064],[73.538443995708,19.940588082799],[73.538442829206,19.940597036587],[73.538441678895,19.940605992249],[73.53844054714,19.940614950023],[73.538439436389,19.940623910148],[73.538438349139,19.94063287285],[73.538437287645,19.940641838313],[73.538436254076,19.940650806691],[73.538435250673,19.940659778131],[73.53843427976,19.940668752766],[73.538433343745,19.940677730717],[73.538432445119,19.940686712082],[73.538431586468,19.940695696943],[73.538430770465,19.940704685356],[73.538429999884,19.940713677351],[73.538429277594,19.94072267293],[73.538428606567,19.940731672056],[73.538427989881,19.940740674656],[73.53842743072,19.940749680613],[73.538426932232,19.940758689753],[73.538426497042,19.94076770183],[73.538426128103,19.940776716546],[73.538425828493,19.94078573356],[73.538425601368,19.940794752464],[73.538425449957,19.940803772786],[73.538425377534,19.940812793982],[73.538425387282,19.940821815433],[73.538425482402,19.940830836436],[73.538425666129,19.940839856214],[73.538425941713,19.940848873895],[73.5384263127,19.940857888513],[73.538426782307,19.940866899017],[73.53842735009,19.940875904463],[73.538428012038,19.94088490415],[73.538428761392,19.940893897701],[73.538429590778,19.940902885001],[73.538430493381,19.940911865995],[73.538431462956,19.940920840746],[73.53843249376,19.940929809397],[73.538433580503,19.940938772144],[73.538434718299,19.940947729227],[73.53843590249,19.940956680934],[73.538437127998,19.940965627667],[73.538438389844,19.940974569883],[73.538439683384,19.940983508048],[73.538441004281,19.940992442638],[73.538442348471,19.941001374122],[73.538443712142,19.941010302967],[73.538445091707,19.941019229626],[73.538446483836,19.941028154539],[73.5384478851,19.941037078176],[73.538449291606,19.941046001076],[73.538450699622,19.941054923763],[73.538452105607,19.941063846737],[73.538453506193,19.94107277047],[73.53845489817,19.94108169541],[73.538456278479,19.941090621969],[73.538457644197,19.941099550529],[73.538458992533,19.941108481474],[73.538460320807,19.941117415101],[73.538461626453,19.9411263517],[73.538462907007,19.941135291534],[73.538464159758,19.941144234879],[73.538465381627,19.941153182036],[73.538466569626,19.941162133291],[73.538467720878,19.941171088839],[73.538468832616,19.941180048847],[73.538469902178,19.941189013443],[73.538470927003,19.941197982714],[73.538471904625,19.941206956695],[73.53847283267,19.94121593538],[73.538473708854,19.941224918723],[73.538474530978,19.941233906633],[73.538475296928,19.94124289898],[73.538476004669,19.94125189559],[73.538476651971,19.941260896267],[73.538477236267,19.941269900794],[73.538477755042,19.941278908908],[73.538478205873,19.941287920291],[73.538478586424,19.94129693457],[73.538478894445,19.941305951324],[73.53847912777,19.941314970082],[73.538479284322,19.941323990322],[73.538479362104,19.94133301148],[73.538479359207,19.941342032935],[73.538479273804,19.94135105403],[73.538479104156,19.941360074058],[73.538478848606,19.94136909227],[73.538478505585,19.941378107885],[73.538478073305,19.941387120066],[73.53847754969,19.941396127914],[73.538476933075,19.941405130494],[73.538476221869,19.941414126834],[73.538475414557,19.941423115918],[73.538474509699,19.941432096689],[73.538473505959,19.941441068063],[73.538472403967,19.941450029119],[73.538471205052,19.941458979042],[73.538469910286,19.941467917016],[73.538468520844,19.941476842268],[73.538467038117,19.94148575409],[73.538465463415,19.941494651794],[73.53846379808,19.941503534729],[73.538462043508,19.941512402289],[73.538460201034,19.941521253892],[73.538458271985,19.941530088989],[73.538456257723,19.941538907065],[73.538454159638,19.941547707646],[73.538451979149,19.941556490297],[73.538449717701,19.941565254622],[73.538447376818,19.941574000279],[73.53844495817,19.941582726993],[73.53844246305,19.941591434433],[73.538439892728,19.941600122292],[73.538437248496,19.941608790294],[73.538434531674,19.941617438199],[73.538431743602,19.941626065802],[73.538428885646,19.941634672932],[73.538425959187,19.94164325946],[73.538422965633,19.941651825279],[73.538419906407,19.941660370325],[73.538416782951,19.941668894567],[73.538413596724,19.941677398011],[73.538410349204,19.941685880695],[73.538407041883,19.941694342693],[73.538403676268,19.941702784115],[73.538400253841,19.941711205084],[73.538396775834,19.941719605666],[73.538393243443,19.941727985932],[73.538389657883,19.941736345982],[73.538386020378,19.94174468594],[73.538382332166,19.941753005961],[73.538378594498,19.94176130622],[73.538374808637,19.941769586926],[73.538370975856,19.941777848313],[73.538367097446,19.941786090635],[73.538363174709,19.941794314179],[73.538359208962,19.941802519256],[73.538355201536,19.941810706205],[73.538351153778,19.941818875392],[73.538347067052,19.94182702721],[73.538342942867,19.941835162144],[73.538338782816,19.941843280735],[73.538334587792,19.941851383219],[73.538330358674,19.941859469836],[73.538326096373,19.941867540856],[73.538321801838,19.94187559658],[73.53831747605,19.94188363734],[73.53831312003,19.941891663492],[73.538308734832,19.941899675422],[73.538304321545,19.941907673547],[73.538299881292,19.941915658315],[73.538295415231,19.941923630203],[73.538290924554,19.941931589713],[73.538286410486,19.941939537382],[73.538281874203,19.94194747373],[73.53827731633,19.941955399013],[73.538272737777,19.941963313626],[73.538268139555,19.941971218037],[73.5382635227,19.941979112737],[73.538258888277,19.941986998228],[73.538254237373,19.941994875037],[73.538249571097,19.942002743713],[73.538244890584,19.942010604823],[73.538240196992,19.942018458955],[73.538235491498,19.942026306716],[73.538230775306,19.942034148733],[73.538226049641,19.942041985647],[73.53822131575,19.94204981812],[73.538216575026,19.942057646896],[73.538211828501,19.942065472528],[73.538207076917,19.942073295412],[73.538202321036,19.94208111596],[73.538197561635,19.942088934599],[73.538192799175,19.942096751576],[73.5381880337,19.942104566906],[73.538183265493,19.942112380743],[73.538178494838,19.942120193242],[73.538173722017,19.942128004563],[73.538168947315,19.942135814859],[73.538164171017,19.942143624282],[73.538159393406,19.942151432987],[73.538154614765,19.942159241129],[73.538149835376,19.942167048862],[73.538145055522,19.942174856341],[73.538140275489,19.942182663724],[73.538135495567,19.942190471166],[73.538130716025,19.942198278819],[73.538125937136,19.942206086829],[73.538121159172,19.942213895346],[73.538116382401,19.94222170452],[73.538111607098,19.942229514497],[73.538106833535,19.942237325424],[73.538102061984,19.942245137449],[73.53809729272,19.942252950722],[73.538092526015,19.942260765391],[73.538087762144,19.942268581603],[73.538083001381,19.942276399509],[73.538078244003,19.942284219255],[73.538073490286,19.942292040992],[73.538068740508,19.942299864867],[73.538063994946,19.942307691029],[73.538059253881,19.942315519627],[73.538054517594,19.942323350809],[73.538049786365,19.942331184726],[73.538045060478,19.942339021526],[73.538040340219,19.942346861356],[73.538035625871,19.942354704376],[73.538030917757,19.942362550749],[73.538026216157,19.942370400611],[73.538021521343,19.942378254101],[73.538016833584,19.942386111359],[73.538012153156,19.942393972523],[73.538007480334,19.942401837732],[73.538002815396,19.942409707123],[73.53799815862,19.942417580836],[73.537993510289,19.942425459009],[73.537988870686,19.942433341782],[73.537984240097,19.942441229292],[73.537979618812,19.94244912168],[73.53797500712,19.942457019083],[73.537970405315,19.942464921643],[73.537965813694,19.942472829497],[73.537961232553,19.942480742785],[73.537956662193,19.942488661651],[73.537952102918,19.942496586233],[73.537947555037,19.942504516668],[73.537943018862,19.942512453092],[73.537938494705,19.942520395647],[73.537933982883,19.942528344472],[73.537929483716,19.942536299706],[73.537924997524,19.942544261495],[73.537920524635,19.942552229976],[73.53791606538,19.942560205287],[73.537911620092,19.942568187569],[73.537907189111,19.942576176961],[73.537902772777,19.942584173603],[73.537898371436,19.942592177634],[73.537893985438,19.942600189193],[73.537889615135,19.942608208425]]},{"type":"LineString","coordinates":[[73.539671907141,19.945012013865],[73.539681216421,19.945009952423],[73.5396905257,19.945007890981],[73.539699834979,19.945005829538],[73.539709144258,19.945003768094],[73.539718453537,19.94500170665],[73.539727762816,19.944999645205],[73.539737072094,19.94499758376],[73.539746381372,19.944995522315],[73.53975569065,19.944993460868],[73.539764999928,19.944991399422],[73.539774309206,19.944989337975],[73.539783618483,19.944987276527],[73.53979292776,19.944985215079],[73.539802237037,19.94498315363],[73.539811546314,19.944981092181],[73.53982085559,19.944979030731],[73.539830164866,19.944976969281],[73.539839474143,19.944974907831],[73.539848783418,19.944972846379],[73.539858092694,19.944970784928],[73.53986740197,19.944968723475],[73.539876711245,19.944966662023],[73.53988602052,19.94496460057],[73.539895329795,19.944962539116],[73.539904639069,19.944960477662],[73.539913948344,19.944958416207],[73.539923257618,19.944956354752],[73.539932566892,19.944954293296],[73.539941876166,19.94495223184],[73.539951185439,19.944950170383],[73.539960494712,19.944948108926],[73.539969803986,19.944946047468],[73.539979113259,19.94494398601],[73.539988422531,19.944941924551],[73.539997731804,19.944939863092],[73.540007041076,19.944937801632],[73.540016350348,19.944935740172],[73.54002565962,19.944933678711],[73.540034968892,19.94493161725],[73.540044278163,19.944929555788],[73.540053587435,19.944927494326],[73.540062896706,19.944925432863],[73.540072205976,19.9449233714],[73.540081515247,19.944921309936],[73.54009075593,19.944919005104],[73.54009991552,19.944916412503],[73.540109075199,19.944913820187],[73.540118234975,19.944911228176],[73.540127394854,19.944908636494],[73.540136554846,19.944906045163],[73.540145714954,19.944903454206],[73.540154875188,19.944900863645],[73.540164035554,19.944898273503],[73.540173196059,19.944895683801],[73.540182356709,19.944893094562],[73.540191517513,19.944890505808],[73.540200678476,19.944887917561],[73.540209839606,19.944885329841],[73.540219000909,19.944882742672],[73.540228162394,19.944880156074],[73.540237324067,19.944877570069],[73.540246485933,19.944874984677],[73.540255647999,19.944872399921],[73.540264810272,19.94486981582],[73.540273972759,19.944867232396],[73.540283135465,19.944864649669],[73.540292298397,19.94486206766],[73.540301461561,19.944859486388],[73.540310624963,19.944856905875],[73.54031978861,19.944854326139],[73.540328952509,19.944851747201],[73.540338116665,19.944849169079],[73.540347281084,19.944846591794],[73.540356445749,19.944844015291],[73.540365610864,19.944841440218],[73.540374777068,19.9448388686],[73.540383945049,19.944836302668],[73.54039311557,19.944833744865],[73.540402289377,19.944831197626],[73.54041146724,19.944828663486],[73.540420649916,19.944826144988],[73.54042983814,19.944823644649],[73.540439032661,19.944821165099],[73.540448234246,19.944818709091],[73.540457443675,19.944816279518],[73.540466661828,19.94481387972],[73.540475889433,19.94481151263],[73.54048512713,19.94480918101],[73.540494375568,19.944806887784],[73.540503635402,19.944804636057],[73.540512907288,19.944802429126],[73.540522191883,19.944800270507],[73.54053148984,19.944798163951],[73.540540801804,19.944796113469],[73.540550128402,19.944794123359],[73.54055947024,19.944792198237],[73.540568827885,19.944790343046],[73.540578201711,19.94478856242],[73.540587591895,19.944786860655],[73.540596998564,19.94478524236],[73.540606421767,19.944783712518],[73.540615861465,19.944782276526],[73.540625317517,19.944780940236],[73.540634789645,19.944779710009],[73.540644277409,19.944778592769],[73.54065378017,19.944777596065],[73.540663297017,19.94477672791],[73.54067282658,19.94477599513],[73.540682367221,19.944775405316],[73.540691916964,19.944774966809],[73.540701473412,19.944774688484],[73.540711033679,19.944774579308],[73.540720594347,19.944774648483],[73.540730151412,19.944774905496],[73.540739700235,19.944775359938],[73.540749235925,19.944776016173],[73.540758754412,19.944776867176],[73.540768252178,19.94477790485],[73.540777726219,19.944779121191],[73.540787173967,19.944780508462],[73.540796593219,19.944782059416],[73.540805982204,19.944783766665],[73.540815339491,19.944785623087],[73.540824663877,19.944787622057],[73.540833954402,19.94478975742],[73.540843210249,19.944792023464],[73.540852430708,19.944794415064],[73.540861615504,19.944796926401],[73.540870764561,19.944799551827],[73.540879877885,19.944802286137],[73.540888955559,19.944805124532],[73.540897997711,19.944808062576],[73.540907004516,19.944811096168],[73.540915976177,19.944814221509],[73.540924912919,19.944817435075],[73.540933814979,19.944820733593],[73.540942682662,19.944824113894],[73.540951516552,19.944827572418],[73.540960317284,19.94483110572],[73.5409690855,19.944834710593],[73.540977821835,19.944838384038],[73.540986526913,19.944842123253],[73.540995201356,19.94484592561],[73.541003845768,19.944849788649],[73.541012460743,19.944853710059],[73.541021046862,19.944857687669],[73.54102960469,19.944861719436],[73.541038134778,19.944865803411],[73.54104663792,19.944869937338],[73.541055114879,19.944874119072],[73.541063566366,19.944878346666],[73.541071993063,19.944882618264],[73.541080395654,19.944886932103],[73.541088774783,19.944891286561],[73.541097131299,19.944895679707],[73.541105466338,19.944900109194],[73.541113781056,19.944904572705],[73.541122076621,19.944909067974],[73.541130354208,19.944913592786],[73.541138614992,19.944918144977],[73.541146860148,19.944922722435],[73.54115509085,19.944927323105],[73.541163308259,19.944931944983],[73.541171513615,19.944936585975],[73.541179708214,19.944941243925],[73.541187893334,19.944945916743],[73.541196070237,19.944950602407],[73.541204240156,19.944955298952],[73.541212404298,19.944960004476],[73.541220563837,19.944964717132],[73.541228719925,19.944969435133],[73.541236873684,19.944974156739],[73.541245026292,19.944978880118],[73.541253178974,19.944983603383],[73.541261332915,19.944988324702],[73.541269489263,19.944993042299],[73.54127764913,19.944997754451],[73.541285813586,19.945002459483],[73.54129398367,19.945007155773],[73.541302160379,19.94501184174],[73.541310344759,19.945016515725],[73.541318537834,19.945021176071],[73.541326740575,19.94502582119],[73.541334953914,19.945030449528],[73.541343178359,19.945035060201],[73.541351413775,19.945039653327],[73.541359659984,19.945044229101],[73.541367916812,19.945048787724],[73.541376184079,19.945053329396],[73.54138446161,19.94505785432],[73.541392749233,19.945062362699],[73.541401046772,19.94506685474],[73.541409354053,19.945071330651],[73.541417670905,19.945075790643],[73.541425997154,19.945080234928],[73.541434332629,19.945084663723],[73.541442677155,19.945089077249],[73.541451030566,19.945093475722],[73.541459392693,19.945097859359],[73.541467763373,19.945102228379],[73.541476142438,19.945106583],[73.541484529725,19.945110923448],[73.54149292507,19.945115249946],[73.541501328307,19.94511956272],[73.541509739274,19.945123861999],[73.541518157808,19.945128148015],[73.541526583747,19.945132420998],[73.54153501693,19.945136681185],[73.541543457196,19.945140928811],[73.541551904385,19.945145164114],[73.541560358337,19.945149387334],[73.541568818889,19.945153598718],[73.541577285873,19.945157798532],[73.541585759135,19.945161987009],[73.541594238525,19.945166164383],[73.541602723893,19.945170330889],[73.541611215089,19.945174486763],[73.541619711966,19.945178632243],[73.541628214375,19.945182767569],[73.541636722168,19.945186892983],[73.541645235198,19.945191008725],[73.541653753316,19.945195115039],[73.541662276378,19.945199212172],[73.541670804237,19.94520330037],[73.541679336748,19.945207379881],[73.541687873764,19.945211450954],[73.541696415141,19.945215513839],[73.541704960734,19.945219568789],[73.5417135104,19.945223616057],[73.541722063996,19.945227655897],[73.541730621375,19.945231688564],[73.541739182396,19.945235714315],[73.541747746915,19.945239733408],[73.54175631479,19.9452437461],[73.541764885878,19.945247752652],[73.541773460037,19.945251753326],[73.541782037125,19.945255748382],[73.541790617,19.945259738082],[73.541799199521,19.945263722692],[73.541807784545,19.945267702476],[73.541816371933,19.945271677699],[73.541824961542,19.945275648627],[73.541833553235,19.945279615525],[73.541842146889,19.945283578622],[73.541850742375,19.945287538165],[73.541859339558,19.945291494413],[73.541867938304,19.945295447621],[73.54187653848,19.945299398049],[73.541885139949,19.945303345956],[73.54189374258,19.9453072916],[73.541902346238,19.945311235244],[73.541910950786,19.945315177146],[73.541919556289,19.945319117191],[73.541928162415,19.945323056018],[73.541936768473,19.945326994989],[73.541945373753,19.945330935496],[73.541953977132,19.945334879687],[73.541962577124,19.945338830472],[73.541971172469,19.945342790294],[73.541979761835,19.945346761701],[73.541988343815,19.94535074736],[73.541996916919,19.945354750065],[73.542005479562,19.945358772744],[73.542014030017,19.945362818539],[73.542022566426,19.945366890761],[73.542031087194,19.945370992168],[73.542039590643,19.945375125593],[73.542048074955,19.945379294027],[73.542056538153,19.945383500643],[73.54206497811,19.945387748818],[73.542073392492,19.945392042138],[73.542081778736,19.945396384419],[73.542090134013,19.945400779722],[73.542098455245,19.945405232403],[73.542106739027,19.945409747087],[73.542114982045,19.945414327992],[73.542123181082,19.945418978931],[73.542131332593,19.945423703971],[73.54213943265,19.945428507474],[73.542147476881,19.94543339413],[73.542155460411,19.945438368983],[73.542163377796,19.945443437468],[73.54217122292,19.945448605434],[73.542178988908,19.94545387918],[73.542186668991,19.945459264229],[73.542194256233,19.945464765683],[73.542201742552,19.945470389389],[73.542209119124,19.945476141283],[73.54221638013,19.945482023203],[73.542223527259,19.945488028573],[73.542230563603,19.945494149807],[73.542237492539,19.945500379666],[73.542244317694,19.945506711146],[73.542251042774,19.945513137678],[73.542257671334,19.945519653275],[73.542264206967,19.945526252287],[73.542270654039,19.945532928757],[73.542277016781,19.945539677189],[73.54228329925,19.945546492548],[73.542289505326,19.945553370212],[73.542295638718,19.945560305941],[73.542301702964,19.945567295832],[73.542307701433,19.945574336295],[73.542313637345,19.945581424016],[73.542319514124,19.945588555669],[73.542325335588,19.945595727776],[73.542331105401,19.945602937114],[73.542336827036,19.94561018071],[73.542342503793,19.945617455834],[73.542348138771,19.94562475992],[73.54235373494,19.945632090629],[73.542359295125,19.945639445796],[73.542364821994,19.945646823383],[73.542370318091,19.9456542215],[73.54237578594,19.945661638313],[73.542381228408,19.9456690718],[73.542386648345,19.945676519994],[73.542392048473,19.945683981043],[73.542397431396,19.945691453204],[73.542402799603,19.945698934829],[73.542408155476,19.945706424355],[73.542413501295,19.945713920298],[73.542418839251,19.94572142125],[73.542424171443,19.945728925866],[73.542429499886,19.945736432862],[73.542434826518,19.945743941006],[73.542440153365,19.945751449016],[73.542445482653,19.945758955476],[73.542450816553,19.945766459006],[73.542456157155,19.945773958271],[73.542461506469,19.945781451982],[73.542466866435,19.945788938884],[73.542472238916,19.945796417761],[73.542477625711,19.945803887427],[73.54248302855,19.945811346723],[73.542488449101,19.94581879452],[73.542493888971,19.945826229711],[73.542499349708,19.945833651212],[73.542504832818,19.94584105795],[73.542510339969,19.94584844872],[73.542515872925,19.945855822236],[73.542521433388,19.945863177227],[73.54252702299,19.945870512436],[73.542532643303,19.945877826628],[73.542538295837,19.945885118584],[73.542543982039,19.945892387095],[73.542549703295,19.945899630968],[73.542555460933,19.94590684902],[73.54256125622,19.94591404008],[73.542567090368,19.945921202987],[73.542572964531,19.945928336593],[73.542578879879,19.945935439704],[73.542584837911,19.945942510847],[73.542590838489,19.945949549744],[73.54259688145,19.945956556135],[73.542602966057,19.945963530223],[73.542609091488,19.945970472283],[73.542615257001,19.945977382543],[73.542621461853,19.945984261246],[73.542627705307,19.945991108647],[73.542633986621,19.945997925018],[73.542640305048,19.946004710651],[73.542646659838,19.946011465853],[73.542653050228,19.946018190958],[73.542659475462,19.946024886312],[73.54266593481,19.946031552251],[73.542672427535,19.946038189128],[73.542678952903,19.946044797318],[73.542685510173,19.946051377213],[73.542692098599,19.94605792922],[73.542698717433,19.946064453764],[73.542705365922,19.946070951291],[73.542712043314,19.946077422263],[73.54271874885,19.94608386716],[73.542725481774,19.946090286476],[73.542732241353,19.946096680694],[73.54273902687,19.946103050299],[73.542745837603,19.946109395794],[73.542752672823,19.946115717694],[73.542759531812,19.946122016546],[73.542766413833,19.946128292899],[73.542773318142,19.946134547317],[73.542780244005,19.946140780394],[73.542787190674,19.94614699273],[73.542794157405,19.946153184948],[73.542801143479,19.946159357648],[73.542808148196,19.946165511428],[73.542815170851,19.946171646902],[73.542822210732,19.946177764699],[73.542829267123,19.946183865464],[73.542836339304,19.946189949858],[73.542843426546,19.94619601856],[73.542850528121,19.946202072267],[73.542857643285,19.946208111687],[73.542864771295,19.946214137546],[73.542871911444,19.946220150542],[73.542879063028,19.946226151374],[73.542886225325,19.946232140771],[73.542893397606,19.946238119476],[73.54290057917,19.94624408821],[73.542907769944,19.946250047021],[73.542914970385,19.946255995385],[73.542922180961,19.94626193276],[73.54292940213,19.946267858611],[73.542936634346,19.946273772407],[73.542943878049,19.946279673616],[73.542951133675,19.946285561713],[73.54295840165,19.946291436176],[73.542965682393,19.946297296487],[73.542972976287,19.946303142155],[73.542980283747,19.946308972654],[73.542987605202,19.946314787433],[73.542994941071,19.946320585945],[73.543002291765,19.946326367645],[73.543009657685,19.946332131992],[73.543017039223,19.946337878447],[73.543024436761,19.946343606473],[73.543031850675,19.946349315538],[73.543039281327,19.946355005111],[73.543046729074,19.946360674663],[73.543054194259,19.946366323669],[73.543061677219,19.946371951606],[73.543069178281,19.946377557955],[73.543076697761,19.946383142199],[73.543084235966,19.946388703823],[73.543091793193,19.946394242314],[73.54309936973,19.946399757166],[73.543106965855,19.94640524787],[73.543114581847,19.946410713912],[73.543122218004,19.946416154739],[73.543129874606,19.946421569817],[73.543137551919,19.946426958608],[73.543145250203,19.946432320581],[73.543152969705,19.946437655207],[73.543160710665,19.946442961959],[73.543168473307,19.946448240311],[73.543176257849,19.946453489745],[73.543184064498,19.94645870974],[73.543191893451,19.946463899782],[73.543199744891,19.946469059358],[73.543207618993,19.94647418796],[73.543215515921,19.946479285082],[73.543223435829,19.946484350221],[73.543231378859,19.946489382881],[73.543239345143,19.946494382567],[73.543247334802,19.946499348788],[73.543255347946,19.946504281057],[73.543263384675,19.946509178893],[73.543271445102,19.946514041792],[73.543279529339,19.946518869223],[73.543287637449,19.946523660718],[73.543295769488,19.946528415813],[73.543303925503,19.946533134047],[73.543312105534,19.946537814957],[73.543320309612,19.946542458085],[73.543328537759,19.946547062972],[73.543336789988,19.946551629161],[73.543345066306,19.946556156197],[73.543353366711,19.946560643627],[73.54336169119,19.946565091],[73.543370039681,19.946569497944],[73.54337841212,19.946573864073],[73.543386808478,19.946578188937],[73.543395228721,19.946582472079],[73.543403672804,19.946586713039],[73.543412140685,19.946590911359],[73.543420632313,19.946595066571],[73.543429147631,19.946599178209],[73.543437686573,19.946603245802],[73.543446249071,19.946607268874],[73.543454835048,19.94661124695],[73.543463444422,19.94661517955],[73.54347207707,19.946619066259],[73.543480732901,19.946622906589],[73.543489411858,19.946626699957],[73.54349811388,19.946630445782],[73.543506838891,19.946634143477],[73.543515586809,19.946637792452],[73.543524357545,19.946641392118],[73.543533150998,19.946644941883],[73.543541967056,19.946648441152],[73.5435508056,19.94665188933],[73.5435596665,19.946655285819],[73.543568549613,19.946658630021],[73.543577454788,19.946661921337],[73.543586381865,19.946665159169],[73.54359533067,19.946668342916],[73.543604301017,19.946671471979],[73.543613292714,19.946674545759],[73.543622305555,19.946677563659],[73.543631339324,19.946680525082],[73.54364039379,19.946683429433],[73.543649468714,19.946686276118],[73.54365856386,19.9466890645],[73.543667679005,19.94669179386],[73.543676813919,19.94669446347],[73.543685968353,19.9466970726],[73.543695142049,19.946699620526],[73.543704334727,19.946702106519],[73.543713546098,19.946704529856],[73.543722775852,19.946706889816],[73.543732023668,19.946709185677],[73.543741289207,19.946711416726],[73.543750572117,19.94671358225],[73.543759872024,19.946715681542],[73.543769188544,19.946717713901],[73.543778521274,19.94671967863],[73.543787869796,19.946721575041],[73.543797233674,19.946723402452],[73.543806612456,19.946725160189],[73.543816005674,19.946726847587],[73.543825412845,19.94672846399],[73.543834833466,19.946730008754],[73.543844267024,19.946731481244],[73.543853712998,19.946732880743],[73.543863170876,19.946734206403],[73.543872640102,19.946735457524],[73.543882120102,19.946736633422],[73.543891610282,19.946737733422],[73.543901110039,19.946738756859],[73.543910618742,19.946739703074],[73.543920135751,19.94674057141],[73.54392966041,19.94674136122],[73.543939192041,19.946742071868],[73.543948729948,19.946742702725],[73.543958273423,19.946743253177],[73.543967821736,19.946743722621],[73.543977374144,19.946744110465],[73.543986929888,19.946744416135],[73.543996488189,19.94674463907],[73.544006048258,19.946744778725],[73.544015609284,19.946744834554],[73.544025170445,19.946744806073],[73.544034730909,19.946744693142],[73.544044289907,19.946744498617],[73.54405384681,19.94674422718],[73.544063401123,19.946743883564],[73.54407295247,19.94674347275],[73.54408250063,19.946743000236],[73.544092045499,19.946742471547],[73.544101587092,19.946741892472]]},{"type":"LineString","coordinates":[[73.540020804755,19.944712480741],[73.540029961298,19.944709888869],[73.540039117926,19.94470729727],[73.540048274648,19.944704705967],[73.540057431469,19.944702114981],[73.5400665884,19.944699524335],[73.540075745444,19.944696934052],[73.540084902609,19.944694344154],[73.540094059904,19.944691754664],[73.540103217333,19.944689165603],[73.540112374906,19.944686576993],[73.540121532627,19.944683988858],[73.540130690505,19.944681401217],[73.540139848545,19.944678814093],[73.540149006755,19.944676227508],[73.540158165142,19.944673641483],[73.540167323712,19.94467105604],[73.540176482471,19.944668471198],[73.540185641427,19.94466588698],[73.540194800585,19.944663303407],[73.540203959953,19.944660720498],[73.540213119536,19.944658138275],[73.54022227934,19.944655556757],[73.540231439373,19.944652975966],[73.540240599641,19.944650395921],[73.540249760149,19.944647816641],[73.540258920903,19.944645238147],[73.54026808191,19.944642660458],[73.540277243176,19.944640083594],[73.540286404706,19.944637507573],[73.540295566536,19.944634932481],[73.540304729057,19.944632359583],[73.540313892971,19.94462979112],[73.54032305898,19.944627229357],[73.540332227783,19.94462467655],[73.54034140007,19.944622134955],[73.540350576518,19.944619606828],[73.540359757795,19.944617094426],[73.540368944556,19.944614600016],[73.540378137445,19.944612125872],[73.540387337087,19.944609674277],[73.540396544095,19.944607247531],[73.540405759061,19.94460484795],[73.540414982562,19.944602477866],[73.54042421515,19.944600139637],[73.540433457358,19.94459783564],[73.540442709693,19.94459556828],[73.540451972637,19.944593339988],[73.540461246642,19.944591153227],[73.540470532133,19.944589010489],[73.540479829498,19.944586914301],[73.540489139092,19.944584867224],[73.540498461232,19.944582871854],[73.540507796194,19.944580930827],[73.540517144208,19.944579046814],[73.540526505461,19.944577222528],[73.540535880085,19.944575460719],[73.540545268162,19.944573764178],[73.540554669713,19.944572135736],[73.540564084699,19.944570578262],[73.540573513017,19.944569094663],[73.540582954491,19.944567687884],[73.540592408872,19.944566360903],[73.540601875834,19.944565116733],[73.540611354967,19.944563958415],[73.540620845774,19.944562889018],[73.540630347335,19.944561911666],[73.540639859615,19.944561029399],[73.540649381509,19.944560245372],[73.540658912126,19.944559562712],[73.540668450465,19.944558984546],[73.540677995413,19.944558513991],[73.540687545741,19.944558154147],[73.5406971001,19.944557908089],[73.540706657019,19.944557778855],[73.540716214905,19.944557769436],[73.540725772039,19.944557882765],[73.540735326579,19.944558121702],[73.540744876559,19.944558489027],[73.540754419904,19.944558987366],[73.540763954555,19.944559617197],[73.540773478671,19.944560376335],[73.540782990524,19.944561262379],[73.540792488493,19.944562272883],[73.540801971062,19.94456340537],[73.54081143682,19.944564657337],[73.540820884454,19.944566026266],[73.540830312753,19.944567509628],[73.540839720602,19.94456910489],[73.540849106976,19.944570809526],[73.540858470944,19.944572621017],[73.54086781166,19.944574536858],[73.540877128361,19.944576554564],[73.540886420364,19.944578671672],[73.540895687062,19.944580885747],[73.540904927919,19.944583194383],[73.540914142472,19.944585595208],[73.540923330318,19.944588085882],[73.540932491118,19.944590664106],[73.540941624594,19.944593327617],[73.540950730518,19.944596074192],[73.540959808718,19.944598901651],[73.540968859069,19.944601807855],[73.540977881492,19.944604790707],[73.54098687595,19.944607848152],[73.540995842449,19.944610978179],[73.541004781031,19.944614178819],[73.541013691772,19.944617448147],[73.541022574784,19.944620784279],[73.541031430207,19.944624185371],[73.541040258211,19.944627649623],[73.541049058995,19.944631175273],[73.541057832779,19.9446347606],[73.541066579809,19.944638403921],[73.541075300354,19.94464210359],[73.541083994701,19.944645857998],[73.541092663157,19.944649665573],[73.541101306049,19.944653524775],[73.541109923717,19.944657434099],[73.541118516521,19.944661392072],[73.541127084834,19.944665397252],[73.541135629043,19.944669448227],[73.541144149548,19.944673543611],[73.541152646521,19.94467768193],[73.541161120835,19.944681862071],[73.541169572719,19.944686082626],[73.541178002622,19.944690342314],[73.541186411002,19.944694639872],[73.541194798317,19.944698974053],[73.541203165074,19.944703343618],[73.541211511944,19.944707747065],[73.541219839719,19.944712182726],[73.541228149224,19.944716648919],[73.541236441319,19.944721143956],[73.54124471689,19.94472566614],[73.541252976855,19.944730213768],[73.541261222156,19.94473478513],[73.541269453762,19.944739378509],[73.541277672665,19.944743992183],[73.541285879881,19.944748624425],[73.541294076443,19.944753273504],[73.541302263408,19.944757937681],[73.541310441846,19.944762615215],[73.541318612845,19.944767304359],[73.541326777507,19.944772003363],[73.541334936946,19.944776710471],[73.541343092289,19.944781423924],[73.541351244668,19.944786141957],[73.541359395228,19.9447908628],[73.541367545115,19.94479558468],[73.541375695481,19.944800305819],[73.541383847482,19.944805024434],[73.541392002272,19.944809738734],[73.541400161006,19.944814446928],[73.541408324834,19.944819147216],[73.541416494905,19.944823837794],[73.541424672357,19.944828516853],[73.541432858323,19.944833182578],[73.541441053934,19.944837833156],[73.541449260299,19.944842466761],[73.541457478299,19.944847081888],[73.541465707953,19.944851678409],[73.541473949052,19.944856256558],[73.54148220139,19.944860816568],[73.541490464763,19.944865358676],[73.541498738966,19.94486988312],[73.541507023796,19.94487439014],[73.541515319053,19.944878879979],[73.541523624536,19.944883352881],[73.541531940048,19.944887809091],[73.541540265391,19.944892248857],[73.541548600369,19.944896672427],[73.54155694479,19.944901080052],[73.541565298459,19.944905471983],[73.541573661186,19.944909848474],[73.54158203278,19.944914209779],[73.541590413053,19.944918556155],[73.541598801819,19.944922887857],[73.54160719889,19.944927205145],[73.541615604083,19.944931508277],[73.541624017216,19.944935797515],[73.541632438106,19.944940073118],[73.541640866573,19.94494433535],[73.541649302439,19.944948584473],[73.541657745526,19.944952820753],[73.541666195658,19.944957044452],[73.541674652661,19.944961255837],[73.541683116361,19.944965455175],[73.541691586587,19.944969642731],[73.541700063167,19.944973818773],[73.541708545933,19.94497798357],[73.541717034716,19.944982137389],[73.54172552935,19.944986280499],[73.541734029668,19.94499041317],[73.541742535507,19.944994535671],[73.541751046704,19.944998648273],[73.541759563097,19.945002751245],[73.541768084526,19.945006844857],[73.54177661083,19.945010929382],[73.541785141851,19.945015005088],[73.541793677433,19.945019072248],[73.54180221742,19.945023131131],[73.541810761656,19.94502718201],[73.541819309987,19.945031225155],[73.541827862262,19.945035260837],[73.541836418327,19.945039289326],[73.541844978033,19.945043310895],[73.54185354123,19.945047325813],[73.541862107768,19.945051334351],[73.541870677501,19.945055336779],[73.541879250281,19.945059333367],[73.541887825963,19.945063324386],[73.5418964044,19.945067310104],[73.54190498545,19.94507129079],[73.541913568969,19.945075266714],[73.541922154814,19.945079238143],[73.541930742844,19.945083205347],[73.541939332917,19.945087168592],[73.541947924894,19.945091128145],[73.541956518635,19.945095084273],[73.541965114002,19.945099037243],[73.541973710855,19.945102987319],[73.541982309059,19.945106934767],[73.541990908475,19.94511087985],[73.541999508969,19.945114822834],[73.542008110404,19.94511876398],[73.542016712656,19.945122703555],[73.542025315584,19.94512664182],[73.542033918988,19.945130579158],[73.542042522013,19.945134517233],[73.542051123433,19.945138458445],[73.542059722011,19.9451424052],[73.542068316506,19.9451463599],[73.54207690567,19.945150324943],[73.542085488244,19.945154302729],[73.542094062953,19.945158295653],[73.542102628504,19.945162306117],[73.542111183582,19.94516633652],[73.542119726848,19.945170389268],[73.542128256932,19.945174466769],[73.542136772434,19.945178571436],[73.542145271916,19.945182705686],[73.542153753902,19.945186871943],[73.542162216872,19.945191072637],[73.54217065926,19.945195310203],[73.542179079449,19.94519958708],[73.542187475769,19.945203905715],[73.542195846492,19.945208268555],[73.542204189826,19.945212678055],[73.54221250392,19.945217136667],[73.542220786848,19.945221646846],[73.542229036616,19.945226211044],[73.542237251155,19.945230831708],[73.542245428315,19.945235511278],[73.542253565865,19.945240252182],[73.54226166149,19.945245056834],[73.542269712789,19.945249927627],[73.542277717269,19.945254866933],[73.542285672347,19.94525987709],[73.542293575347,19.945264960403],[73.542301423498,19.945270119133],[73.542309213935,19.945275355491],[73.542316943701,19.945280671631],[73.542324609741,19.94528606964],[73.542332208914,19.94529155153],[73.54233973799,19.94529711923],[73.542347193662,19.945302774581],[73.542354572523,19.945308519302],[73.542361871768,19.945314354266],[73.542369091235,19.945320277317],[73.542376231547,19.945326285559],[73.542383293458,19.945332376097],[73.542390277851,19.945338546051],[73.542397185727,19.945344792561],[73.542404018203,19.945351112793],[73.542410776499,19.945357503948],[73.542417461935,19.945363963264],[73.542424075923,19.945370488023],[73.542430619959,19.945377075553],[73.542437095615,19.945383723235],[73.542443504534,19.945390428501],[73.542449848425,19.945397188839],[73.542456129054,19.945404001794],[73.542462348237,19.945410864969],[73.542468507838,19.945417776027],[73.542474609764,19.945424732687],[73.542480655955,19.945431732728],[73.542486648385,19.945438773987],[73.542492589054,19.94544585436],[73.542498479987,19.945452971796],[73.542504323229,19.945460124301],[73.54251012084,19.945467309935],[73.542515874898,19.945474526808],[73.542521587487,19.945481773081],[73.542527260705,19.945489046962],[73.542532896653,19.945496346706],[73.54253849744,19.945503670612],[73.542544065176,19.945511017019],[73.542549601976,19.945518384306],[73.542555109953,19.945525770888],[73.542560591221,19.945533175218],[73.542566047893,19.945540595776],[73.54257148208,19.945548031077],[73.542576895891,19.945555479659],[73.542582291433,19.945562940087],[73.542587670808,19.945570410949],[73.542593036117,19.945577890853],[73.542598389455,19.945585378425],[73.542603732917,19.945592872304],[73.542609068591,19.945600371145],[73.542614398565,19.945607873613],[73.542619724919,19.94561537838],[73.542625049734,19.945622884126],[73.542630375087,19.945630389532],[73.54263570305,19.945637893284],[73.542641035693,19.945645394063],[73.542646375085,19.945652890549],[73.542651723352,19.945660381504],[73.542657082425,19.945667865409],[73.542662454433,19.945675341017],[73.542667841432,19.945682806973],[73.542673245476,19.945690261905],[73.542678668618,19.945697704426],[73.542684112904,19.94570513313],[73.542689580379,19.945712546589],[73.542695073083,19.945719943353],[73.542700593052,19.945727321944],[73.542706142315,19.94573468086],[73.542711722898,19.945742018566],[73.542717336815,19.945749333497],[73.542722986077,19.945756624055],[73.54272867268,19.945763888607],[73.542734398612,19.945771125479],[73.542740165847,19.945778332963],[73.542745976344,19.945785509307],[73.542751832045,19.945792652719],[73.542757734873,19.945799761363],[73.542763686707,19.945806833371],[73.542769688305,19.945813867674],[73.542775738715,19.945820864486],[73.542781836843,19.945827824158],[73.542787981597,19.945834747063],[73.542794171886,19.945841633598],[73.542800406622,19.945848484187],[73.542806684722,19.945855299271],[73.542813005107,19.945862079318],[73.542819366703,19.945868824814],[73.542825768441,19.945875536265],[73.54283220926,19.945882214199],[73.542838688104,19.945888859161],[73.542845203926,19.945895471713],[73.542851755686,19.945902052438],[73.542858342351,19.945908601932],[73.542864962899,19.945915120807],[73.542871616313,19.945921609694],[73.542878301587,19.945928069233],[73.542885017724,19.945934500081],[73.542891763735,19.945940902909],[73.542898538641,19.945947278398],[73.542905341473,19.945953627243],[73.54291217127,19.945959950149],[73.54291902708,19.945966247831],[73.542925907961,19.945972521018],[73.54293281298,19.945978770443],[73.542939741213,19.945984996854],[73.542946691745,19.945991201003],[73.542953663669,19.945997383653],[73.542960656088,19.946003545573],[73.542967668111,19.946009687541],[73.542974698856,19.946015810341],[73.542981747452,19.946021914764],[73.54298881303,19.946028001607],[73.542995894733,19.946034071671],[73.543002991708,19.946040125766],[73.543010103111,19.946046164705],[73.543017228101,19.946052189307],[73.543024365847,19.946058200393],[73.543031515523,19.946064198793],[73.543038676306,19.946070185338],[73.543045847376,19.946076160861],[73.543053028004,19.946082126112],[73.543060218259,19.946088080987],[73.543067418652,19.946094024896],[73.543074629702,19.946099957243],[73.543081851919,19.94610587743],[73.543089085814,19.946111784853],[73.543096331896,19.94611767891],[73.543103590663,19.94612355899],[73.543110862616,19.946129424484],[73.543118148251,19.946135274776],[73.543125448058,19.946141109251],[73.543132762523,19.946146927286],[73.543140092129,19.946152728259],[73.543147437351,19.946158511542],[73.543154798661,19.946164276504],[73.543162176526,19.946170022512],[73.543169571406,19.946175748929],[73.543176983755,19.946181455113],[73.543184414022,19.946187140422],[73.543191862648,19.946192804208],[73.543199330069,19.946198445821],[73.543206816712,19.946204064607],[73.543214322997,19.946209659909],[73.543221849338,19.946215231069],[73.543229396139,19.946220777423],[73.543236963798,19.946226298305],[73.543244552702,19.946231793049],[73.54325216323,19.946237260982],[73.543259795753,19.946242701432],[73.543267450631,19.946248113724],[73.543275128214,19.946253497178],[73.543282828845,19.946258851117],[73.543290552851,19.946264174859],[73.543298300554,19.946269467721],[73.543306072262,19.946274729018],[73.54331386827,19.946279958067],[73.543321688866,19.946285154181],[73.543329534321,19.946290316674],[73.543337404896,19.94629544486],[73.543345300841,19.946300538053],[73.54335322239,19.946305595567],[73.543361169765,19.946310616717],[73.543369143176,19.94631560082],[73.543377142816,19.946320547194],[73.543385168867,19.946325455159],[73.543393221496,19.946330324038],[73.543401300853,19.946335153155],[73.543409407077,19.94633994184],[73.54341754029,19.946344689425],[73.543425700599,19.946349395246],[73.543433888121,19.94635405866],[73.543442102918,19.946358679003],[73.543450345041,19.946363255624],[73.543458614535,19.946367787879],[73.543466911418,19.946372275153],[73.543475235675,19.946376716863],[73.543483587286,19.946381112419],[73.543491966231,19.946385461214],[73.543500372485,19.946389762623],[73.543508806024,19.946394016009],[73.543517266818,19.946398220716],[73.543525754836,19.946402376073],[73.543534270042,19.946406481392],[73.543542812396,19.946410535967],[73.543551381852,19.946414539076],[73.543559978361,19.946418489982],[73.543568601868,19.946422387926],[73.543577252309,19.946426232136],[73.543585929615,19.946430021819],[73.543594633711,19.946433756166],[73.543603364513,19.946437434349],[73.543612121926,19.946441055522],[73.543620905849,19.946444618821],[73.543629716169,19.946448123363],[73.543638552764,19.946451568247],[73.543647415499,19.946454952552],[73.543656304229,19.946458275341],[73.543665218793,19.946461535654],[73.543674159021,19.946464732518],[73.543683124725,19.946467864937],[73.543692115703,19.946470931896],[73.543701131737,19.946473932364],[73.543710172591,19.94647686529],[73.543719238013,19.946479729605],[73.54372832773,19.946482524223],[73.543737441452,19.946485248037],[73.543746578866,19.946487899925],[73.543755739637,19.946490478748],[73.543764923409,19.94649298335],[73.543774129802,19.946495412557],[73.543783358409,19.946497765181],[73.543792608799,19.946500040019],[73.543801880514,19.946502235854],[73.543811172691,19.946504351369],[73.543820485551,19.94650638549],[73.543829818188,19.946508336877],[73.543839170024,19.946510204263],[73.543848540448,19.946511986372],[73.543857928818,19.946513681922],[73.543867334454,19.946515289621],[73.543876756642,19.946516808173],[73.543886194633,19.946518236278],[73.543895647637,19.946519572635],[73.543905114828,19.946520815942],[73.54391459534,19.946521964897],[73.543924088265,19.946523018206],[73.543933592657,19.946523974577],[73.543943107527,19.946524832728],[73.543952631843,19.946525591388],[73.543962164532,19.946526249299],[73.543971704478,19.946526805219],[73.543981250522,19.946527257924],[73.543990801469,19.946527606214],[73.544000356069,19.946527848911],[73.544009913032,19.946527984864],[73.54401947103,19.946528012955],[73.544029028692,19.946527932213],[73.544038584715,19.946527746027],[73.544048138099,19.946527463357],[73.544057688162,19.94652709354],[73.544067234507,19.946526645899],[73.544076776989,19.946526129734],[73.544086315685,19.946525554312]]},{"type":"LineString","coordinates":[[73.550707911165,19.948167049965],[73.550716990623,19.948169542849],[73.550725876493,19.948172596408],[73.550734530101,19.948176197354],[73.550742913784,19.948180330013],[73.550750991051,19.948184976399],[73.550758726749,19.948190116288],[73.550766087208,19.948195727311],[73.550773040392,19.948201785045],[73.550779556039,19.948208263125],[73.550785605789,19.948215133356],[73.550791163313,19.948222365837],[73.550796204421,19.948229929088],[73.550800707173,19.948237790191],[73.550804651971,19.948245914932],[73.550808021645,19.94825426795],[73.550810801529,19.948262812887],[73.550812979525,19.948271512554],[73.550814546152,19.948280329086],[73.550815494591,19.948289224111],[73.550815820715,19.948298158913],[73.550815523104,19.948307094605],[73.550814603054,19.948315992295],[73.550813064568,19.948324813257],[73.550810914343,19.948333519099],[73.550808161737,19.94834207193],[73.550804818731,19.948350434523],[73.550800899874,19.948358570483],[73.550796422223,19.948366444397],[73.550791405266,19.948374021997],[73.550785870839,19.9483812703],[73.55077984303,19.948388157759],[73.550773348074,19.948394654399],[73.55076641424,19.948400731941],[73.550759071707,19.948406363936],[73.550751352432,19.948411525869],[73.550743290012,19.948416195274]]},{"type":"LineString","coordinates":[[73.540020804755,19.944712480741],[73.540029961298,19.944709888869],[73.540039117926,19.94470729727],[73.540048274648,19.944704705967],[73.540057431469,19.944702114981],[73.5400665884,19.944699524335],[73.540075745444,19.944696934052],[73.540084902609,19.944694344154],[73.540094059904,19.944691754664],[73.540103217333,19.944689165603],[73.540112374906,19.944686576993],[73.540121532627,19.944683988858],[73.540130690505,19.944681401217],[73.540139848545,19.944678814093],[73.540149006755,19.944676227508],[73.540158165142,19.944673641483],[73.540167323712,19.94467105604],[73.540176482471,19.944668471198],[73.540185641427,19.94466588698],[73.540194800585,19.944663303407],[73.540203959953,19.944660720498],[73.540213119536,19.944658138275],[73.54022227934,19.944655556757],[73.540231439373,19.944652975966],[73.540240599641,19.944650395921],[73.540249760149,19.944647816641],[73.540258920903,19.944645238147],[73.54026808191,19.944642660458],[73.540277243176,19.944640083594],[73.540286404706,19.944637507573],[73.540295566536,19.944634932481],[73.540304729057,19.944632359583],[73.540313892971,19.94462979112],[73.54032305898,19.944627229357],[73.540332227783,19.94462467655],[73.54034140007,19.944622134955],[73.540350576518,19.944619606828],[73.540359757795,19.944617094426],[73.540368944556,19.944614600016],[73.540378137445,19.944612125872],[73.540387337087,19.944609674277],[73.540396544095,19.944607247531],[73.540405759061,19.94460484795],[73.540414982562,19.944602477866],[73.54042421515,19.944600139637],[73.540433457358,19.94459783564],[73.540442709693,19.94459556828],[73.540451972637,19.944593339988],[73.540461246642,19.944591153227],[73.540470532133,19.944589010489],[73.540479829498,19.944586914301],[73.540489139092,19.944584867224],[73.540498461232,19.944582871854],[73.540507796194,19.944580930827],[73.540517144208,19.944579046814],[73.540526505461,19.944577222528],[73.540535880085,19.944575460719],[73.540545268162,19.944573764178],[73.540554669713,19.944572135736],[73.540564084699,19.944570578262],[73.540573513017,19.944569094663],[73.540582954491,19.944567687884],[73.540592408872,19.944566360903],[73.540601875834,19.944565116733],[73.540611354967,19.944563958415],[73.540620845774,19.944562889018],[73.540630347335,19.944561911666],[73.540639859615,19.944561029399],[73.540649381509,19.944560245372],[73.540658912126,19.944559562712],[73.540668450465,19.944558984546],[73.540677995413,19.944558513991],[73.540687545741,19.944558154147],[73.5406971001,19.944557908089],[73.540706657019,19.944557778855],[73.540716214905,19.944557769436],[73.540725772039,19.944557882765],[73.540735326579,19.944558121702],[73.540744876559,19.944558489027],[73.540754419904,19.944558987366],[73.540763954555,19.944559617197],[73.540773478671,19.944560376335],[73.540782990524,19.944561262379],[73.540792488493,19.944562272883],[73.540801971062,19.94456340537],[73.54081143682,19.944564657337],[73.540820884454,19.944566026266],[73.540830312753,19.944567509628],[73.540839720602,19.94456910489],[73.540849106976,19.944570809526],[73.540858470944,19.944572621017],[73.54086781166,19.944574536858],[73.540877128361,19.944576554564],[73.540886420364,19.944578671672],[73.540895687062,19.944580885747],[73.540904927919,19.944583194383],[73.540914142472,19.944585595208],[73.540923330318,19.944588085882],[73.540932491118,19.944590664106],[73.540941624594,19.944593327617],[73.540950730518,19.944596074192],[73.540959808718,19.944598901651],[73.540968859069,19.944601807855],[73.540977881492,19.944604790707],[73.54098687595,19.944607848152],[73.540995842449,19.944610978179],[73.541004781031,19.944614178819],[73.541013691772,19.944617448147],[73.541022574784,19.944620784279],[73.541031430207,19.944624185371],[73.541040258211,19.944627649623],[73.541049058995,19.944631175273],[73.541057832779,19.9446347606],[73.541066579809,19.944638403921],[73.541075300354,19.94464210359],[73.541083994701,19.944645857998],[73.541092663157,19.944649665573],[73.541101306049,19.944653524775],[73.541109923717,19.944657434099],[73.541118516521,19.944661392072],[73.541127084834,19.944665397252],[73.541135629043,19.944669448227],[73.541144149548,19.944673543611],[73.541152646521,19.94467768193],[73.541161120835,19.944681862071],[73.541169572719,19.944686082626],[73.541178002622,19.944690342314],[73.541186411002,19.944694639872],[73.541194798317,19.944698974053],[73.541203165074,19.944703343618],[73.541211511944,19.944707747065],[73.541219839719,19.944712182726],[73.541228149224,19.944716648919],[73.541236441319,19.944721143956],[73.54124471689,19.94472566614],[73.541252976855,19.944730213768],[73.541261222156,19.94473478513],[73.541269453762,19.944739378509],[73.541277672665,19.944743992183],[73.541285879881,19.944748624425],[73.541294076443,19.944753273504],[73.541302263408,19.944757937681],[73.541310441846,19.944762615215],[73.541318612845,19.944767304359],[73.541326777507,19.944772003363],[73.541334936946,19.944776710471],[73.541343092289,19.944781423924],[73.541351244668,19.944786141957],[73.541359395228,19.9447908628],[73.541367545115,19.94479558468],[73.541375695481,19.944800305819],[73.541383847482,19.944805024434],[73.541392002272,19.944809738734],[73.541400161006,19.944814446928],[73.541408324834,19.944819147216],[73.541416494905,19.944823837794],[73.541424672357,19.944828516853],[73.541432858323,19.944833182578],[73.541441053934,19.944837833156],[73.541449260299,19.944842466761],[73.541457478299,19.944847081888],[73.541465707953,19.944851678409],[73.541473949052,19.944856256558],[73.54148220139,19.944860816568],[73.541490464763,19.944865358676],[73.541498738966,19.94486988312],[73.541507023796,19.94487439014],[73.541515319053,19.944878879979],[73.541523624536,19.944883352881],[73.541531940048,19.944887809091],[73.541540265391,19.944892248857],[73.541548600369,19.944896672427],[73.54155694479,19.944901080052],[73.541565298459,19.944905471983],[73.541573661186,19.944909848474],[73.54158203278,19.944914209779],[73.541590413053,19.944918556155],[73.541598801819,19.944922887857],[73.54160719889,19.944927205145],[73.541615604083,19.944931508277],[73.541624017216,19.944935797515],[73.541632438106,19.944940073118],[73.541640866573,19.94494433535],[73.541649302439,19.944948584473],[73.541657745526,19.944952820753],[73.541666195658,19.944957044452],[73.541674652661,19.944961255837],[73.541683116361,19.944965455175],[73.541691586587,19.944969642731],[73.541700063167,19.944973818773],[73.541708545933,19.94497798357],[73.541717034716,19.944982137389],[73.54172552935,19.944986280499],[73.541734029668,19.94499041317],[73.541742535507,19.944994535671],[73.541751046704,19.944998648273],[73.541759563097,19.945002751245],[73.541768084526,19.945006844857],[73.54177661083,19.945010929382],[73.541785141851,19.945015005088],[73.541793677433,19.945019072248],[73.54180221742,19.945023131131],[73.541810761656,19.94502718201],[73.541819309987,19.945031225155],[73.541827862262,19.945035260837],[73.541836418327,19.945039289326],[73.541844978033,19.945043310895],[73.54185354123,19.945047325813],[73.541862107768,19.945051334351],[73.541870677501,19.945055336779],[73.541879250281,19.945059333367],[73.541887825963,19.945063324386],[73.5418964044,19.945067310104],[73.54190498545,19.94507129079],[73.541913568969,19.945075266714],[73.541922154814,19.945079238143],[73.541930742844,19.945083205347],[73.541939332917,19.945087168592],[73.541947924894,19.945091128145],[73.541956518635,19.945095084273],[73.541965114002,19.945099037243],[73.541973710855,19.945102987319],[73.541982309059,19.945106934767],[73.541990908475,19.94511087985],[73.541999508969,19.945114822834],[73.542008110404,19.94511876398],[73.542016712656,19.945122703555],[73.542025315584,19.94512664182],[73.542033918988,19.945130579158],[73.542042522013,19.945134517233],[73.542051123433,19.945138458445],[73.542059722011,19.9451424052],[73.542068316506,19.9451463599],[73.54207690567,19.945150324943],[73.542085488244,19.945154302729],[73.542094062953,19.945158295653],[73.542102628504,19.945162306117],[73.542111183582,19.94516633652],[73.542119726848,19.945170389268],[73.542128256932,19.945174466769],[73.542136772434,19.945178571436],[73.542145271916,19.945182705686],[73.542153753902,19.945186871943],[73.542162216872,19.945191072637],[73.54217065926,19.945195310203],[73.542179079449,19.94519958708],[73.542187475769,19.945203905715],[73.542195846492,19.945208268555],[73.542204189826,19.945212678055],[73.54221250392,19.945217136667],[73.542220786848,19.945221646846],[73.542229036616,19.945226211044],[73.542237251155,19.945230831708],[73.542245428315,19.945235511278],[73.542253565865,19.945240252182],[73.54226166149,19.945245056834],[73.542269712789,19.945249927627],[73.542277717269,19.945254866933],[73.542285672347,19.94525987709],[73.542293575347,19.945264960403],[73.542301423498,19.945270119133],[73.542309213935,19.945275355491],[73.542316943701,19.945280671631],[73.542324609741,19.94528606964],[73.542332208914,19.94529155153],[73.54233973799,19.94529711923],[73.542347193662,19.945302774581],[73.542354572523,19.945308519302],[73.542361871768,19.945314354266],[73.542369091235,19.945320277317],[73.542376231547,19.945326285559],[73.542383293458,19.945332376097],[73.542390277851,19.945338546051],[73.542397185727,19.945344792561],[73.542404018203,19.945351112793],[73.542410776499,19.945357503948],[73.542417461935,19.945363963264],[73.542424075923,19.945370488023],[73.542430619959,19.945377075553],[73.542437095615,19.945383723235],[73.542443504534,19.945390428501],[73.542449848425,19.945397188839],[73.542456129054,19.945404001794],[73.542462348237,19.945410864969],[73.542468507838,19.945417776027],[73.542474609764,19.945424732687],[73.542480655955,19.945431732728],[73.542486648385,19.945438773987],[73.542492589054,19.94544585436],[73.542498479987,19.945452971796],[73.542504323229,19.945460124301],[73.54251012084,19.945467309935],[73.542515874898,19.945474526808],[73.542521587487,19.945481773081],[73.542527260705,19.945489046962],[73.542532896653,19.945496346706],[73.54253849744,19.945503670612],[73.542544065176,19.945511017019],[73.542549601976,19.945518384306],[73.542555109953,19.945525770888],[73.542560591221,19.945533175218],[73.542566047893,19.945540595776],[73.54257148208,19.945548031077],[73.542576895891,19.945555479659],[73.542582291433,19.945562940087],[73.542587670808,19.945570410949],[73.542593036117,19.945577890853],[73.542598389455,19.945585378425],[73.542603732917,19.945592872304],[73.542609068591,19.945600371145],[73.542614398565,19.945607873613],[73.542619724919,19.94561537838],[73.542625049734,19.945622884126],[73.542630375087,19.945630389532],[73.54263570305,19.945637893284],[73.542641035693,19.945645394063],[73.542646375085,19.945652890549],[73.542651723352,19.945660381504],[73.542657082425,19.945667865409],[73.542662454433,19.945675341017],[73.542667841432,19.945682806973],[73.542673245476,19.945690261905],[73.542678668618,19.945697704426],[73.542684112904,19.94570513313],[73.542689580379,19.945712546589],[73.542695073083,19.945719943353],[73.542700593052,19.945727321944],[73.542706142315,19.94573468086],[73.542711722898,19.945742018566],[73.542717336815,19.945749333497],[73.542722986077,19.945756624055],[73.54272867268,19.945763888607],[73.542734398612,19.945771125479],[73.542740165847,19.945778332963],[73.542745976344,19.945785509307],[73.542751832045,19.945792652719],[73.542757734873,19.945799761363],[73.542763686707,19.945806833371],[73.542769688305,19.945813867674],[73.542775738715,19.945820864486],[73.542781836843,19.945827824158],[73.542787981597,19.945834747063],[73.542794171886,19.945841633598],[73.542800406622,19.945848484187],[73.542806684722,19.945855299271],[73.542813005107,19.945862079318],[73.542819366703,19.945868824814],[73.542825768441,19.945875536265],[73.54283220926,19.945882214199],[73.542838688104,19.945888859161],[73.542845203926,19.945895471713],[73.542851755686,19.945902052438],[73.542858342351,19.945908601932],[73.542864962899,19.945915120807],[73.542871616313,19.945921609694],[73.542878301587,19.945928069233],[73.542885017724,19.945934500081],[73.542891763735,19.945940902909],[73.542898538641,19.945947278398],[73.542905341473,19.945953627243],[73.54291217127,19.945959950149],[73.54291902708,19.945966247831],[73.542925907961,19.945972521018],[73.54293281298,19.945978770443],[73.542939741213,19.945984996854],[73.542946691745,19.945991201003],[73.542953663669,19.945997383653],[73.542960656088,19.946003545573],[73.542967668111,19.946009687541],[73.542974698856,19.946015810341],[73.542981747452,19.946021914764],[73.54298881303,19.946028001607],[73.542995894733,19.946034071671],[73.543002991708,19.946040125766],[73.543010103111,19.946046164705],[73.543017228101,19.946052189307],[73.543024365847,19.946058200393],[73.543031515523,19.946064198793],[73.543038676306,19.946070185338],[73.543045847376,19.946076160861],[73.543053028004,19.946082126112],[73.543060218259,19.946088080987],[73.543067418652,19.946094024896],[73.543074629702,19.946099957243],[73.543081851919,19.94610587743],[73.543089085814,19.946111784853],[73.543096331896,19.94611767891],[73.543103590663,19.94612355899],[73.543110862616,19.946129424484],[73.543118148251,19.946135274776],[73.543125448058,19.946141109251],[73.543132762523,19.946146927286],[73.543140092129,19.946152728259],[73.543147437351,19.946158511542],[73.543154798661,19.946164276504],[73.543162176526,19.946170022512],[73.543169571406,19.946175748929],[73.543176983755,19.946181455113],[73.543184414022,19.946187140422],[73.543191862648,19.946192804208],[73.543199330069,19.946198445821],[73.543206816712,19.946204064607],[73.543214322997,19.946209659909],[73.543221849338,19.946215231069],[73.543229396139,19.946220777423],[73.543236963798,19.946226298305],[73.543244552702,19.946231793049],[73.54325216323,19.946237260982],[73.543259795753,19.946242701432],[73.543267450631,19.946248113724],[73.543275128214,19.946253497178],[73.543282828845,19.946258851117],[73.543290552851,19.946264174859],[73.543298300554,19.946269467721],[73.543306072262,19.946274729018],[73.54331386827,19.946279958067],[73.543321688866,19.946285154181],[73.543329534321,19.946290316674],[73.543337404896,19.94629544486],[73.543345300841,19.946300538053],[73.54335322239,19.946305595567],[73.543361169765,19.946310616717],[73.543369143176,19.94631560082],[73.543377142816,19.946320547194],[73.543385168867,19.946325455159],[73.543393221496,19.946330324038],[73.543401300853,19.946335153155],[73.543409407077,19.94633994184],[73.54341754029,19.946344689425],[73.543425700599,19.946349395246],[73.543433888121,19.94635405866],[73.543442102918,19.946358679003],[73.543450345041,19.946363255624],[73.543458614535,19.946367787879],[73.543466911418,19.946372275153],[73.543475235675,19.946376716863],[73.543483587286,19.946381112419],[73.543491966231,19.946385461214],[73.543500372485,19.946389762623],[73.543508806024,19.946394016009],[73.543517266818,19.946398220716],[73.543525754836,19.946402376073],[73.543534270042,19.946406481392],[73.543542812396,19.946410535967],[73.543551381852,19.946414539076],[73.543559978361,19.946418489982],[73.543568601868,19.946422387926],[73.543577252309,19.946426232136],[73.543585929615,19.946430021819],[73.543594633711,19.946433756166],[73.543603364513,19.946437434349],[73.543612121926,19.946441055522],[73.543620905849,19.946444618821],[73.543629716169,19.946448123363],[73.543638552764,19.946451568247],[73.543647415499,19.946454952552],[73.543656304229,19.946458275341],[73.543665218793,19.946461535654],[73.543674159021,19.946464732518],[73.543683124725,19.946467864937],[73.543692115703,19.946470931896],[73.543701131737,19.946473932364],[73.543710172591,19.94647686529],[73.543719238013,19.946479729605],[73.54372832773,19.946482524223],[73.543737441452,19.946485248037],[73.543746578866,19.946487899925],[73.543755739637,19.946490478748],[73.543764923409,19.94649298335],[73.543774129802,19.946495412557],[73.543783358409,19.946497765181],[73.543792608799,19.946500040019],[73.543801880514,19.946502235854],[73.543811172691,19.946504351369],[73.543820485551,19.94650638549],[73.543829818188,19.946508336877],[73.543839170024,19.946510204263],[73.543848540448,19.946511986372],[73.543857928818,19.946513681922],[73.543867334454,19.946515289621],[73.543876756642,19.946516808173],[73.543886194633,19.946518236278],[73.543895647637,19.946519572635],[73.543905114828,19.946520815942],[73.54391459534,19.946521964897],[73.543924088265,19.946523018206],[73.543933592657,19.946523974577],[73.543943107527,19.946524832728],[73.543952631843,19.946525591388],[73.543962164532,19.946526249299],[73.543971704478,19.946526805219],[73.543981250522,19.946527257924],[73.543990801469,19.946527606214],[73.544000356069,19.946527848911],[73.544009913032,19.946527984864],[73.54401947103,19.946528012955],[73.544029028692,19.946527932213],[73.544038584715,19.946527746027],[73.544048138099,19.946527463357],[73.544057688162,19.94652709354],[73.544067234507,19.946526645899],[73.544076776989,19.946526129734],[73.544086315685,19.946525554312]]},{"type":"LineString","coordinates":[[73.539366985584,19.945074680495],[73.539668535375,19.945012731752]]},{"type":"LineString","coordinates":[[73.539318308668,19.944862803566],[73.539619858065,19.94480085488],[73.540020804755,19.944712480741]]},{"type":"LineString","coordinates":[[73.541090832912,19.944542579753],[73.541106081626,19.944655683669]]},{"type":"LineString","coordinates":[[73.541175775229,19.944529968483],[73.541198844881,19.944701081727]]},{"type":"LineString","coordinates":[[73.541089742071,19.943985855281],[73.541108351896,19.944123889714]]},{"type":"LineString","coordinates":[[73.540998790638,19.943954210361],[73.541023409796,19.944136500965]]},{"type":"LineString","coordinates":[[73.540971454991,19.944111882817],[73.541014585575,19.94414159899],[73.541080781082,19.944540284226],[73.541049356067,19.944581069542]]},{"type":"LineString","coordinates":[[73.540977080867,19.944104581194],[73.541023409796,19.944136500965],[73.541090832912,19.944542579753],[73.541057077579,19.944586389503]]},{"type":"LineString","coordinates":[[73.5411498286,19.944085399901],[73.5411184037,19.944126185238],[73.541184599467,19.944524870452],[73.541227730202,19.944554586581]]},{"type":"LineString","coordinates":[[73.541142107108,19.944080079945],[73.541108351896,19.944123889714],[73.541175775229,19.944529968483],[73.54122210432,19.944561888211]]}]},"properties":{"name":"PROPOSED DP ROAD","styleUrl":"#s7","stroke-opacity":1,"stroke":"#0000FF","stroke-width":2,"label-scale":0,"icon-scale":0.5,"icon":"http://maps.google.com/mapfiles/kml/shapes/placemark_circle.png","folderPath":["Layers"]}},{"type":"Feature","geometry":{"type":"GeometryCollection","geometries":[{"type":"LineString","coordinates":[[73.544582341548,19.946505895326],[73.544584085464,19.9465052032]]},{"type":"LineString","coordinates":[[73.544582341548,19.946505895326],[73.544591150611,19.946502397102],[73.544599957699,19.946498894438],[73.54460876279,19.946495387287],[73.54461756586,19.946491875603],[73.544626366887,19.94648835934],[73.544635165844,19.946484838452],[73.544643962708,19.946481312889],[73.544652757452,19.946477782604],[73.544661550053,19.946474247547],[73.544670340483,19.946470707668],[73.544679128716,19.946467162915],[73.544687914726,19.946463613238],[73.544696698484,19.946460058584],[73.544705479964,19.9464564989],[73.544714259136,19.946452934131],[73.544723035972,19.946449364224],[73.544731810442,19.946445789122],[73.544740582517,19.946442208768],[73.544749352166,19.946438623107],[73.544758119358,19.946435032079],[73.544766884063,19.946431435625],[73.544775646247,19.946427833687],[73.544784405878,19.946424226202],[73.544793162924,19.946420613111],[73.54480191735,19.94641699435],[73.544810669122,19.946413369856],[73.544819418207,19.946409739564],[73.544828164567,19.946406103411],[73.544836908168,19.946402461331],[73.544845648973,19.946398813255],[73.544854386944,19.946395159118],[73.544863122045,19.94639149885],[73.544871854236,19.946387832383],[73.544880583479,19.946384159646],[73.544889309735,19.946380480568],[73.544898032963,19.946376795078],[73.544906753123,19.946373103104],[73.544915470173,19.946369404572],[73.544924184071,19.946365699408],[73.544932894776,19.946361987539],[73.544941602245,19.946358268888],[73.544950306433,19.94635454338],[73.544959007298,19.946350810939],[73.544967704795,19.946347071489],[73.544976398879,19.946343324951],[73.544985089505,19.946339571249],[73.544993776627,19.946335810306],[73.5450024602,19.946332042043],[73.545011140177,19.946328266382],[73.545019816511,19.946324483247],[73.545028489537,19.946320692393],[73.54503715847,19.946316894067],[73.545045823621,19.946313088034],[73.545054484946,19.94630927422],[73.545063142396,19.946305452551],[73.545071795926,19.946301622952],[73.545080445491,19.946297785353],[73.545089091045,19.946293939683],[73.545097732545,19.946290085875],[73.545106369947,19.946286223863],[73.54511500321,19.946282353586],[73.545123632293,19.946278474983],[73.545132257157,19.946274588001],[73.545140877765,19.946270692588],[73.545149494083,19.946266788698],[73.545158106079,19.946262876292],[73.545166713725,19.946258955336],[73.545175316994,19.946255025803],[73.545183915866,19.946251087676],[73.545192510325,19.946247140945],[73.545201100358,19.946243185611],[73.54520968596,19.946239221687],[73.545218267133,19.946235249197],[73.545226843885,19.946231268182],[73.545235416233,19.946227278696],[73.545243984202,19.946223280813],[73.545252547831,19.946219274624],[73.545261107167,19.946215260244],[73.545269662273,19.94621123781],[73.545278213224,19.946207207488],[73.545286760112,19.946203169472],[73.545295303048,19.946199123987],[73.545303842163,19.946195071297],[73.545312377607,19.946191011703],[73.545320909557,19.946186945551],[73.545329438216,19.946182873234],[73.545337963816,19.946178795198],[73.545346486621,19.946174711946],[73.54535500693,19.946170624043],[73.54536352508,19.946166532124],[73.54537204145,19.946162436898],[73.545380556462,19.946158339154],[73.545389070588,19.946154239769],[73.545397584351,19.946150139716],[73.545406098328,19.946146040067],[73.545414613155,19.946141942004],[73.545423129529,19.946137846823],[73.54543164821,19.946133755943],[73.545440170418,19.946129670722],[73.545448696291,19.946125593205],[73.545457227153,19.946121525033],[73.545465764032,19.946117468168],[73.545474308019,19.94611342471],[73.545482860267,19.946109396904],[73.545491421984,19.94610538713],[73.545499994424,19.946101397902],[73.54550857888,19.946097431853],[73.545517176671,19.946093491725],[73.545525789127,19.946089580348],[73.545534417574,19.94608570062],[73.545543063299,19.94608185544],[73.545551727071,19.946078046737],[73.545560409115,19.946074275436],[73.545569109647,19.94607054244],[73.545577828884,19.946066848688],[73.54558656705,19.946063195162],[73.545595324368,19.946059582885],[73.545604101068,19.946056012925],[73.545612897423,19.94605248638],[73.545621713633,19.94604900443],[73.545630549923,19.946045568299],[73.545639406528,19.946042179265],[73.545648283686,19.946038838666],[73.545657181635,19.946035547906],[73.545666100615,19.946032308457],[73.545675040862,19.946029121867],[73.545684002613,19.946025989761],[73.545692986102,19.94602291385],[73.54570199156,19.946019895937],[73.545711019212,19.946016937919],[73.545720069279,19.946014041802],[73.545729141972,19.946011209702],[73.545738237491,19.946008443855],[73.545747356025,19.946005746632],[73.545756497746,19.946003120541],[73.545765662807,19.946000568243],[73.545774851338,19.945998092566],[73.545784063441,19.945995696515],[73.545793299185,19.945993383289],[73.545802558597,19.945991156297],[73.54581184166,19.945989019178],[73.545821148296,19.945986975818],[73.545830478364,19.945985030377],[73.545839831641,19.945983187311],[73.545849207809,19.9459814514],[73.54585860644,19.945979827776],[73.54586802697,19.945978321963],[73.545877468681,19.945976939908],[73.545886930664,19.945975688024],[73.545896411397,19.945974573281],[73.545905910295,19.945973603071],[73.545915425231,19.945972785549],[73.545924954121,19.945972129491],[73.545934494433,19.945971644413],[73.545944043102,19.94597134064],[73.54595359642,19.945971229156],[73.545963149954,19.945971320885],[73.54597269848,19.945971626874],[73.545982235915,19.945972158314],[73.545991755271,19.945972926369],[73.546001248617,19.945973941988],[73.546010707065,19.945975215663],[73.546020120794,19.945976757159],[73.546029479133,19.945978575211],[73.546038770686,19.945980677207],[73.546047983533,19.945983068871],[73.546057105479,19.94598575397],[73.5460661248,19.945988734211],[73.546075028894,19.945992008496],[73.546083807146,19.945995573652],[73.546092449653,19.945999423931],[73.546100948395,19.946003551478],[73.546109295815,19.946007945732],[73.546117487389,19.946012594876],[73.546125520214,19.946017485492],[73.546133393382,19.946022603118],[73.54614110781,19.946027932579],[73.54614866619,19.94603345841],[73.546156072754,19.946039165147],[73.546163333045,19.946045037598],[73.546170453681,19.946051061049],[73.546177441769,19.946057221776],[73.5461843035,19.946063508242],[73.546191045347,19.946069909712],[73.546197674316,19.946076415805],[73.546204197762,19.946083016592],[73.546210623277,19.946089702721],[73.546216958518,19.946096465438],[73.546223211086,19.946103296602],[73.546229388426,19.946110188684],[73.546235497747,19.946117134754],[73.54624154597,19.946124128452],[73.546247539685,19.946131163966],[73.546253485124,19.946138235988],[73.546259388149,19.946145339683],[73.54626525452,19.946152470983],[73.546271088627,19.946159625012],[73.546276896212,19.946166799349],[73.546282680891,19.946173989737],[73.546288446955,19.946181193468],[73.546294198191,19.946188407883],[73.546299937995,19.946195630467],[73.546305669485,19.946202858938],[73.546311395535,19.94621009125],[73.546317118767,19.946217325544],[73.546322841605,19.946224560168],[73.546328566211,19.946231793562],[73.546334294546,19.946239024312],[73.546340028404,19.946246251141],[73.546345769408,19.946253472892],[73.546351519024,19.94626068851],[73.546357278574,19.946267897034],[73.54636304927,19.946275097621],[73.54636883177,19.946282289794],[73.546374625112,19.946289473616],[73.546380428997,19.94629665025],[73.546386242503,19.946303819916],[73.546392065274,19.946310983383],[73.546397896244,19.946318140421],[73.546403735149,19.94632529168],[73.546409581531,19.946332437478],[73.546415435037,19.946339578178],[73.546421295243,19.946346713988],[73.546427161795,19.946353845139],[73.546433034377,19.946360971852],[73.546438912698,19.946368094335],[73.546444796492,19.946375212778],[73.54645068551,19.946382327356],[73.546456579524,19.946389438236],[73.546462478318,19.946396545569],[73.546468381694,19.946403649499],[73.546474289464,19.946410750161],[73.546480201452,19.946417847681],[73.546486117494,19.946424942177],[73.546492037432,19.946432033764],[73.546497961118,19.946439122548],[73.546503888411,19.946446208631],[73.546509818929,19.94645329182],[73.546515753063,19.94646037283],[73.546521690127,19.946467451085],[73.546527630564,19.946474527352],[73.546533573927,19.94648160133],[73.546539520122,19.946488673138],[73.546545469041,19.946495742882],[73.546551420601,19.946502810703],[73.546557374684,19.946509876708],[73.546563331094,19.946516940929],[73.546569289683,19.946524003477],[73.546575250282,19.946531064475],[73.546581212701,19.946538124072],[73.546587176708,19.946545182441],[73.546593142015,19.946552239806],[73.54659910824,19.946559296459],[73.546605074924,19.946566352749],[73.546611044301,19.946573406978],[73.546617023847,19.946580453508],[73.546623025476,19.946587483222],[73.546629067781,19.946594481686],[73.546635179439,19.946601426029],[73.546641403146,19.946608280671],[73.546647797051,19.946614993435],[73.546654426201,19.946621498394],[73.546661336631,19.946627735804],[73.546668525401,19.946633685963],[73.546675939625,19.946639383361],[73.546683509709,19.946644894775],[73.546691176078,19.946650286035],[73.54669889727,19.946655606914],[73.546706646961,19.946660890578],[73.546714409023,19.94666615789],[73.546722174071,19.946671421485],[73.546729938801,19.946676686022],[73.546737702611,19.946681952615],[73.546745464035,19.9466872213],[73.546753223028,19.946692492846],[73.546760979697,19.946697767994],[73.546768733955,19.946703047276],[73.546776484794,19.946708330552],[73.546784232167,19.946713618318],[73.546791975744,19.946718910875],[73.546799715239,19.946724208565],[73.546807450414,19.946729511785],[73.546815181063,19.946734820987],[73.546822906955,19.946740136649],[73.546830627619,19.946745459141],[73.54683834242,19.946750788782],[73.546846050796,19.946756126025],[73.546853752121,19.946761471371],[73.546861446708,19.946766826094],[73.546869133842,19.9467721909],[73.546876812768,19.946777566635],[73.546884482691,19.946782954336],[73.546892142469,19.946788355059],[73.546899790879,19.946793770136],[73.546907426953,19.94679920151],[73.54691504898,19.946804651156],[73.546922654888,19.946810121533],[73.546930240725,19.946815614749],[73.546937804306,19.946821135608],[73.54694534058,19.946826688905],[73.546952844029,19.946832282257],[73.546960304602,19.946837925043],[73.546967712417,19.946843629184],[73.546975069695,19.946849394766],[73.546982382904,19.946855208524],[73.546989673545,19.946861047364],[73.546996984619,19.946866863471],[73.547004399794,19.946872560222],[73.547012070635,19.94687794418],[73.547020217396,19.946882653657],[73.547028997353,19.946886189153],[73.547038281014,19.946888282935],[73.547047782956,19.946889182911],[73.547057334072,19.946889323174],[73.547066882704,19.946889026781],[73.547076419952,19.946888484928],[73.547085946922,19.946887802446],[73.547095466218,19.946887032734],[73.547104979792,19.946886206762],[73.547114490365,19.946885344529],[73.547123998664,19.946884460145],[73.547133505322,19.946883564084],[73.547143011897,19.946882664403],[73.547152518768,19.946881767723],[73.547162027228,19.946880879527],[73.547171536998,19.946880004713],[73.547181048879,19.946879147572],[73.54719056267,19.946878312139],[73.547200078523,19.946877502186],[73.547209597107,19.946876721308],[73.54721911822,19.946875973114],[73.547228642748,19.946875261139],[73.54723817052,19.946874589067],[73.54724770162,19.946873960684],[73.547257235769,19.946873379975],[73.547266773684,19.946872851102],[73.547276314841,19.946872378593],[73.547285859083,19.946871967318],[73.547295406695,19.94687162257],[73.547304956489,19.946871350224],[73.547314508505,19.946871156746],[73.547324062148,19.946871049387],[73.547333616629,19.946871036323],[73.547343170417,19.946871126773],[73.547352723114,19.946871328533],[73.547362271856,19.94687164658],[73.54737181582,19.946872086052],[73.547381352065,19.946872652365],[73.547390878016,19.946873351317],[73.547400391339,19.946874189146],[73.547409888931,19.946875172501],[73.547419368065,19.946876308589],[73.547428823267,19.946877604838],[73.547438251037,19.946879069504],[73.547447645849,19.946880711218],[73.547457002569,19.946882539392],[73.547466313854,19.94688456379],[73.547475572028,19.946886794896],[73.547484768293,19.946889243798],[73.547493893032,19.946891922315],[73.547502933777,19.946894842383],[73.547511878251,19.946898016961],[73.54752071127,19.946901459012],[73.547529416094,19.946905181838],[73.547537973435,19.946909198509],[73.547546361913,19.946913521782],[73.547554557314,19.946918163341],[73.547562534354,19.946923134299],[73.547570263469,19.946928444022],[73.547577710624,19.946934102398],[73.547584842645,19.946940112841],[73.547591630664,19.946946469215],[73.547598053318,19.94695315667],[73.547604097758,19.946960152308],[73.547609760801,19.946967427815],[73.547615048305,19.946974951911],[73.547619973523,19.946982692368],[73.547624556036,19.94699061926],[73.547628818535,19.946998704345],[73.547632785911,19.94700692313],[73.547636483204,19.947015253875],[73.547639934924,19.947023678053],[73.547643164607,19.947032180709],[73.547646194014,19.947040749115],[73.547649043104,19.94704937272],[73.54765173,19.947058042794],[73.547654271046,19.94706675211],[73.547656680942,19.947075494792],[73.547658972775,19.947084265709],[73.547661158205,19.947093060391],[73.547663247946,19.947101876329],[73.547665251241,19.947110710136],[73.547667177806,19.947119559129],[73.547669039376,19.947128420494],[73.547670846537,19.947137291876],[73.547672608541,19.947146171625],[73.547674333398,19.947155057899],[73.547676028234,19.947163949354],[73.547677699404,19.947172844841],[73.547679352609,19.947181743367],[73.54768099293,19.94719064363],[73.547682625177,19.947199545462],[73.547684253603,19.947208447888],[73.547685882176,19.947217350254],[73.54768751468,19.947226252527],[73.547689154506,19.947235153906],[73.547690804744,19.947244053159],[73.547692468475,19.94725295001],[73.547694148589,19.947261844058],[73.547695847822,19.9472707348],[73.547697568716,19.947279621377],[73.547699313929,19.947288504056],[73.5477010859,19.947297382417],[73.547702886756,19.947306254875],[73.547704718993,19.947315122006],[73.547706584737,19.947323982819],[73.547708486159,19.947332836775],[73.547710425388,19.947341683308],[73.547712404528,19.947350521881],[73.547714425655,19.947359351911],[73.54771649082,19.94736817279],[73.547718602069,19.947376983927],[73.547720761436,19.947385784699],[73.547722970932,19.947394574381],[73.547725232568,19.947403352238],[73.547727548358,19.947412117504],[73.547729920318,19.947420869375],[73.547732350549,19.947429607295],[73.547734840898,19.947438329719],[73.54773739337,19.947447035625],[73.547740010248,19.947455724819],[73.5477426935,19.947464395929],[73.547745445206,19.947473047865],[73.547748267466,19.947481679483],[73.547751162397,19.94749028958],[73.547754132131,19.947498876887],[73.547757178766,19.94750744009],[73.547760303721,19.947515977924],[73.547763507986,19.947524489352],[73.547766792467,19.947532973384],[73.547770157939,19.94754142897],[73.547773605075,19.947549855065],[73.547777134437,19.947558250637],[73.547780746481,19.947566614669],[73.547784441727,19.947574946553],[73.547788220149,19.947583244713],[73.547792081991,19.947591508457],[73.547796027279,19.947599736874],[73.547800055931,19.94760792908],[73.547804167564,19.947616083836],[73.547808362254,19.947624201049],[73.547812639462,19.947632279639],[73.547816998718,19.947640318887],[73.547821439539,19.947648318263],[73.547825961232,19.947656277047],[73.547830563211,19.947664194901],[73.547835244352,19.947672070742],[73.547840004019,19.947679904493],[73.547844841274,19.947687695722],[73.547849755116,19.94769544404],[73.547854744489,19.947703149111],[73.547859807456,19.947710809405],[73.547864943596,19.947718425833],[73.54787015155,19.947725997968],[73.547875430376,19.947733526094],[73.547880778731,19.94774100999],[73.547886195332,19.947748449608],[73.547891678874,19.947755844941],[73.547897227817,19.947763195736],[73.547902843189,19.94777050513],[73.547908521783,19.94777777073],[73.547914262282,19.94778499271],[73.547920063371,19.947792171279],[73.547925923737,19.947799306677],[73.547931842072,19.947806399174],[73.547937817075,19.947813449069],[73.547943847457,19.947820456685],[73.547949931942,19.947827422369],[73.547956069267,19.947834346491],[73.547962258185,19.947841229437],[73.547968497467,19.947848071615],[73.547974785904,19.947854873448],[73.547981122304,19.947861635372],[73.5479875055,19.947868357837],[73.547993934342,19.947875041304],[73.548000407707,19.947881686244],[73.548006924492,19.947888293136],[73.548013483619,19.947894862467],[73.548020083723,19.947901394424],[73.54802672435,19.947907890076],[73.548033404208,19.947914349641],[73.548040122313,19.947920773621],[73.548046878014,19.947927162808],[73.548053670085,19.947933516278],[73.548060500436,19.947939833512],[73.548067369652,19.947946112959],[73.548074278547,19.947952353936],[73.548081226706,19.947958555266],[73.548088214294,19.947964716862],[73.548095240914,19.947970838645],[73.548102305945,19.947976920776],[73.54810940857,19.947982963635],[73.548116547824,19.94798896778],[73.548123722622,19.947994933926],[73.548130931792,19.948000862915],[73.548138174099,19.948006755685],[73.548145448279,19.948012613253],[73.548152753046,19.948018436689],[73.548160087119,19.948024227101],[73.548167449228,19.948029985616],[73.54817483813,19.94803571337],[73.54818225261,19.948041411494],[73.548189691497,19.948047081108],[73.548197153658,19.948052723311],[73.548204638007,19.948058339177],[73.548212143504,19.948063929752],[73.548219669157,19.948069496048],[73.548227214022,19.948075039044],[73.5482347772,19.948080559681],[73.548242357838,19.948086058866],[73.548249955128,19.948091537466],[73.548257568304,19.948096996314],[73.548265196642,19.948102436206],[73.548272839454,19.948107857902],[73.548280496091,19.94811326213],[73.548288165941,19.948118649581],[73.548295848422,19.948124020917],[73.548303542985,19.948129376768],[73.548311249112,19.948134717735],[73.54831896631,19.948140044389],[73.548326694116,19.948145357275],[73.548334432413,19.948150657136],[73.548342180122,19.948155944011],[73.548349937187,19.948161218606],[73.548357703236,19.948166481371],[73.548365477914,19.948171732733],[73.548373260886,19.948176973102],[73.548381051831,19.948182202867],[73.548388850448,19.9481874224],[73.548396656449,19.948192632057],[73.54840446956,19.948197832175],[73.548412289523,19.948203023079],[73.548420116091,19.948208205077],[73.548427949027,19.948213378465],[73.548435788108,19.948218543525],[73.548443633122,19.948223700527],[73.548451483864,19.94822884973],[73.548459340141,19.948233991381],[73.548467201768,19.948239125716],[73.548475068568,19.948244252963],[73.548482940373,19.948249373339],[73.548490817021,19.948254487052],[73.548498698358,19.948259594301],[73.548506584237,19.94826469528],[73.548514474518,19.948269790172],[73.548522369064,19.948274879152],[73.548530267745,19.948279962392],[73.548538170439,19.948285040054],[73.548546077026,19.948290112295],[73.548553987392,19.948295179266],[73.548561901428,19.948300241111],[73.548569819028,19.948305297971],[73.548577740093,19.948310349979],[73.548585664523,19.948315397266],[73.548593592227,19.948320439955],[73.548601523114,19.948325478167],[73.548609457099,19.948330512018],[73.548617394098,19.948335541619],[73.548625334031,19.948340567079],[73.548633276821,19.948345588501],[73.548641222394,19.948350605985],[73.548649170678,19.94835561963],[73.548657121605,19.948360629528],[73.548665075107,19.948365635769],[73.54867303112,19.948370638443],[73.548680989583,19.948375637632],[73.548688950435,19.948380633419],[73.548696913618,19.948385625884],[73.548704879077,19.948390615102],[73.548712846758,19.948395601149],[73.548720816608,19.948400584095],[73.548728788576,19.948405564011],[73.548736762614,19.948410540964],[73.548744738674,19.94841551502],[73.548752716711,19.948420486241],[73.54876069668,19.948425454689],[73.548768678538,19.948430420424],[73.548776662243,19.948435383504],[73.548784647754,19.948440343985],[73.548792635033,19.948445301921],[73.548800624042,19.948450257365],[73.548808614744,19.948455210369],[73.548816607103,19.948460160983],[73.548824601085,19.948465109254],[73.548832596655,19.948470055231],[73.54884059378,19.948474998959],[73.54884859243,19.948479940482],[73.548856592573,19.948484879844],[73.548864594178,19.948489817088],[73.548872597218,19.948494752253],[73.548880601666,19.948499685382],[73.548888607509,19.948504616523],[73.548896614704,19.948509545703],[73.548904623224,19.948514472958],[73.548912633043,19.948519398325],[73.548920644137,19.948524321838],[73.548928656481,19.948529243531],[73.548936670053,19.948534163438],[73.548944684829,19.948539081591],[73.548952700787,19.948543998022],[73.548960718243,19.948548912967],[73.548968736488,19.948553826036],[73.548976755852,19.948558737473],[73.548984776315,19.948563647306],[73.548992797857,19.948568555563],[73.549000820459,19.948573462272],[73.549008844103,19.948578367458],[73.549016868771,19.948583271148],[73.549024894444,19.948588173368],[73.549032921106,19.948593074141],[73.549040948739,19.948597973492],[73.549048977327,19.948602871445],[73.549057006854,19.948607768023],[73.549065037304,19.948612663247],[73.549073068661,19.948617557141],[73.549081100912,19.948622449725],[73.549089134041,19.948627341021],[73.549097168033,19.948632231049],[73.549105202875,19.94863711983],[73.549113238553,19.948642007383],[73.549121275054,19.948646893727],[73.549129312365,19.948651778882],[73.549137350471,19.948656662865],[73.549145389362,19.948661545694],[73.549153429025,19.948666427388],[73.549161469448,19.948671307963],[73.549169510618,19.948676187437],[73.549177552526,19.948681065826],[73.549185595159,19.948685943146],[73.549193638506,19.948690819414],[73.549201682557,19.948695694644],[73.549209727301,19.948700568852],[73.549217772728,19.948705442053],[73.549225818827,19.948710314262],[73.549233865589,19.948715185493],[73.549241913004,19.94872005576],[73.549249961062,19.948724925077],[73.549258009754,19.948729793457],[73.549266059072,19.948734660914],[73.549274109005,19.94873952746],[73.549282159545,19.948744393109],[73.549290210684,19.948749257872],[73.549298262413,19.948754121763],[73.549306314724,19.948758984793],[73.549314367609,19.948763846974],[73.549322421059,19.948768708318],[73.549330475067,19.948773568835],[73.549338529626,19.948778428538],[73.549346584727,19.948783287437],[73.549354640363,19.948788145543],[73.549362696527,19.948793002866],[73.549370753213,19.948797859417],[73.549378810412,19.948802715205],[73.549386868118,19.948807570242],[73.549394926325,19.948812424537],[73.549402985025,19.948817278099],[73.549411044213,19.948822130938],[73.549419103881,19.948826983063],[73.549427164024,19.948831834483],[73.549435224636,19.948836685208],[73.549443285709,19.948841535246],[73.54945134724,19.948846384605],[73.54945940922,19.948851233296],[73.549467471646,19.948856081324],[73.549475534511,19.9488609287],[73.54948359781,19.948865775431],[73.549491661536,19.948870621525],[73.549499725686,19.94887546699],[73.549507789897,19.94888031162],[73.549515854886,19.948885155855],[73.549523920283,19.948889999484],[73.549531986081,19.948894842514],[73.549540052276,19.948899684951],[73.549548118864,19.948904526804],[73.549556185839,19.948909368079],[73.549564253198,19.948914208783],[73.549572320949,19.948919048931]]},{"type":"LineString","coordinates":[[73.544582341548,19.946505895326,640.035900000483],[73.544086315685,19.946525554312,640.03589999862]]},{"type":"LineString","coordinates":[[73.538478067709,19.940052029626],[73.538477222273,19.940043277325],[73.538476494946,19.940034515655],[73.538476017512,19.940025738928],[73.538475952071,19.940016951441],[73.538476513563,19.940008181133],[73.538477998082,19.939999510534],[73.538480798524,19.939991141811],[73.538485328344,19.939983490594],[73.538491736131,19.93997716084],[73.53849961205,19.939972529348],[73.538508292831,19.939969420542],[73.538517391276,19.939967671191],[73.538526666487,19.939967291817],[73.538535899133,19.939968237665],[73.538544953224,19.939970205664],[73.538553820394,19.939972834086],[73.538562576227,19.939975780385]]},{"type":"LineString","coordinates":[[73.538946072571,19.940244248418,640.035900000483],[73.539283215693,19.940480265319,640.035900000483]]},{"type":"LineString","coordinates":[[73.538562582913,19.939975785066,640.035900000483],[73.538810911775,19.940149628796,640.03589999862]]},{"type":"LineString","coordinates":[[73.53869654351,19.939799902384,640.03589999862],[73.538792109759,19.939864227746,640.035899999552]]},{"type":"LineString","coordinates":[[73.547177639469,19.946026335515],[73.547365677743,19.946106375822],[73.547440377484,19.946125598281],[73.547544409111,19.946137345242],[73.547674716485,19.946141461586],[73.547796180247,19.946151033316],[73.547912355381,19.946185631152],[73.547965926018,19.94621745733],[73.548018393552,19.946268165591],[73.548159914162,19.94641354495],[73.548271040137,19.946554142662],[73.548306123209,19.946606050576],[73.548329101497,19.946644745185],[73.548351988639,19.946689754526],[73.548371694458,19.946738123656],[73.548391130639,19.946801373234],[73.548415541067,19.946904199584],[73.548435901099,19.946987044259],[73.548457840157,19.947054458181],[73.5484811039,19.947106435602],[73.548508957393,19.947154918322],[73.548551343415,19.947217062688],[73.548586139769,19.947264112497],[73.548630042592,19.947292507057]]},{"type":"LineString","coordinates":[[73.544739866567,19.94569042888],[73.54527527639,19.945506258112],[73.545382016692,19.945458800945],[73.545607964318,19.945353439984],[73.546009935559,19.945148145416]]},{"type":"LineString","coordinates":[[73.538475928465,19.940022010809],[73.538476912269,19.940030998698],[73.538477826377,19.940039993158],[73.538478674023,19.940048993449],[73.538479455588,19.940057999087],[73.538480171679,19.940067009593],[73.53848082293,19.940076024497],[73.538481410007,19.940085043343],[73.538481933606,19.940094065683],[73.538482394446,19.940103091085],[73.538482793278,19.940112119128],[73.538483130881,19.940121149404],[73.538483408056,19.94013018152],[73.53848362563,19.940139215096],[73.538483784462,19.940148249767],[73.538483885435,19.940157285182],[73.538483929463,19.940166321007],[73.538483917484,19.94017535692],[73.538483850573,19.940184392619],[73.538483729785,19.940193427818],[73.53848355606,19.940202462247],[73.538483330371,19.940211495648],[73.538483053721,19.940220527783],[73.538482727146,19.940229558426],[73.538482351711,19.940238587373],[73.538481928514,19.94024761443],[73.538481458685,19.940256639425],[73.538480943383,19.9402656622],[73.538480383804,19.940274682617],[73.538479781173,19.940283700554],[73.53847913675,19.940292715907],[73.538478451827,19.94030172859],[73.538477727733,19.940310738534],[73.538476965828,19.94031974569],[73.538476167512,19.940328750026],[73.538475334218,19.940337751528],[73.538474467431,19.940346750202],[73.538473568509,19.940355746055],[73.538472638734,19.940364739105],[73.538471679426,19.940373729381],[73.538470691942,19.940382716928],[73.538469677674,19.940391701809],[73.538468638056,19.940400684099],[73.53846757456,19.940409663889],[73.538466488699,19.940418641286],[73.538465382028,19.94042761641],[73.538464256147,19.940436589397],[73.538463112701,19.940445560398],[73.538461953382,19.940454529578],[73.538460779931,19.940463497115],[73.538459594139,19.9404724632],[73.53845839785,19.940481428037],[73.538457192965,19.940490391846],[73.538455981332,19.94049935484],[73.5384547646,19.940508317217],[73.538453544434,19.940517279177],[73.538452322547,19.940526240927],[73.538451100711,19.940535202684],[73.538449880751,19.940544164669],[73.538448664553,19.940553127111],[73.538447454066,19.940562090244],[73.538446251303,19.940571054304],[73.538445058342,19.940580019538],[73.538443877336,19.940588986187],[73.538442710509,19.940597954496],[73.538441560166,19.940606924709],[73.538440428689,19.940615897067],[73.538439318548,19.940624871807],[73.538438232242,19.940633849155],[73.53843717201,19.94064282929],[73.538436140036,19.940651812366],[73.538435138583,19.940660798531],[73.538434169994,19.940669787914],[73.538433236699,19.940678780637],[73.538432341212,19.940687776796],[73.53843148614,19.940696776469],[73.538430674182,19.940705779711],[73.538429908137,19.940714786549],[73.5384291909,19.940723796978],[73.53842852547,19.94073281096],[73.538427914954,19.940741828415],[73.538427362564,19.940750849218],[73.538426871405,19.940759873188],[73.538426444112,19.940768900065],[73.538426083689,19.940777929549],[73.538425793239,19.940786961286],[73.538425575942,19.940795994859],[73.538425435055,19.940805029784],[73.53842537386,19.940814065503],[73.538425395548,19.940823101384],[73.538425503344,19.94083213671],[73.538425700499,19.940841170685],[73.538425990283,19.940850202424],[73.538426376366,19.940859230935],[73.538426861571,19.940868255168],[73.538427444878,19.940877274201],[73.53842812176,19.940886287378],[73.538428885173,19.940895294371],[73.538429727773,19.94090429508],[73.538430642805,19.940913289465],[73.538431624078,19.940922277606],[73.538432665898,19.940931259655],[73.538433763017,19.940940235817],[73.538434910587,19.940949206341],[73.538436103894,19.940958171528],[73.538437337794,19.940967131801],[73.538438607342,19.940976087621],[73.538439907927,19.940985039459],[73.538441235238,19.940993987789],[73.538442585239,19.941002933085],[73.538443954139,19.941011875814],[73.538445338373,19.941020816429],[73.538446734641,19.941029755371],[73.53844813938,19.941038693128],[73.538449548685,19.941047630242],[73.538450958843,19.941056567236],[73.538452366329,19.941065504608],[73.538453767787,19.941074442825],[73.538455160024,19.941083382334],[73.538456539991,19.941092323543],[73.538457904776,19.941101266831],[73.538459251599,19.941110212577],[73.538460577787,19.94111916107],[73.538461880785,19.941128112598],[73.538463158118,19.941137067422],[73.538464406952,19.94114602583],[73.538465624195,19.941154988122],[73.538466806869,19.941163954569],[73.538467952104,19.94117292536],[73.538469057142,19.941181900656],[73.538470119331,19.941190880575],[73.538471136117,19.941199865196],[73.53847210504,19.941208854544],[73.538473023736,19.941217848605],[73.538473889927,19.941226847324],[73.538474701423,19.941235850599],[73.538475456118,19.941244858291],[73.538476151968,19.941253870218],[73.538476786629,19.94126288618],[73.538477357517,19.941271905951],[73.538477862125,19.941280929254],[73.538478298039,19.941289955757],[73.538478662929,19.941298985074],[73.538478954555,19.941308016771],[73.538479170762,19.941317050363],[73.53847930948,19.941326085316],[73.538479368723,19.941335121048],[73.538479346591,19.941344156928],[73.538479241272,19.941353192284],[73.538479051034,19.941362226396],[73.538478774237,19.941371258502],[73.538478409318,19.941380287807],[73.538477954307,19.941389313452],[73.538477407253,19.941398334528],[73.538476766502,19.941407350082],[73.538476030476,19.941416359128],[73.538475197669,19.941425360635],[73.538474266631,19.941434353532],[73.538473236319,19.941443336746],[73.538472107802,19.941452309401],[73.53847088235,19.941461270679],[73.538469560996,19.941470219762],[73.538468145037,19.941479155898],[73.538466635832,19.941488078377],[73.538465034705,19.94149698652],[73.538463343017,19.941505879682],[73.53846156217,19.941514757264],[73.53845969349,19.941523618688],[73.538457738319,19.94153246341],[73.538455698035,19.941541290925],[73.538453574041,19.941550100768],[73.538451367771,19.941558892511],[73.538449080685,19.941567665767],[73.538446714381,19.941576420219],[73.538444270449,19.941585155579],[73.538441750153,19.941593871513],[73.538439154773,19.941602567722],[73.538436485618,19.94161124394],[73.538433744019,19.941619899935],[73.538430931331,19.941628535509],[73.538428048928,19.941637150506],[73.53842509821,19.941645744797],[73.538422080592,19.941654318292],[73.538418997512,19.941662870935],[73.538415850423,19.941671402706],[73.538412640797,19.941679913619],[73.538409370123,19.941688403725],[73.538406039905,19.941696873106],[73.538402651665,19.941705321885],[73.538399206826,19.941713750172],[73.538395706588,19.941722158023],[73.538392152162,19.941730545522],[73.538388544771,19.941738912773],[73.538384885648,19.941747259916],[73.538381176043,19.941755587107],[73.538377417215,19.941763894536],[73.538373610437,19.94177218242],[73.538369756994,19.941780451],[73.538365858187,19.941788700542],[73.538361915328,19.941796931341],[73.538357929745,19.94180514372],[73.53835390278,19.941813338028],[73.538349835793,19.941821514639],[73.538345730158,19.941829673962],[73.538341587534,19.941837816552],[73.538337409253,19.941845942837],[73.538333196171,19.94185405304],[73.538328949185,19.94186214741],[73.538324669221,19.941870226231],[73.538320357243,19.941878289815],[73.538316014251,19.941886338502],[73.538311641281,19.941894372661],[73.538307239405,19.941902392691],[73.538302809729,19.941910399021],[73.538298353393,19.941918392112],[73.538293871573,19.94192637245],[73.538289365477,19.941934340553],[73.538284836348,19.941942296968],[73.5382802852,19.941950242141],[73.538275712665,19.941958176326],[73.538271119737,19.941966099968],[73.538266507438,19.941974013548],[73.538261876823,19.941981917562],[73.538257228969,19.941989812521],[73.538252564975,19.941997698966],[73.538247885967,19.942005577453],[73.538243193092,19.942013448561],[73.53823848752,19.942021312886],[73.538233770445,19.942029171047],[73.538229043083,19.942037023677],[73.538224306675,19.942044871431],[73.538219562505,19.942052714991],[73.538214811949,19.942060555092],[73.538210055847,19.942068392187],[73.538205294953,19.942076226675],[73.538200530038,19.942084058981],[73.53819576186,19.942091889516],[73.538190990596,19.942099718371],[73.538186216414,19.94210754563],[73.538181439599,19.942115371452],[73.538176660437,19.942123195994],[73.538171879213,19.942131019412],[73.538167096212,19.94213884186],[73.53816231172,19.942146663493],[73.538157526021,19.942154484467],[73.538152739399,19.942162304935],[73.538147952138,19.942170125055],[73.538143164523,19.942177944981],[73.538138376845,19.942185764875],[73.538133589386,19.942193584888],[73.538128802418,19.942201405171],[73.538124016214,19.942209225873],[73.538119231046,19.942217047143],[73.538114447186,19.942224869132],[73.538109664909,19.942232691986],[73.538104884489,19.942240515854],[73.5381001062,19.942248340885],[73.538095330317,19.942256167228],[73.538090557115,19.942263995033],[73.53808578687,19.942271824448],[73.538081019857,19.942279655623],[73.538076256356,19.942287488708],[73.538071496644,19.942295323851],[73.538066741,19.942303161202],[73.538061989704,19.942311000911],[73.538057243038,19.942318843126],[73.538052501285,19.942326687997],[73.538047764728,19.942334535675],[73.538043033652,19.942342386309],[73.538038308343,19.942350240048],[73.5380335891,19.942358097062],[73.538028876238,19.9423659575],[73.538024170031,19.942373821497],[73.538019470748,19.942381689196],[73.538014778664,19.942389560735],[73.538010094055,19.942397436254],[73.538005417199,19.94240531589],[73.538000748374,19.942413199785],[73.537996087864,19.942421088078],[73.537991435953,19.942428980907],[73.537986792925,19.942436878412],[73.53798215907,19.942444780733],[73.53797753468,19.942452688008],[73.537972920046,19.942460600381],[73.537968315465,19.942468517988],[73.537963721235,19.94247644097],[73.537959137659,19.942484369467],[73.537954565033,19.942492303629],[73.537950003673,19.942500243586],[73.537945453887,19.942508189477],[73.537940915988,19.942516141442],[73.537936390295,19.942524099622],[73.537931877124,19.942532064158],[73.537927376799,19.942540035191],[73.537922889644,19.942548012866],[73.537918415991,19.942555997319],[73.537913956173,19.942563988691],[73.537909510528,19.942571987122],[73.537905079397,19.942579992753],[73.537900663126,19.942588005723],[73.537896262064,19.942596026173],[73.537891876564,19.942604054243],[73.537887506984,19.942612090072],[73.537883153687,19.9426201338],[73.537878817039,19.942628185568],[73.537874497414,19.942636245514],[73.537870195206,19.942644313779],[73.537865910766,19.942652390491],[73.537861644442,19.942660475771],[73.537857396586,19.942668569741],[73.537853167553,19.942676672521],[73.537848957708,19.94268478423],[73.537844767418,19.942692904989],[73.537840597056,19.942701034916],[73.537836446999,19.942709174131],[73.537832317634,19.942717322749],[73.537828209348,19.942725480891],[73.537824122537,19.942733648673],[73.537820057602,19.942741826212],[73.537816014952,19.942750013623],[73.537811994999,19.942758211022],[73.537807998163,19.942766418524],[73.537804024872,19.942774636241],[73.537800075557,19.942782864288],[73.537796150658,19.942791102776],[73.537792250622,19.942799351817],[73.537788375902,19.942807611519],[73.53778452696,19.942815881991],[73.537780704263,19.942824163342],[73.537776908287,19.942832455678],[73.537773139514,19.942840759103],[73.537769398437,19.942849073718],[73.537765685553,19.942857399628],[73.537762001369,19.942865736931],[73.537758346402,19.942874085725],[73.537754721173,19.942882446107],[73.537751126216,19.942890818169],[73.537747562073,19.942899201998],[73.537744029293,19.942907597684],[73.537740528431,19.942916005318],[73.537737059999,19.942924424963],[73.537733624507,19.942932856676],[73.537730222483,19.942941300509],[73.53772685446,19.942949756522],[73.537723520979,19.942958224765],[73.537720222592,19.942966705288],[73.537716959857,19.942975198135],[73.537713733344,19.942983703348],[73.537710543627,19.942992220964],[73.537707391294,19.943000751016],[73.537704276938,19.943009293532],[73.537701201162,19.94301784854],[73.537698164578,19.943026416058],[73.537695167809,19.943034996104],[73.537692211484,19.943043588688],[73.537689296244,19.943052193814],[73.537686422737,19.943060811484],[73.537683591623,19.943069441692],[73.537680803569,19.943078084427],[73.537678059252,19.94308673967],[73.53767535936,19.943095407398],[73.537672704588,19.94310408758],[73.537670095644,19.943112780179],[73.537667533241,19.943121485148],[73.537665018104,19.943130202435],[73.537662550962,19.943138931978],[73.537660132461,19.943147673684],[73.537657763288,19.943156427461],[73.537655444147,19.94316519321],[73.537653175749,19.943173970825],[73.537650958812,19.94318276019],[73.537648794057,19.943191561178],[73.53764668221,19.943200373653],[73.537644624001,19.943209197468],[73.537642620165,19.94321803247],[73.537640671439,19.943226878487],[73.537638778565,19.943235735341],[73.537636942287,19.943244602845],[73.53763516335,19.943253480794],[73.537633442503,19.943262368975],[73.537631780496,19.943271267162],[73.537630178079,19.943280175119],[73.537628636003,19.943289092593],[73.537627155019,19.943298019322],[73.537625735878,19.943306955025],[73.53762437933,19.943315899407],[73.537623086119,19.943324852173],[73.537621856991,19.943333813008],[73.537620692687,19.943342781581],[73.537619593943,19.943351757546],[73.53761856147,19.943360740544],[73.537617595936,19.943369730193],[73.537616698041,19.94337872611],[73.537615868477,19.943387727891],[73.537615107922,19.943396735118],[73.537614417042,19.943405747366],[73.537613796463,19.943414764194],[73.537613246836,19.943423785137],[73.53761276881,19.943432809725],[73.537612363017,19.943441837478],[73.537612030065,19.943450867893],[73.53761177054,19.943459900461],[73.537611585006,19.943468934661],[73.537611474001,19.943477969954],[73.537611438038,19.943487005792],[73.537611477603,19.943496041617],[73.537611593155,19.943505076859],[73.537611786767,19.943514110904],[73.537612067114,19.943523142906],[73.537612445609,19.943532171697],[73.537612935146,19.943541195699],[73.5376135486,19.943550212913],[73.537614299173,19.943559220832],[73.537615201114,19.943568216306],[73.537616268992,19.943577195505],[73.537617517043,19.94358615388],[73.537618961078,19.943595085855],[73.537620618843,19.943603984552],[73.53762251062,19.943612841369],[73.537624665516,19.94362164419],[73.537627113484,19.943630378138],[73.537629891974,19.94363902305],[73.537633064474,19.943647545521],[73.537636709861,19.943655896692],[73.537640947747,19.943663992599],[73.537646036758,19.943671632796],[73.537652172089,19.943678555044],[73.537658807533,19.943685055927],[73.537665697349,19.943691316441],[73.537672753809,19.943697408979],[73.53767991511,19.943703391294],[73.537687143974,19.943709300564],[73.537694417598,19.943715160544],[73.537701714168,19.943720994941],[73.537709016916,19.943726822463],[73.537716314546,19.943732655691],[73.53772360381,19.94373849827],[73.537730885101,19.943744349737],[73.537738158543,19.943750209917],[73.537745424272,19.943756078645],[73.537752682422,19.943761955751],[73.537759933134,19.943767841072],[73.537767176528,19.943773734428],[73.537774412753,19.943779635662],[73.53778164194,19.943785544602],[73.537788864231,19.943791461081],[73.537796079764,19.943797384932],[73.537803288679,19.943803315982],[73.537810491112,19.943809254062],[73.537817687213,19.943815199011],[73.537824877122,19.943821150665],[73.537832060974,19.94382710885],[73.537839238906,19.943833073392],[73.53784641109,19.943839044149],[73.537853577645,19.943845020931],[73.537860738725,19.943851003576],[73.53786789448,19.943856991918],[73.537875045057,19.943862985788],[73.537882190606,19.943868985018],[73.537889331281,19.943874989436],[73.537896467237,19.943880998869],[73.537903598623,19.943887013151],[73.537910725587,19.943893032117],[73.537917848279,19.943899055605],[73.53792496685,19.943905083447],[73.537932081451,19.94391111548],[73.537939192234,19.943917151538],[73.537946299353,19.943923191453],[73.537953402961,19.943929235061],[73.537960503216,19.943935282194],[73.537967600275,19.943941332687],[73.537974694291,19.943947386368],[73.537981785424,19.94395344307],[73.537988873831,19.943959502624],[73.537995959674,19.943965564861],[73.538003043112,19.94397162961],[73.538010124306,19.9439776967],[73.538017203421,19.943983765962],[73.538024280618,19.943989837223],[73.538031356062,19.94399591031],[73.538038429916,19.944001985051],[73.53804550235,19.944008061272],[73.538052573529,19.944014138799],[73.53805964362,19.944020217458],[73.538066712804,19.944026297059],[73.538073781266,19.944032377413],[73.538080849164,19.944038458351],[73.538087916661,19.944044539707],[73.538094983916,19.944050621315],[73.538102051091,19.944056703004],[73.538109118349,19.944062784607],[73.538116185854,19.944068865954],[73.538123253769,19.944074946873],[73.53813032226,19.944081027194],[73.538137391493,19.944087106745],[73.538144461633,19.944093185351],[73.538151532848,19.944099262839],[73.538158605305,19.944105339033],[73.538165679174,19.944111413758],[73.538172754624,19.944117486837],[73.538179831824,19.944123558091],[73.538186910945,19.944129627341],[73.53819399216,19.944135694408],[73.538201075639,19.94414175911],[73.538208161557,19.944147821265],[73.538215250086,19.94415388069],[73.5382223414,19.944159937199],[73.538229435676,19.944165990608],[73.538236533091,19.944172040733],[73.538243633819,19.944178087382],[73.538250738035,19.944184130365],[73.538257845918,19.944190169492],[73.538264957645,19.944196204571],[73.538272073396,19.944202235409],[73.538279193348,19.944208261811],[73.538286317683,19.944214283579],[73.538293446581,19.944220300519],[73.538300580223,19.944226312431],[73.538307718791,19.944232319114],[73.538314862465,19.944238320365],[73.538322011428,19.94424431598],[73.538329165865,19.944250305757],[73.538336325957,19.944256289487],[73.538343491889,19.94426226696],[73.538350663844,19.944268237969],[73.538357842009,19.944274202301],[73.538365026569,19.944280159744],[73.53837221771,19.944286110082],[73.538379415611,19.944292053106],[73.538386620443,19.944297988616],[73.538393832377,19.944303916408],[73.538401051584,19.944309836278],[73.538408278236,19.944315748021],[73.538415512503,19.944321651427],[73.53842275456,19.94432754629],[73.538430004579,19.944333432396],[73.538437262731,19.944339309534],[73.538444529188,19.944345177487],[73.538451804124,19.944351036038],[73.538459087711,19.944356884971],[73.538466380124,19.944362724063],[73.538473681533,19.944368553091],[73.538480992112,19.944374371831],[73.538488312036,19.944380180058],[73.538495641477,19.944385977542],[73.538502980609,19.944391764053],[73.538510329606,19.944397539361],[73.538517688641,19.944403303229],[73.538525057886,19.94440905542],[73.538532437513,19.944414795695],[73.538539827697,19.944420523815],[73.538547228605,19.944426239533],[73.538554640415,19.944431942607],[73.5385620633,19.94443763279],[73.538569497431,19.944443309834],[73.53857694298,19.944448973487],[73.538584400113,19.94445462349],[73.538591868995,19.944460259583],[73.538599349808,19.944465881516],[73.538606842714,19.944471489024],[73.538614347893,19.944477081851],[73.538621865509,19.944482659728],[73.538629395728,19.944488222387],[73.538636938719,19.944493769557],[73.538644494643,19.944499300964],[73.538652063654,19.944504816324],[73.538659645931,19.944510315371],[73.538667241638,19.944515797824],[73.538674850935,19.9445212634],[73.538682473953,19.944526711856],[73.538690110821,19.944532142947],[73.538697761683,19.944537556399],[73.538705426688,19.944542951934],[73.538713105974,19.944548329271],[73.53872079969,19.944553688132],[73.538728507978,19.944559028234],[73.538736230977,19.944564349291],[73.53874396883,19.944569651018],[73.538751721677,19.94457493313],[73.538759489643,19.944580195326],[73.538767272875,19.944585437323],[73.5387750715,19.944590658822],[73.538782885648,19.944595859527],[73.538790715444,19.944601039142],[73.538798561012,19.944606197375],[73.538806422471,19.944611333929],[73.53881429994,19.944616448505],[73.538822193534,19.944621540802],[73.538830103366,19.94462661052],[73.538838029543,19.944631657351],[73.538845972194,19.944636681005],[73.538853931391,19.944641681154],[73.538861907257,19.944646657502],[73.538869899888,19.944651609742],[73.53887790938,19.944656537565],[73.53888593582,19.944661440662],[73.538893979301,19.944666318725],[73.538902039892,19.944671171436],[73.53891011771,19.944675998504],[73.538918212823,19.94468079961],[73.538926325286,19.944685574432],[73.538934455185,19.944690322662],[73.538942602645,19.9446950439],[73.538950767814,19.944699737701],[73.538958950577,19.944704404029],[73.53896715076,19.944709042925],[73.538975368156,19.9447136545],[73.538983602521,19.944718238927],[73.538991853543,19.944722796502],[73.539000120699,19.944727327865],[73.539008403553,19.94473183352],[73.5390167017,19.944736313945],[73.539025014738,19.944740769625],[73.539033342265,19.944745201049],[73.539041683883,19.944749608708],[73.539050039206,19.944753993092],[73.53905840784,19.944758354706],[73.539066789399,19.94476269407],[73.539075183498,19.944767011699],[73.53908358977,19.944771308117],[73.539092007833,19.944775583839],[73.539100437322,19.944779839383],[73.539108877877,19.944784075268],[73.539117329144,19.94478829201],[73.539125790773,19.944792490126],[73.539134262428,19.94479667013],[73.53914274377,19.944800832534],[73.539151234469,19.944804977854],[73.539159735271,19.94480910462],[73.539168248563,19.944813208298],[73.539176777022,19.944817283705],[73.539185323358,19.944821325476],[73.539193890475,19.944825327708],[73.539202481171,19.944829284479],[73.539211098302,19.9448331895],[73.539219744984,19.944837035661],[73.539228424752,19.944840814578],[73.539237141012,19.944844517604],[73.539245896515,19.944848136876],[73.539254694331,19.944851663208],[73.539263537897,19.944855085652],[73.539272431108,19.944858391015],[73.539281379475,19.944861560329],[73.539290567878,19.944863999882],[73.539300078481,19.944864728017],[73.539309605706,19.944864105583],[73.539319038228,19.944862671238],[73.539328371191,19.944860736385]]},{"type":"LineString","coordinates":[[73.540020804755,19.944712480741],[73.540029961298,19.944709888869],[73.540039117926,19.94470729727],[73.540048274648,19.944704705967],[73.540057431469,19.944702114981],[73.5400665884,19.944699524335],[73.540075745444,19.944696934052],[73.540084902609,19.944694344154],[73.540094059904,19.944691754664],[73.540103217333,19.944689165603],[73.540112374906,19.944686576993],[73.540121532627,19.944683988858],[73.540130690505,19.944681401217],[73.540139848545,19.944678814093],[73.540149006755,19.944676227508],[73.540158165142,19.944673641483],[73.540167323712,19.94467105604],[73.540176482471,19.944668471198],[73.540185641427,19.94466588698],[73.540194800585,19.944663303407],[73.540203959953,19.944660720498],[73.540213119536,19.944658138275],[73.54022227934,19.944655556757],[73.540231439373,19.944652975966],[73.540240599641,19.944650395921],[73.540249760149,19.944647816641],[73.540258920903,19.944645238147],[73.54026808191,19.944642660458],[73.540277243176,19.944640083594],[73.540286404706,19.944637507573],[73.540295566536,19.944634932481],[73.540304729057,19.944632359583],[73.540313892971,19.94462979112],[73.54032305898,19.944627229357],[73.540332227783,19.94462467655],[73.54034140007,19.944622134955],[73.540350576518,19.944619606828],[73.540359757795,19.944617094426],[73.540368944556,19.944614600016],[73.540378137445,19.944612125872],[73.540387337087,19.944609674277],[73.540396544095,19.944607247531],[73.540405759061,19.94460484795],[73.540414982562,19.944602477866],[73.54042421515,19.944600139637],[73.540433457358,19.94459783564],[73.540442709693,19.94459556828],[73.540451972637,19.944593339988],[73.540461246642,19.944591153227],[73.540470532133,19.944589010489],[73.540479829498,19.944586914301],[73.540489139092,19.944584867224],[73.540498461232,19.944582871854],[73.540507796194,19.944580930827],[73.540517144208,19.944579046814],[73.540526505461,19.944577222528],[73.540535880085,19.944575460719],[73.540545268162,19.944573764178],[73.540554669713,19.944572135736],[73.540564084699,19.944570578262],[73.540573513017,19.944569094663],[73.540582954491,19.944567687884],[73.540592408872,19.944566360903],[73.540601875834,19.944565116733],[73.540611354967,19.944563958415],[73.540620845774,19.944562889018],[73.540630347335,19.944561911666],[73.540639859615,19.944561029399],[73.540649381509,19.944560245372],[73.540658912126,19.944559562712],[73.540668450465,19.944558984546],[73.540677995413,19.944558513991],[73.540687545741,19.944558154147],[73.5406971001,19.944557908089],[73.540706657019,19.944557778855],[73.540716214905,19.944557769436],[73.540725772039,19.944557882765],[73.540735326579,19.944558121702],[73.540744876559,19.944558489027],[73.540754419904,19.944558987366],[73.540763954555,19.944559617197],[73.540773478671,19.944560376335],[73.540782990524,19.944561262379],[73.540792488493,19.944562272883],[73.540801971062,19.94456340537],[73.54081143682,19.944564657337],[73.540820884454,19.944566026266],[73.540830312753,19.944567509628],[73.540839720602,19.94456910489],[73.540849106976,19.944570809526],[73.540858470944,19.944572621017],[73.54086781166,19.944574536858],[73.540877128361,19.944576554564],[73.540886420364,19.944578671672],[73.540895687062,19.944580885747],[73.540904927919,19.944583194383],[73.540914142472,19.944585595208],[73.540923330318,19.944588085882],[73.540932491118,19.944590664106],[73.540941624594,19.944593327617],[73.540950730518,19.944596074192],[73.540959808718,19.944598901651],[73.540968859069,19.944601807855],[73.540977881492,19.944604790707],[73.54098687595,19.944607848152],[73.540995842449,19.944610978179],[73.541004781031,19.944614178819],[73.541013691772,19.944617448147],[73.541022574784,19.944620784279],[73.541031430207,19.944624185371],[73.541040258211,19.944627649623],[73.541049058995,19.944631175273],[73.541057832779,19.9446347606],[73.541066579809,19.944638403921],[73.541075300354,19.94464210359],[73.541083994701,19.944645857998],[73.541092663157,19.944649665573],[73.541101306049,19.944653524775],[73.541109923717,19.944657434099],[73.541118516521,19.944661392072],[73.541127084834,19.944665397252],[73.541135629043,19.944669448227],[73.541144149548,19.944673543611],[73.541152646521,19.94467768193],[73.541161120835,19.944681862071],[73.541169572719,19.944686082626],[73.541178002622,19.944690342314],[73.541186411002,19.944694639872],[73.541194798317,19.944698974053],[73.541203165074,19.944703343618],[73.541211511944,19.944707747065],[73.541219839719,19.944712182726],[73.541228149224,19.944716648919],[73.541236441319,19.944721143956],[73.54124471689,19.94472566614],[73.541252976855,19.944730213768],[73.541261222156,19.94473478513],[73.541269453762,19.944739378509],[73.541277672665,19.944743992183],[73.541285879881,19.944748624425],[73.541294076443,19.944753273504],[73.541302263408,19.944757937681],[73.541310441846,19.944762615215],[73.541318612845,19.944767304359],[73.541326777507,19.944772003363],[73.541334936946,19.944776710471],[73.541343092289,19.944781423924],[73.541351244668,19.944786141957],[73.541359395228,19.9447908628],[73.541367545115,19.94479558468],[73.541375695481,19.944800305819],[73.541383847482,19.944805024434],[73.541392002272,19.944809738734],[73.541400161006,19.944814446928],[73.541408324834,19.944819147216],[73.541416494905,19.944823837794],[73.541424672357,19.944828516853],[73.541432858323,19.944833182578],[73.541441053934,19.944837833156],[73.541449260299,19.944842466761],[73.541457478299,19.944847081888],[73.541465707953,19.944851678409],[73.541473949052,19.944856256558],[73.54148220139,19.944860816568],[73.541490464763,19.944865358676],[73.541498738966,19.94486988312],[73.541507023796,19.94487439014],[73.541515319053,19.944878879979],[73.541523624536,19.944883352881],[73.541531940048,19.944887809091],[73.541540265391,19.944892248857],[73.541548600369,19.944896672427],[73.54155694479,19.944901080052],[73.541565298459,19.944905471983],[73.541573661186,19.944909848474],[73.54158203278,19.944914209779],[73.541590413053,19.944918556155],[73.541598801819,19.944922887857],[73.54160719889,19.944927205145],[73.541615604083,19.944931508277],[73.541624017216,19.944935797515],[73.541632438106,19.944940073118],[73.541640866573,19.94494433535],[73.541649302439,19.944948584473],[73.541657745526,19.944952820753],[73.541666195658,19.944957044452],[73.541674652661,19.944961255837],[73.541683116361,19.944965455175],[73.541691586587,19.944969642731],[73.541700063167,19.944973818773],[73.541708545933,19.94497798357],[73.541717034716,19.944982137389],[73.54172552935,19.944986280499],[73.541734029668,19.94499041317],[73.541742535507,19.944994535671],[73.541751046704,19.944998648273],[73.541759563097,19.945002751245],[73.541768084526,19.945006844857],[73.54177661083,19.945010929382],[73.541785141851,19.945015005088],[73.541793677433,19.945019072248],[73.54180221742,19.945023131131],[73.541810761656,19.94502718201],[73.541819309987,19.945031225155],[73.541827862262,19.945035260837],[73.541836418327,19.945039289326],[73.541844978033,19.945043310895],[73.54185354123,19.945047325813],[73.541862107768,19.945051334351],[73.541870677501,19.945055336779],[73.541879250281,19.945059333367],[73.541887825963,19.945063324386],[73.5418964044,19.945067310104],[73.54190498545,19.94507129079],[73.541913568969,19.945075266714],[73.541922154814,19.945079238143],[73.541930742844,19.945083205347],[73.541939332917,19.945087168592],[73.541947924894,19.945091128145],[73.541956518635,19.945095084273],[73.541965114002,19.945099037243],[73.541973710855,19.945102987319],[73.541982309059,19.945106934767],[73.541990908475,19.94511087985],[73.541999508969,19.945114822834],[73.542008110404,19.94511876398],[73.542016712656,19.945122703555],[73.542025315584,19.94512664182],[73.542033918988,19.945130579158],[73.542042522013,19.945134517233],[73.542051123433,19.945138458445],[73.542059722011,19.9451424052],[73.542068316506,19.9451463599],[73.54207690567,19.945150324943],[73.542085488244,19.945154302729],[73.542094062953,19.945158295653],[73.542102628504,19.945162306117],[73.542111183582,19.94516633652],[73.542119726848,19.945170389268],[73.542128256932,19.945174466769],[73.542136772434,19.945178571436],[73.542145271916,19.945182705686],[73.542153753902,19.945186871943],[73.542162216872,19.945191072637],[73.54217065926,19.945195310203],[73.542179079449,19.94519958708],[73.542187475769,19.945203905715],[73.542195846492,19.945208268555],[73.542204189826,19.945212678055],[73.54221250392,19.945217136667],[73.542220786848,19.945221646846],[73.542229036616,19.945226211044],[73.542237251155,19.945230831708],[73.542245428315,19.945235511278],[73.542253565865,19.945240252182],[73.54226166149,19.945245056834],[73.542269712789,19.945249927627],[73.542277717269,19.945254866933],[73.542285672347,19.94525987709],[73.542293575347,19.945264960403],[73.542301423498,19.945270119133],[73.542309213935,19.945275355491],[73.542316943701,19.945280671631],[73.542324609741,19.94528606964],[73.542332208914,19.94529155153],[73.54233973799,19.94529711923],[73.542347193662,19.945302774581],[73.542354572523,19.945308519302],[73.542361871768,19.945314354266],[73.542369091235,19.945320277317],[73.542376231547,19.945326285559],[73.542383293458,19.945332376097],[73.542390277851,19.945338546051],[73.542397185727,19.945344792561],[73.542404018203,19.945351112793],[73.542410776499,19.945357503948],[73.542417461935,19.945363963264],[73.542424075923,19.945370488023],[73.542430619959,19.945377075553],[73.542437095615,19.945383723235],[73.542443504534,19.945390428501],[73.542449848425,19.945397188839],[73.542456129054,19.945404001794],[73.542462348237,19.945410864969],[73.542468507838,19.945417776027],[73.542474609764,19.945424732687],[73.542480655955,19.945431732728],[73.542486648385,19.945438773987],[73.542492589054,19.94544585436],[73.542498479987,19.945452971796],[73.542504323229,19.945460124301],[73.54251012084,19.945467309935],[73.542515874898,19.945474526808],[73.542521587487,19.945481773081],[73.542527260705,19.945489046962],[73.542532896653,19.945496346706],[73.54253849744,19.945503670612],[73.542544065176,19.945511017019],[73.542549601976,19.945518384306],[73.542555109953,19.945525770888],[73.542560591221,19.945533175218],[73.542566047893,19.945540595776],[73.54257148208,19.945548031077],[73.542576895891,19.945555479659],[73.542582291433,19.945562940087],[73.542587670808,19.945570410949],[73.542593036117,19.945577890853],[73.542598389455,19.945585378425],[73.542603732917,19.945592872304],[73.542609068591,19.945600371145],[73.542614398565,19.945607873613],[73.542619724919,19.94561537838],[73.542625049734,19.945622884126],[73.542630375087,19.945630389532],[73.54263570305,19.945637893284],[73.542641035693,19.945645394063],[73.542646375085,19.945652890549],[73.542651723352,19.945660381504],[73.542657082425,19.945667865409],[73.542662454433,19.945675341017],[73.542667841432,19.945682806973],[73.542673245476,19.945690261905],[73.542678668618,19.945697704426],[73.542684112904,19.94570513313],[73.542689580379,19.945712546589],[73.542695073083,19.945719943353],[73.542700593052,19.945727321944],[73.542706142315,19.94573468086],[73.542711722898,19.945742018566],[73.542717336815,19.945749333497],[73.542722986077,19.945756624055],[73.54272867268,19.945763888607],[73.542734398612,19.945771125479],[73.542740165847,19.945778332963],[73.542745976344,19.945785509307],[73.542751832045,19.945792652719],[73.542757734873,19.945799761363],[73.542763686707,19.945806833371],[73.542769688305,19.945813867674],[73.542775738715,19.945820864486],[73.542781836843,19.945827824158],[73.542787981597,19.945834747063],[73.542794171886,19.945841633598],[73.542800406622,19.945848484187],[73.542806684722,19.945855299271],[73.542813005107,19.945862079318],[73.542819366703,19.945868824814],[73.542825768441,19.945875536265],[73.54283220926,19.945882214199],[73.542838688104,19.945888859161],[73.542845203926,19.945895471713],[73.542851755686,19.945902052438],[73.542858342351,19.945908601932],[73.542864962899,19.945915120807],[73.542871616313,19.945921609694],[73.542878301587,19.945928069233],[73.542885017724,19.945934500081],[73.542891763735,19.945940902909],[73.542898538641,19.945947278398],[73.542905341473,19.945953627243],[73.54291217127,19.945959950149],[73.54291902708,19.945966247831],[73.542925907961,19.945972521018],[73.54293281298,19.945978770443],[73.542939741213,19.945984996854],[73.542946691745,19.945991201003],[73.542953663669,19.945997383653],[73.542960656088,19.946003545573],[73.542967668111,19.946009687541],[73.542974698856,19.946015810341],[73.542981747452,19.946021914764],[73.54298881303,19.946028001607],[73.542995894733,19.946034071671],[73.543002991708,19.946040125766],[73.543010103111,19.946046164705],[73.543017228101,19.946052189307],[73.543024365847,19.946058200393],[73.543031515523,19.946064198793],[73.543038676306,19.946070185338],[73.543045847376,19.946076160861],[73.543053028004,19.946082126112],[73.543060218259,19.946088080987],[73.543067418652,19.946094024896],[73.543074629702,19.946099957243],[73.543081851919,19.94610587743],[73.543089085814,19.946111784853],[73.543096331896,19.94611767891],[73.543103590663,19.94612355899],[73.543110862616,19.946129424484],[73.543118148251,19.946135274776],[73.543125448058,19.946141109251],[73.543132762523,19.946146927286],[73.543140092129,19.946152728259],[73.543147437351,19.946158511542],[73.543154798661,19.946164276504],[73.543162176526,19.946170022512],[73.543169571406,19.946175748929],[73.543176983755,19.946181455113],[73.543184414022,19.946187140422],[73.543191862648,19.946192804208],[73.543199330069,19.946198445821],[73.543206816712,19.946204064607],[73.543214322997,19.946209659909],[73.543221849338,19.946215231069],[73.543229396139,19.946220777423],[73.543236963798,19.946226298305],[73.543244552702,19.946231793049],[73.54325216323,19.946237260982],[73.543259795753,19.946242701432],[73.543267450631,19.946248113724],[73.543275128214,19.946253497178],[73.543282828845,19.946258851117],[73.543290552851,19.946264174859],[73.543298300554,19.946269467721],[73.543306072262,19.946274729018],[73.54331386827,19.946279958067],[73.543321688866,19.946285154181],[73.543329534321,19.946290316674],[73.543337404896,19.94629544486],[73.543345300841,19.946300538053],[73.54335322239,19.946305595567],[73.543361169765,19.946310616717],[73.543369143176,19.94631560082],[73.543377142816,19.946320547194],[73.543385168867,19.946325455159],[73.543393221496,19.946330324038],[73.543401300853,19.946335153155],[73.543409407077,19.94633994184],[73.54341754029,19.946344689425],[73.543425700599,19.946349395246],[73.543433888121,19.94635405866],[73.543442102918,19.946358679003],[73.543450345041,19.946363255624],[73.543458614535,19.946367787879],[73.543466911418,19.946372275153],[73.543475235675,19.946376716863],[73.543483587286,19.946381112419],[73.543491966231,19.946385461214],[73.543500372485,19.946389762623],[73.543508806024,19.946394016009],[73.543517266818,19.946398220716],[73.543525754836,19.946402376073],[73.543534270042,19.946406481392],[73.543542812396,19.946410535967],[73.543551381852,19.946414539076],[73.543559978361,19.946418489982],[73.543568601868,19.946422387926],[73.543577252309,19.946426232136],[73.543585929615,19.946430021819],[73.543594633711,19.946433756166],[73.543603364513,19.946437434349],[73.543612121926,19.946441055522],[73.543620905849,19.946444618821],[73.543629716169,19.946448123363],[73.543638552764,19.946451568247],[73.543647415499,19.946454952552],[73.543656304229,19.946458275341],[73.543665218793,19.946461535654],[73.543674159021,19.946464732518],[73.543683124725,19.946467864937],[73.543692115703,19.946470931896],[73.543701131737,19.946473932364],[73.543710172591,19.94647686529],[73.543719238013,19.946479729605],[73.54372832773,19.946482524223],[73.543737441452,19.946485248037],[73.543746578866,19.946487899925],[73.543755739637,19.946490478748],[73.543764923409,19.94649298335],[73.543774129802,19.946495412557],[73.543783358409,19.946497765181],[73.543792608799,19.946500040019],[73.543801880514,19.946502235854],[73.543811172691,19.946504351369],[73.543820485551,19.94650638549],[73.543829818188,19.946508336877],[73.543839170024,19.946510204263],[73.543848540448,19.946511986372],[73.543857928818,19.946513681922],[73.543867334454,19.946515289621],[73.543876756642,19.946516808173],[73.543886194633,19.946518236278],[73.543895647637,19.946519572635],[73.543905114828,19.946520815942],[73.54391459534,19.946521964897],[73.543924088265,19.946523018206],[73.543933592657,19.946523974577],[73.543943107527,19.946524832728],[73.543952631843,19.946525591388],[73.543962164532,19.946526249299],[73.543971704478,19.946526805219],[73.543981250522,19.946527257924],[73.543990801469,19.946527606214],[73.544000356069,19.946527848911],[73.544009913032,19.946527984864],[73.54401947103,19.946528012955],[73.544029028692,19.946527932213],[73.544038584715,19.946527746027],[73.544048138099,19.946527463357],[73.544057688162,19.94652709354],[73.544067234507,19.946526645899],[73.544076776989,19.946526129734],[73.544086315685,19.946525554312]]},{"type":"LineString","coordinates":[[73.549612587684,19.947903024755,640.035900000483],[73.550707911165,19.948167049965,640.035899999552]]},{"type":"LineString","coordinates":[[73.549095569834,19.947593589886,640.035899999552],[73.549612587684,19.947903024755,640.035900000483]]},{"type":"LineString","coordinates":[[73.548586139769,19.947264112497,640.035899999552],[73.549095569834,19.947593589886,640.035899999552]]},{"type":"LineString","coordinates":[[73.548018393552,19.946268165591,640.035899999552],[73.548159914162,19.94641354495,640.035899999552]]},{"type":"LineString","coordinates":[[73.549612587684,19.947903024755,640.035900000483],[73.549095569834,19.947593589886,640.035899999552]]},{"type":"LineString","coordinates":[[73.550707911165,19.948167049965,640.035899999552],[73.549612587684,19.947903024755,640.035900000483]]},{"type":"LineString","coordinates":[[73.550707911165,19.948167049965],[73.550716990623,19.948169542849],[73.550725876493,19.948172596408],[73.550734530101,19.948176197354],[73.550742913784,19.948180330013],[73.550750991051,19.948184976399],[73.550758726749,19.948190116288],[73.550766087208,19.948195727311],[73.550773040392,19.948201785045],[73.550779556039,19.948208263125],[73.550785605789,19.948215133356],[73.550791163313,19.948222365837],[73.550796204421,19.948229929087],[73.550800707173,19.948237790191],[73.550804651971,19.948245914932],[73.550808021645,19.94825426795],[73.550810801529,19.948262812887],[73.550812979525,19.948271512554],[73.550814546151,19.948280329086],[73.550815494591,19.948289224111],[73.550815820715,19.948298158913],[73.550815523104,19.948307094605],[73.550814603054,19.948315992295],[73.550813064568,19.948324813257],[73.550810914343,19.948333519099],[73.550808161737,19.94834207193],[73.550804818731,19.948350434523],[73.550800899874,19.948358570483],[73.550796422223,19.948366444397],[73.550791405266,19.948374021997],[73.550785870839,19.9483812703],[73.55077984303,19.948388157759],[73.550773348074,19.948394654399],[73.55076641424,19.948400731941],[73.550759071707,19.948406363936],[73.550751352432,19.948411525869],[73.550743290012,19.948416195274]]},{"type":"LineString","coordinates":[[73.546804394824,19.945563956921],[73.547178269272,19.946027115717]]},{"type":"LineString","coordinates":[[73.546804394824,19.945563956921],[73.546513512038,19.945262377234],[73.546356237441,19.945093373459],[73.546349237785,19.945086602859],[73.546341527184,19.945080562213],[73.546333190338,19.945075317875],[73.546324318824,19.945070927454],[73.546315010092,19.945067439175],[73.546305366394,19.945064891356],[73.546295493663,19.945063311984],[73.546285500347,19.945062718408],[73.546275496219,19.945063117148],[73.546265591171,19.945064503824]]},{"type":"LineString","coordinates":[[73.546009935559,19.945148145416],[73.546265591171,19.945064503824]]},{"type":"LineString","coordinates":[[73.540693391042,19.943847951624],[73.541164481717,19.944011859557],[73.54160392795,19.94415257442],[73.541930330319,19.944257078751],[73.542042647145,19.944293039091],[73.542340579081,19.944400356128]]},{"type":"LineString","coordinates":[[73.540693391042,19.943847951624],[73.540683892998,19.943848838851],[73.540674394953,19.943849726078],[73.540664896909,19.943850613304],[73.540655398865,19.943851500529],[73.54064590082,19.943852387754],[73.540636402776,19.943853274979],[73.540626904731,19.943854162203],[73.540617406686,19.943855049426],[73.540607908642,19.943855936649],[73.540598410597,19.943856823871],[73.540588912552,19.943857711093],[73.540579414507,19.943858598315],[73.540569916462,19.943859485535],[73.540560418417,19.943860372756],[73.540550920372,19.943861259976],[73.540541422326,19.943862147195],[73.540531924281,19.943863034414],[73.540522426236,19.943863921632],[73.54051292819,19.94386480885],[73.540503430145,19.943865696067],[73.540493932099,19.943866583284],[73.540484434053,19.9438674705],[73.540474936008,19.943868357715],[73.540465437962,19.943869244931],[73.540455939916,19.943870132145],[73.54044644187,19.943871019364],[73.540436943825,19.943871906584],[73.54042744578,19.943872793804],[73.540417947734,19.943873681023],[73.540408449688,19.943874568241],[73.540398951643,19.943875455459],[73.540389453597,19.943876342676],[73.540379955551,19.943877229893],[73.540370457505,19.943878117109],[73.540360959459,19.943879004325],[73.540351461414,19.943879891541],[73.540341963367,19.943880778755],[73.540332465321,19.94388166597],[73.540322967275,19.943882553183],[73.540313469229,19.943883440397],[73.540303971182,19.943884327609],[73.540294473136,19.943885214821],[73.540284975089,19.943886102033],[73.540275477043,19.943886989244],[73.540265978996,19.943887876455],[73.54025648095,19.943888763665],[73.540246982903,19.943889650875],[73.540237484856,19.943890538084],[73.540227986809,19.943891425293],[73.540218488762,19.943892312501],[73.540208990715,19.943893199708],[73.540199492668,19.943894086915],[73.540191133684,19.943898323624],[73.540182869092,19.943902837902],[73.5401746045,19.943907352179],[73.540166339907,19.943911866457],[73.540158075314,19.943916380733],[73.540149810721,19.94392089501],[73.540141546127,19.943925409285],[73.540133281533,19.943929923561],[73.540125016938,19.943934437836],[73.540116752343,19.943938952111],[73.540108487747,19.943943466385],[73.540100223151,19.943947980659],[73.540091958554,19.943952494932],[73.540083693957,19.943957009205],[73.540075429359,19.943961523478],[73.540067164761,19.94396603775],[73.540058900163,19.943970552021],[73.540050635564,19.943975066293],[73.540042370965,19.943979580564],[73.540034106365,19.943984094834],[73.540025841765,19.943988609104],[73.540017577164,19.943993123374],[73.540009312563,19.943997637643],[73.540001047961,19.944002151912],[73.539992783359,19.94400666618],[73.539984518757,19.944011180448],[73.539976254154,19.944015694716],[73.539967989551,19.944020208983],[73.539959724947,19.94402472325],[73.539951460342,19.944029237516],[73.539943195738,19.944033751782],[73.539934931132,19.944038266047],[73.539926666527,19.944042780312],[73.539918401921,19.944047294577],[73.539910137314,19.944051808841],[73.539901094635,19.944053352744],[73.539891557307,19.944053008278],[73.539882019979,19.944052663811],[73.539872482651,19.944052319344],[73.539862945323,19.944051974877],[73.539853407996,19.944051630409],[73.539843870668,19.94405128594],[73.53983433334,19.944050941471],[73.539824796013,19.944050597002],[73.539815258685,19.944050252532],[73.539805721358,19.944049908061],[73.539796184031,19.94404956359],[73.539786646703,19.944049219118],[73.539777109376,19.944048874646],[73.539767572049,19.944048530174],[73.539758034722,19.9440481857],[73.539748497395,19.944047841227],[73.539738960068,19.944047496753],[73.539729422742,19.944047152278],[73.539719885415,19.944046807803],[73.539710348088,19.944046463327],[73.539700810762,19.944046118851],[73.539691273435,19.944045774374],[73.539681736109,19.944045429897],[73.539672198783,19.944045085419],[73.539662661456,19.944044740941],[73.53965312413,19.944044396462],[73.539643586804,19.944044051983],[73.539634049478,19.944043707503],[73.539624512152,19.944043363023],[73.539614974826,19.944043018542],[73.539606109862,19.94404072296],[73.539598189,19.944035687723],[73.539590268138,19.944030652486],[73.539582347276,19.944025617249],[73.539574426415,19.944020582011],[73.539566505555,19.944015546773],[73.539558584695,19.944010511535],[73.539550663836,19.944005476296],[73.539542742977,19.944000441058],[73.539534822119,19.943995405818],[73.539526901261,19.943990370579],[73.539518980404,19.943985335339],[73.539511059547,19.943980300099],[73.539503138691,19.943975264858],[73.539495217835,19.943970229617],[73.53948729698,19.943965194376],[73.539479376125,19.943960159135],[73.539471455271,19.943955123893],[73.539463534417,19.943950088651],[73.539455613564,19.943945053408],[73.539447692711,19.943940018166],[73.539439771859,19.943934982922],[73.539431851007,19.943929947679],[73.539423930156,19.943924912435],[73.539416009306,19.943919877191],[73.539408088456,19.943914841947],[73.539400167606,19.943909806702],[73.539392246757,19.943904771457],[73.539384325909,19.943899736212],[73.539376405061,19.943894700966],[73.539368484213,19.94388966572],[73.539360563366,19.943884630473],[73.53935264252,19.943879595227],[73.539344721674,19.94387455998],[73.539336800828,19.943869524732],[73.539328879983,19.943864489485],[73.539320959139,19.943859454237],[73.539313271727,19.943854134513],[73.539306146556,19.943848129605],[73.539299021386,19.943842124697],[73.539291896217,19.943836119789],[73.539284771048,19.94383011488],[73.539277645879,19.943824109972],[73.539270520711,19.943818105063],[73.539263395544,19.943812100153],[73.539256270377,19.943806095244],[73.539249145211,19.943800090334],[73.539242020045,19.943794085424],[73.53923489488,19.943788080514],[73.539227769715,19.943782075603],[73.539220644551,19.943776070692],[73.539213519387,19.943770065781],[73.539206394224,19.94376406087],[73.539199269062,19.943758055958],[73.5391921439,19.943752051046],[73.539185018739,19.943746046134],[73.539177893578,19.943740041222],[73.539170768417,19.943734036309],[73.539163643258,19.943728031397],[73.539156518098,19.943722026484],[73.53914939294,19.94371602157],[73.539142267781,19.943710016657],[73.539135142624,19.943704011743],[73.539128017467,19.943698006829],[73.53912089231,19.943692001914],[73.539113767154,19.943685996999],[73.539106641999,19.943679992085],[73.539099516844,19.943673987169],[73.53909239169,19.943667982254],[73.539085266536,19.943661977338],[73.539078141382,19.943655972422],[73.53907101623,19.943649967506],[73.539063891078,19.94364396259],[73.53905672235,19.94363800458],[73.539049507017,19.943632096739],[73.539042291684,19.943626188897],[73.539035076352,19.943620281056],[73.539027861021,19.943614373214],[73.53902064569,19.943608465371],[73.53901343036,19.943602557529],[73.53900621503,19.943596649686],[73.538998999701,19.943590741843],[73.538991784372,19.943584834],[73.538984569044,19.943578926156],[73.538977353716,19.943573018312],[73.538970138389,19.943567110468],[73.538962923063,19.943561202624],[73.538955707737,19.943555294779],[73.538948492411,19.943549386934],[73.538941277086,19.943543479089],[73.538934061762,19.943537571244],[73.538926846438,19.943531663398],[73.538919631115,19.943525755552],[73.538912415792,19.943519847706],[73.53890520047,19.943513939859],[73.538897985148,19.943508032013],[73.538890769827,19.943502124165],[73.538883554507,19.943496216318],[73.538876339187,19.943490308471],[73.538869123867,19.943484400623],[73.538861908548,19.943478492775],[73.53885469323,19.943472584927],[73.538847477912,19.943466677078],[73.538840262595,19.943460769229],[73.538833047278,19.94345486138],[73.538825831962,19.943448953531],[73.538818616646,19.943443045681],[73.538811401331,19.943437137831],[73.538804186016,19.943431229981],[73.538796970702,19.94342532213],[73.538789755389,19.94341941428],[73.538782540076,19.943413506429],[73.538775324763,19.943407598578],[73.538768109451,19.943401690726],[73.53876089414,19.943395782874],[73.538753678829,19.943389875022],[73.538746463519,19.94338396717],[73.538739248209,19.943378059317],[73.5387320329,19.943372151465],[73.538724817591,19.943366243612],[73.538717602283,19.943360335758],[73.538710386976,19.943354427905],[73.538703171669,19.943348520051],[73.538695956362,19.943342612197],[73.538688700042,19.94333674981],[73.538681393062,19.943330943584],[73.538674086084,19.943325137357],[73.538666779105,19.94331933113],[73.538659472127,19.943313524903],[73.538652382009,19.943307518529],[73.538646515234,19.943300399933],[73.538640813078,19.943293162706],[73.538635278239,19.943285810241],[73.538629913329,19.943278345991],[73.538624720875,19.943270773466],[73.538619703318,19.943263096229],[73.538614863015,19.943255317893],[73.538610202238,19.943247442121],[73.538605723174,19.943239472621],[73.538601427924,19.943231413142],[73.538597318506,19.943223267478],[73.538593396849,19.94321503946],[73.538589664798,19.943206732958],[73.538586124112,19.943198351878],[73.538582776458,19.943189900161],[73.538579623418,19.943181381778],[73.538576666481,19.943172800736],[73.538573907042,19.94316416107],[73.538571346404,19.943155466842],[73.538568985772,19.943146722142],[73.538566826252,19.943137931085],[73.53856486885,19.94312909781],[73.538563114464,19.943120226475]]},{"type":"LineString","coordinates":[[73.54296542804,19.944836761367],[73.542957713834,19.944831373661],[73.542949999629,19.944825985953],[73.542942285424,19.944820598246],[73.542934571219,19.944815210538],[73.542926857015,19.94480982283],[73.542919142812,19.944804435122],[73.542911428609,19.944799047413],[73.542903714407,19.944793659704],[73.542896000205,19.944788271995],[73.542888286004,19.944782884286],[73.542880571803,19.944777496576],[73.542872857603,19.944772108866],[73.542865143403,19.944766721155],[73.542857429204,19.944761333445],[73.542849715006,19.944755945733],[73.542842000808,19.944750558022],[73.54283428661,19.94474517031],[73.542826572413,19.944739782598],[73.542818858217,19.944734394886],[73.542811144021,19.944729007174],[73.542803429825,19.944723619461],[73.54279571563,19.944718231747],[73.542788001436,19.944712844034],[73.542780287242,19.94470745632],[73.542772573049,19.944702068606],[73.542764858856,19.944696680892],[73.542757144664,19.944691293177],[73.542749430473,19.944685905462],[73.542741716282,19.944680517746],[73.542734002091,19.944675130031],[73.542726287901,19.944669742315],[73.542718573711,19.944664354599],[73.542710859523,19.944658966882],[73.542703145334,19.944653579165],[73.542695431146,19.944648191448],[73.542687716959,19.944642803731],[73.542680002772,19.944637416013],[73.542672288586,19.944632028295],[73.5426645744,19.944626640576],[73.542656860215,19.944621252858],[73.54264914603,19.944615865139],[73.542641431846,19.944610477419],[73.542633717662,19.9446050897],[73.542626003479,19.94459970198],[73.542618289297,19.944594314259],[73.542610575115,19.944588926539],[73.542602860933,19.944583538818],[73.542595146752,19.944578151097],[73.542587432572,19.944572763375],[73.542579718392,19.944567375654],[73.542572004213,19.944561987932],[73.542564290034,19.944556600209],[73.542556575856,19.944551212487],[73.542548861678,19.944545824764],[73.542541147501,19.94454043704],[73.542533433324,19.944535049317],[73.542525719148,19.944529661593],[73.542518004972,19.944524273869],[73.542510290797,19.944518886144],[73.542502576623,19.944513498419],[73.542494862449,19.944508110694],[73.542487148275,19.944502722969],[73.542479434102,19.944497335243],[73.54247171993,19.944491947517],[73.542464005758,19.944486559791],[73.542456291587,19.944481172064],[73.542448577416,19.944475784337],[73.542440863246,19.94447039661],[73.542433149076,19.944465008882],[73.542425434907,19.944459621154],[73.542417720738,19.944454233426],[73.54241000657,19.944448845698],[73.542402292402,19.944443457969],[73.542394578235,19.94443807024],[73.542386864069,19.94443268251],[73.542379149903,19.944427294781],[73.542371435737,19.944421907051],[73.542363721572,19.94441651932],[73.542356007408,19.94441113159],[73.542348293244,19.944405743859],[73.542340579081,19.944400356128]]},{"type":"LineString","coordinates":[[73.54340681287,19.945296946198],[73.54340041597,19.945290276859],[73.543394019071,19.945283607521],[73.543387622172,19.945276938182],[73.543381225274,19.945270268843],[73.543374828376,19.945263599503],[73.543368431479,19.945256930164],[73.543362034583,19.945250260824],[73.543355637687,19.945243591484],[73.543349240791,19.945236922144],[73.543342843896,19.945230252804],[73.543336447002,19.945223583463],[73.543330050108,19.945216914122],[73.543323653215,19.945210244781],[73.543317256322,19.94520357544],[73.54331085943,19.945196906099],[73.543304462538,19.945190236757],[73.543298065647,19.945183567416],[73.543291668756,19.945176898074],[73.543285271866,19.945170228732],[73.543278874976,19.945163559389],[73.543272478087,19.945156890047],[73.543266081199,19.945150220704],[73.543259684311,19.945143551361],[73.543253287423,19.945136882018],[73.543246890536,19.945130212675],[73.54324049365,19.945123543331],[73.543234096764,19.945116873987],[73.543227699879,19.945110204643],[73.543221302994,19.945103535299],[73.54321490611,19.945096865955],[73.543208509226,19.94509019661],[73.543202112343,19.945083527265],[73.54319571546,19.94507685792],[73.543189318578,19.945070188575],[73.543182921697,19.94506351923],[73.543176524816,19.945056849884],[73.543170127935,19.945050180539],[73.543163731055,19.945043511193],[73.543157334176,19.945036841846],[73.543150937297,19.9450301725],[73.543144540418,19.945023503153],[73.54313814354,19.945016833807],[73.543131746663,19.94501016446],[73.543125349786,19.945003495113],[73.54311895291,19.944996825765],[73.543112556034,19.944990156418],[73.543106159159,19.94498348707],[73.543099762285,19.944976817722],[73.54309336541,19.944970148374],[73.543086968537,19.944963479025],[73.543080571664,19.944956809677],[73.543074174791,19.944950140328],[73.543067777919,19.944943470979],[73.543061381048,19.94493680163],[73.543054984177,19.94493013228],[73.543048587307,19.944923462931],[73.543042190437,19.944916793581],[73.543035793567,19.944910124231],[73.543029396699,19.944903454881],[73.54302299983,19.94489678553],[73.543016602963,19.944890116179],[73.543010206096,19.944883446829],[73.543003809229,19.944876777478],[73.542997412363,19.944870108126],[73.542991015497,19.944863438775],[73.542984618632,19.944856769423],[73.542978221768,19.944850100072],[73.542971824904,19.94484343072],[73.54296542804,19.944836761367]]},{"type":"LineString","coordinates":[[73.543855566725,19.945642923385],[73.543848210088,19.945637251636],[73.543840853452,19.945631579887],[73.543833496817,19.945625908137],[73.543826140182,19.945620236388],[73.543818783547,19.945614564638],[73.543811426913,19.945608892887],[73.54380407028,19.945603221137],[73.543796713647,19.945597549386],[73.543789357015,19.945591877635],[73.543782000383,19.945586205884],[73.543774643752,19.945580534132],[73.543767287121,19.94557486238],[73.543759930491,19.945569190628],[73.543752573861,19.945563518875],[73.543745217232,19.945557847122],[73.543737860604,19.945552175369],[73.543730503976,19.945546503616],[73.543723147348,19.945540831863],[73.543715790721,19.945535160109],[73.543708434095,19.945529488355],[73.543701077469,19.9455238166],[73.543693720844,19.945518144845],[73.543686364219,19.945512473091],[73.543679007594,19.945506801335],[73.543671650971,19.94550112958],[73.543664294347,19.945495457824],[73.543656937725,19.945489786068],[73.543649581103,19.945484114312],[73.543642224481,19.945478442555],[73.54363486786,19.945472770798],[73.543627511239,19.945467099041],[73.543620154619,19.945461427283],[73.543612798,19.945455755526],[73.543605441381,19.945450083768],[73.543598084762,19.945444412009],[73.543590728144,19.945438740251],[73.543583371527,19.945433068492],[73.54357601491,19.945427396733],[73.543568658294,19.945421724974],[73.543561301678,19.945416053214],[73.543553945063,19.945410381454],[73.543546588448,19.945404709694],[73.543539231834,19.945399037933],[73.54353187522,19.945393366173],[73.543524518607,19.945387694412],[73.543517161995,19.94538202265],[73.543509805383,19.945376350889],[73.543502448771,19.945370679127],[73.54349509216,19.945365007365],[73.54348773555,19.945359335602],[73.54348037894,19.94535366384],[73.54347302233,19.945347992077],[73.543465665721,19.945342320314],[73.543458309113,19.94533664855],[73.543450952505,19.945330976786],[73.543443595898,19.945325305022],[73.543436239291,19.945319633258],[73.543428882685,19.945313961493],[73.54342152608,19.945308289728],[73.543414169474,19.945302617963],[73.54340681287,19.945296946198]]},{"type":"LineString","coordinates":[[73.544319466974,19.945874584212],[73.544311032412,19.945870372207],[73.54430259785,19.945866160201],[73.544294163288,19.945861948196],[73.544285728727,19.94585773619],[73.544277294166,19.945853524183],[73.544268859606,19.945849312176],[73.544260425046,19.945845100169],[73.544251990486,19.945840888162],[73.544243555928,19.945836676154],[73.544235121369,19.945832464146],[73.544226686811,19.945828252137],[73.544218252254,19.945824040128],[73.544209817697,19.945819828118],[73.54420138314,19.945815616109],[73.544192948584,19.945811404099],[73.544184514029,19.945807192088],[73.544176079473,19.945802980077],[73.544167644919,19.945798768066],[73.544159210364,19.945794556054],[73.544150775811,19.945790344042],[73.544142341257,19.94578613203],[73.544133906705,19.945781920017],[73.544125472152,19.945777708004],[73.5441170376,19.94577349599],[73.544108603049,19.945769283976],[73.544100168498,19.945765071962],[73.544091733948,19.945760859947],[73.544083299398,19.945756647932],[73.544074864848,19.945752435917],[73.544066430299,19.945748223901],[73.544057995751,19.945744011885],[73.544049561202,19.945739799869],[73.544041126655,19.945735587852],[73.544032692108,19.945731375834],[73.544024257561,19.945727163817],[73.544015823015,19.945722951799],[73.544007388469,19.94571873978],[73.543998953923,19.945714527761],[73.543990519379,19.945710315742],[73.543982084834,19.945706103723],[73.54397365029,19.945701891703],[73.543965215747,19.945697679683],[73.543956781204,19.945693467662],[73.543948346661,19.945689255641],[73.543939912119,19.94568504362],[73.543931477578,19.945680831598],[73.543923043037,19.945676619576],[73.543914608496,19.945672407553],[73.543906173956,19.94566819553],[73.543897739416,19.945663983507],[73.543889304877,19.945659771483],[73.543880870338,19.945655559459],[73.5438724358,19.945651347435],[73.543864001262,19.94564713541],[73.543855566725,19.945642923385]]},{"type":"LineString","coordinates":[[73.544736473568,19.945691885341],[73.544727785939,19.945695691578],[73.544719098311,19.945699497815],[73.544710410682,19.945703304051],[73.544701723053,19.945707110287],[73.544693035423,19.945710916522],[73.544684347793,19.945714722757],[73.544675660162,19.945718528991],[73.544666972532,19.945722335225],[73.5446582849,19.945726141459],[73.544649597269,19.945729947692],[73.544640909637,19.945733753924],[73.544632222004,19.945737560156],[73.544623534371,19.945741366388],[73.544614846738,19.945745172619],[73.544606159105,19.94574897885],[73.544597471471,19.94575278508],[73.544588783836,19.94575659131],[73.544580096201,19.94576039754],[73.544571408566,19.945764203769],[73.544562720931,19.945768009997],[73.544554033295,19.945771816225],[73.544545345658,19.945775622453],[73.544536658021,19.94577942868],[73.544527970384,19.945783234907],[73.544519282747,19.945787041133],[73.544510595109,19.945790847359],[73.54450190747,19.945794653584],[73.544493219832,19.945798459809],[73.544484532193,19.945802266033],[73.544475844553,19.945806072257],[73.544467156913,19.945809878481],[73.544458469273,19.945813684704],[73.544449781632,19.945817490927],[73.544441093991,19.945821297149],[73.54443240635,19.94582510337],[73.544423718708,19.945828909592],[73.544415031065,19.945832715813],[73.544406343423,19.945836522033],[73.54439765578,19.945840328253],[73.544388968136,19.945844134472],[73.544380280492,19.945847940691],[73.544371592848,19.94585174691],[73.544362905203,19.945855553128],[73.544354217558,19.945859359346],[73.544345529913,19.945863165563],[73.544336842267,19.945866971779],[73.544328154621,19.945870777996],[73.544319466974,19.945874584212]]},{"type":"LineString","coordinates":[[73.546200889275,19.946079644773],[73.546201024019,19.946079781134]]},{"type":"LineString","coordinates":[[73.544582341548,19.946505895326],[73.544584085464,19.9465052032]]},{"type":"LineString","coordinates":[[73.540020804755,19.944712480741],[73.540029961298,19.944709888869],[73.540039117926,19.94470729727],[73.540048274648,19.944704705967],[73.540057431469,19.944702114981],[73.5400665884,19.944699524335],[73.540075745444,19.944696934052],[73.540084902609,19.944694344154],[73.540094059904,19.944691754664],[73.540103217333,19.944689165603],[73.540112374906,19.944686576993],[73.540121532627,19.944683988858],[73.540130690505,19.944681401217],[73.540139848545,19.944678814093],[73.540149006755,19.944676227508],[73.540158165142,19.944673641483],[73.540167323712,19.94467105604],[73.540176482471,19.944668471198],[73.540185641427,19.94466588698],[73.540194800585,19.944663303407],[73.540203959953,19.944660720498],[73.540213119536,19.944658138275],[73.54022227934,19.944655556757],[73.540231439373,19.944652975966],[73.540240599641,19.944650395921],[73.540249760149,19.944647816641],[73.540258920903,19.944645238147],[73.54026808191,19.944642660458],[73.540277243176,19.944640083594],[73.540286404706,19.944637507573],[73.540295566536,19.944634932481],[73.540304729057,19.944632359583],[73.540313892971,19.94462979112],[73.54032305898,19.944627229357],[73.540332227783,19.94462467655],[73.54034140007,19.944622134955],[73.540350576518,19.944619606828],[73.540359757795,19.944617094426],[73.540368944556,19.944614600016],[73.540378137445,19.944612125872],[73.540387337087,19.944609674277],[73.540396544095,19.944607247531],[73.540405759061,19.94460484795],[73.540414982562,19.944602477866],[73.54042421515,19.944600139637],[73.540433457358,19.94459783564],[73.540442709693,19.94459556828],[73.540451972637,19.944593339988],[73.540461246642,19.944591153227],[73.540470532133,19.944589010489],[73.540479829498,19.944586914301],[73.540489139092,19.944584867224],[73.540498461232,19.944582871854],[73.540507796194,19.944580930827],[73.540517144208,19.944579046814],[73.540526505461,19.944577222528],[73.540535880085,19.944575460719],[73.540545268162,19.944573764178],[73.540554669713,19.944572135736],[73.540564084699,19.944570578262],[73.540573513017,19.944569094663],[73.540582954491,19.944567687884],[73.540592408872,19.944566360903],[73.540601875834,19.944565116733],[73.540611354967,19.944563958415],[73.540620845774,19.944562889018],[73.540630347335,19.944561911666],[73.540639859615,19.944561029399],[73.540649381509,19.944560245372],[73.540658912126,19.944559562712],[73.540668450465,19.944558984546],[73.540677995413,19.944558513991],[73.540687545741,19.944558154147],[73.5406971001,19.944557908089],[73.540706657019,19.944557778855],[73.540716214905,19.944557769436],[73.540725772039,19.944557882765],[73.540735326579,19.944558121702],[73.540744876559,19.944558489027],[73.540754419904,19.944558987366],[73.540763954555,19.944559617197],[73.540773478671,19.944560376335],[73.540782990524,19.944561262379],[73.540792488493,19.944562272883],[73.540801971062,19.94456340537],[73.54081143682,19.944564657337],[73.540820884454,19.944566026266],[73.540830312753,19.944567509628],[73.540839720602,19.94456910489],[73.540849106976,19.944570809526],[73.540858470944,19.944572621017],[73.54086781166,19.944574536858],[73.540877128361,19.944576554564],[73.540886420364,19.944578671672],[73.540895687062,19.944580885747],[73.540904927919,19.944583194383],[73.540914142472,19.944585595208],[73.540923330318,19.944588085882],[73.540932491118,19.944590664106],[73.540941624594,19.944593327617],[73.540950730518,19.944596074192],[73.540959808718,19.944598901651],[73.540968859069,19.944601807855],[73.540977881492,19.944604790707],[73.54098687595,19.944607848152],[73.540995842449,19.944610978179],[73.541004781031,19.944614178819],[73.541013691772,19.944617448147],[73.541022574784,19.944620784279],[73.541031430207,19.944624185371],[73.541040258211,19.944627649623],[73.541049058995,19.944631175273],[73.541057832779,19.9446347606],[73.541066579809,19.944638403921],[73.541075300354,19.94464210359],[73.541083994701,19.944645857998],[73.541092663157,19.944649665573],[73.541101306049,19.944653524775],[73.541109923717,19.944657434099],[73.541118516521,19.944661392072],[73.541127084834,19.944665397252],[73.541135629043,19.944669448227],[73.541144149548,19.944673543611],[73.541152646521,19.94467768193],[73.541161120835,19.944681862071],[73.541169572719,19.944686082626],[73.541178002622,19.944690342314],[73.541186411002,19.944694639872],[73.541194798317,19.944698974053],[73.541203165074,19.944703343618],[73.541211511944,19.944707747065],[73.541219839719,19.944712182726],[73.541228149224,19.944716648919],[73.541236441319,19.944721143956],[73.54124471689,19.94472566614],[73.541252976855,19.944730213768],[73.541261222156,19.94473478513],[73.541269453762,19.944739378509],[73.541277672665,19.944743992183],[73.541285879881,19.944748624425],[73.541294076443,19.944753273504],[73.541302263408,19.944757937681],[73.541310441846,19.944762615215],[73.541318612845,19.944767304359],[73.541326777507,19.944772003363],[73.541334936946,19.944776710471],[73.541343092289,19.944781423924],[73.541351244668,19.944786141957],[73.541359395228,19.9447908628],[73.541367545115,19.94479558468],[73.541375695481,19.944800305819],[73.541383847482,19.944805024434],[73.541392002272,19.944809738734],[73.541400161006,19.944814446928],[73.541408324834,19.944819147216],[73.541416494905,19.944823837794],[73.541424672357,19.944828516853],[73.541432858323,19.944833182578],[73.541441053934,19.944837833156],[73.541449260299,19.944842466761],[73.541457478299,19.944847081888],[73.541465707953,19.944851678409],[73.541473949052,19.944856256558],[73.54148220139,19.944860816568],[73.541490464763,19.944865358676],[73.541498738966,19.94486988312],[73.541507023796,19.94487439014],[73.541515319053,19.944878879979],[73.541523624536,19.944883352881],[73.541531940048,19.944887809091],[73.541540265391,19.944892248857],[73.541548600369,19.944896672427],[73.54155694479,19.944901080052],[73.541565298459,19.944905471983],[73.541573661186,19.944909848474],[73.54158203278,19.944914209779],[73.541590413053,19.944918556155],[73.541598801819,19.944922887857],[73.54160719889,19.944927205145],[73.541615604083,19.944931508277],[73.541624017216,19.944935797515],[73.541632438106,19.944940073118],[73.541640866573,19.94494433535],[73.541649302439,19.944948584473],[73.541657745526,19.944952820753],[73.541666195658,19.944957044452],[73.541674652661,19.944961255837],[73.541683116361,19.944965455175],[73.541691586587,19.944969642731],[73.541700063167,19.944973818773],[73.541708545933,19.94497798357],[73.541717034716,19.944982137389],[73.54172552935,19.944986280499],[73.541734029668,19.94499041317],[73.541742535507,19.944994535671],[73.541751046704,19.944998648273],[73.541759563097,19.945002751245],[73.541768084526,19.945006844857],[73.54177661083,19.945010929382],[73.541785141851,19.945015005088],[73.541793677433,19.945019072248],[73.54180221742,19.945023131131],[73.541810761656,19.94502718201],[73.541819309987,19.945031225155],[73.541827862262,19.945035260837],[73.541836418327,19.945039289326],[73.541844978033,19.945043310895],[73.54185354123,19.945047325813],[73.541862107768,19.945051334351],[73.541870677501,19.945055336779],[73.541879250281,19.945059333367],[73.541887825963,19.945063324386],[73.5418964044,19.945067310104],[73.54190498545,19.94507129079],[73.541913568969,19.945075266714],[73.541922154814,19.945079238143],[73.541930742844,19.945083205347],[73.541939332917,19.945087168592],[73.541947924894,19.945091128145],[73.541956518635,19.945095084273],[73.541965114002,19.945099037243],[73.541973710855,19.945102987319],[73.541982309059,19.945106934767],[73.541990908475,19.94511087985],[73.541999508969,19.945114822834],[73.542008110404,19.94511876398],[73.542016712656,19.945122703555],[73.542025315584,19.94512664182],[73.542033918988,19.945130579158],[73.542042522013,19.945134517233],[73.542051123433,19.945138458445],[73.542059722011,19.9451424052],[73.542068316506,19.9451463599],[73.54207690567,19.945150324943],[73.542085488244,19.945154302729],[73.542094062953,19.945158295653],[73.542102628504,19.945162306117],[73.542111183582,19.94516633652],[73.542119726848,19.945170389268],[73.542128256932,19.945174466769],[73.542136772434,19.945178571436],[73.542145271916,19.945182705686],[73.542153753902,19.945186871943],[73.542162216872,19.945191072637],[73.54217065926,19.945195310203],[73.542179079449,19.94519958708],[73.542187475769,19.945203905715],[73.542195846492,19.945208268555],[73.542204189826,19.945212678055],[73.54221250392,19.945217136667],[73.542220786848,19.945221646846],[73.542229036616,19.945226211044],[73.542237251155,19.945230831708],[73.542245428315,19.945235511278],[73.542253565865,19.945240252182],[73.54226166149,19.945245056834],[73.542269712789,19.945249927627],[73.542277717269,19.945254866933],[73.542285672347,19.94525987709],[73.542293575347,19.945264960403],[73.542301423498,19.945270119133],[73.542309213935,19.945275355491],[73.542316943701,19.945280671631],[73.542324609741,19.94528606964],[73.542332208914,19.94529155153],[73.54233973799,19.94529711923],[73.542347193662,19.945302774581],[73.542354572523,19.945308519302],[73.542361871768,19.945314354266],[73.542369091235,19.945320277317],[73.542376231547,19.945326285559],[73.542383293458,19.945332376097],[73.542390277851,19.945338546051],[73.542397185727,19.945344792561],[73.542404018203,19.945351112793],[73.542410776499,19.945357503948],[73.542417461935,19.945363963264],[73.542424075923,19.945370488023],[73.542430619959,19.945377075553],[73.542437095615,19.945383723235],[73.542443504534,19.945390428501],[73.542449848425,19.945397188839],[73.542456129054,19.945404001794],[73.542462348237,19.945410864969],[73.542468507838,19.945417776027],[73.542474609764,19.945424732687],[73.542480655955,19.945431732728],[73.542486648385,19.945438773987],[73.542492589054,19.94544585436],[73.542498479987,19.945452971796],[73.542504323229,19.945460124301],[73.54251012084,19.945467309935],[73.542515874898,19.945474526808],[73.542521587487,19.945481773081],[73.542527260705,19.945489046962],[73.542532896653,19.945496346706],[73.54253849744,19.945503670612],[73.542544065176,19.945511017019],[73.542549601976,19.945518384306],[73.542555109953,19.945525770888],[73.542560591221,19.945533175218],[73.542566047893,19.945540595776],[73.54257148208,19.945548031077],[73.542576895891,19.945555479659],[73.542582291433,19.945562940087],[73.542587670808,19.945570410949],[73.542593036117,19.945577890853],[73.542598389455,19.945585378425],[73.542603732917,19.945592872304],[73.542609068591,19.945600371145],[73.542614398565,19.945607873613],[73.542619724919,19.94561537838],[73.542625049734,19.945622884126],[73.542630375087,19.945630389532],[73.54263570305,19.945637893284],[73.542641035693,19.945645394063],[73.542646375085,19.945652890549],[73.542651723352,19.945660381504],[73.542657082425,19.945667865409],[73.542662454433,19.945675341017],[73.542667841432,19.945682806973],[73.542673245476,19.945690261905],[73.542678668618,19.945697704426],[73.542684112904,19.94570513313],[73.542689580379,19.945712546589],[73.542695073083,19.945719943353],[73.542700593052,19.945727321944],[73.542706142315,19.94573468086],[73.542711722898,19.945742018566],[73.542717336815,19.945749333497],[73.542722986077,19.945756624055],[73.54272867268,19.945763888607],[73.542734398612,19.945771125479],[73.542740165847,19.945778332963],[73.542745976344,19.945785509307],[73.542751832045,19.945792652719],[73.542757734873,19.945799761363],[73.542763686707,19.945806833371],[73.542769688305,19.945813867674],[73.542775738715,19.945820864486],[73.542781836843,19.945827824158],[73.542787981597,19.945834747063],[73.542794171886,19.945841633598],[73.542800406622,19.945848484187],[73.542806684722,19.945855299271],[73.542813005107,19.945862079318],[73.542819366703,19.945868824814],[73.542825768441,19.945875536265],[73.54283220926,19.945882214199],[73.542838688104,19.945888859161],[73.542845203926,19.945895471713],[73.542851755686,19.945902052438],[73.542858342351,19.945908601932],[73.542864962899,19.945915120807],[73.542871616313,19.945921609694],[73.542878301587,19.945928069233],[73.542885017724,19.945934500081],[73.542891763735,19.945940902909],[73.542898538641,19.945947278398],[73.542905341473,19.945953627243],[73.54291217127,19.945959950149],[73.54291902708,19.945966247831],[73.542925907961,19.945972521018],[73.54293281298,19.945978770443],[73.542939741213,19.945984996854],[73.542946691745,19.945991201003],[73.542953663669,19.945997383653],[73.542960656088,19.946003545573],[73.542967668111,19.946009687541],[73.542974698856,19.946015810341],[73.542981747452,19.946021914764],[73.54298881303,19.946028001607],[73.542995894733,19.946034071671],[73.543002991708,19.946040125766],[73.543010103111,19.946046164705],[73.543017228101,19.946052189307],[73.543024365847,19.946058200393],[73.543031515523,19.946064198793],[73.543038676306,19.946070185338],[73.543045847376,19.946076160861],[73.543053028004,19.946082126112],[73.543060218259,19.946088080987],[73.543067418652,19.946094024896],[73.543074629702,19.946099957243],[73.543081851919,19.94610587743],[73.543089085814,19.946111784853],[73.543096331896,19.94611767891],[73.543103590663,19.94612355899],[73.543110862616,19.946129424484],[73.543118148251,19.946135274776],[73.543125448058,19.946141109251],[73.543132762523,19.946146927286],[73.543140092129,19.946152728259],[73.543147437351,19.946158511542],[73.543154798661,19.946164276504],[73.543162176526,19.946170022512],[73.543169571406,19.946175748929],[73.543176983755,19.946181455113],[73.543184414022,19.946187140422],[73.543191862648,19.946192804208],[73.543199330069,19.946198445821],[73.543206816712,19.946204064607],[73.543214322997,19.946209659909],[73.543221849338,19.946215231069],[73.543229396139,19.946220777423],[73.543236963798,19.946226298305],[73.543244552702,19.946231793049],[73.54325216323,19.946237260982],[73.543259795753,19.946242701432],[73.543267450631,19.946248113724],[73.543275128214,19.946253497178],[73.543282828845,19.946258851117],[73.543290552851,19.946264174859],[73.543298300554,19.946269467721],[73.543306072262,19.946274729018],[73.54331386827,19.946279958067],[73.543321688866,19.946285154181],[73.543329534321,19.946290316674],[73.543337404896,19.94629544486],[73.543345300841,19.946300538053],[73.54335322239,19.946305595567],[73.543361169765,19.946310616717],[73.543369143176,19.94631560082],[73.543377142816,19.946320547194],[73.543385168867,19.946325455159],[73.543393221496,19.946330324038],[73.543401300853,19.946335153155],[73.543409407077,19.94633994184],[73.54341754029,19.946344689425],[73.543425700599,19.946349395246],[73.543433888121,19.94635405866],[73.543442102918,19.946358679003],[73.543450345041,19.946363255624],[73.543458614535,19.946367787879],[73.543466911418,19.946372275153],[73.543475235675,19.946376716863],[73.543483587286,19.946381112419],[73.543491966231,19.946385461214],[73.543500372485,19.946389762623],[73.543508806024,19.946394016009],[73.543517266818,19.946398220716],[73.543525754836,19.946402376073],[73.543534270042,19.946406481392],[73.543542812396,19.946410535967],[73.543551381852,19.946414539076],[73.543559978361,19.946418489982],[73.543568601868,19.946422387926],[73.543577252309,19.946426232136],[73.543585929615,19.946430021819],[73.543594633711,19.946433756166],[73.543603364513,19.946437434349],[73.543612121926,19.946441055522],[73.543620905849,19.946444618821],[73.543629716169,19.946448123363],[73.543638552764,19.946451568247],[73.543647415499,19.946454952552],[73.543656304229,19.946458275341],[73.543665218793,19.946461535654],[73.543674159021,19.946464732518],[73.543683124725,19.946467864937],[73.543692115703,19.946470931896],[73.543701131737,19.946473932364],[73.543710172591,19.94647686529],[73.543719238013,19.946479729605],[73.54372832773,19.946482524223],[73.543737441452,19.946485248037],[73.543746578866,19.946487899925],[73.543755739637,19.946490478748],[73.543764923409,19.94649298335],[73.543774129802,19.946495412557],[73.543783358409,19.946497765181],[73.543792608799,19.946500040019],[73.543801880514,19.946502235854],[73.543811172691,19.946504351369],[73.543820485551,19.94650638549],[73.543829818188,19.946508336877],[73.543839170024,19.946510204263],[73.543848540448,19.946511986372],[73.543857928818,19.946513681922],[73.543867334454,19.946515289621],[73.543876756642,19.946516808173],[73.543886194633,19.946518236278],[73.543895647637,19.946519572635],[73.543905114828,19.946520815942],[73.54391459534,19.946521964897],[73.543924088265,19.946523018206],[73.543933592657,19.946523974577],[73.543943107527,19.946524832728],[73.543952631843,19.946525591388],[73.543962164532,19.946526249299],[73.543971704478,19.946526805219],[73.543981250522,19.946527257924],[73.543990801469,19.946527606214],[73.544000356069,19.946527848911],[73.544009913032,19.946527984864],[73.54401947103,19.946528012955],[73.544029028692,19.946527932213],[73.544038584715,19.946527746027],[73.544048138099,19.946527463357],[73.544057688162,19.94652709354],[73.544067234507,19.946526645899],[73.544076776989,19.946526129734],[73.544086315685,19.946525554312]]},{"type":"LineString","coordinates":[[73.539318308668,19.944862803566],[73.539619858065,19.94480085488]]},{"type":"LineString","coordinates":[[73.540020804755,19.944712480741,640.035899999552],[73.539619858065,19.94480085488,640.035900000483]]},{"type":"LineString","coordinates":[[73.549612587684,19.947903024755,640.035900000483],[73.550707911165,19.948167049965,640.035899999552]]},{"type":"LineString","coordinates":[[73.549095569834,19.947593589886,640.035899999552],[73.549612587684,19.947903024755,640.035900000483]]},{"type":"LineString","coordinates":[[73.548586139769,19.947264112497,640.035899999552],[73.549095569834,19.947593589886,640.035899999552]]},{"type":"LineString","coordinates":[[73.548018393552,19.946268165591,640.035899999552],[73.548159914162,19.94641354495,640.035899999552]]},{"type":"LineString","coordinates":[[73.538691969113,19.943339347458],[73.538684243805,19.943333208823],[73.538676518499,19.943327070188],[73.538668793192,19.943320931552],[73.538661067887,19.943314792916],[73.538653342582,19.94330865428]]},{"type":"LineString","coordinates":[[73.54296542804,19.944836761367],[73.542957713834,19.944831373661],[73.542949999629,19.944825985953],[73.542942285424,19.944820598246],[73.542934571219,19.944815210538],[73.542926857015,19.94480982283],[73.542919142812,19.944804435122],[73.542911428609,19.944799047413],[73.542903714407,19.944793659704],[73.542896000205,19.944788271995],[73.542888286004,19.944782884286],[73.542880571803,19.944777496576],[73.542872857603,19.944772108866],[73.542865143403,19.944766721155],[73.542857429204,19.944761333445],[73.542849715006,19.944755945733],[73.542842000808,19.944750558022],[73.54283428661,19.94474517031],[73.542826572413,19.944739782598],[73.542818858217,19.944734394886],[73.542811144021,19.944729007174],[73.542803429825,19.944723619461],[73.54279571563,19.944718231747],[73.542788001436,19.944712844034],[73.542780287242,19.94470745632],[73.542772573049,19.944702068606],[73.542764858856,19.944696680892],[73.542757144664,19.944691293177],[73.542749430473,19.944685905462],[73.542741716282,19.944680517746],[73.542734002091,19.944675130031],[73.542726287901,19.944669742315],[73.542718573711,19.944664354599],[73.542710859523,19.944658966882],[73.542703145334,19.944653579165],[73.542695431146,19.944648191448],[73.542687716959,19.944642803731],[73.542680002772,19.944637416013],[73.542672288586,19.944632028295],[73.5426645744,19.944626640576],[73.542656860215,19.944621252858],[73.54264914603,19.944615865139],[73.542641431846,19.944610477419],[73.542633717662,19.9446050897],[73.542626003479,19.94459970198],[73.542618289297,19.944594314259],[73.542610575115,19.944588926539],[73.542602860933,19.944583538818],[73.542595146752,19.944578151097],[73.542587432572,19.944572763375],[73.542579718392,19.944567375654],[73.542572004213,19.944561987932],[73.542564290034,19.944556600209],[73.542556575856,19.944551212487],[73.542548861678,19.944545824764],[73.542541147501,19.94454043704],[73.542533433324,19.944535049317],[73.542525719148,19.944529661593],[73.542518004972,19.944524273869],[73.542510290797,19.944518886144],[73.542502576623,19.944513498419],[73.542494862449,19.944508110694],[73.542487148275,19.944502722969],[73.542479434102,19.944497335243],[73.54247171993,19.944491947517],[73.542464005758,19.944486559791],[73.542456291587,19.944481172064],[73.542448577416,19.944475784337],[73.542440863246,19.94447039661],[73.542433149076,19.944465008882],[73.542425434907,19.944459621154],[73.542417720738,19.944454233426],[73.54241000657,19.944448845698],[73.542402292402,19.944443457969],[73.542394578235,19.94443807024],[73.542386864069,19.94443268251],[73.542379149903,19.944427294781],[73.542371435737,19.944421907051],[73.542363721572,19.94441651932],[73.542356007408,19.94441113159],[73.542348293244,19.944405743859],[73.542340579081,19.944400356128]]},{"type":"LineString","coordinates":[[73.543855566725,19.945642923385],[73.543848210088,19.945637251636],[73.543840853452,19.945631579887],[73.543833496817,19.945625908137],[73.543826140182,19.945620236388],[73.543818783547,19.945614564638],[73.543811426913,19.945608892887],[73.54380407028,19.945603221137],[73.543796713647,19.945597549386],[73.543789357015,19.945591877635],[73.543782000383,19.945586205884],[73.543774643752,19.945580534132],[73.543767287121,19.94557486238],[73.543759930491,19.945569190628],[73.543752573861,19.945563518875],[73.543745217232,19.945557847122],[73.543737860604,19.945552175369],[73.543730503976,19.945546503616],[73.543723147348,19.945540831863],[73.543715790721,19.945535160109],[73.543708434095,19.945529488355],[73.543701077469,19.9455238166],[73.543693720844,19.945518144845],[73.543686364219,19.945512473091],[73.543679007594,19.945506801335],[73.543671650971,19.94550112958],[73.543664294347,19.945495457824],[73.543656937725,19.945489786068],[73.543649581103,19.945484114312],[73.543642224481,19.945478442555],[73.54363486786,19.945472770798],[73.543627511239,19.945467099041],[73.543620154619,19.945461427283],[73.543612798,19.945455755526],[73.543605441381,19.945450083768],[73.543598084762,19.945444412009],[73.543590728144,19.945438740251],[73.543583371527,19.945433068492],[73.54357601491,19.945427396733],[73.543568658294,19.945421724974],[73.543561301678,19.945416053214],[73.543553945063,19.945410381454],[73.543546588448,19.945404709694],[73.543539231834,19.945399037933],[73.54353187522,19.945393366173],[73.543524518607,19.945387694412],[73.543517161995,19.94538202265],[73.543509805383,19.945376350889],[73.543502448771,19.945370679127],[73.54349509216,19.945365007365],[73.54348773555,19.945359335602],[73.54348037894,19.94535366384],[73.54347302233,19.945347992077],[73.543465665721,19.945342320314],[73.543458309113,19.94533664855],[73.543450952505,19.945330976786],[73.543443595898,19.945325305022],[73.543436239291,19.945319633258],[73.543428882685,19.945313961493],[73.54342152608,19.945308289728],[73.543414169474,19.945302617963],[73.54340681287,19.945296946198]]},{"type":"LineString","coordinates":[[73.538694222965,19.942630630762],[73.538694683798,19.942630105884],[73.538723960478,19.942596864213],[73.538950263184,19.942339913733],[73.539007051918,19.942269101213],[73.539144169547,19.942145965549],[73.539260710316,19.942023304256]]},{"type":"LineString","coordinates":[[73.538566223907,19.942886392192],[73.538565837617,19.942888217725],[73.538565318158,19.94289067622],[73.538564786933,19.94289319824],[73.538564244892,19.942895783791],[73.538563693019,19.94289843288],[73.538563132265,19.942901145755],[73.538562563769,19.942903922664],[73.538561988673,19.942906763616],[73.53856140818,19.942909669101],[73.538560823527,19.942912639126],[73.538560236042,19.942915674183],[73.538559647086,19.942918774762],[73.538559058152,19.942921940634],[73.538558470723,19.94292517277],[73.538557886415,19.942928471423],[73.538557306815,19.942931836604],[73.538556733723,19.942935269287],[73.538556450123,19.942937010856],[73.538556168853,19.942938769485],[73.538555890108,19.942940544937],[73.538555614136,19.942942337693],[73.538555341162,19.942944147515],[73.538555071472,19.942945974405],[73.538554805285,19.942947818605],[73.538554542887,19.942949680116],[73.538554284566,19.942951558702],[73.538554030539,19.942953454843],[73.538553781094,19.942955368303],[73.538553536516,19.942957299322],[73.53855329712,19.942959247903],[73.538553063164,19.942961213809],[73.538552834959,19.942963197522],[73.538552612765,19.942965198563],[73.538552396958,19.942967217416],[73.538552187793,19.942969253842],[73.538551985617,19.942971308085],[73.538551790751,19.942973379905],[73.538551603509,19.942975469547],[73.538551424208,19.942977577012],[73.5385512532,19.942979702062],[73.538551090832,19.942981844941],[73.538550937483,19.942984005651],[73.538550793443,19.942986183955],[73.538550659089,19.942988380095],[73.538550534771,19.942990594074],[73.538550420903,19.942992825655],[73.538550317834,19.942995074841],[73.538550225912,19.942997341874],[73.53855014552,19.942999626277],[73.53855007707,19.943001928293],[73.538550020943,19.943004247686],[73.538549977488,19.943006584697],[73.538549947152,19.94300893885],[73.538549930283,19.943011310388],[73.538549927358,19.943013699074],[73.538549938697,19.943016104671],[73.538549964742,19.943018527422],[73.538550005698,19.943020957966],[73.538550061121,19.943023373736],[73.538550130578,19.943025773289],[73.538550213721,19.943028156621],[73.538550217458,19.943028255548],[73.538550310169,19.94303052373],[73.538550419543,19.943032874373],[73.538550541463,19.943035208547],[73.53855067558,19.94303752601],[73.538550821512,19.943039827238],[73.538550978946,19.94304211151],[73.538551147467,19.943044379062],[73.538551326726,19.943046630131],[73.538551516376,19.943048864235],[73.538551716099,19.943051081611],[73.538551925547,19.943053282017],[73.538552144338,19.94305546569],[73.538552372188,19.943057632388],[73.538552608715,19.943059782348],[73.538552853633,19.943061915568],[73.538553106594,19.943064031805],[73.538553367314,19.943066131057],[73.538553635439,19.943068213801],[73.538553910688,19.943070279556],[73.538554192744,19.943072328319],[73.538554481316,19.943074360567],[73.538554776089,19.943076376059],[73.538555076811,19.943078374792],[73.538555383161,19.943080357004],[73.538555694856,19.943082322453],[73.53855601164,19.943084271377],[73.538556333227,19.943086203774],[73.538556659364,19.943088119642],[73.538557324205,19.943091902262],[73.538558004098,19.943095619224],[73.538558697102,19.943099271471],[73.538559401278,19.943102859229],[73.538560114784,19.943106382725],[73.5385608359,19.943109842666],[73.53856156288,19.943113239278],[73.538562294068,19.94311657327],[73.538563114432,19.943120226474]]},{"type":"LineString","coordinates":[[73.538566223846,19.942886391951],[73.538568104388,19.942877645855],[73.538570131274,19.942868929043],[73.538572306315,19.942860244226],[73.538574630884,19.942851594121],[73.5385771059,19.942842981424],[73.538579731824,19.942834408785],[73.538582508657,19.942825878781],[73.538585435946,19.942817393886],[73.538588512795,19.942808956446],[73.538591737884,19.942800568663],[73.538595109494,19.942792232565],[73.538598625534,19.942783950001],[73.538602283571,19.942775722617],[73.538606080871,19.942767551858],[73.538610014429,19.942759438952],[73.53861408101,19.942751384915],[73.538618277186,19.942743390552],[73.538622599591,19.942735456061],[73.538627044127,19.942727582561],[73.538631607182,19.94271976992],[73.538636284908,19.942712018157],[73.538641073428,19.942704327126],[73.538645968865,19.942696696522],[73.538650967362,19.942689125901],[73.538656065103,19.942681614689],[73.538661258329,19.942674162199],[73.538666543355,19.942666767645],[73.538671916578,19.942659430151],[73.538677374492,19.942652148768],[73.538682913717,19.942644922447],[73.538688530942,19.942637750142],[73.538694222965,19.942630630762]]},{"type":"LineString","coordinates":[[73.539283215693,19.940480265319],[73.53928738137,19.940488417472],[73.539291547047,19.940496569625],[73.539295712724,19.940504721779],[73.539299878402,19.940512873932],[73.53930404408,19.940521026085],[73.539308209758,19.940529178238],[73.539312375437,19.940537330391],[73.539316541116,19.940545482544],[73.539320706796,19.940553634696],[73.539324872476,19.940561786849],[73.539329038157,19.940569939002],[73.539333203838,19.940578091154],[73.539337369519,19.940586243307],[73.539341535201,19.940594395459],[73.539345700883,19.940602547611],[73.539349866565,19.940610699764],[73.539354032248,19.940618851916],[73.539358197932,19.940627004068],[73.539362363615,19.94063515622],[73.539366529299,19.940643308372],[73.539370694984,19.940651460524],[73.539374860669,19.940659612675],[73.539379026003,19.940667764988],[73.539383191283,19.940675917324],[73.539387356565,19.940684069661],[73.539391521846,19.940692221997],[73.539395687128,19.940700374334],[73.539399852411,19.94070852667],[73.539404017694,19.940716679006],[73.539408182977,19.940724831343],[73.539412348261,19.940732983679],[73.539416513545,19.940741136015],[73.539420678829,19.940749288351],[73.539424844114,19.940757440686],[73.539428318912,19.940765867722],[73.539431569258,19.940774384053],[73.539434819604,19.940782900384],[73.53943806995,19.940791416714],[73.539441320297,19.940799933045],[73.53944452459,19.940808463535],[73.539447192131,19.940817159057],[73.539449859673,19.94082585458],[73.539452527214,19.940834550102],[73.539455194756,19.940843245625],[73.539457862299,19.940851941147],[73.539460529841,19.940860636669],[73.539463197384,19.940869332192],[73.539465864927,19.940878027714],[73.539468497354,19.940886731233],[73.539470308094,19.940895621864],[73.539472118835,19.940904512494],[73.539473929576,19.940913403125],[73.539475740317,19.940922293756],[73.539477551058,19.940931184387],[73.539479361799,19.940940075018],[73.539481172541,19.940948965649],[73.539482983282,19.940957856279],[73.539484794024,19.94096674691],[73.539486604766,19.940975637541],[73.539488415509,19.940984528172],[73.539490227311,19.940993418609],[73.539492039444,19.941002308987],[73.539493851578,19.941011199364],[73.539495663712,19.941020089741],[73.539497475847,19.941028980118],[73.539499287981,19.941037870495],[73.539501100116,19.941046760873],[73.539502721704,19.941055681662],[73.539504095634,19.94106464198],[73.539505469564,19.941073602298],[73.539506843495,19.941082562616],[73.539508217425,19.941091522934],[73.539509591355,19.941100483252],[73.539510965286,19.94110944357],[73.539512339216,19.941118403888],[73.539513713147,19.941127364206],[73.539515087078,19.941136324524],[73.539516461009,19.941145284841],[73.539517743205,19.941154254178],[73.539518347814,19.941163290131],[73.539518952423,19.941172326084],[73.539519557032,19.941181362037],[73.539520161641,19.94119039799],[73.53952076625,19.941199433943],[73.539521370859,19.941208469896],[73.539521802558,19.941217510869],[73.539521785204,19.941226564877],[73.539521767849,19.941235618886],[73.539521750495,19.941244672894],[73.539521733141,19.941253726903],[73.539521591686,19.94126277808],[73.539521147392,19.94127182235],[73.539520703097,19.94128086662],[73.539520258803,19.94128991089],[73.539519630615,19.941298942628],[73.539518699026,19.941307953692],[73.539517767438,19.941316964755],[73.539516835849,19.941325975819],[73.53951590426,19.941334986882],[73.53951497267,19.941343997946],[73.539514041081,19.941353009009],[73.539513109491,19.941362020073],[73.539511644131,19.941370939014],[73.539509149513,19.941379680318],[73.539506654895,19.941388421622],[73.539503634919,19.941397006329],[73.539500344611,19.941405508923],[73.53949701496,19.941413997809],[73.539493646034,19.941422472827],[73.539490237905,19.941430933816],[73.539486790642,19.941439380616],[73.539483304317,19.941447813069],[73.5394801493,19.941456358826],[73.539477116497,19.941464946622],[73.539474083693,19.941473534419],[73.539471050889,19.941482122216],[73.539468018085,19.941490710012],[73.53946498528,19.941499297808],[73.539461952475,19.941507885604],[73.53945891967,19.9415164734],[73.539455886864,19.941525061196],[73.539452854058,19.941533648994],[73.539449821251,19.941542236791],[73.539446788445,19.941550824584],[73.539443755638,19.941559412379],[73.539440722831,19.941568000175],[73.539437690023,19.941576587971],[73.539434657215,19.941585175766],[73.539431624406,19.941593763561],[73.539428591597,19.941602351357],[73.539425558788,19.941610939152],[73.539422525978,19.941619526947],[73.539419493168,19.941628114742],[73.539416460358,19.941636702537],[73.539413427548,19.941645290332],[73.539410394736,19.941653878127],[73.539407361925,19.941662465922],[73.539404329113,19.941671053717],[73.539401296301,19.941679641511],[73.539398263489,19.941688229305],[73.539395230676,19.9416968171],[73.539392197863,19.941705404894],[73.539389165049,19.941713992688],[73.539386132235,19.941722580482],[73.539383099421,19.941731168277],[73.539380066607,19.941739756071],[73.539377033792,19.941748343865],[73.539374000976,19.941756931658],[73.539370968161,19.941765519452],[73.539367935345,19.941774107246],[73.539364902528,19.941782695039],[73.539361869711,19.941791282833],[73.539358836894,19.941799870626],[73.539355804077,19.94180845842],[73.539352771259,19.941817046213],[73.539349738441,19.941825634006],[73.539346705622,19.9418342218],[73.539343672803,19.941842809593],[73.539340639984,19.941851397386],[73.539337607164,19.941859985179],[73.539334574344,19.941868572972],[73.539331541524,19.941877160765],[73.539328508704,19.941885748557],[73.539325475883,19.94189433635],[73.539322443061,19.941902924142],[73.53931941024,19.941911511933],[73.539316377418,19.941920099725],[73.539313344595,19.941928687519],[73.539310311772,19.941937275311],[73.539307278949,19.941945863103],[73.539304246126,19.941954450895],[73.539301213302,19.941963038687],[73.539298180477,19.941971626479],[73.539295147653,19.94198021427],[73.53929165435,19.941988557886],[73.539285487673,19.941995483898],[73.539279320994,19.94200240991],[73.539273154315,19.942009335922],[73.539266987636,19.942016261933],[73.539260820956,19.942023187944]]},{"type":"LineString","coordinates":[[73.539639968699,19.940680926163,640.035899999552],[73.53975312406,19.940924047414,640.035899999552]]},{"type":"LineString","coordinates":[[73.540003934846,19.940776019298],[73.539999067678,19.940783846609],[73.539994200509,19.940791673919],[73.53998933334,19.940799501229],[73.53998446617,19.940807328539],[73.539979599,19.940815155849],[73.539974731829,19.940822983158],[73.539969864658,19.940830810468],[73.539964997486,19.940838637777],[73.539960130314,19.940846465086],[73.539955263141,19.940854292395],[73.539950395968,19.940862119703],[73.539945528794,19.940869947012],[73.53994066162,19.94087777432],[73.539935794445,19.940885601628],[73.53993092727,19.940893428936],[73.539926060094,19.940901256244],[73.539921192917,19.940909083552],[73.539916325741,19.940916910859],[73.539911384709,19.940924690737],[73.539905112383,19.940931561531],[73.539898176576,19.940937836056],[73.539890635224,19.940943451163],[73.539882556659,19.940948352743],[73.539874016638,19.940952496174],[73.539865095698,19.940955845895],[73.539855877164,19.940958374469],[73.539846445905,19.940960061523],[73.539836887751,19.940960892923],[73.539827289334,19.940960860414],[73.539817738044,19.940959961855],[73.539808321789,19.940958202025],[73.539799128242,19.94095559387],[73.539790243364,19.940952159912],[73.539781749144,19.940947933409],[73.539773720049,19.940942958418],[73.539766226015,19.940937286887],[73.539759339406,19.940930964173],[73.539753123932,19.940924047534]]},{"type":"LineString","coordinates":[[73.539224396802,19.942372929245,640.035899999552],[73.539215981175,19.942380486517,640.035899999552]]},{"type":"LineString","coordinates":[[73.549612587684,19.947903024755,640.035900000483],[73.549095569834,19.947593589886,640.035899999552]]},{"type":"LineString","coordinates":[[73.550707911165,19.948167049965,640.035899999552],[73.549612587684,19.947903024755,640.035900000483]]},{"type":"LineString","coordinates":[[73.53952482834,19.940452485744,640.035899999552],[73.539639968699,19.940680926163,640.035899999552]]}]},"properties":{"name":"0 Dp road","styleUrl":"#s11","stroke-opacity":1,"stroke":"#FF0000","stroke-width":2,"label-scale":0,"icon-scale":0.5,"icon":"http://maps.google.com/mapfiles/kml/shapes/placemark_circle.png","folderPath":["Layers"]}}]}