{
  "type": "FeatureCollection",
  "features": [
    {
      "type": "Feature",
      "properties": {
        "type": "outer-zone"
      },
      "geometry": {
        "type": "Polygon",
        "coordinates": [
          [
            [
              73.555,
              19.98
            ],
            [
              73.65,
              19.96
            ],
            [
              73.58,
              19.92
            ],
            [
              73.535,
              19.89
            ],
            [
              73.52,
              19.88
            ],
            [
              73.51,
              19.93
            ],
            [
              73.51,
              19.955
            ],
            [
              73.52,
              19.98
            ],
            [
              73.555,
              19.98
            ]
          ]
        ]
      }
    },
    {
      "type": "Feature",
      "properties": {
        "type": "inner-zone"
      },
      "geometry": {
        "type": "Polygon",
        "coordinates": [
          [
            [
              73.555,
              19.955
            ],
            [
              73.58,
              19.945
            ],
            [
              73.545,
              19.935
            ],
            [
              73.535,
              19.92
            ],
            [
              73.515,
              19.945
            ],
            [
              73.555,
              19.955
            ]
          ]
        ]
      }
    },
    {
      "type": "Feature",
      "properties": {
        "type": "yellow-route"
      },
      "geometry": {
        "type": "LineString",
        "coordinates": [
          [
            73.494923,
            19.983638
          ],
          [
            73.494355,
            19.981674
          ],
          [
            73.494163,
            19.980979
          ],
          [
            73.49525,
            19.98069
          ],
          [
            73.495427,
            19.980641
          ],
          [
            73.495482,
            19.980717
          ],
          [
            73.495894,
            19.981941
          ],
          [
            73.496288,
            19.983398
          ],
          [
            73.496365,
            19.983469
          ],
          [
            73.49681,
            19.983456
          ],
          [
            73.49706,
            19.98349
          ],
          [
            73.49726,
            19.983473
          ],
          [
            73.497673,
            19.983328
          ],
          [
            73.497891,
            19.983255
          ],
          [
            73.498227,
            19.98329
          ],
          [
            73.498836,
            19.983366
          ],
          [
            73.500131,
            19.983524
          ],
          [
            73.501452,
            19.983755
          ],
          [
            73.503165,
            19.98402
          ],
          [
            73.503948,
            19.984097
          ],
          [
            73.503985,
            19.983402
          ],
          [
            73.504007,
            19.98317
          ],
          [
            73.503964,
            19.982928
          ],
          [
            73.503824,
            19.982676
          ],
          [
            73.503406,
            19.982232
          ],
          [
            73.502926,
            19.981764
          ],
          [
            73.502623,
            19.981567
          ],
          [
            73.502215,
            19.981426
          ],
          [
            73.501732,
            19.981254
          ],
          [
            73.501521,
            19.981109
          ],
          [
            73.500394,
            19.980221
          ],
          [
            73.500319,
            19.98007
          ],
          [
            73.50018,
            19.979848
          ],
          [
            73.500116,
            19.979596
          ],
          [
            73.500155,
            19.979258
          ],
          [
            73.500276,
            19.978719
          ],
          [
            73.500545,
            19.978013
          ],
          [
            73.500777,
            19.977695
          ],
          [
            73.501003,
            19.977504
          ],
          [
            73.501357,
            19.977171
          ],
          [
            73.501542,
            19.976904
          ],
          [
            73.501789,
            19.97643
          ],
          [
            73.502151,
            19.976021
          ],
          [
            73.502487,
            19.975664
          ],
          [
            73.502712,
            19.975361
          ],
          [
            73.50287,
            19.974932
          ],
          [
            73.502991,
            19.974514
          ],
          [
            73.502994,
            19.974401
          ],
          [
            73.503002,
            19.974061
          ],
          [
            73.502977,
            19.97224
          ],
          [
            73.503055,
            19.971842
          ],
          [
            73.503149,
            19.971322
          ],
          [
            73.50346,
            19.970274
          ],
          [
            73.503556,
            19.969759
          ],
          [
            73.503588,
            19.969285
          ],
          [
            73.503546,
            19.968933
          ],
          [
            73.503248,
            19.96678
          ],
          [
            73.503065,
            19.966483
          ],
          [
            73.504636,
            19.965418
          ],
          [
            73.504996,
            19.965178
          ],
          [
            73.506668,
            19.964127
          ],
          [
            73.508644,
            19.962657
          ],
          [
            73.511064,
            19.960346
          ],
          [
            73.511778,
            19.95961
          ],
          [
            73.512062,
            19.959351
          ],
          [
            73.512328,
            19.959139
          ],
          [
            73.512601,
            19.958955
          ],
          [
            73.513143,
            19.958693
          ],
          [
            73.513999,
            19.958298
          ],
          [
            73.51399,
            19.958208
          ],
          [
            73.513905,
            19.958216
          ],
          [
            73.513779,
            19.958249
          ],
          [
            73.512357,
            19.958525
          ],
          [
            73.511883,
            19.958639
          ],
          [
            73.511428,
            19.958688
          ],
          [
            73.510592,
            19.9588
          ],
          [
            73.510181,
            19.95889
          ],
          [
            73.510067,
            19.958905
          ],
          [
            73.509334,
            19.958887
          ],
          [
            73.509035,
            19.958907
          ],
          [
            73.508871,
            19.958934
          ],
          [
            73.50874,
            19.958971
          ],
          [
            73.508488,
            19.95907
          ],
          [
            73.508322,
            19.959168
          ],
          [
            73.508231,
            19.959256
          ],
          [
            73.508003,
            19.959326
          ],
          [
            73.507867,
            19.959392
          ],
          [
            73.507741,
            19.95944
          ],
          [
            73.507381,
            19.959636
          ],
          [
            73.507258,
            19.959689
          ],
          [
            73.507045,
            19.959796
          ],
          [
            73.506702,
            19.95989
          ],
          [
            73.506438,
            19.960011
          ],
          [
            73.506179,
            19.960099
          ],
          [
            73.505936,
            19.960125
          ],
          [
            73.505789,
            19.960132
          ],
          [
            73.505448,
            19.96011
          ],
          [
            73.505348,
            19.960116
          ],
          [
            73.505021,
            19.960167
          ],
          [
            73.504486,
            19.960231
          ],
          [
            73.50419,
            19.960242
          ],
          [
            73.503993,
            19.960233
          ],
          [
            73.503809,
            19.960246
          ],
          [
            73.503368,
            19.960338
          ],
          [
            73.502492,
            19.96047
          ],
          [
            73.502221,
            19.960527
          ],
          [
            73.501418,
            19.960595
          ],
          [
            73.500792,
            19.960617
          ],
          [
            73.500591,
            19.960637
          ],
          [
            73.499979,
            19.960672
          ],
          [
            73.499527,
            19.960742
          ],
          [
            73.499279,
            19.96083
          ],
          [
            73.499145,
            19.960857
          ],
          [
            73.499062,
            19.960847
          ],
          [
            73.498724,
            19.96071
          ],
          [
            73.498578,
            19.960645
          ],
          [
            73.498331,
            19.960555
          ],
          [
            73.497911,
            19.960437
          ],
          [
            73.497857,
            19.960382
          ],
          [
            73.497768,
            19.960169
          ],
          [
            73.497726,
            19.960055
          ],
          [
            73.497677,
            19.95986
          ],
          [
            73.497565,
            19.95957
          ],
          [
            73.49736,
            19.959243
          ],
          [
            73.497306,
            19.959142
          ],
          [
            73.497273,
            19.959039
          ],
          [
            73.497248,
            19.958929
          ],
          [
            73.497224,
            19.958714
          ],
          [
            73.49728,
            19.95831
          ],
          [
            73.497299,
            19.958018
          ],
          [
            73.497292,
            19.957873
          ],
          [
            73.497119,
            19.95732
          ],
          [
            73.496872,
            19.956665
          ],
          [
            73.49673,
            19.956349
          ],
          [
            73.496423,
            19.955501
          ],
          [
            73.496363,
            19.955259
          ],
          [
            73.496269,
            19.954983
          ],
          [
            73.496176,
            19.954752
          ],
          [
            73.496092,
            19.954493
          ],
          [
            73.496073,
            19.95439
          ],
          [
            73.496054,
            19.954153
          ],
          [
            73.496075,
            19.953945
          ],
          [
            73.496145,
            19.953556
          ],
          [
            73.496143,
            19.953427
          ],
          [
            73.496122,
            19.953163
          ],
          [
            73.496054,
            19.952951
          ],
          [
            73.495914,
            19.952665
          ],
          [
            73.495814,
            19.952544
          ],
          [
            73.495711,
            19.952446
          ],
          [
            73.49562,
            19.95238
          ],
          [
            73.495471,
            19.95229
          ],
          [
            73.494966,
            19.952
          ],
          [
            73.494772,
            19.951862
          ],
          [
            73.494399,
            19.951615
          ],
          [
            73.494252,
            19.951498
          ],
          [
            73.494142,
            19.951375
          ],
          [
            73.493934,
            19.951006
          ],
          [
            73.493769,
            19.950696
          ],
          [
            73.493708,
            19.950501
          ],
          [
            73.493642,
            19.950161
          ],
          [
            73.493556,
            19.949961
          ],
          [
            73.49347,
            19.949792
          ],
          [
            73.493374,
            19.949276
          ],
          [
            73.493332,
            19.949151
          ],
          [
            73.493297,
            19.94898
          ],
          [
            73.493171,
            19.948563
          ],
          [
            73.493063,
            19.948283
          ],
          [
            73.492944,
            19.948091
          ],
          [
            73.492836,
            19.948062
          ],
          [
            73.492701,
            19.948002
          ],
          [
            73.492549,
            19.947932
          ],
          [
            73.492379,
            19.947919
          ],
          [
            73.492202,
            19.947929
          ],
          [
            73.492078,
            19.947922
          ],
          [
            73.492036,
            19.948002
          ],
          [
            73.492004,
            19.948112
          ],
          [
            73.491916,
            19.948205
          ],
          [
            73.491817,
            19.948272
          ],
          [
            73.491693,
            19.948328
          ],
          [
            73.491576,
            19.948358
          ],
          [
            73.491434,
            19.948375
          ],
          [
            73.491335,
            19.948368
          ],
          [
            73.491165,
            19.948428
          ],
          [
            73.491038,
            19.948441
          ],
          [
            73.490942,
            19.948488
          ],
          [
            73.490811,
            19.948634
          ],
          [
            73.49067,
            19.948811
          ],
          [
            73.490588,
            19.948877
          ],
          [
            73.490507,
            19.949
          ],
          [
            73.490419,
            19.949137
          ],
          [
            73.490334,
            19.949296
          ],
          [
            73.49022,
            19.949449
          ],
          [
            73.490114,
            19.949596
          ],
          [
            73.490082,
            19.949662
          ],
          [
            73.489976,
            19.949809
          ],
          [
            73.489881,
            19.949965
          ],
          [
            73.48975,
            19.950158
          ],
          [
            73.489608,
            19.950351
          ],
          [
            73.489534,
            19.950457
          ],
          [
            73.489374,
            19.950684
          ],
          [
            73.489247,
            19.95084
          ],
          [
            73.489098,
            19.951059
          ],
          [
            73.489042,
            19.951143
          ],
          [
            73.488982,
            19.951239
          ],
          [
            73.488943,
            19.951322
          ],
          [
            73.488865,
            19.951449
          ],
          [
            73.488783,
            19.951545
          ],
          [
            73.488691,
            19.951622
          ],
          [
            73.488599,
            19.951702
          ],
          [
            73.488511,
            19.951805
          ],
          [
            73.488437,
            19.951934
          ],
          [
            73.488359,
            19.952054
          ],
          [
            73.488299,
            19.952197
          ],
          [
            73.488249,
            19.95234
          ],
          [
            73.488185,
            19.95246
          ],
          [
            73.488104,
            19.9526
          ],
          [
            73.488054,
            19.952769
          ],
          [
            73.488054,
            19.952883
          ],
          [
            73.488069,
            19.953049
          ],
          [
            73.488054,
            19.953242
          ],
          [
            73.488069,
            19.953458
          ],
          [
            73.488058,
            19.953611
          ],
          [
            73.487998,
            19.953691
          ],
          [
            73.487782,
            19.953774
          ],
          [
            73.487506,
            19.953834
          ],
          [
            73.48718,
            19.953844
          ],
          [
            73.486901,
            19.953827
          ],
          [
            73.486686,
            19.953809
          ],
          [
            73.486774,
            19.953882
          ],
          [
            73.486967,
            19.954003
          ],
          [
            73.487225,
            19.954152
          ],
          [
            73.487356,
            19.954364
          ],
          [
            73.487421,
            19.954523
          ],
          [
            73.487531,
            19.954672
          ],
          [
            73.487641,
            19.954798
          ],
          [
            73.487764,
            19.954886
          ],
          [
            73.48786,
            19.954941
          ],
          [
            73.488147,
            19.955103
          ],
          [
            73.488375,
            19.955221
          ],
          [
            73.488467,
            19.955292
          ],
          [
            73.488708,
            19.955385
          ],
          [
            73.48889,
            19.955463
          ],
          [
            73.489073,
            19.955546
          ],
          [
            73.489298,
            19.95564
          ],
          [
            73.48951,
            19.955695
          ],
          [
            73.489628,
            19.955753
          ],
          [
            73.489719,
            19.955809
          ],
          [
            73.489827,
            19.955912
          ],
          [
            73.489939,
            19.956013
          ],
          [
            73.490079,
            19.956121
          ],
          [
            73.490272,
            19.95628
          ],
          [
            73.490454,
            19.956424
          ],
          [
            73.490612,
            19.956535
          ],
          [
            73.490736,
            19.956615
          ],
          [
            73.490886,
            19.956714
          ],
          [
            73.491004,
            19.956817
          ],
          [
            73.491122,
            19.956923
          ],
          [
            73.491224,
            19.957011
          ],
          [
            73.491345,
            19.95712
          ],
          [
            73.491455,
            19.95721
          ],
          [
            73.491586,
            19.957268
          ],
          [
            73.491793,
            19.957364
          ],
          [
            73.491975,
            19.957432
          ],
          [
            73.492133,
            19.957485
          ],
          [
            73.492297,
            19.957528
          ],
          [
            73.492444,
            19.957576
          ],
          [
            73.492605,
            19.957646
          ],
          [
            73.492753,
            19.957735
          ],
          [
            73.492849,
            19.9578
          ],
          [
            73.492983,
            19.957894
          ],
          [
            73.493077,
            19.957959
          ],
          [
            73.493214,
            19.958047
          ],
          [
            73.493305,
            19.958136
          ],
          [
            73.493413,
            19.958224
          ],
          [
            73.493507,
            19.958299
          ],
          [
            73.493649,
            19.958398
          ],
          [
            73.493804,
            19.958494
          ],
          [
            73.493965,
            19.958579
          ],
          [
            73.494174,
            19.95866
          ],
          [
            73.494362,
            19.95872
          ],
          [
            73.494561,
            19.958768
          ],
          [
            73.49473,
            19.958801
          ],
          [
            73.494936,
            19.958852
          ],
          [
            73.495089,
            19.958899
          ],
          [
            73.495266,
            19.958978
          ],
          [
            73.495462,
            19.959096
          ],
          [
            73.495642,
            19.959205
          ],
          [
            73.495797,
            19.959318
          ],
          [
            73.495953,
            19.959414
          ],
          [
            73.496084,
            19.959512
          ],
          [
            73.496398,
            19.959704
          ],
          [
            73.496736,
            19.959898
          ],
          [
            73.497066,
            19.960059
          ],
          [
            73.497393,
            19.960203
          ],
          [
            73.497672,
            19.960344
          ],
          [
            73.497911,
            19.960437
          ],
          [
            73.498331,
            19.960555
          ],
          [
            73.498578,
            19.960645
          ],
          [
            73.498724,
            19.96071
          ],
          [
            73.499062,
            19.960847
          ],
          [
            73.499145,
            19.960857
          ],
          [
            73.499279,
            19.96083
          ],
          [
            73.499527,
            19.960742
          ],
          [
            73.499979,
            19.960672
          ],
          [
            73.500043,
            19.960668
          ],
          [
            73.500591,
            19.960637
          ],
          [
            73.500792,
            19.960617
          ],
          [
            73.501418,
            19.960595
          ],
          [
            73.502221,
            19.960527
          ],
          [
            73.502492,
            19.96047
          ],
          [
            73.503368,
            19.960338
          ],
          [
            73.503809,
            19.960246
          ],
          [
            73.503993,
            19.960233
          ],
          [
            73.50419,
            19.960242
          ],
          [
            73.504486,
            19.960231
          ],
          [
            73.505021,
            19.960167
          ],
          [
            73.505348,
            19.960116
          ],
          [
            73.505448,
            19.96011
          ],
          [
            73.505789,
            19.960132
          ],
          [
            73.505936,
            19.960125
          ],
          [
            73.506179,
            19.960099
          ],
          [
            73.506438,
            19.960011
          ],
          [
            73.506702,
            19.95989
          ],
          [
            73.507045,
            19.959796
          ],
          [
            73.507258,
            19.959689
          ],
          [
            73.507381,
            19.959636
          ],
          [
            73.507741,
            19.95944
          ],
          [
            73.507867,
            19.959392
          ],
          [
            73.508003,
            19.959326
          ],
          [
            73.508231,
            19.959256
          ],
          [
            73.508322,
            19.959168
          ],
          [
            73.508488,
            19.95907
          ],
          [
            73.50874,
            19.958971
          ],
          [
            73.508871,
            19.958934
          ],
          [
            73.509035,
            19.958907
          ],
          [
            73.509334,
            19.958887
          ],
          [
            73.510067,
            19.958905
          ],
          [
            73.510181,
            19.95889
          ],
          [
            73.510592,
            19.9588
          ],
          [
            73.511428,
            19.958688
          ],
          [
            73.511883,
            19.958639
          ],
          [
            73.512357,
            19.958525
          ],
          [
            73.513779,
            19.958249
          ],
          [
            73.513905,
            19.958216
          ],
          [
            73.51399,
            19.958208
          ],
          [
            73.513965,
            19.958009
          ],
          [
            73.513922,
            19.957797
          ],
          [
            73.51391,
            19.957615
          ],
          [
            73.513987,
            19.957169
          ],
          [
            73.514113,
            19.956659
          ],
          [
            73.514295,
            19.95617
          ],
          [
            73.514347,
            19.95608
          ],
          [
            73.514399,
            19.956016
          ],
          [
            73.514621,
            19.955753
          ],
          [
            73.514726,
            19.955648
          ],
          [
            73.51488,
            19.955457
          ],
          [
            73.515077,
            19.955252
          ],
          [
            73.515142,
            19.955162
          ],
          [
            73.515432,
            19.954866
          ],
          [
            73.515595,
            19.954713
          ],
          [
            73.515697,
            19.954597
          ],
          [
            73.515817,
            19.954371
          ],
          [
            73.515891,
            19.954157
          ],
          [
            73.515903,
            19.95407
          ],
          [
            73.515894,
            19.953983
          ],
          [
            73.515814,
            19.953777
          ],
          [
            73.515746,
            19.953667
          ],
          [
            73.515653,
            19.953462
          ],
          [
            73.515567,
            19.953195
          ],
          [
            73.515527,
            19.952938
          ],
          [
            73.515493,
            19.952807
          ],
          [
            73.515475,
            19.952503
          ],
          [
            73.515481,
            19.952248
          ],
          [
            73.515506,
            19.952034
          ],
          [
            73.515502,
            19.951909
          ],
          [
            73.51549,
            19.951823
          ],
          [
            73.515447,
            19.951733
          ],
          [
            73.515425,
            19.951634
          ],
          [
            73.51533,
            19.951432
          ],
          [
            73.514991,
            19.95096
          ],
          [
            73.514886,
            19.950789
          ],
          [
            73.514803,
            19.95058
          ],
          [
            73.514791,
            19.950482
          ],
          [
            73.514815,
            19.950322
          ],
          [
            73.514868,
            19.95027
          ],
          [
            73.51496,
            19.950247
          ],
          [
            73.515185,
            19.950215
          ],
          [
            73.515284,
            19.950224
          ],
          [
            73.515385,
            19.95027
          ],
          [
            73.515607,
            19.950401
          ],
          [
            73.515709,
            19.950479
          ],
          [
            73.515952,
            19.950635
          ],
          [
            73.516014,
            19.950586
          ],
          [
            73.516054,
            19.950322
          ],
          [
            73.516116,
            19.950123
          ],
          [
            73.516236,
            19.949891
          ],
          [
            73.516334,
            19.949743
          ],
          [
            73.516371,
            19.94972
          ],
          [
            73.516408,
            19.94974
          ],
          [
            73.516433,
            19.949781
          ],
          [
            73.516442,
            19.949876
          ],
          [
            73.516445,
            19.950146
          ],
          [
            73.516476,
            19.950273
          ],
          [
            73.516525,
            19.950331
          ],
          [
            73.516575,
            19.950354
          ],
          [
            73.516627,
            19.950334
          ],
          [
            73.516682,
            19.950282
          ],
          [
            73.516806,
            19.950097
          ],
          [
            73.516901,
            19.950015
          ],
          [
            73.516951,
            19.949943
          ],
          [
            73.516987,
            19.949859
          ],
          [
            73.517003,
            19.94972
          ],
          [
            73.516969,
            19.94963
          ],
          [
            73.516947,
            19.94954
          ],
          [
            73.516966,
            19.949485
          ],
          [
            73.516997,
            19.949442
          ],
          [
            73.517061,
            19.949433
          ],
          [
            73.51708,
            19.949462
          ],
          [
            73.517339,
            19.949613
          ],
          [
            73.517391,
            19.949624
          ],
          [
            73.517453,
            19.949619
          ],
          [
            73.517505,
            19.949587
          ],
          [
            73.517521,
            19.949526
          ],
          [
            73.517514,
            19.94948
          ],
          [
            73.517477,
            19.949341
          ],
          [
            73.517422,
            19.94906
          ],
          [
            73.517345,
            19.94857
          ],
          [
            73.517293,
            19.948037
          ],
          [
            73.517296,
            19.94789
          ],
          [
            73.517274,
            19.947562
          ],
          [
            73.517256,
            19.947455
          ],
          [
            73.517252,
            19.947157
          ],
          [
            73.517256,
            19.946792
          ],
          [
            73.517289,
            19.946485
          ],
          [
            73.517419,
            19.945734
          ],
          [
            73.517465,
            19.945555
          ]
        ]
      }
    },
    {
      "type": "Feature",
      "properties": {
        "type": "yellow-route"
      },
      "geometry": {
        "type": "LineString",
        "coordinates": [
          [
            73.54953,
            19.999942
          ],
          [
            73.549498,
            20.000172
          ],
          [
            73.549505,
            20.000236
          ],
          [
            73.549547,
            20.000356
          ],
          [
            73.549558,
            20.001012
          ],
          [
            73.549561,
            20.001236
          ],
          [
            73.549612,
            20.001546
          ],
          [
            73.549624,
            20.00192
          ],
          [
            73.549619,
            20.002069
          ],
          [
            73.54964,
            20.002271
          ],
          [
            73.549698,
            20.002343
          ],
          [
            73.549782,
            20.002498
          ],
          [
            73.549973,
            20.002741
          ],
          [
            73.550052,
            20.002776
          ],
          [
            73.550187,
            20.002789
          ],
          [
            73.55039,
            20.002765
          ],
          [
            73.550609,
            20.002804
          ],
          [
            73.550688,
            20.002848
          ],
          [
            73.550844,
            20.002925
          ],
          [
            73.551023,
            20.002971
          ],
          [
            73.551407,
            20.003065
          ],
          [
            73.551545,
            20.003146
          ],
          [
            73.551817,
            20.003336
          ],
          [
            73.551971,
            20.0035
          ],
          [
            73.552034,
            20.003638
          ],
          [
            73.552057,
            20.003868
          ],
          [
            73.551994,
            20.004056
          ],
          [
            73.551864,
            20.004369
          ],
          [
            73.551736,
            20.004653
          ],
          [
            73.55168,
            20.004756
          ],
          [
            73.551605,
            20.004999
          ],
          [
            73.551638,
            20.005135
          ],
          [
            73.551689,
            20.005248
          ],
          [
            73.55181,
            20.005288
          ],
          [
            73.551917,
            20.005386
          ],
          [
            73.552062,
            20.005498
          ],
          [
            73.55215,
            20.005601
          ],
          [
            73.552285,
            20.005605
          ],
          [
            73.552358,
            20.00562
          ],
          [
            73.552663,
            20.005676
          ],
          [
            73.553007,
            20.005746
          ],
          [
            73.553388,
            20.005731
          ],
          [
            73.553638,
            20.005704
          ],
          [
            73.553923,
            20.00568
          ],
          [
            73.553996,
            20.005664
          ],
          [
            73.554083,
            20.00562
          ],
          [
            73.554191,
            20.005548
          ],
          [
            73.554255,
            20.005527
          ],
          [
            73.555067,
            20.005486
          ],
          [
            73.554931,
            20.004959
          ],
          [
            73.554616,
            20.004743
          ],
          [
            73.554351,
            20.004654
          ],
          [
            73.554178,
            20.004568
          ],
          [
            73.553998,
            20.004408
          ],
          [
            73.553751,
            20.004143
          ],
          [
            73.553705,
            20.003977
          ],
          [
            73.553705,
            20.003765
          ],
          [
            73.553779,
            20.003463
          ],
          [
            73.553942,
            20.002909
          ],
          [
            73.554026,
            20.00278
          ],
          [
            73.554143,
            20.002637
          ],
          [
            73.55433,
            20.002435
          ],
          [
            73.554376,
            20.002286
          ],
          [
            73.554517,
            20.00199
          ],
          [
            73.554827,
            20.001712
          ],
          [
            73.555007,
            20.001599
          ],
          [
            73.555057,
            20.00148
          ],
          [
            73.555064,
            20.001307
          ],
          [
            73.55505,
            20.001171
          ],
          [
            73.555067,
            20.000946
          ],
          [
            73.555138,
            20.000777
          ],
          [
            73.555403,
            20.000485
          ],
          [
            73.555685,
            20.000239
          ],
          [
            73.555872,
            20.000063
          ],
          [
            73.555989,
            19.999891
          ],
          [
            73.556201,
            19.999456
          ],
          [
            73.556342,
            19.999075
          ],
          [
            73.556472,
            19.998866
          ],
          [
            73.556571,
            19.99864
          ],
          [
            73.556772,
            19.998485
          ],
          [
            73.557094,
            19.998189
          ],
          [
            73.55745,
            19.997821
          ],
          [
            73.557792,
            19.997486
          ],
          [
            73.557987,
            19.997337
          ],
          [
            73.558181,
            19.997291
          ],
          [
            73.558354,
            19.997237
          ],
          [
            73.558569,
            19.997125
          ],
          [
            73.558668,
            19.996876
          ],
          [
            73.558647,
            19.99672
          ],
          [
            73.558583,
            19.996584
          ],
          [
            73.558485,
            19.996417
          ],
          [
            73.558471,
            19.996294
          ],
          [
            73.55847,
            19.996155
          ],
          [
            73.558519,
            19.995588
          ],
          [
            73.55853,
            19.995368
          ],
          [
            73.558551,
            19.995178
          ],
          [
            73.558569,
            19.995028
          ],
          [
            73.558608,
            19.994873
          ],
          [
            73.558548,
            19.994743
          ],
          [
            73.558452,
            19.994657
          ],
          [
            73.558131,
            19.994378
          ],
          [
            73.558015,
            19.994169
          ],
          [
            73.557729,
            19.993473
          ],
          [
            73.557397,
            19.99267
          ],
          [
            73.557196,
            19.992411
          ],
          [
            73.556935,
            19.992126
          ],
          [
            73.556758,
            19.991917
          ],
          [
            73.556469,
            19.991393
          ],
          [
            73.556232,
            19.990448
          ],
          [
            73.556024,
            19.989817
          ],
          [
            73.555858,
            19.989655
          ],
          [
            73.555671,
            19.989622
          ],
          [
            73.555537,
            19.989582
          ],
          [
            73.555346,
            19.989486
          ],
          [
            73.555269,
            19.98937
          ],
          [
            73.555082,
            19.988948
          ],
          [
            73.55469,
            19.988146
          ],
          [
            73.554595,
            19.987837
          ],
          [
            73.554704,
            19.987068
          ],
          [
            73.554863,
            19.986248
          ],
          [
            73.554884,
            19.984905
          ],
          [
            73.554693,
            19.984381
          ],
          [
            73.554446,
            19.983687
          ],
          [
            73.554245,
            19.98317
          ],
          [
            73.554237,
            19.983075
          ],
          [
            73.554132,
            19.981823
          ],
          [
            73.554182,
            19.981236
          ],
          [
            73.554287,
            19.980679
          ],
          [
            73.554461,
            19.979894
          ],
          [
            73.554496,
            19.979737
          ],
          [
            73.554697,
            19.978722
          ],
          [
            73.554746,
            19.978141
          ],
          [
            73.554916,
            19.977597
          ],
          [
            73.555346,
            19.976861
          ],
          [
            73.555357,
            19.97629
          ],
          [
            73.55541,
            19.975537
          ],
          [
            73.55536,
            19.974628
          ],
          [
            73.555431,
            19.973603
          ],
          [
            73.555583,
            19.972996
          ],
          [
            73.555714,
            19.972608
          ],
          [
            73.556514,
            19.97104
          ],
          [
            73.556815,
            19.969931
          ],
          [
            73.556823,
            19.969879
          ],
          [
            73.556613,
            19.969786
          ],
          [
            73.556455,
            19.969725
          ],
          [
            73.556391,
            19.9697
          ],
          [
            73.556353,
            19.969657
          ],
          [
            73.55635,
            19.969539
          ],
          [
            73.556367,
            19.969446
          ],
          [
            73.556356,
            19.969365
          ],
          [
            73.556254,
            19.96909
          ],
          [
            73.556152,
            19.968787
          ],
          [
            73.55613,
            19.968657
          ],
          [
            73.55613,
            19.968308
          ],
          [
            73.55612,
            19.967935
          ],
          [
            73.556082,
            19.967774
          ],
          [
            73.556055,
            19.96758
          ],
          [
            73.556044,
            19.96729
          ],
          [
            73.556015,
            19.967091
          ],
          [
            73.555956,
            19.966909
          ],
          [
            73.555934,
            19.966682
          ],
          [
            73.555918,
            19.966398
          ],
          [
            73.555907,
            19.966191
          ],
          [
            73.555899,
            19.96604
          ],
          [
            73.555905,
            19.965944
          ],
          [
            73.555929,
            19.965762
          ],
          [
            73.55594,
            19.965525
          ],
          [
            73.555916,
            19.965346
          ],
          [
            73.555878,
            19.965137
          ],
          [
            73.555835,
            19.965016
          ],
          [
            73.5558,
            19.964951
          ],
          [
            73.555757,
            19.964925
          ],
          [
            73.555666,
            19.964905
          ],
          [
            73.555521,
            19.964882
          ],
          [
            73.555457,
            19.964852
          ],
          [
            73.555417,
            19.964794
          ],
          [
            73.555395,
            19.964698
          ],
          [
            73.555395,
            19.964494
          ],
          [
            73.555398,
            19.964245
          ],
          [
            73.555401,
            19.964136
          ],
          [
            73.555427,
            19.964071
          ],
          [
            73.555529,
            19.963912
          ],
          [
            73.555586,
            19.963743
          ],
          [
            73.55561,
            19.963624
          ],
          [
            73.555607,
            19.963574
          ],
          [
            73.555556,
            19.963524
          ],
          [
            73.555371,
            19.963506
          ],
          [
            73.55517,
            19.963463
          ],
          [
            73.555063,
            19.963418
          ],
          [
            73.555012,
            19.96338
          ],
          [
            73.554971,
            19.963365
          ],
          [
            73.554918,
            19.963372
          ],
          [
            73.554864,
            19.963375
          ],
          [
            73.554813,
            19.96336
          ],
          [
            73.554781,
            19.963327
          ],
          [
            73.55469,
            19.963115
          ],
          [
            73.554631,
            19.962994
          ],
          [
            73.554564,
            19.962969
          ],
          [
            73.554438,
            19.962924
          ],
          [
            73.55429,
            19.962868
          ],
          [
            73.554151,
            19.9628
          ],
          [
            73.553936,
            19.96274
          ],
          [
            73.553791,
            19.962649
          ],
          [
            73.553754,
            19.962583
          ],
          [
            73.553713,
            19.962379
          ],
          [
            73.553638,
            19.962104
          ],
          [
            73.553526,
            19.961754
          ],
          [
            73.553445,
            19.961479
          ],
          [
            73.553381,
            19.961217
          ],
          [
            73.553335,
            19.960902
          ],
          [
            73.553257,
            19.960561
          ],
          [
            73.55322,
            19.96034
          ],
          [
            73.553174,
            19.960168
          ],
          [
            73.553094,
            19.960002
          ],
          [
            73.553046,
            19.959916
          ],
          [
            73.553003,
            19.959818
          ],
          [
            73.552995,
            19.959709
          ],
          [
            73.552917,
            19.959382
          ],
          [
            73.552866,
            19.959225
          ],
          [
            73.552818,
            19.959152
          ],
          [
            73.552745,
            19.959064
          ],
          [
            73.552686,
            19.958996
          ],
          [
            73.552651,
            19.95889
          ],
          [
            73.552619,
            19.958706
          ],
          [
            73.552572,
            19.958587
          ],
          [
            73.552521,
            19.958499
          ],
          [
            73.552488,
            19.958375
          ],
          [
            73.552432,
            19.958239
          ],
          [
            73.552397,
            19.95802
          ],
          [
            73.552341,
            19.957753
          ],
          [
            73.552285,
            19.957468
          ],
          [
            73.552255,
            19.957284
          ],
          [
            73.552244,
            19.957132
          ],
          [
            73.552242,
            19.956991
          ],
          [
            73.552263,
            19.956782
          ],
          [
            73.552293,
            19.956401
          ],
          [
            73.552293,
            19.956255
          ],
          [
            73.552282,
            19.956132
          ],
          [
            73.55226,
            19.955927
          ],
          [
            73.552234,
            19.955847
          ],
          [
            73.552177,
            19.955726
          ],
          [
            73.552148,
            19.955592
          ],
          [
            73.552124,
            19.955443
          ],
          [
            73.552124,
            19.955277
          ]
        ]
      }
    },
    {
      "type": "Feature",
      "properties": {
        "type": "yellow-route"
      },
      "geometry": {
        "type": "LineString",
        "coordinates": [
          [
            73.780195,
            19.990117
          ],
          [
            73.780346,
            19.990353
          ],
          [
            73.780532,
            19.990606
          ],
          [
            73.780246,
            19.990794
          ],
          [
            73.779884,
            19.991033
          ],
          [
            73.779659,
            19.991181
          ],
          [
            73.779459,
            19.991313
          ],
          [
            73.7794,
            19.991352
          ],
          [
            73.77905,
            19.991537
          ],
          [
            73.778837,
            19.99165
          ],
          [
            73.778385,
            19.991889
          ],
          [
            73.778124,
            19.992027
          ],
          [
            73.777646,
            19.99228
          ],
          [
            73.776555,
            19.992801
          ],
          [
            73.7764,
            19.992933
          ],
          [
            73.776376,
            19.992913
          ],
          [
            73.776295,
            19.992889
          ],
          [
            73.776257,
            19.992894
          ],
          [
            73.776215,
            19.992913
          ],
          [
            73.776182,
            19.992944
          ],
          [
            73.776161,
            19.992983
          ],
          [
            73.775921,
            19.993052
          ],
          [
            73.775713,
            19.993067
          ],
          [
            73.775469,
            19.993055
          ],
          [
            73.775224,
            19.993033
          ],
          [
            73.77511,
            19.993008
          ],
          [
            73.774224,
            19.992861
          ],
          [
            73.773993,
            19.992828
          ],
          [
            73.773536,
            19.992751
          ],
          [
            73.77307,
            19.992666
          ],
          [
            73.772734,
            19.992619
          ],
          [
            73.77251,
            19.992655
          ],
          [
            73.772377,
            19.992714
          ],
          [
            73.772309,
            19.992769
          ],
          [
            73.772246,
            19.992821
          ],
          [
            73.772163,
            19.99294
          ],
          [
            73.772095,
            19.993084
          ],
          [
            73.772048,
            19.993222
          ],
          [
            73.771877,
            19.993987
          ],
          [
            73.771847,
            19.99424
          ],
          [
            73.771786,
            19.994259
          ],
          [
            73.771756,
            19.994278
          ],
          [
            73.771718,
            19.99432
          ],
          [
            73.771704,
            19.994348
          ],
          [
            73.771693,
            19.994391
          ],
          [
            73.771584,
            19.994467
          ],
          [
            73.771544,
            19.994484
          ],
          [
            73.771494,
            19.994497
          ],
          [
            73.771435,
            19.994506
          ],
          [
            73.769378,
            19.994595
          ],
          [
            73.769263,
            19.994596
          ],
          [
            73.768345,
            19.994602
          ],
          [
            73.766203,
            19.994614
          ],
          [
            73.765686,
            19.994617
          ],
          [
            73.765329,
            19.994619
          ],
          [
            73.765129,
            19.99462
          ],
          [
            73.764872,
            19.994622
          ],
          [
            73.763947,
            19.994595
          ],
          [
            73.763455,
            19.994587
          ],
          [
            73.762284,
            19.994523
          ],
          [
            73.761568,
            19.994477
          ],
          [
            73.761193,
            19.99445
          ],
          [
            73.760651,
            19.994421
          ],
          [
            73.760217,
            19.994391
          ],
          [
            73.759594,
            19.994363
          ],
          [
            73.758811,
            19.994294
          ],
          [
            73.756417,
            19.994061
          ],
          [
            73.754376,
            19.993726
          ],
          [
            73.754217,
            19.993689
          ],
          [
            73.754076,
            19.993665
          ],
          [
            73.753918,
            19.993639
          ],
          [
            73.75249,
            19.993402
          ],
          [
            73.75201,
            19.993318
          ],
          [
            73.75138,
            19.993216
          ],
          [
            73.750873,
            19.993147
          ],
          [
            73.750604,
            19.993098
          ],
          [
            73.749913,
            19.992978
          ],
          [
            73.749795,
            19.992961
          ],
          [
            73.749508,
            19.992918
          ],
          [
            73.745964,
            19.992296
          ],
          [
            73.745748,
            19.992258
          ],
          [
            73.745484,
            19.992212
          ],
          [
            73.744341,
            19.992021
          ],
          [
            73.742849,
            19.99184
          ],
          [
            73.742448,
            19.991803
          ],
          [
            73.742168,
            19.991777
          ],
          [
            73.742139,
            19.991745
          ],
          [
            73.742102,
            19.991724
          ],
          [
            73.742059,
            19.991714
          ],
          [
            73.742044,
            19.991715
          ],
          [
            73.742016,
            19.991717
          ],
          [
            73.741975,
            19.991731
          ],
          [
            73.741593,
            19.99169
          ],
          [
            73.739127,
            19.991315
          ],
          [
            73.738906,
            19.99129
          ],
          [
            73.738459,
            19.991242
          ],
          [
            73.737893,
            19.991276
          ],
          [
            73.736891,
            19.991177
          ],
          [
            73.736118,
            19.991112
          ],
          [
            73.735626,
            19.991083
          ],
          [
            73.735453,
            19.991064
          ],
          [
            73.735246,
            19.99104
          ],
          [
            73.734966,
            19.991004
          ],
          [
            73.734441,
            19.990947
          ],
          [
            73.733929,
            19.990887
          ],
          [
            73.73366,
            19.990836
          ],
          [
            73.733284,
            19.990774
          ],
          [
            73.731994,
            19.990523
          ],
          [
            73.731439,
            19.990404
          ],
          [
            73.731217,
            19.990299
          ],
          [
            73.73097,
            19.990264
          ],
          [
            73.730947,
            19.990252
          ],
          [
            73.730922,
            19.990248
          ],
          [
            73.729027,
            19.989379
          ],
          [
            73.729011,
            19.989358
          ],
          [
            73.728987,
            19.989343
          ],
          [
            73.72896,
            19.989335
          ],
          [
            73.728931,
            19.989337
          ],
          [
            73.72869,
            19.989202
          ],
          [
            73.728133,
            19.988814
          ],
          [
            73.726605,
            19.987681
          ],
          [
            73.726288,
            19.987446
          ],
          [
            73.725768,
            19.987054
          ],
          [
            73.725615,
            19.986938
          ],
          [
            73.72533,
            19.986723
          ],
          [
            73.724931,
            19.98642
          ],
          [
            73.724248,
            19.985968
          ],
          [
            73.724165,
            19.985913
          ],
          [
            73.723695,
            19.985674
          ],
          [
            73.723674,
            19.985658
          ],
          [
            73.723621,
            19.985648
          ],
          [
            73.723594,
            19.985656
          ],
          [
            73.72337,
            19.985589
          ],
          [
            73.723141,
            19.98552
          ],
          [
            73.722847,
            19.985367
          ],
          [
            73.722145,
            19.984998
          ],
          [
            73.721797,
            19.984818
          ],
          [
            73.721734,
            19.984786
          ],
          [
            73.721431,
            19.984675
          ],
          [
            73.720241,
            19.98421
          ],
          [
            73.719773,
            19.984025
          ],
          [
            73.719377,
            19.983869
          ],
          [
            73.719255,
            19.98382
          ],
          [
            73.718892,
            19.983613
          ],
          [
            73.718499,
            19.983329
          ],
          [
            73.7184,
            19.983256
          ],
          [
            73.718341,
            19.983212
          ],
          [
            73.718288,
            19.983173
          ],
          [
            73.718072,
            19.983014
          ],
          [
            73.717316,
            19.982378
          ],
          [
            73.717013,
            19.982124
          ],
          [
            73.716656,
            19.981929
          ],
          [
            73.716372,
            19.981815
          ],
          [
            73.716015,
            19.981719
          ],
          [
            73.71448,
            19.981392
          ],
          [
            73.71426,
            19.981398
          ],
          [
            73.71413,
            19.981404
          ],
          [
            73.714038,
            19.98142
          ],
          [
            73.713256,
            19.981581
          ],
          [
            73.712841,
            19.981614
          ],
          [
            73.712585,
            19.981564
          ],
          [
            73.712285,
            19.981445
          ],
          [
            73.711363,
            19.980724
          ],
          [
            73.710567,
            19.980178
          ],
          [
            73.710059,
            19.979811
          ],
          [
            73.710032,
            19.979792
          ],
          [
            73.709763,
            19.9796
          ],
          [
            73.709565,
            19.979514
          ],
          [
            73.709349,
            19.979461
          ],
          [
            73.708391,
            19.979305
          ],
          [
            73.708227,
            19.979279
          ],
          [
            73.707772,
            19.979248
          ],
          [
            73.707329,
            19.979236
          ],
          [
            73.706558,
            19.979191
          ],
          [
            73.705983,
            19.979116
          ],
          [
            73.705678,
            19.979072
          ],
          [
            73.7054,
            19.97903
          ],
          [
            73.705007,
            19.978992
          ],
          [
            73.704804,
            19.97898
          ],
          [
            73.704059,
            19.978958
          ],
          [
            73.703614,
            19.978946
          ],
          [
            73.703145,
            19.978939
          ],
          [
            73.702799,
            19.978929
          ],
          [
            73.702488,
            19.978913
          ],
          [
            73.702366,
            19.978906
          ],
          [
            73.702179,
            19.978895
          ],
          [
            73.701854,
            19.978868
          ],
          [
            73.701427,
            19.978792
          ],
          [
            73.701167,
            19.978732
          ],
          [
            73.700744,
            19.978618
          ],
          [
            73.700319,
            19.978503
          ],
          [
            73.700012,
            19.978423
          ],
          [
            73.699702,
            19.978362
          ],
          [
            73.69965,
            19.978352
          ],
          [
            73.69927,
            19.978293
          ],
          [
            73.69902,
            19.978268
          ],
          [
            73.698618,
            19.978217
          ],
          [
            73.698322,
            19.978183
          ],
          [
            73.697806,
            19.978117
          ],
          [
            73.69743,
            19.97807
          ],
          [
            73.697088,
            19.978023
          ],
          [
            73.696529,
            19.977941
          ],
          [
            73.696182,
            19.97789
          ],
          [
            73.695756,
            19.977825
          ],
          [
            73.695423,
            19.97777
          ],
          [
            73.695212,
            19.977733
          ],
          [
            73.694957,
            19.977692
          ],
          [
            73.694788,
            19.977647
          ],
          [
            73.694658,
            19.977602
          ],
          [
            73.6944,
            19.977516
          ],
          [
            73.694085,
            19.977391
          ],
          [
            73.69386,
            19.977308
          ],
          [
            73.693551,
            19.977176
          ],
          [
            73.69319,
            19.977018
          ],
          [
            73.693095,
            19.976976
          ],
          [
            73.693039,
            19.97695
          ],
          [
            73.692958,
            19.9769
          ],
          [
            73.692852,
            19.97684
          ],
          [
            73.692761,
            19.976789
          ],
          [
            73.692614,
            19.976695
          ],
          [
            73.692404,
            19.976539
          ],
          [
            73.692131,
            19.976294
          ],
          [
            73.692011,
            19.976207
          ],
          [
            73.691998,
            19.976195
          ],
          [
            73.691771,
            19.976004
          ],
          [
            73.691593,
            19.975851
          ],
          [
            73.691393,
            19.975718
          ],
          [
            73.691188,
            19.975607
          ],
          [
            73.691012,
            19.975508
          ],
          [
            73.690586,
            19.975355
          ],
          [
            73.690105,
            19.975184
          ],
          [
            73.690072,
            19.975173
          ],
          [
            73.689764,
            19.975062
          ],
          [
            73.689363,
            19.974917
          ],
          [
            73.688613,
            19.974655
          ],
          [
            73.688161,
            19.974501
          ],
          [
            73.687685,
            19.974323
          ],
          [
            73.686241,
            19.973815
          ],
          [
            73.685655,
            19.973607
          ],
          [
            73.685388,
            19.973513
          ],
          [
            73.683953,
            19.972989
          ],
          [
            73.682542,
            19.972519
          ],
          [
            73.681895,
            19.972351
          ],
          [
            73.681347,
            19.972191
          ],
          [
            73.68116,
            19.972144
          ],
          [
            73.680826,
            19.972061
          ],
          [
            73.680723,
            19.972034
          ],
          [
            73.68066,
            19.972017
          ],
          [
            73.680314,
            19.971927
          ],
          [
            73.680257,
            19.971912
          ],
          [
            73.679708,
            19.971782
          ],
          [
            73.67942,
            19.971717
          ],
          [
            73.679054,
            19.971637
          ],
          [
            73.678594,
            19.97156
          ],
          [
            73.678045,
            19.971411
          ],
          [
            73.677423,
            19.971209
          ],
          [
            73.676899,
            19.971029
          ],
          [
            73.676675,
            19.970957
          ],
          [
            73.676322,
            19.970857
          ],
          [
            73.676023,
            19.970756
          ],
          [
            73.675639,
            19.970638
          ],
          [
            73.675167,
            19.970479
          ],
          [
            73.674653,
            19.970332
          ],
          [
            73.674374,
            19.970244
          ],
          [
            73.673962,
            19.970116
          ],
          [
            73.673468,
            19.969957
          ],
          [
            73.673111,
            19.969851
          ],
          [
            73.672408,
            19.969628
          ],
          [
            73.672116,
            19.969536
          ],
          [
            73.671523,
            19.969363
          ],
          [
            73.671174,
            19.969251
          ],
          [
            73.670742,
            19.969112
          ],
          [
            73.67056,
            19.969065
          ],
          [
            73.670466,
            19.969028
          ],
          [
            73.66988,
            19.968843
          ],
          [
            73.669602,
            19.968753
          ],
          [
            73.669163,
            19.968615
          ],
          [
            73.668671,
            19.96847
          ],
          [
            73.668436,
            19.968398
          ],
          [
            73.66777,
            19.968175
          ],
          [
            73.667104,
            19.967968
          ],
          [
            73.666665,
            19.967704
          ],
          [
            73.6666,
            19.967665
          ],
          [
            73.666326,
            19.967479
          ],
          [
            73.666116,
            19.967361
          ],
          [
            73.666048,
            19.967323
          ],
          [
            73.665887,
            19.967237
          ],
          [
            73.665661,
            19.967156
          ],
          [
            73.665559,
            19.967121
          ],
          [
            73.665361,
            19.967074
          ],
          [
            73.665093,
            19.967024
          ],
          [
            73.664616,
            19.966958
          ],
          [
            73.663403,
            19.966762
          ],
          [
            73.662899,
            19.966651
          ],
          [
            73.662196,
            19.966373
          ],
          [
            73.661799,
            19.966228
          ],
          [
            73.661714,
            19.966197
          ],
          [
            73.661236,
            19.966041
          ],
          [
            73.660802,
            19.965935
          ],
          [
            73.660238,
            19.965854
          ],
          [
            73.660197,
            19.96585
          ],
          [
            73.658023,
            19.965642
          ],
          [
            73.655255,
            19.965486
          ],
          [
            73.652819,
            19.965294
          ],
          [
            73.651484,
            19.965138
          ],
          [
            73.650754,
            19.965062
          ],
          [
            73.650025,
            19.964941
          ],
          [
            73.649322,
            19.96474
          ],
          [
            73.648458,
            19.964459
          ],
          [
            73.647912,
            19.964241
          ],
          [
            73.64746,
            19.963999
          ],
          [
            73.647266,
            19.963878
          ],
          [
            73.644688,
            19.962273
          ],
          [
            73.644342,
            19.962063
          ],
          [
            73.64396,
            19.961837
          ],
          [
            73.643629,
            19.961653
          ],
          [
            73.642298,
            19.960851
          ],
          [
            73.641733,
            19.960494
          ],
          [
            73.64146,
            19.96034
          ],
          [
            73.641255,
            19.960259
          ],
          [
            73.641012,
            19.960209
          ],
          [
            73.639195,
            19.959999
          ],
          [
            73.637458,
            19.959795
          ],
          [
            73.63635,
            19.959674
          ],
          [
            73.635902,
            19.95966
          ],
          [
            73.635478,
            19.959681
          ],
          [
            73.633972,
            19.959966
          ],
          [
            73.63305,
            19.960098
          ],
          [
            73.632523,
            19.960088
          ],
          [
            73.631309,
            19.959895
          ],
          [
            73.63008,
            19.959698
          ],
          [
            73.629116,
            19.959556
          ],
          [
            73.628771,
            19.959471
          ],
          [
            73.627831,
            19.959072
          ],
          [
            73.627379,
            19.958875
          ],
          [
            73.627047,
            19.958628
          ],
          [
            73.626914,
            19.958496
          ],
          [
            73.626793,
            19.958367
          ],
          [
            73.626603,
            19.958079
          ],
          [
            73.626455,
            19.957893
          ],
          [
            73.626288,
            19.957722
          ],
          [
            73.625894,
            19.957483
          ],
          [
            73.625564,
            19.957394
          ],
          [
            73.625314,
            19.957355
          ],
          [
            73.625128,
            19.957358
          ],
          [
            73.623231,
            19.957596
          ],
          [
            73.621882,
            19.957935
          ],
          [
            73.621151,
            19.958155
          ],
          [
            73.620105,
            19.958567
          ],
          [
            73.61974,
            19.958728
          ],
          [
            73.618986,
            19.959046
          ],
          [
            73.618571,
            19.959156
          ],
          [
            73.618206,
            19.959186
          ],
          [
            73.617601,
            19.959173
          ],
          [
            73.615693,
            19.958995
          ],
          [
            73.615179,
            19.958944
          ],
          [
            73.614575,
            19.958838
          ],
          [
            73.613348,
            19.958615
          ],
          [
            73.612283,
            19.958431
          ],
          [
            73.610835,
            19.958172
          ],
          [
            73.609734,
            19.957969
          ],
          [
            73.60823,
            19.957693
          ],
          [
            73.607835,
            19.957621
          ],
          [
            73.605959,
            19.957286
          ],
          [
            73.603919,
            19.956949
          ],
          [
            73.603603,
            19.956864
          ],
          [
            73.603093,
            19.956596
          ],
          [
            73.60187,
            19.955815
          ],
          [
            73.601521,
            19.955618
          ],
          [
            73.601234,
            19.95554
          ],
          [
            73.600674,
            19.955452
          ],
          [
            73.59911,
            19.955237
          ],
          [
            73.597927,
            19.955074
          ],
          [
            73.596142,
            19.954945
          ],
          [
            73.595816,
            19.954921
          ],
          [
            73.593818,
            19.954776
          ],
          [
            73.591877,
            19.95464
          ],
          [
            73.590862,
            19.954559
          ],
          [
            73.590256,
            19.954474
          ],
          [
            73.588277,
            19.954035
          ],
          [
            73.586093,
            19.953521
          ],
          [
            73.585119,
            19.953217
          ],
          [
            73.585209,
            19.952942
          ],
          [
            73.585267,
            19.952721
          ],
          [
            73.585348,
            19.952495
          ],
          [
            73.585439,
            19.95231
          ],
          [
            73.585521,
            19.952166
          ],
          [
            73.58556,
            19.952048
          ],
          [
            73.585593,
            19.95185
          ],
          [
            73.585646,
            19.951579
          ],
          [
            73.585689,
            19.951439
          ],
          [
            73.58579,
            19.951222
          ],
          [
            73.585891,
            19.951037
          ],
          [
            73.586025,
            19.950902
          ],
          [
            73.586049,
            19.950839
          ],
          [
            73.586025,
            19.950749
          ],
          [
            73.585848,
            19.950582
          ],
          [
            73.585483,
            19.950293
          ],
          [
            73.585367,
            19.950207
          ],
          [
            73.585161,
            19.950121
          ],
          [
            73.584993,
            19.950094
          ],
          [
            73.584849,
            19.95009
          ],
          [
            73.584671,
            19.950072
          ],
          [
            73.584484,
            19.95004
          ],
          [
            73.584345,
            19.950017
          ],
          [
            73.583879,
            19.949972
          ],
          [
            73.583653,
            19.949927
          ],
          [
            73.583524,
            19.949909
          ],
          [
            73.583457,
            19.949859
          ],
          [
            73.583418,
            19.94981
          ],
          [
            73.583394,
            19.949733
          ],
          [
            73.583413,
            19.949679
          ],
          [
            73.58349,
            19.94962
          ],
          [
            73.58374,
            19.949516
          ],
          [
            73.583884,
            19.949449
          ],
          [
            73.584009,
            19.949318
          ],
          [
            73.584114,
            19.949191
          ],
          [
            73.58422,
            19.949088
          ],
          [
            73.58434,
            19.948934
          ],
          [
            73.584402,
            19.94883
          ],
          [
            73.584479,
            19.948722
          ],
          [
            73.584561,
            19.948659
          ],
          [
            73.5847,
            19.948582
          ],
          [
            73.584887,
            19.948424
          ],
          [
            73.585041,
            19.948275
          ],
          [
            73.585108,
            19.948167
          ],
          [
            73.585099,
            19.948113
          ],
          [
            73.585055,
            19.947991
          ],
          [
            73.585051,
            19.947914
          ],
          [
            73.585094,
            19.94786
          ],
          [
            73.585166,
            19.947734
          ],
          [
            73.585257,
            19.947612
          ],
          [
            73.585339,
            19.947513
          ],
          [
            73.585406,
            19.947458
          ],
          [
            73.585483,
            19.947427
          ],
          [
            73.585608,
            19.947427
          ],
          [
            73.585747,
            19.947391
          ],
          [
            73.585833,
            19.947323
          ],
          [
            73.585929,
            19.947219
          ],
          [
            73.585987,
            19.947097
          ],
          [
            73.586035,
            19.946908
          ],
          [
            73.586035,
            19.946831
          ],
          [
            73.585996,
            19.946772
          ],
          [
            73.585905,
            19.946741
          ],
          [
            73.585752,
            19.946714
          ],
          [
            73.585627,
            19.94666
          ],
          [
            73.585555,
            19.946673
          ],
          [
            73.585507,
            19.946736
          ],
          [
            73.58543,
            19.946899
          ],
          [
            73.585353,
            19.946971
          ],
          [
            73.58531,
            19.946971
          ],
          [
            73.585276,
            19.946935
          ],
          [
            73.585271,
            19.946741
          ],
          [
            73.585252,
            19.946678
          ],
          [
            73.585199,
            19.94666
          ],
          [
            73.585161,
            19.946691
          ],
          [
            73.585118,
            19.946759
          ],
          [
            73.584892,
            19.947097
          ],
          [
            73.584868,
            19.947147
          ],
          [
            73.584815,
            19.947161
          ],
          [
            73.584787,
            19.947129
          ],
          [
            73.584777,
            19.947075
          ],
          [
            73.58482,
            19.946994
          ],
          [
            73.584863,
            19.946921
          ],
          [
            73.584897,
            19.946827
          ],
          [
            73.584916,
            19.946727
          ],
          [
            73.584897,
            19.946664
          ],
          [
            73.584849,
            19.946673
          ],
          [
            73.584811,
            19.946718
          ],
          [
            73.584782,
            19.946822
          ],
          [
            73.584513,
            19.947215
          ],
          [
            73.584441,
            19.947309
          ],
          [
            73.584378,
            19.947341
          ],
          [
            73.58433,
            19.947341
          ],
          [
            73.584302,
            19.947287
          ],
          [
            73.584311,
            19.947233
          ],
          [
            73.584498,
            19.946818
          ],
          [
            73.584542,
            19.946727
          ],
          [
            73.584551,
            19.946642
          ],
          [
            73.584551,
            19.946574
          ],
          [
            73.584527,
            19.946529
          ],
          [
            73.584479,
            19.946556
          ],
          [
            73.58445,
            19.946628
          ],
          [
            73.584306,
            19.946917
          ],
          [
            73.584268,
            19.946957
          ],
          [
            73.584234,
            19.946939
          ],
          [
            73.584206,
            19.946885
          ],
          [
            73.58423,
            19.946813
          ],
          [
            73.584278,
            19.946651
          ],
          [
            73.584278,
            19.946565
          ],
          [
            73.584268,
            19.946465
          ],
          [
            73.584249,
            19.946366
          ],
          [
            73.584167,
            19.94624
          ],
          [
            73.584042,
            19.946082
          ],
          [
            73.58398,
            19.946113
          ],
          [
            73.583941,
            19.946181
          ],
          [
            73.583903,
            19.946299
          ],
          [
            73.583927,
            19.94642
          ],
          [
            73.583956,
            19.946551
          ],
          [
            73.583917,
            19.946809
          ],
          [
            73.583884,
            19.94689
          ],
          [
            73.583826,
            19.946894
          ],
          [
            73.583788,
            19.946854
          ],
          [
            73.583783,
            19.946682
          ],
          [
            73.583778,
            19.94661
          ],
          [
            73.583745,
            19.946529
          ],
          [
            73.583581,
            19.946366
          ],
          [
            73.583495,
            19.946289
          ],
          [
            73.583332,
            19.946213
          ],
          [
            73.583173,
            19.946095
          ],
          [
            73.583077,
            19.946041
          ],
          [
            73.583048,
            19.945983
          ],
          [
            73.58301,
            19.945879
          ],
          [
            73.583024,
            19.945603
          ],
          [
            73.583058,
            19.945351
          ],
          [
            73.583149,
            19.945116
          ],
          [
            73.583231,
            19.944972
          ],
          [
            73.58325,
            19.944899
          ],
          [
            73.58324,
            19.944755
          ],
          [
            73.583116,
            19.944258
          ],
          [
            73.582996,
            19.943965
          ],
          [
            73.582708,
            19.943464
          ],
          [
            73.58253,
            19.943189
          ],
          [
            73.582405,
            19.943022
          ],
          [
            73.582352,
            19.942927
          ],
          [
            73.582314,
            19.942805
          ],
          [
            73.582275,
            19.942692
          ],
          [
            73.582275,
            19.942584
          ],
          [
            73.582295,
            19.942435
          ],
          [
            73.582472,
            19.941731
          ],
          [
            73.582655,
            19.941194
          ],
          [
            73.582756,
            19.940748
          ],
          [
            73.582765,
            19.940706
          ],
          [
            73.582765,
            19.940594
          ],
          [
            73.582712,
            19.940287
          ],
          [
            73.582684,
            19.940066
          ],
          [
            73.582645,
            19.939831
          ],
          [
            73.582496,
            19.939519
          ],
          [
            73.582304,
            19.93905
          ],
          [
            73.582237,
            19.938716
          ],
          [
            73.582083,
            19.938016
          ],
          [
            73.581968,
            19.937461
          ],
          [
            73.581925,
            19.937172
          ],
          [
            73.581935,
            19.936906
          ],
          [
            73.581925,
            19.936717
          ],
          [
            73.581954,
            19.936383
          ],
          [
            73.582007,
            19.936139
          ],
          [
            73.582055,
            19.935877
          ],
          [
            73.58204,
            19.935593
          ],
          [
            73.581997,
            19.93534
          ],
          [
            73.581944,
            19.935132
          ],
          [
            73.581752,
            19.934735
          ],
          [
            73.581541,
            19.934333
          ],
          [
            73.581421,
            19.934099
          ],
          [
            73.581402,
            19.933986
          ],
          [
            73.58143,
            19.933932
          ],
          [
            73.581493,
            19.933877
          ],
          [
            73.581622,
            19.933841
          ],
          [
            73.581968,
            19.933846
          ],
          [
            73.581622,
            19.933841
          ],
          [
            73.581493,
            19.933877
          ],
          [
            73.58143,
            19.933932
          ],
          [
            73.581402,
            19.933986
          ],
          [
            73.581421,
            19.934099
          ],
          [
            73.581541,
            19.934333
          ],
          [
            73.581752,
            19.934735
          ],
          [
            73.581944,
            19.935132
          ],
          [
            73.581997,
            19.93534
          ],
          [
            73.58204,
            19.935593
          ],
          [
            73.582055,
            19.935877
          ],
          [
            73.582007,
            19.936139
          ],
          [
            73.581954,
            19.936383
          ],
          [
            73.581925,
            19.936717
          ],
          [
            73.581935,
            19.936906
          ],
          [
            73.581925,
            19.937172
          ],
          [
            73.581968,
            19.937461
          ],
          [
            73.582083,
            19.938016
          ],
          [
            73.582237,
            19.938716
          ],
          [
            73.582304,
            19.93905
          ],
          [
            73.582496,
            19.939519
          ],
          [
            73.582645,
            19.939831
          ],
          [
            73.582684,
            19.940066
          ],
          [
            73.582712,
            19.940287
          ],
          [
            73.582765,
            19.940594
          ],
          [
            73.582765,
            19.940706
          ],
          [
            73.582756,
            19.940748
          ],
          [
            73.582655,
            19.941194
          ],
          [
            73.582472,
            19.941731
          ],
          [
            73.582295,
            19.942435
          ],
          [
            73.582275,
            19.942584
          ],
          [
            73.582275,
            19.942692
          ],
          [
            73.582314,
            19.942805
          ],
          [
            73.582352,
            19.942927
          ],
          [
            73.582405,
            19.943022
          ],
          [
            73.58253,
            19.943189
          ],
          [
            73.582708,
            19.943464
          ],
          [
            73.582996,
            19.943965
          ],
          [
            73.583116,
            19.944258
          ],
          [
            73.58324,
            19.944755
          ],
          [
            73.58325,
            19.944899
          ],
          [
            73.583231,
            19.944972
          ],
          [
            73.583149,
            19.945116
          ],
          [
            73.583058,
            19.945351
          ],
          [
            73.583056,
            19.945364
          ],
          [
            73.583024,
            19.945603
          ],
          [
            73.58301,
            19.945879
          ],
          [
            73.583048,
            19.945983
          ],
          [
            73.583077,
            19.946041
          ],
          [
            73.583173,
            19.946095
          ],
          [
            73.583332,
            19.946213
          ],
          [
            73.583495,
            19.946289
          ],
          [
            73.583581,
            19.946366
          ],
          [
            73.583745,
            19.946529
          ],
          [
            73.583778,
            19.94661
          ],
          [
            73.583783,
            19.946682
          ],
          [
            73.583788,
            19.946854
          ],
          [
            73.583826,
            19.946894
          ],
          [
            73.583884,
            19.94689
          ],
          [
            73.583917,
            19.946809
          ],
          [
            73.583956,
            19.946551
          ],
          [
            73.583927,
            19.94642
          ],
          [
            73.583903,
            19.946299
          ],
          [
            73.583941,
            19.946181
          ],
          [
            73.58398,
            19.946113
          ],
          [
            73.584042,
            19.946082
          ],
          [
            73.584167,
            19.94624
          ],
          [
            73.584249,
            19.946366
          ],
          [
            73.584268,
            19.946465
          ],
          [
            73.584278,
            19.946565
          ],
          [
            73.584278,
            19.946651
          ],
          [
            73.58423,
            19.946813
          ],
          [
            73.584206,
            19.946885
          ],
          [
            73.584234,
            19.946939
          ],
          [
            73.584268,
            19.946957
          ],
          [
            73.584306,
            19.946917
          ],
          [
            73.58445,
            19.946628
          ],
          [
            73.584479,
            19.946556
          ],
          [
            73.584527,
            19.946529
          ],
          [
            73.584551,
            19.946574
          ],
          [
            73.584551,
            19.946642
          ],
          [
            73.584542,
            19.946727
          ],
          [
            73.584498,
            19.946818
          ],
          [
            73.584311,
            19.947233
          ],
          [
            73.584302,
            19.947287
          ],
          [
            73.58433,
            19.947341
          ],
          [
            73.584378,
            19.947341
          ],
          [
            73.584441,
            19.947309
          ],
          [
            73.584513,
            19.947215
          ],
          [
            73.584782,
            19.946822
          ],
          [
            73.584811,
            19.946718
          ],
          [
            73.584849,
            19.946673
          ],
          [
            73.584897,
            19.946664
          ],
          [
            73.584916,
            19.946727
          ],
          [
            73.584897,
            19.946827
          ],
          [
            73.584863,
            19.946921
          ],
          [
            73.58482,
            19.946994
          ],
          [
            73.584777,
            19.947075
          ],
          [
            73.584787,
            19.947129
          ],
          [
            73.584815,
            19.947161
          ],
          [
            73.584868,
            19.947147
          ],
          [
            73.584892,
            19.947097
          ],
          [
            73.585118,
            19.946759
          ],
          [
            73.585161,
            19.946691
          ],
          [
            73.585199,
            19.94666
          ],
          [
            73.585252,
            19.946678
          ],
          [
            73.585271,
            19.946741
          ],
          [
            73.585276,
            19.946935
          ],
          [
            73.58531,
            19.946971
          ],
          [
            73.585353,
            19.946971
          ],
          [
            73.58543,
            19.946899
          ],
          [
            73.585507,
            19.946736
          ],
          [
            73.585555,
            19.946673
          ],
          [
            73.585627,
            19.94666
          ],
          [
            73.585752,
            19.946714
          ],
          [
            73.585905,
            19.946741
          ],
          [
            73.585996,
            19.946772
          ],
          [
            73.586035,
            19.946831
          ],
          [
            73.586035,
            19.946908
          ],
          [
            73.585987,
            19.947097
          ],
          [
            73.585929,
            19.947219
          ],
          [
            73.585833,
            19.947323
          ],
          [
            73.585747,
            19.947391
          ],
          [
            73.585608,
            19.947427
          ],
          [
            73.585483,
            19.947427
          ],
          [
            73.585406,
            19.947458
          ],
          [
            73.585339,
            19.947513
          ],
          [
            73.585257,
            19.947612
          ],
          [
            73.585166,
            19.947734
          ],
          [
            73.585094,
            19.94786
          ],
          [
            73.585051,
            19.947914
          ],
          [
            73.585055,
            19.947991
          ],
          [
            73.585099,
            19.948113
          ],
          [
            73.585108,
            19.948167
          ],
          [
            73.585041,
            19.948275
          ],
          [
            73.584887,
            19.948424
          ],
          [
            73.5847,
            19.948582
          ],
          [
            73.584561,
            19.948659
          ],
          [
            73.584479,
            19.948722
          ],
          [
            73.584402,
            19.94883
          ],
          [
            73.58434,
            19.948934
          ],
          [
            73.58422,
            19.949088
          ],
          [
            73.584114,
            19.949191
          ],
          [
            73.584009,
            19.949318
          ],
          [
            73.583884,
            19.949449
          ],
          [
            73.58374,
            19.949516
          ],
          [
            73.58349,
            19.94962
          ],
          [
            73.583413,
            19.949679
          ],
          [
            73.583394,
            19.949733
          ],
          [
            73.583418,
            19.94981
          ],
          [
            73.583457,
            19.949859
          ],
          [
            73.583524,
            19.949909
          ],
          [
            73.583653,
            19.949927
          ],
          [
            73.583879,
            19.949972
          ],
          [
            73.584345,
            19.950017
          ],
          [
            73.584484,
            19.95004
          ],
          [
            73.584671,
            19.950072
          ],
          [
            73.584849,
            19.95009
          ],
          [
            73.584993,
            19.950094
          ],
          [
            73.585161,
            19.950121
          ],
          [
            73.585367,
            19.950207
          ],
          [
            73.585483,
            19.950293
          ],
          [
            73.585848,
            19.950582
          ],
          [
            73.586025,
            19.950749
          ],
          [
            73.586049,
            19.950839
          ],
          [
            73.586025,
            19.950902
          ],
          [
            73.585891,
            19.951037
          ],
          [
            73.58579,
            19.951222
          ],
          [
            73.585689,
            19.951439
          ],
          [
            73.585646,
            19.951579
          ],
          [
            73.585593,
            19.95185
          ],
          [
            73.58556,
            19.952048
          ],
          [
            73.585521,
            19.952166
          ],
          [
            73.585439,
            19.95231
          ],
          [
            73.585348,
            19.952495
          ],
          [
            73.585267,
            19.952721
          ],
          [
            73.585209,
            19.952942
          ],
          [
            73.585119,
            19.953217
          ],
          [
            73.584672,
            19.953188
          ],
          [
            73.584157,
            19.953193
          ],
          [
            73.583309,
            19.953132
          ],
          [
            73.582736,
            19.953052
          ],
          [
            73.58053,
            19.952744
          ],
          [
            73.578218,
            19.952472
          ],
          [
            73.575461,
            19.952079
          ],
          [
            73.574899,
            19.952011
          ],
          [
            73.573347,
            19.951826
          ],
          [
            73.572419,
            19.951796
          ],
          [
            73.572051,
            19.951823
          ],
          [
            73.569533,
            19.952003
          ],
          [
            73.568809,
            19.951978
          ],
          [
            73.567768,
            19.951791
          ],
          [
            73.56676,
            19.951489
          ],
          [
            73.565,
            19.950858
          ],
          [
            73.5649,
            19.950825
          ],
          [
            73.564118,
            19.950567
          ],
          [
            73.564099,
            19.950561
          ],
          [
            73.562071,
            19.949668
          ],
          [
            73.558821,
            19.948226
          ],
          [
            73.556991,
            19.947359
          ],
          [
            73.555382,
            19.946406
          ],
          [
            73.554947,
            19.946116
          ],
          [
            73.554545,
            19.945881
          ],
          [
            73.553703,
            19.945377
          ],
          [
            73.553518,
            19.945269
          ],
          [
            73.553275,
            19.945145
          ],
          [
            73.552743,
            19.944968
          ],
          [
            73.552017,
            19.944879
          ],
          [
            73.551285,
            19.944805
          ],
          [
            73.550222,
            19.944724
          ],
          [
            73.549705,
            19.94467
          ],
          [
            73.549229,
            19.944556
          ],
          [
            73.54877,
            19.9444
          ],
          [
            73.54774,
            19.943891
          ],
          [
            73.547768,
            19.943835
          ],
          [
            73.547775,
            19.943806
          ],
          [
            73.547827,
            19.943613
          ],
          [
            73.547946,
            19.943211
          ],
          [
            73.547947,
            19.94309
          ],
          [
            73.547882,
            19.942964
          ],
          [
            73.547802,
            19.942899
          ],
          [
            73.547609,
            19.942803
          ],
          [
            73.547394,
            19.942702
          ],
          [
            73.547212,
            19.942611
          ],
          [
            73.54696,
            19.942445
          ],
          [
            73.546745,
            19.942283
          ],
          [
            73.54653,
            19.942162
          ],
          [
            73.546305,
            19.942001
          ],
          [
            73.54608,
            19.941774
          ],
          [
            73.545774,
            19.941441
          ],
          [
            73.545484,
            19.941073
          ],
          [
            73.545152,
            19.940715
          ],
          [
            73.545082,
            19.940624
          ],
          [
            73.544937,
            19.940549
          ],
          [
            73.544755,
            19.940448
          ],
          [
            73.544578,
            19.940317
          ],
          [
            73.544438,
            19.940155
          ],
          [
            73.544277,
            19.939974
          ],
          [
            73.544116,
            19.939833
          ],
          [
            73.543988,
            19.939691
          ],
          [
            73.543693,
            19.939374
          ],
          [
            73.543656,
            19.939349
          ],
          [
            73.543317,
            19.939121
          ],
          [
            73.542786,
            19.938738
          ],
          [
            73.542609,
            19.938557
          ],
          [
            73.54248,
            19.938415
          ],
          [
            73.542335,
            19.938163
          ],
          [
            73.541971,
            19.937755
          ],
          [
            73.541649,
            19.937462
          ],
          [
            73.541102,
            19.937009
          ],
          [
            73.540662,
            19.936651
          ],
          [
            73.540388,
            19.936464
          ],
          [
            73.540077,
            19.936298
          ],
          [
            73.539787,
            19.936121
          ],
          [
            73.539476,
            19.935819
          ],
          [
            73.53953,
            19.935732
          ],
          [
            73.540244,
            19.935097
          ],
          [
            73.540691,
            19.934338
          ],
          [
            73.540772,
            19.934277
          ],
          [
            73.540885,
            19.93426
          ],
          [
            73.542483,
            19.934396
          ]
        ]
      }
    },
    {
      "type": "Feature",
      "properties": {
        "type": "yellow-route"
      },
      "geometry": {
        "type": "LineString",
        "coordinates": [
          [
            73.680024,
            19.859893
          ],
          [
            73.679785,
            19.859846
          ],
          [
            73.679723,
            19.86025
          ],
          [
            73.679708,
            19.860349
          ],
          [
            73.679469,
            19.861778
          ],
          [
            73.679409,
            19.861766
          ],
          [
            73.679313,
            19.861746
          ],
          [
            73.679141,
            19.86174
          ],
          [
            73.679009,
            19.861768
          ],
          [
            73.678741,
            19.861833
          ],
          [
            73.678523,
            19.861908
          ],
          [
            73.678325,
            19.862031
          ],
          [
            73.677918,
            19.862335
          ],
          [
            73.677862,
            19.862376
          ],
          [
            73.677771,
            19.862409
          ],
          [
            73.677615,
            19.862408
          ],
          [
            73.676473,
            19.862337
          ],
          [
            73.676417,
            19.862314
          ],
          [
            73.676347,
            19.862284
          ],
          [
            73.676242,
            19.862211
          ],
          [
            73.676167,
            19.862106
          ],
          [
            73.676138,
            19.861972
          ],
          [
            73.676114,
            19.861804
          ],
          [
            73.675998,
            19.860991
          ],
          [
            73.675951,
            19.860665
          ],
          [
            73.675927,
            19.860564
          ],
          [
            73.675875,
            19.860412
          ],
          [
            73.675858,
            19.860363
          ],
          [
            73.675793,
            19.8602
          ],
          [
            73.675691,
            19.860055
          ],
          [
            73.675647,
            19.859997
          ],
          [
            73.675638,
            19.859985
          ],
          [
            73.675513,
            19.859851
          ],
          [
            73.675364,
            19.859684
          ],
          [
            73.675303,
            19.859623
          ],
          [
            73.674933,
            19.859225
          ],
          [
            73.674792,
            19.859074
          ],
          [
            73.674662,
            19.858944
          ],
          [
            73.674511,
            19.858871
          ],
          [
            73.67435,
            19.858827
          ],
          [
            73.674291,
            19.858817
          ],
          [
            73.673996,
            19.858771
          ],
          [
            73.673926,
            19.858753
          ],
          [
            73.67383,
            19.858727
          ],
          [
            73.673755,
            19.858699
          ],
          [
            73.673417,
            19.858574
          ],
          [
            73.673242,
            19.858509
          ],
          [
            73.673185,
            19.858488
          ],
          [
            73.673054,
            19.858451
          ],
          [
            73.672585,
            19.858316
          ],
          [
            73.672533,
            19.858311
          ],
          [
            73.672343,
            19.858291
          ],
          [
            73.672185,
            19.858289
          ],
          [
            73.672085,
            19.858289
          ],
          [
            73.671908,
            19.858287
          ],
          [
            73.671696,
            19.858305
          ],
          [
            73.671296,
            19.858345
          ],
          [
            73.671109,
            19.858354
          ],
          [
            73.670912,
            19.858347
          ],
          [
            73.670715,
            19.858326
          ],
          [
            73.670592,
            19.858302
          ],
          [
            73.670477,
            19.858274
          ],
          [
            73.670006,
            19.858092
          ],
          [
            73.669536,
            19.857892
          ],
          [
            73.66724,
            19.8566
          ],
          [
            73.666382,
            19.856085
          ],
          [
            73.666049,
            19.855874
          ],
          [
            73.665781,
            19.855712
          ],
          [
            73.665555,
            19.855641
          ],
          [
            73.665234,
            19.855611
          ],
          [
            73.664654,
            19.855561
          ],
          [
            73.6643,
            19.85553
          ],
          [
            73.663903,
            19.855369
          ],
          [
            73.663206,
            19.854975
          ],
          [
            73.663056,
            19.854905
          ],
          [
            73.662723,
            19.85547
          ],
          [
            73.662596,
            19.855716
          ],
          [
            73.662358,
            19.856252
          ],
          [
            73.662045,
            19.85717
          ],
          [
            73.661807,
            19.857613
          ],
          [
            73.661592,
            19.858228
          ],
          [
            73.66141,
            19.858584
          ],
          [
            73.661181,
            19.858905
          ],
          [
            73.660887,
            19.859287
          ],
          [
            73.660747,
            19.859656
          ],
          [
            73.6607,
            19.860042
          ],
          [
            73.660607,
            19.860574
          ],
          [
            73.66064,
            19.860859
          ],
          [
            73.660756,
            19.860969
          ],
          [
            73.661046,
            19.860995
          ],
          [
            73.661349,
            19.861022
          ],
          [
            73.661448,
            19.861105
          ],
          [
            73.661494,
            19.861461
          ],
          [
            73.661546,
            19.86201
          ],
          [
            73.661536,
            19.862638
          ],
          [
            73.661429,
            19.863117
          ],
          [
            73.66141,
            19.863477
          ],
          [
            73.661312,
            19.86367
          ],
          [
            73.661144,
            19.86378
          ],
          [
            73.660747,
            19.863943
          ],
          [
            73.659916,
            19.86432
          ],
          [
            73.659192,
            19.864724
          ],
          [
            73.658818,
            19.864825
          ],
          [
            73.658491,
            19.864918
          ],
          [
            73.65809,
            19.864953
          ],
          [
            73.657847,
            19.865014
          ],
          [
            73.657637,
            19.865146
          ],
          [
            73.657403,
            19.865269
          ],
          [
            73.657193,
            19.865278
          ],
          [
            73.656843,
            19.865366
          ],
          [
            73.656572,
            19.865475
          ],
          [
            73.656488,
            19.865607
          ],
          [
            73.656395,
            19.865849
          ],
          [
            73.656245,
            19.866156
          ],
          [
            73.656035,
            19.866631
          ],
          [
            73.655858,
            19.866815
          ],
          [
            73.655675,
            19.866916
          ],
          [
            73.655218,
            19.86707
          ],
          [
            73.654793,
            19.867241
          ],
          [
            73.654634,
            19.867342
          ],
          [
            73.654335,
            19.867641
          ],
          [
            73.65405,
            19.867917
          ],
          [
            73.653737,
            19.868295
          ],
          [
            73.653583,
            19.868497
          ],
          [
            73.653336,
            19.868673
          ],
          [
            73.652953,
            19.868906
          ],
          [
            73.652794,
            19.86895
          ],
          [
            73.65257,
            19.86891
          ],
          [
            73.652154,
            19.868849
          ],
          [
            73.651846,
            19.868818
          ],
          [
            73.651725,
            19.86884
          ],
          [
            73.651281,
            19.869037
          ],
          [
            73.650618,
            19.86931
          ],
          [
            73.650015,
            19.869591
          ],
          [
            73.649656,
            19.869736
          ],
          [
            73.649296,
            19.869793
          ],
          [
            73.64917,
            19.869898
          ],
          [
            73.648885,
            19.870091
          ],
          [
            73.648698,
            19.870206
          ],
          [
            73.648502,
            19.870219
          ],
          [
            73.648115,
            19.870162
          ],
          [
            73.647564,
            19.870065
          ],
          [
            73.646966,
            19.870004
          ],
          [
            73.646462,
            19.869977
          ],
          [
            73.646265,
            19.86992
          ],
          [
            73.646242,
            19.869999
          ],
          [
            73.646091,
            19.870267
          ],
          [
            73.645847,
            19.870582
          ],
          [
            73.645636,
            19.870823
          ],
          [
            73.645345,
            19.871179
          ],
          [
            73.645205,
            19.871378
          ],
          [
            73.645138,
            19.871575
          ],
          [
            73.64504,
            19.871817
          ],
          [
            73.64493,
            19.872035
          ],
          [
            73.644776,
            19.872355
          ],
          [
            73.64467,
            19.872565
          ],
          [
            73.644493,
            19.872806
          ],
          [
            73.644351,
            19.873029
          ],
          [
            73.644219,
            19.873157
          ],
          [
            73.644071,
            19.873301
          ],
          [
            73.643918,
            19.873492
          ],
          [
            73.643802,
            19.873645
          ],
          [
            73.643745,
            19.873892
          ],
          [
            73.643711,
            19.874111
          ],
          [
            73.643731,
            19.874354
          ],
          [
            73.643725,
            19.874522
          ],
          [
            73.643707,
            19.874842
          ],
          [
            73.64369,
            19.875065
          ],
          [
            73.643674,
            19.8751
          ],
          [
            73.643595,
            19.875113
          ],
          [
            73.643408,
            19.875172
          ],
          [
            73.64315,
            19.875272
          ],
          [
            73.642924,
            19.875371
          ],
          [
            73.642721,
            19.875442
          ],
          [
            73.642528,
            19.875461
          ],
          [
            73.642392,
            19.875471
          ],
          [
            73.642302,
            19.87548
          ],
          [
            73.642213,
            19.875515
          ],
          [
            73.642093,
            19.875583
          ],
          [
            73.642032,
            19.875681
          ],
          [
            73.642022,
            19.875801
          ],
          [
            73.642011,
            19.875924
          ],
          [
            73.642066,
            19.876111
          ],
          [
            73.642062,
            19.876281
          ],
          [
            73.642022,
            19.876449
          ],
          [
            73.641957,
            19.876547
          ],
          [
            73.641772,
            19.876692
          ],
          [
            73.641717,
            19.876728
          ],
          [
            73.641678,
            19.876843
          ],
          [
            73.641648,
            19.877015
          ],
          [
            73.641566,
            19.877101
          ],
          [
            73.641507,
            19.87718
          ],
          [
            73.641509,
            19.87725
          ],
          [
            73.641528,
            19.877319
          ],
          [
            73.64157,
            19.877399
          ],
          [
            73.64165,
            19.877487
          ],
          [
            73.641792,
            19.877682
          ],
          [
            73.641887,
            19.877883
          ],
          [
            73.641981,
            19.87807
          ],
          [
            73.642074,
            19.878225
          ],
          [
            73.642097,
            19.878393
          ],
          [
            73.642068,
            19.878608
          ],
          [
            73.642064,
            19.878762
          ],
          [
            73.642097,
            19.878854
          ],
          [
            73.642105,
            19.878984
          ],
          [
            73.642034,
            19.879095
          ],
          [
            73.641979,
            19.879168
          ],
          [
            73.641891,
            19.879292
          ],
          [
            73.641804,
            19.879493
          ],
          [
            73.641757,
            19.879561
          ],
          [
            73.641709,
            19.879556
          ],
          [
            73.641692,
            19.879498
          ],
          [
            73.641717,
            19.87941
          ],
          [
            73.641731,
            19.879267
          ],
          [
            73.641723,
            19.879171
          ],
          [
            73.641672,
            19.879158
          ],
          [
            73.641623,
            19.879236
          ],
          [
            73.641568,
            19.879405
          ],
          [
            73.641499,
            19.879563
          ],
          [
            73.641343,
            19.879927
          ],
          [
            73.641343,
            19.880036
          ],
          [
            73.641308,
            19.88016
          ],
          [
            73.641215,
            19.880219
          ],
          [
            73.64104,
            19.880274
          ],
          [
            73.640891,
            19.880343
          ],
          [
            73.640802,
            19.880485
          ],
          [
            73.640706,
            19.880691
          ],
          [
            73.640647,
            19.880861
          ],
          [
            73.640564,
            19.880921
          ],
          [
            73.640517,
            19.880932
          ],
          [
            73.640428,
            19.88094
          ],
          [
            73.640373,
            19.88097
          ],
          [
            73.640371,
            19.881033
          ],
          [
            73.640381,
            19.881095
          ],
          [
            73.640426,
            19.881158
          ],
          [
            73.640483,
            19.881207
          ],
          [
            73.640495,
            19.881255
          ],
          [
            73.640497,
            19.88132
          ],
          [
            73.640511,
            19.881418
          ],
          [
            73.640525,
            19.881498
          ],
          [
            73.640568,
            19.881563
          ],
          [
            73.640688,
            19.881651
          ],
          [
            73.640755,
            19.881701
          ],
          [
            73.640782,
            19.881779
          ],
          [
            73.640971,
            19.881886
          ],
          [
            73.641054,
            19.881966
          ],
          [
            73.640971,
            19.881886
          ],
          [
            73.640782,
            19.881779
          ],
          [
            73.640755,
            19.881701
          ],
          [
            73.640688,
            19.881651
          ],
          [
            73.640568,
            19.881563
          ],
          [
            73.640525,
            19.881498
          ],
          [
            73.640511,
            19.881418
          ],
          [
            73.640497,
            19.88132
          ],
          [
            73.640495,
            19.881255
          ],
          [
            73.640483,
            19.881207
          ],
          [
            73.640426,
            19.881158
          ],
          [
            73.640381,
            19.881095
          ],
          [
            73.640371,
            19.881033
          ],
          [
            73.640373,
            19.88097
          ],
          [
            73.640428,
            19.88094
          ],
          [
            73.640517,
            19.880932
          ],
          [
            73.640564,
            19.880921
          ],
          [
            73.640647,
            19.880861
          ],
          [
            73.640706,
            19.880691
          ],
          [
            73.640802,
            19.880485
          ],
          [
            73.640891,
            19.880343
          ],
          [
            73.64104,
            19.880274
          ],
          [
            73.641215,
            19.880219
          ],
          [
            73.641308,
            19.88016
          ],
          [
            73.641343,
            19.880036
          ],
          [
            73.641343,
            19.879927
          ],
          [
            73.641499,
            19.879563
          ],
          [
            73.641568,
            19.879405
          ],
          [
            73.641623,
            19.879236
          ],
          [
            73.641672,
            19.879158
          ],
          [
            73.641723,
            19.879171
          ],
          [
            73.641731,
            19.879267
          ],
          [
            73.641717,
            19.87941
          ],
          [
            73.641692,
            19.879498
          ],
          [
            73.641709,
            19.879556
          ],
          [
            73.641757,
            19.879561
          ],
          [
            73.641804,
            19.879493
          ],
          [
            73.641891,
            19.879292
          ],
          [
            73.641979,
            19.879168
          ],
          [
            73.642034,
            19.879095
          ],
          [
            73.642105,
            19.878984
          ],
          [
            73.642105,
            19.878984
          ],
          [
            73.642097,
            19.878854
          ],
          [
            73.642064,
            19.878762
          ],
          [
            73.642068,
            19.878608
          ],
          [
            73.642097,
            19.878393
          ],
          [
            73.642074,
            19.878225
          ],
          [
            73.641981,
            19.87807
          ],
          [
            73.641887,
            19.877883
          ],
          [
            73.641792,
            19.877682
          ],
          [
            73.64165,
            19.877487
          ],
          [
            73.64157,
            19.877399
          ],
          [
            73.641528,
            19.877319
          ],
          [
            73.641509,
            19.87725
          ],
          [
            73.641507,
            19.87718
          ],
          [
            73.641566,
            19.877101
          ],
          [
            73.641648,
            19.877015
          ],
          [
            73.641678,
            19.876843
          ],
          [
            73.641717,
            19.876728
          ],
          [
            73.641772,
            19.876692
          ],
          [
            73.641957,
            19.876547
          ],
          [
            73.642022,
            19.876449
          ],
          [
            73.642062,
            19.876281
          ],
          [
            73.642066,
            19.876111
          ],
          [
            73.642011,
            19.875924
          ],
          [
            73.642022,
            19.875801
          ],
          [
            73.642032,
            19.875681
          ],
          [
            73.642093,
            19.875583
          ],
          [
            73.642213,
            19.875515
          ],
          [
            73.642302,
            19.87548
          ],
          [
            73.642392,
            19.875471
          ],
          [
            73.642528,
            19.875461
          ],
          [
            73.642721,
            19.875442
          ],
          [
            73.642924,
            19.875371
          ],
          [
            73.64315,
            19.875272
          ],
          [
            73.643408,
            19.875172
          ],
          [
            73.643595,
            19.875113
          ],
          [
            73.643674,
            19.8751
          ],
          [
            73.64369,
            19.875065
          ],
          [
            73.643707,
            19.874842
          ],
          [
            73.643725,
            19.874522
          ],
          [
            73.643731,
            19.874354
          ],
          [
            73.643711,
            19.874111
          ],
          [
            73.643745,
            19.873892
          ],
          [
            73.643802,
            19.873645
          ],
          [
            73.643918,
            19.873492
          ],
          [
            73.644071,
            19.873301
          ],
          [
            73.644219,
            19.873157
          ],
          [
            73.644351,
            19.873029
          ],
          [
            73.644493,
            19.872806
          ],
          [
            73.64467,
            19.872565
          ],
          [
            73.644776,
            19.872355
          ],
          [
            73.64493,
            19.872035
          ],
          [
            73.64504,
            19.871817
          ],
          [
            73.645138,
            19.871575
          ],
          [
            73.645205,
            19.871378
          ],
          [
            73.645345,
            19.871179
          ],
          [
            73.645636,
            19.870823
          ],
          [
            73.645847,
            19.870582
          ],
          [
            73.646091,
            19.870267
          ],
          [
            73.646242,
            19.869999
          ],
          [
            73.646265,
            19.86992
          ],
          [
            73.646462,
            19.869977
          ],
          [
            73.646966,
            19.870004
          ],
          [
            73.647564,
            19.870065
          ],
          [
            73.648115,
            19.870162
          ],
          [
            73.648502,
            19.870219
          ],
          [
            73.648698,
            19.870206
          ],
          [
            73.648885,
            19.870091
          ],
          [
            73.64917,
            19.869898
          ],
          [
            73.649296,
            19.869793
          ],
          [
            73.649656,
            19.869736
          ],
          [
            73.650015,
            19.869591
          ],
          [
            73.650618,
            19.86931
          ],
          [
            73.651281,
            19.869037
          ],
          [
            73.651725,
            19.86884
          ],
          [
            73.651846,
            19.868818
          ],
          [
            73.652154,
            19.868849
          ],
          [
            73.65257,
            19.86891
          ],
          [
            73.652794,
            19.86895
          ],
          [
            73.652953,
            19.868906
          ],
          [
            73.653336,
            19.868673
          ],
          [
            73.653583,
            19.868497
          ],
          [
            73.653737,
            19.868295
          ],
          [
            73.65405,
            19.867917
          ],
          [
            73.654335,
            19.867641
          ],
          [
            73.654634,
            19.867342
          ],
          [
            73.654793,
            19.867241
          ],
          [
            73.655218,
            19.86707
          ],
          [
            73.655675,
            19.866916
          ],
          [
            73.655858,
            19.866815
          ],
          [
            73.656035,
            19.866631
          ],
          [
            73.656245,
            19.866156
          ],
          [
            73.656395,
            19.865849
          ],
          [
            73.656488,
            19.865607
          ],
          [
            73.656572,
            19.865475
          ],
          [
            73.656843,
            19.865366
          ],
          [
            73.657193,
            19.865278
          ],
          [
            73.657403,
            19.865269
          ],
          [
            73.657637,
            19.865146
          ],
          [
            73.657847,
            19.865014
          ],
          [
            73.65809,
            19.864953
          ],
          [
            73.658491,
            19.864918
          ],
          [
            73.658818,
            19.864825
          ],
          [
            73.659192,
            19.864724
          ],
          [
            73.659916,
            19.86432
          ],
          [
            73.660747,
            19.863943
          ],
          [
            73.661144,
            19.86378
          ],
          [
            73.661312,
            19.86367
          ],
          [
            73.66141,
            19.863477
          ],
          [
            73.661429,
            19.863117
          ],
          [
            73.661536,
            19.862638
          ],
          [
            73.661546,
            19.86201
          ],
          [
            73.661494,
            19.861461
          ],
          [
            73.661448,
            19.861105
          ],
          [
            73.661349,
            19.861022
          ],
          [
            73.661046,
            19.860995
          ],
          [
            73.660756,
            19.860969
          ],
          [
            73.66064,
            19.860859
          ],
          [
            73.660607,
            19.860574
          ],
          [
            73.6607,
            19.860042
          ],
          [
            73.660747,
            19.859656
          ],
          [
            73.660887,
            19.859287
          ],
          [
            73.661181,
            19.858905
          ],
          [
            73.66141,
            19.858584
          ],
          [
            73.661592,
            19.858228
          ],
          [
            73.661807,
            19.857613
          ],
          [
            73.662045,
            19.85717
          ],
          [
            73.662358,
            19.856252
          ],
          [
            73.662596,
            19.855716
          ],
          [
            73.662723,
            19.85547
          ],
          [
            73.663056,
            19.854905
          ],
          [
            73.663206,
            19.854975
          ],
          [
            73.663903,
            19.855369
          ],
          [
            73.6643,
            19.85553
          ],
          [
            73.664654,
            19.855561
          ],
          [
            73.665234,
            19.855611
          ],
          [
            73.665555,
            19.855641
          ],
          [
            73.665781,
            19.855712
          ],
          [
            73.666049,
            19.855874
          ],
          [
            73.666382,
            19.856085
          ],
          [
            73.66724,
            19.8566
          ],
          [
            73.669536,
            19.857892
          ],
          [
            73.670006,
            19.858092
          ],
          [
            73.670477,
            19.858274
          ],
          [
            73.670592,
            19.858302
          ],
          [
            73.670715,
            19.858326
          ],
          [
            73.670912,
            19.858347
          ],
          [
            73.671109,
            19.858354
          ],
          [
            73.671296,
            19.858345
          ],
          [
            73.671696,
            19.858305
          ],
          [
            73.671908,
            19.858287
          ],
          [
            73.672085,
            19.858289
          ],
          [
            73.672185,
            19.858289
          ],
          [
            73.672343,
            19.858291
          ],
          [
            73.672533,
            19.858311
          ],
          [
            73.672585,
            19.858316
          ],
          [
            73.673054,
            19.858451
          ],
          [
            73.673185,
            19.858488
          ],
          [
            73.673242,
            19.858509
          ],
          [
            73.673417,
            19.858574
          ],
          [
            73.673755,
            19.858699
          ],
          [
            73.67383,
            19.858727
          ],
          [
            73.673926,
            19.858753
          ],
          [
            73.673996,
            19.858771
          ],
          [
            73.674291,
            19.858817
          ],
          [
            73.67435,
            19.858827
          ],
          [
            73.674511,
            19.858871
          ],
          [
            73.674662,
            19.858944
          ],
          [
            73.674792,
            19.859074
          ],
          [
            73.674933,
            19.859225
          ],
          [
            73.675303,
            19.859623
          ],
          [
            73.675364,
            19.859684
          ],
          [
            73.675513,
            19.859851
          ],
          [
            73.675638,
            19.859985
          ],
          [
            73.675647,
            19.859997
          ],
          [
            73.675691,
            19.860055
          ],
          [
            73.675793,
            19.8602
          ],
          [
            73.675858,
            19.860363
          ],
          [
            73.675875,
            19.860412
          ],
          [
            73.675711,
            19.860448
          ],
          [
            73.67566,
            19.860481
          ],
          [
            73.675542,
            19.860686
          ],
          [
            73.675501,
            19.860733
          ],
          [
            73.675445,
            19.860762
          ],
          [
            73.675052,
            19.860871
          ],
          [
            73.674906,
            19.860917
          ],
          [
            73.674766,
            19.860962
          ],
          [
            73.674472,
            19.861084
          ],
          [
            73.674386,
            19.861112
          ],
          [
            73.67429,
            19.861092
          ],
          [
            73.674251,
            19.861103
          ],
          [
            73.674204,
            19.861116
          ],
          [
            73.674153,
            19.861134
          ],
          [
            73.673909,
            19.861372
          ],
          [
            73.673359,
            19.861912
          ],
          [
            73.672707,
            19.862553
          ],
          [
            73.672559,
            19.862734
          ],
          [
            73.672492,
            19.862829
          ],
          [
            73.672455,
            19.862977
          ],
          [
            73.67234,
            19.863459
          ],
          [
            73.672277,
            19.863726
          ],
          [
            73.672189,
            19.864003
          ],
          [
            73.671931,
            19.864718
          ],
          [
            73.670554,
            19.8689
          ],
          [
            73.669782,
            19.870495
          ],
          [
            73.667765,
            19.873572
          ],
          [
            73.666492,
            19.876698
          ],
          [
            73.66622,
            19.877366
          ],
          [
            73.665458,
            19.878809
          ],
          [
            73.66431,
            19.879818
          ],
          [
            73.662586,
            19.882137
          ],
          [
            73.662518,
            19.882229
          ],
          [
            73.661939,
            19.883571
          ],
          [
            73.661673,
            19.884226
          ],
          [
            73.661152,
            19.884841
          ],
          [
            73.660525,
            19.885769
          ],
          [
            73.660187,
            19.886395
          ],
          [
            73.659908,
            19.887212
          ],
          [
            73.659913,
            19.887585
          ],
          [
            73.65957,
            19.888125
          ],
          [
            73.658985,
            19.888847
          ],
          [
            73.658529,
            19.889326
          ],
          [
            73.658191,
            19.890032
          ],
          [
            73.658094,
            19.890501
          ],
          [
            73.657885,
            19.890549
          ],
          [
            73.657754,
            19.890582
          ],
          [
            73.657542,
            19.890638
          ],
          [
            73.657335,
            19.890713
          ],
          [
            73.657164,
            19.890769
          ],
          [
            73.657008,
            19.89085
          ],
          [
            73.656807,
            19.890978
          ],
          [
            73.656619,
            19.891061
          ],
          [
            73.656426,
            19.891104
          ],
          [
            73.65626,
            19.891114
          ],
          [
            73.65612,
            19.891094
          ],
          [
            73.656002,
            19.891046
          ],
          [
            73.655847,
            19.890943
          ],
          [
            73.655602,
            19.890809
          ],
          [
            73.655372,
            19.890708
          ],
          [
            73.655149,
            19.890628
          ],
          [
            73.654991,
            19.890577
          ],
          [
            73.654795,
            19.890547
          ],
          [
            73.654543,
            19.890539
          ],
          [
            73.654165,
            19.89058
          ],
          [
            73.653923,
            19.890607
          ],
          [
            73.653706,
            19.890645
          ],
          [
            73.653615,
            19.890678
          ],
          [
            73.653476,
            19.890741
          ],
          [
            73.653408,
            19.890776
          ],
          [
            73.653202,
            19.890895
          ],
          [
            73.652969,
            19.890986
          ],
          [
            73.652751,
            19.891059
          ],
          [
            73.652564,
            19.891124
          ],
          [
            73.652389,
            19.891195
          ],
          [
            73.652207,
            19.891245
          ],
          [
            73.652032,
            19.891273
          ],
          [
            73.651898,
            19.891286
          ],
          [
            73.651794,
            19.891266
          ],
          [
            73.651668,
            19.891271
          ],
          [
            73.651534,
            19.891286
          ],
          [
            73.651373,
            19.891293
          ],
          [
            73.651239,
            19.891281
          ],
          [
            73.651107,
            19.891263
          ],
          [
            73.650954,
            19.89122
          ],
          [
            73.65086,
            19.89118
          ],
          [
            73.650732,
            19.891114
          ],
          [
            73.650611,
            19.891036
          ],
          [
            73.650469,
            19.890953
          ],
          [
            73.650345,
            19.89089
          ],
          [
            73.650233,
            19.890834
          ],
          [
            73.650128,
            19.890779
          ],
          [
            73.65005,
            19.890713
          ],
          [
            73.649943,
            19.890655
          ],
          [
            73.649855,
            19.890612
          ],
          [
            73.649771,
            19.890587
          ],
          [
            73.649686,
            19.890572
          ],
          [
            73.649546,
            19.89059
          ],
          [
            73.649396,
            19.890617
          ],
          [
            73.649251,
            19.890607
          ],
          [
            73.649149,
            19.890587
          ],
          [
            73.649012,
            19.890519
          ],
          [
            73.648838,
            19.890436
          ],
          [
            73.648739,
            19.890418
          ],
          [
            73.648656,
            19.890426
          ],
          [
            73.648591,
            19.890459
          ],
          [
            73.648452,
            19.890572
          ],
          [
            73.648328,
            19.890643
          ],
          [
            73.648213,
            19.890693
          ],
          [
            73.648044,
            19.890746
          ],
          [
            73.64788,
            19.890794
          ],
          [
            73.64769,
            19.890844
          ],
          [
            73.647561,
            19.890877
          ],
          [
            73.647234,
            19.890986
          ],
          [
            73.646883,
            19.891099
          ],
          [
            73.646558,
            19.8912
          ],
          [
            73.646244,
            19.891311
          ],
          [
            73.646059,
            19.891399
          ],
          [
            73.645976,
            19.891493
          ],
          [
            73.64592,
            19.891581
          ],
          [
            73.645882,
            19.891674
          ],
          [
            73.645842,
            19.891823
          ],
          [
            73.645783,
            19.891992
          ],
          [
            73.645649,
            19.892131
          ],
          [
            73.64552,
            19.892229
          ],
          [
            73.645375,
            19.892287
          ],
          [
            73.645284,
            19.892322
          ],
          [
            73.645158,
            19.892383
          ],
          [
            73.64504,
            19.892444
          ],
          [
            73.644938,
            19.892502
          ],
          [
            73.644823,
            19.892615
          ],
          [
            73.644748,
            19.892693
          ],
          [
            73.644702,
            19.892759
          ],
          [
            73.644656,
            19.892769
          ],
          [
            73.644568,
            19.892769
          ],
          [
            73.644477,
            19.892759
          ],
          [
            73.644385,
            19.892741
          ],
          [
            73.644294,
            19.892739
          ],
          [
            73.644235,
            19.892749
          ],
          [
            73.644192,
            19.892761
          ],
          [
            73.644184,
            19.892814
          ],
          [
            73.644176,
            19.892877
          ],
          [
            73.644166,
            19.892956
          ],
          [
            73.644155,
            19.893044
          ],
          [
            73.644139,
            19.893127
          ],
          [
            73.64409,
            19.893225
          ],
          [
            73.644039,
            19.893278
          ],
          [
            73.643983,
            19.893319
          ],
          [
            73.643892,
            19.893329
          ],
          [
            73.643761,
            19.893309
          ],
          [
            73.643651,
            19.893286
          ],
          [
            73.643543,
            19.893263
          ],
          [
            73.643409,
            19.893251
          ],
          [
            73.643294,
            19.893266
          ],
          [
            73.643152,
            19.893296
          ],
          [
            73.64302,
            19.893334
          ],
          [
            73.64287,
            19.893377
          ],
          [
            73.642798,
            19.893379
          ],
          [
            73.642696,
            19.893354
          ],
          [
            73.642519,
            19.893316
          ],
          [
            73.642355,
            19.893286
          ],
          [
            73.642264,
            19.893271
          ],
          [
            73.642181,
            19.893276
          ],
          [
            73.642098,
            19.893291
          ],
          [
            73.641947,
            19.893334
          ],
          [
            73.641803,
            19.893372
          ],
          [
            73.64165,
            19.89343
          ],
          [
            73.641481,
            19.8935
          ],
          [
            73.64129,
            19.893571
          ],
          [
            73.641132,
            19.893629
          ],
          [
            73.641019,
            19.893662
          ],
          [
            73.640834,
            19.893702
          ],
          [
            73.640797,
            19.893695
          ],
          [
            73.640746,
            19.893669
          ],
          [
            73.640687,
            19.893586
          ],
          [
            73.640499,
            19.893309
          ],
          [
            73.640298,
            19.893072
          ],
          [
            73.640046,
            19.892827
          ],
          [
            73.639853,
            19.892668
          ],
          [
            73.639721,
            19.892595
          ],
          [
            73.639587,
            19.892595
          ],
          [
            73.639324,
            19.892645
          ],
          [
            73.639115,
            19.892706
          ],
          [
            73.638857,
            19.892764
          ],
          [
            73.63864,
            19.892855
          ],
          [
            73.638487,
            19.89292
          ],
          [
            73.638262,
            19.892998
          ],
          [
            73.638007,
            19.893089
          ],
          [
            73.637785,
            19.893167
          ],
          [
            73.637597,
            19.893251
          ],
          [
            73.637382,
            19.893326
          ],
          [
            73.637192,
            19.893382
          ],
          [
            73.637015,
            19.893415
          ],
          [
            73.636838,
            19.89346
          ],
          [
            73.636596,
            19.893513
          ],
          [
            73.636422,
            19.893584
          ],
          [
            73.636266,
            19.893674
          ],
          [
            73.636162,
            19.893765
          ],
          [
            73.636049,
            19.893886
          ],
          [
            73.635899,
            19.89404
          ],
          [
            73.635786,
            19.894191
          ],
          [
            73.635668,
            19.894328
          ],
          [
            73.635569,
            19.894446
          ],
          [
            73.635494,
            19.894562
          ],
          [
            73.635419,
            19.894653
          ],
          [
            73.635333,
            19.894736
          ],
          [
            73.635271,
            19.894822
          ],
          [
            73.635191,
            19.89493
          ],
          [
            73.635156,
            19.895024
          ],
          [
            73.635116,
            19.895162
          ],
          [
            73.635094,
            19.895294
          ],
          [
            73.635078,
            19.895437
          ],
          [
            73.635038,
            19.895619
          ],
          [
            73.63499,
            19.895753
          ],
          [
            73.634936,
            19.895841
          ],
          [
            73.634834,
            19.895967
          ],
          [
            73.634759,
            19.896063
          ],
          [
            73.634668,
            19.896166
          ],
          [
            73.634571,
            19.896265
          ],
          [
            73.634456,
            19.896335
          ],
          [
            73.634349,
            19.896396
          ],
          [
            73.634129,
            19.896492
          ],
          [
            73.63392,
            19.8966
          ],
          [
            73.633769,
            19.896693
          ],
          [
            73.633614,
            19.896799
          ],
          [
            73.633437,
            19.896905
          ],
          [
            73.633305,
            19.897001
          ],
          [
            73.63316,
            19.89713
          ],
          [
            73.633013,
            19.897231
          ],
          [
            73.632873,
            19.897304
          ],
          [
            73.632696,
            19.897362
          ],
          [
            73.63249,
            19.897425
          ],
          [
            73.632275,
            19.897503
          ],
          [
            73.632152,
            19.897556
          ],
          [
            73.631972,
            19.897632
          ],
          [
            73.63176,
            19.897715
          ],
          [
            73.631613,
            19.897806
          ],
          [
            73.631449,
            19.897917
          ],
          [
            73.631355,
            19.898
          ],
          [
            73.631235,
            19.898154
          ],
          [
            73.63113,
            19.898307
          ],
          [
            73.631025,
            19.898476
          ],
          [
            73.630915,
            19.89861
          ],
          [
            73.630741,
            19.898777
          ],
          [
            73.630572,
            19.898908
          ],
          [
            73.630387,
            19.898988
          ],
          [
            73.630186,
            19.899059
          ],
          [
            73.629995,
            19.899099
          ],
          [
            73.629802,
            19.899137
          ],
          [
            73.629609,
            19.899218
          ],
          [
            73.629376,
            19.899316
          ],
          [
            73.629134,
            19.89943
          ],
          [
            73.628941,
            19.899523
          ],
          [
            73.628743,
            19.899561
          ],
          [
            73.628563,
            19.899589
          ],
          [
            73.628424,
            19.899609
          ],
          [
            73.628239,
            19.899627
          ],
          [
            73.628131,
            19.899611
          ],
          [
            73.627954,
            19.899551
          ],
          [
            73.627718,
            19.89948
          ],
          [
            73.627421,
            19.89942
          ],
          [
            73.627198,
            19.899382
          ],
          [
            73.627018,
            19.899329
          ],
          [
            73.626838,
            19.899266
          ],
          [
            73.626699,
            19.89921
          ],
          [
            73.626433,
            19.899135
          ],
          [
            73.6262,
            19.89915
          ],
          [
            73.625972,
            19.899157
          ],
          [
            73.625806,
            19.899132
          ],
          [
            73.625463,
            19.899127
          ],
          [
            73.625302,
            19.899127
          ],
          [
            73.625135,
            19.899165
          ],
          [
            73.624878,
            19.899213
          ],
          [
            73.624706,
            19.899218
          ],
          [
            73.624516,
            19.899218
          ],
          [
            73.624397,
            19.899244
          ],
          [
            73.624381,
            19.89923
          ],
          [
            73.623911,
            19.899123
          ],
          [
            73.623449,
            19.899053
          ],
          [
            73.62282,
            19.898803
          ],
          [
            73.622428,
            19.898646
          ],
          [
            73.622239,
            19.898587
          ],
          [
            73.622006,
            19.898601
          ],
          [
            73.621803,
            19.898657
          ],
          [
            73.621555,
            19.898761
          ],
          [
            73.620989,
            19.899077
          ],
          [
            73.620508,
            19.899363
          ],
          [
            73.619991,
            19.89962
          ],
          [
            73.619465,
            19.899856
          ],
          [
            73.618885,
            19.900041
          ],
          [
            73.618267,
            19.900427
          ],
          [
            73.617786,
            19.90066
          ],
          [
            73.616358,
            19.901227
          ],
          [
            73.615508,
            19.901554
          ],
          [
            73.614724,
            19.901828
          ],
          [
            73.614172,
            19.901967
          ],
          [
            73.613625,
            19.902207
          ],
          [
            73.613222,
            19.902291
          ],
          [
            73.612571,
            19.902336
          ],
          [
            73.611635,
            19.902291
          ],
          [
            73.610858,
            19.902155
          ],
          [
            73.610644,
            19.902103
          ],
          [
            73.610437,
            19.902131
          ],
          [
            73.610315,
            19.902291
          ],
          [
            73.610096,
            19.902573
          ],
          [
            73.609845,
            19.902872
          ],
          [
            73.60946,
            19.903181
          ],
          [
            73.609275,
            19.903258
          ],
          [
            73.608996,
            19.903299
          ],
          [
            73.608589,
            19.903368
          ],
          [
            73.608117,
            19.903367
          ],
          [
            73.60742,
            19.903412
          ],
          [
            73.606804,
            19.903469
          ],
          [
            73.606209,
            19.903504
          ],
          [
            73.605696,
            19.903497
          ],
          [
            73.605352,
            19.903494
          ],
          [
            73.60489,
            19.903552
          ],
          [
            73.604582,
            19.903528
          ],
          [
            73.604542,
            19.903265
          ],
          [
            73.604461,
            19.902861
          ],
          [
            73.604343,
            19.902628
          ],
          [
            73.60356,
            19.90171
          ],
          [
            73.603286,
            19.901276
          ],
          [
            73.602827,
            19.900613
          ],
          [
            73.602037,
            19.899884
          ],
          [
            73.601344,
            19.899043
          ],
          [
            73.601318,
            19.899013
          ],
          [
            73.600829,
            19.898435
          ],
          [
            73.600339,
            19.897917
          ],
          [
            73.599609,
            19.897319
          ],
          [
            73.599043,
            19.896607
          ],
          [
            73.598589,
            19.896127
          ],
          [
            73.598272,
            19.895876
          ],
          [
            73.597833,
            19.895595
          ],
          [
            73.597196,
            19.894977
          ],
          [
            73.596585,
            19.894763
          ],
          [
            73.596172,
            19.894595
          ],
          [
            73.595472,
            19.894239
          ],
          [
            73.59477,
            19.894244
          ],
          [
            73.594119,
            19.894199
          ],
          [
            73.593411,
            19.894055
          ],
          [
            73.593032,
            19.894081
          ],
          [
            73.592823,
            19.89408
          ],
          [
            73.592587,
            19.894076
          ],
          [
            73.592381,
            19.894072
          ],
          [
            73.59222,
            19.894065
          ],
          [
            73.592049,
            19.89407
          ],
          [
            73.591941,
            19.894071
          ],
          [
            73.59182,
            19.894062
          ],
          [
            73.591732,
            19.894046
          ],
          [
            73.591631,
            19.893999
          ],
          [
            73.591584,
            19.893939
          ],
          [
            73.591513,
            19.893847
          ],
          [
            73.591441,
            19.893749
          ],
          [
            73.591379,
            19.89369
          ],
          [
            73.591314,
            19.893602
          ],
          [
            73.591233,
            19.893514
          ],
          [
            73.591166,
            19.893441
          ],
          [
            73.59108,
            19.893355
          ],
          [
            73.591166,
            19.893441
          ],
          [
            73.591233,
            19.893514
          ],
          [
            73.591314,
            19.893602
          ],
          [
            73.591379,
            19.89369
          ],
          [
            73.591441,
            19.893749
          ],
          [
            73.591513,
            19.893847
          ],
          [
            73.591584,
            19.893939
          ],
          [
            73.591631,
            19.893999
          ],
          [
            73.591732,
            19.894046
          ],
          [
            73.59182,
            19.894062
          ],
          [
            73.591941,
            19.894071
          ],
          [
            73.592049,
            19.89407
          ],
          [
            73.59222,
            19.894065
          ],
          [
            73.592381,
            19.894072
          ],
          [
            73.592587,
            19.894076
          ],
          [
            73.592823,
            19.89408
          ],
          [
            73.593032,
            19.894081
          ],
          [
            73.593411,
            19.894055
          ],
          [
            73.594119,
            19.894199
          ],
          [
            73.59477,
            19.894244
          ],
          [
            73.595472,
            19.894239
          ],
          [
            73.596172,
            19.894595
          ],
          [
            73.596585,
            19.894763
          ],
          [
            73.597196,
            19.894977
          ],
          [
            73.597833,
            19.895595
          ],
          [
            73.598272,
            19.895876
          ],
          [
            73.598589,
            19.896127
          ],
          [
            73.599043,
            19.896607
          ],
          [
            73.599609,
            19.897319
          ],
          [
            73.600339,
            19.897917
          ],
          [
            73.600829,
            19.898435
          ],
          [
            73.601344,
            19.899043
          ],
          [
            73.602037,
            19.899884
          ],
          [
            73.602827,
            19.900613
          ],
          [
            73.603286,
            19.901276
          ],
          [
            73.60356,
            19.90171
          ],
          [
            73.604343,
            19.902628
          ],
          [
            73.604461,
            19.902861
          ],
          [
            73.604542,
            19.903265
          ],
          [
            73.604582,
            19.903528
          ],
          [
            73.604163,
            19.903486
          ],
          [
            73.603749,
            19.903495
          ],
          [
            73.603227,
            19.903581
          ],
          [
            73.602784,
            19.903673
          ],
          [
            73.602317,
            19.903734
          ],
          [
            73.601871,
            19.903775
          ],
          [
            73.601545,
            19.903865
          ],
          [
            73.601187,
            19.904018
          ],
          [
            73.600771,
            19.904279
          ],
          [
            73.600485,
            19.904494
          ],
          [
            73.600109,
            19.904783
          ],
          [
            73.599853,
            19.904947
          ],
          [
            73.599513,
            19.905232
          ],
          [
            73.599247,
            19.905494
          ],
          [
            73.599098,
            19.905693
          ],
          [
            73.598982,
            19.905949
          ],
          [
            73.598826,
            19.906287
          ],
          [
            73.598468,
            19.906955
          ],
          [
            73.598302,
            19.907397
          ],
          [
            73.598182,
            19.907678
          ],
          [
            73.598017,
            19.907959
          ],
          [
            73.597878,
            19.908209
          ],
          [
            73.597712,
            19.908559
          ],
          [
            73.597631,
            19.90879
          ],
          [
            73.597542,
            19.909101
          ],
          [
            73.59749,
            19.909475
          ],
          [
            73.597439,
            19.909738
          ],
          [
            73.597422,
            19.910056
          ],
          [
            73.597389,
            19.910469
          ],
          [
            73.597337,
            19.910909
          ],
          [
            73.597296,
            19.911092
          ],
          [
            73.597224,
            19.911366
          ],
          [
            73.597224,
            19.911638
          ],
          [
            73.597219,
            19.911913
          ],
          [
            73.597183,
            19.912272
          ],
          [
            73.5971,
            19.91248
          ],
          [
            73.596934,
            19.912912
          ],
          [
            73.596852,
            19.913126
          ],
          [
            73.596853,
            19.91324
          ],
          [
            73.596918,
            19.91342
          ],
          [
            73.596999,
            19.913531
          ],
          [
            73.597095,
            19.913664
          ],
          [
            73.597147,
            19.913807
          ],
          [
            73.597198,
            19.914123
          ],
          [
            73.597231,
            19.91434
          ],
          [
            73.597304,
            19.914632
          ],
          [
            73.597401,
            19.9149
          ],
          [
            73.597461,
            19.915146
          ],
          [
            73.59752,
            19.915338
          ],
          [
            73.597604,
            19.915543
          ],
          [
            73.597699,
            19.915906
          ],
          [
            73.597713,
            19.91612
          ],
          [
            73.597677,
            19.916401
          ],
          [
            73.597588,
            19.916662
          ],
          [
            73.597529,
            19.916881
          ],
          [
            73.597551,
            19.917029
          ],
          [
            73.597657,
            19.917407
          ],
          [
            73.597716,
            19.917624
          ],
          [
            73.597747,
            19.917837
          ],
          [
            73.597742,
            19.91803
          ],
          [
            73.5977,
            19.918238
          ],
          [
            73.597659,
            19.918654
          ],
          [
            73.597664,
            19.918886
          ],
          [
            73.597716,
            19.919351
          ],
          [
            73.597741,
            19.91959
          ],
          [
            73.597866,
            19.920021
          ],
          [
            73.597951,
            19.920383
          ],
          [
            73.597984,
            19.920792
          ],
          [
            73.598004,
            19.920885
          ],
          [
            73.598047,
            19.920964
          ],
          [
            73.598114,
            19.921039
          ],
          [
            73.598201,
            19.921085
          ],
          [
            73.598433,
            19.921117
          ],
          [
            73.598655,
            19.921146
          ],
          [
            73.59889,
            19.921244
          ],
          [
            73.599033,
            19.921312
          ],
          [
            73.599155,
            19.921404
          ],
          [
            73.599373,
            19.921626
          ],
          [
            73.599488,
            19.921758
          ],
          [
            73.599574,
            19.921808
          ],
          [
            73.599754,
            19.921803
          ],
          [
            73.599887,
            19.921812
          ],
          [
            73.600003,
            19.921826
          ],
          [
            73.600065,
            19.921871
          ],
          [
            73.600142,
            19.921917
          ],
          [
            73.600355,
            19.922092
          ],
          [
            73.600513,
            19.92224
          ],
          [
            73.600614,
            19.922316
          ],
          [
            73.600798,
            19.922322
          ],
          [
            73.60089,
            19.922347
          ],
          [
            73.600968,
            19.922383
          ],
          [
            73.601043,
            19.922481
          ],
          [
            73.601116,
            19.922652
          ],
          [
            73.60121,
            19.922839
          ],
          [
            73.601388,
            19.923039
          ],
          [
            73.601597,
            19.923221
          ],
          [
            73.601716,
            19.923311
          ],
          [
            73.601745,
            19.923344
          ],
          [
            73.6018,
            19.92335
          ],
          [
            73.601915,
            19.923303
          ],
          [
            73.602016,
            19.923196
          ],
          [
            73.602085,
            19.923118
          ],
          [
            73.602119,
            19.923083
          ],
          [
            73.602165,
            19.923074
          ],
          [
            73.602191,
            19.923081
          ],
          [
            73.602204,
            19.923095
          ],
          [
            73.602211,
            19.923114
          ],
          [
            73.602211,
            19.923149
          ],
          [
            73.602188,
            19.923196
          ],
          [
            73.602145,
            19.923247
          ],
          [
            73.602076,
            19.923358
          ],
          [
            73.602009,
            19.923471
          ],
          [
            73.601965,
            19.923575
          ],
          [
            73.601952,
            19.923696
          ],
          [
            73.601978,
            19.92393
          ],
          [
            73.602022,
            19.924127
          ],
          [
            73.602069,
            19.924385
          ],
          [
            73.602066,
            19.924525
          ],
          [
            73.601981,
            19.924792
          ],
          [
            73.601919,
            19.924994
          ],
          [
            73.601833,
            19.925314
          ],
          [
            73.601767,
            19.92548
          ],
          [
            73.601736,
            19.925623
          ],
          [
            73.601747,
            19.925722
          ],
          [
            73.601856,
            19.92581
          ],
          [
            73.601982,
            19.925943
          ],
          [
            73.601977,
            19.92612
          ],
          [
            73.601982,
            19.926277
          ],
          [
            73.601992,
            19.926415
          ],
          [
            73.602202,
            19.926646
          ],
          [
            73.602479,
            19.927133
          ],
          [
            73.60248,
            19.927196
          ],
          [
            73.602484,
            19.92734
          ],
          [
            73.602468,
            19.927522
          ],
          [
            73.602348,
            19.927607
          ],
          [
            73.602319,
            19.927658
          ],
          [
            73.602312,
            19.927715
          ],
          [
            73.602332,
            19.927846
          ],
          [
            73.602442,
            19.928058
          ],
          [
            73.602458,
            19.928343
          ],
          [
            73.602246,
            19.928545
          ],
          [
            73.602072,
            19.928665
          ],
          [
            73.602028,
            19.928718
          ],
          [
            73.602019,
            19.92878
          ],
          [
            73.602017,
            19.92884
          ],
          [
            73.602018,
            19.929007
          ],
          [
            73.602024,
            19.929287
          ],
          [
            73.601835,
            19.929626
          ],
          [
            73.601176,
            19.93092
          ],
          [
            73.600685,
            19.931613
          ],
          [
            73.60047,
            19.932297
          ],
          [
            73.600067,
            19.933413
          ],
          [
            73.599827,
            19.934023
          ],
          [
            73.59957,
            19.934937
          ],
          [
            73.599393,
            19.935237
          ],
          [
            73.599105,
            19.935468
          ],
          [
            73.598718,
            19.935827
          ],
          [
            73.598608,
            19.936112
          ],
          [
            73.598561,
            19.936442
          ],
          [
            73.598404,
            19.936644
          ],
          [
            73.598116,
            19.936845
          ],
          [
            73.597759,
            19.936973
          ],
          [
            73.597703,
            19.936993
          ],
          [
            73.597023,
            19.937017
          ],
          [
            73.596463,
            19.936875
          ],
          [
            73.59616,
            19.936909
          ],
          [
            73.595883,
            19.936963
          ],
          [
            73.59572,
            19.93713
          ],
          [
            73.595658,
            19.937283
          ],
          [
            73.595668,
            19.93745
          ],
          [
            73.595689,
            19.937779
          ],
          [
            73.595375,
            19.938119
          ],
          [
            73.594894,
            19.938458
          ],
          [
            73.594136,
            19.938778
          ],
          [
            73.593686,
            19.939078
          ],
          [
            73.593403,
            19.939201
          ],
          [
            73.593267,
            19.939255
          ],
          [
            73.59322,
            19.939301
          ],
          [
            73.593194,
            19.93935
          ],
          [
            73.593194,
            19.939397
          ],
          [
            73.593299,
            19.940032
          ],
          [
            73.593351,
            19.940459
          ],
          [
            73.593278,
            19.940931
          ],
          [
            73.593142,
            19.941251
          ],
          [
            73.592451,
            19.941635
          ],
          [
            73.591604,
            19.942225
          ],
          [
            73.590971,
            19.942884
          ],
          [
            73.590458,
            19.943277
          ],
          [
            73.589983,
            19.943508
          ],
          [
            73.589591,
            19.944086
          ],
          [
            73.589384,
            19.94435
          ],
          [
            73.588881,
            19.944551
          ],
          [
            73.588356,
            19.944704
          ],
          [
            73.588023,
            19.944892
          ],
          [
            73.587653,
            19.94527
          ],
          [
            73.587653,
            19.94648
          ],
          [
            73.587611,
            19.946887
          ],
          [
            73.587483,
            19.94722
          ],
          [
            73.587343,
            19.947596
          ],
          [
            73.587228,
            19.948055
          ],
          [
            73.587161,
            19.948244
          ],
          [
            73.587003,
            19.948637
          ],
          [
            73.586909,
            19.948907
          ],
          [
            73.586834,
            19.949202
          ],
          [
            73.586772,
            19.949406
          ],
          [
            73.58674,
            19.949658
          ],
          [
            73.586697,
            19.949903
          ],
          [
            73.586576,
            19.95017
          ],
          [
            73.586399,
            19.950387
          ],
          [
            73.586163,
            19.950624
          ],
          [
            73.586049,
            19.950839
          ],
          [
            73.586025,
            19.950749
          ],
          [
            73.585848,
            19.950582
          ],
          [
            73.585483,
            19.950293
          ],
          [
            73.585367,
            19.950207
          ],
          [
            73.585161,
            19.950121
          ],
          [
            73.584993,
            19.950094
          ],
          [
            73.584849,
            19.95009
          ],
          [
            73.584671,
            19.950072
          ],
          [
            73.584484,
            19.95004
          ],
          [
            73.584345,
            19.950017
          ],
          [
            73.583879,
            19.949972
          ],
          [
            73.583653,
            19.949927
          ],
          [
            73.583524,
            19.949909
          ],
          [
            73.583457,
            19.949859
          ],
          [
            73.583418,
            19.94981
          ],
          [
            73.583394,
            19.949733
          ],
          [
            73.583413,
            19.949679
          ],
          [
            73.58349,
            19.94962
          ],
          [
            73.58374,
            19.949516
          ],
          [
            73.583884,
            19.949449
          ],
          [
            73.584009,
            19.949318
          ],
          [
            73.584114,
            19.949191
          ],
          [
            73.58422,
            19.949088
          ],
          [
            73.58434,
            19.948934
          ],
          [
            73.584402,
            19.94883
          ],
          [
            73.584479,
            19.948722
          ],
          [
            73.584561,
            19.948659
          ],
          [
            73.5847,
            19.948582
          ],
          [
            73.584887,
            19.948424
          ],
          [
            73.585041,
            19.948275
          ],
          [
            73.585108,
            19.948167
          ],
          [
            73.585099,
            19.948113
          ],
          [
            73.585055,
            19.947991
          ],
          [
            73.585051,
            19.947914
          ],
          [
            73.585094,
            19.94786
          ],
          [
            73.585166,
            19.947734
          ],
          [
            73.585257,
            19.947612
          ],
          [
            73.585339,
            19.947513
          ],
          [
            73.585406,
            19.947458
          ],
          [
            73.585483,
            19.947427
          ],
          [
            73.585608,
            19.947427
          ],
          [
            73.585747,
            19.947391
          ],
          [
            73.585833,
            19.947323
          ],
          [
            73.585929,
            19.947219
          ],
          [
            73.585987,
            19.947097
          ],
          [
            73.586035,
            19.946908
          ],
          [
            73.586035,
            19.946831
          ],
          [
            73.585996,
            19.946772
          ],
          [
            73.585905,
            19.946741
          ],
          [
            73.585752,
            19.946714
          ],
          [
            73.585627,
            19.94666
          ],
          [
            73.585555,
            19.946673
          ],
          [
            73.585507,
            19.946736
          ],
          [
            73.58543,
            19.946899
          ],
          [
            73.585353,
            19.946971
          ],
          [
            73.58531,
            19.946971
          ],
          [
            73.585276,
            19.946935
          ],
          [
            73.585271,
            19.946741
          ],
          [
            73.585252,
            19.946678
          ],
          [
            73.585199,
            19.94666
          ],
          [
            73.585161,
            19.946691
          ],
          [
            73.585118,
            19.946759
          ],
          [
            73.584892,
            19.947097
          ],
          [
            73.584868,
            19.947147
          ],
          [
            73.584815,
            19.947161
          ],
          [
            73.584787,
            19.947129
          ],
          [
            73.584777,
            19.947075
          ],
          [
            73.58482,
            19.946994
          ],
          [
            73.584863,
            19.946921
          ],
          [
            73.584897,
            19.946827
          ],
          [
            73.584916,
            19.946727
          ],
          [
            73.584897,
            19.946664
          ],
          [
            73.584849,
            19.946673
          ],
          [
            73.584811,
            19.946718
          ],
          [
            73.584782,
            19.946822
          ],
          [
            73.584513,
            19.947215
          ],
          [
            73.584441,
            19.947309
          ],
          [
            73.584378,
            19.947341
          ],
          [
            73.58433,
            19.947341
          ],
          [
            73.584302,
            19.947287
          ],
          [
            73.584311,
            19.947233
          ],
          [
            73.584498,
            19.946818
          ],
          [
            73.584542,
            19.946727
          ],
          [
            73.584551,
            19.946642
          ],
          [
            73.584551,
            19.946574
          ],
          [
            73.584527,
            19.946529
          ],
          [
            73.584479,
            19.946556
          ],
          [
            73.58445,
            19.946628
          ],
          [
            73.584306,
            19.946917
          ],
          [
            73.584268,
            19.946957
          ],
          [
            73.584234,
            19.946939
          ],
          [
            73.584206,
            19.946885
          ],
          [
            73.58423,
            19.946813
          ],
          [
            73.584278,
            19.946651
          ],
          [
            73.584278,
            19.946565
          ],
          [
            73.584268,
            19.946465
          ],
          [
            73.584249,
            19.946366
          ],
          [
            73.584167,
            19.94624
          ],
          [
            73.584042,
            19.946082
          ],
          [
            73.58398,
            19.946113
          ],
          [
            73.583941,
            19.946181
          ],
          [
            73.583903,
            19.946299
          ],
          [
            73.583927,
            19.94642
          ],
          [
            73.583956,
            19.946551
          ],
          [
            73.583917,
            19.946809
          ],
          [
            73.583884,
            19.94689
          ],
          [
            73.583826,
            19.946894
          ],
          [
            73.583788,
            19.946854
          ],
          [
            73.583783,
            19.946682
          ],
          [
            73.583778,
            19.94661
          ],
          [
            73.583745,
            19.946529
          ],
          [
            73.583581,
            19.946366
          ],
          [
            73.583495,
            19.946289
          ],
          [
            73.583332,
            19.946213
          ],
          [
            73.583173,
            19.946095
          ],
          [
            73.583077,
            19.946041
          ],
          [
            73.583048,
            19.945983
          ],
          [
            73.58301,
            19.945879
          ],
          [
            73.583024,
            19.945603
          ],
          [
            73.583058,
            19.945351
          ],
          [
            73.583149,
            19.945116
          ],
          [
            73.583231,
            19.944972
          ],
          [
            73.58325,
            19.944899
          ],
          [
            73.58324,
            19.944755
          ],
          [
            73.583116,
            19.944258
          ],
          [
            73.582996,
            19.943965
          ],
          [
            73.582708,
            19.943464
          ],
          [
            73.58253,
            19.943189
          ],
          [
            73.582405,
            19.943022
          ],
          [
            73.582352,
            19.942927
          ],
          [
            73.582314,
            19.942805
          ],
          [
            73.582275,
            19.942692
          ],
          [
            73.582275,
            19.942584
          ],
          [
            73.582295,
            19.942435
          ],
          [
            73.582472,
            19.941731
          ],
          [
            73.582655,
            19.941194
          ],
          [
            73.582756,
            19.940748
          ],
          [
            73.582765,
            19.940706
          ],
          [
            73.582765,
            19.940594
          ],
          [
            73.582712,
            19.940287
          ],
          [
            73.582684,
            19.940066
          ],
          [
            73.582645,
            19.939831
          ],
          [
            73.582496,
            19.939519
          ],
          [
            73.582304,
            19.93905
          ],
          [
            73.582237,
            19.938716
          ],
          [
            73.582083,
            19.938016
          ],
          [
            73.581968,
            19.937461
          ],
          [
            73.581925,
            19.937172
          ],
          [
            73.581935,
            19.936906
          ],
          [
            73.581925,
            19.936717
          ],
          [
            73.581954,
            19.936383
          ],
          [
            73.582007,
            19.936139
          ],
          [
            73.582055,
            19.935877
          ],
          [
            73.58204,
            19.935593
          ],
          [
            73.581997,
            19.93534
          ],
          [
            73.581944,
            19.935132
          ],
          [
            73.581752,
            19.934735
          ],
          [
            73.581541,
            19.934333
          ],
          [
            73.581421,
            19.934099
          ],
          [
            73.581402,
            19.933986
          ],
          [
            73.58143,
            19.933932
          ],
          [
            73.581493,
            19.933877
          ],
          [
            73.581622,
            19.933841
          ],
          [
            73.581968,
            19.933846
          ],
          [
            73.581622,
            19.933841
          ],
          [
            73.581622,
            19.933841
          ],
          [
            73.581493,
            19.933877
          ],
          [
            73.58143,
            19.933932
          ],
          [
            73.581402,
            19.933986
          ],
          [
            73.581421,
            19.934099
          ],
          [
            73.581541,
            19.934333
          ],
          [
            73.581752,
            19.934735
          ],
          [
            73.581944,
            19.935132
          ],
          [
            73.581997,
            19.93534
          ],
          [
            73.58204,
            19.935593
          ],
          [
            73.582055,
            19.935877
          ],
          [
            73.582007,
            19.936139
          ],
          [
            73.581954,
            19.936383
          ],
          [
            73.581925,
            19.936717
          ],
          [
            73.581935,
            19.936906
          ],
          [
            73.581925,
            19.937172
          ],
          [
            73.581968,
            19.937461
          ],
          [
            73.582083,
            19.938016
          ],
          [
            73.582237,
            19.938716
          ],
          [
            73.582304,
            19.93905
          ],
          [
            73.582496,
            19.939519
          ],
          [
            73.582645,
            19.939831
          ],
          [
            73.582684,
            19.940066
          ],
          [
            73.582712,
            19.940287
          ],
          [
            73.582765,
            19.940594
          ],
          [
            73.582765,
            19.940706
          ],
          [
            73.582756,
            19.940748
          ],
          [
            73.582655,
            19.941194
          ],
          [
            73.582472,
            19.941731
          ],
          [
            73.582295,
            19.942435
          ],
          [
            73.582275,
            19.942584
          ],
          [
            73.582275,
            19.942692
          ],
          [
            73.582314,
            19.942805
          ],
          [
            73.582352,
            19.942927
          ],
          [
            73.582405,
            19.943022
          ],
          [
            73.58253,
            19.943189
          ],
          [
            73.582708,
            19.943464
          ],
          [
            73.582996,
            19.943965
          ],
          [
            73.583116,
            19.944258
          ],
          [
            73.58324,
            19.944755
          ],
          [
            73.58325,
            19.944899
          ],
          [
            73.583231,
            19.944972
          ],
          [
            73.583149,
            19.945116
          ],
          [
            73.583058,
            19.945351
          ],
          [
            73.583024,
            19.945603
          ],
          [
            73.58301,
            19.945879
          ],
          [
            73.583048,
            19.945983
          ],
          [
            73.583077,
            19.946041
          ],
          [
            73.583173,
            19.946095
          ],
          [
            73.583332,
            19.946213
          ],
          [
            73.583495,
            19.946289
          ],
          [
            73.583581,
            19.946366
          ],
          [
            73.583745,
            19.946529
          ],
          [
            73.583778,
            19.94661
          ],
          [
            73.583783,
            19.946682
          ],
          [
            73.583788,
            19.946854
          ],
          [
            73.583826,
            19.946894
          ],
          [
            73.583884,
            19.94689
          ],
          [
            73.583917,
            19.946809
          ],
          [
            73.583956,
            19.946551
          ],
          [
            73.583927,
            19.94642
          ],
          [
            73.583903,
            19.946299
          ],
          [
            73.583941,
            19.946181
          ],
          [
            73.58398,
            19.946113
          ],
          [
            73.584042,
            19.946082
          ],
          [
            73.584167,
            19.94624
          ],
          [
            73.584249,
            19.946366
          ],
          [
            73.584268,
            19.946465
          ],
          [
            73.584278,
            19.946565
          ],
          [
            73.584278,
            19.946651
          ],
          [
            73.58423,
            19.946813
          ],
          [
            73.584206,
            19.946885
          ],
          [
            73.584234,
            19.946939
          ],
          [
            73.584268,
            19.946957
          ],
          [
            73.584306,
            19.946917
          ],
          [
            73.58445,
            19.946628
          ],
          [
            73.584479,
            19.946556
          ],
          [
            73.584527,
            19.946529
          ],
          [
            73.584551,
            19.946574
          ],
          [
            73.584551,
            19.946642
          ],
          [
            73.584542,
            19.946727
          ],
          [
            73.584498,
            19.946818
          ],
          [
            73.584311,
            19.947233
          ],
          [
            73.584302,
            19.947287
          ],
          [
            73.58433,
            19.947341
          ],
          [
            73.584378,
            19.947341
          ],
          [
            73.584441,
            19.947309
          ],
          [
            73.584513,
            19.947215
          ],
          [
            73.584782,
            19.946822
          ],
          [
            73.584811,
            19.946718
          ],
          [
            73.584849,
            19.946673
          ],
          [
            73.584897,
            19.946664
          ],
          [
            73.584916,
            19.946727
          ],
          [
            73.584897,
            19.946827
          ],
          [
            73.584863,
            19.946921
          ],
          [
            73.58482,
            19.946994
          ],
          [
            73.584777,
            19.947075
          ],
          [
            73.584787,
            19.947129
          ],
          [
            73.584815,
            19.947161
          ],
          [
            73.584868,
            19.947147
          ],
          [
            73.584892,
            19.947097
          ],
          [
            73.585118,
            19.946759
          ],
          [
            73.585161,
            19.946691
          ],
          [
            73.585199,
            19.94666
          ],
          [
            73.585252,
            19.946678
          ],
          [
            73.585271,
            19.946741
          ],
          [
            73.585276,
            19.946935
          ],
          [
            73.58531,
            19.946971
          ],
          [
            73.585353,
            19.946971
          ],
          [
            73.58543,
            19.946899
          ],
          [
            73.585507,
            19.946736
          ],
          [
            73.585555,
            19.946673
          ],
          [
            73.585627,
            19.94666
          ],
          [
            73.585752,
            19.946714
          ],
          [
            73.585905,
            19.946741
          ],
          [
            73.585996,
            19.946772
          ],
          [
            73.586035,
            19.946831
          ],
          [
            73.586035,
            19.946908
          ],
          [
            73.585987,
            19.947097
          ],
          [
            73.585929,
            19.947219
          ],
          [
            73.585833,
            19.947323
          ],
          [
            73.585747,
            19.947391
          ],
          [
            73.585608,
            19.947427
          ],
          [
            73.585483,
            19.947427
          ],
          [
            73.585406,
            19.947458
          ],
          [
            73.585339,
            19.947513
          ],
          [
            73.585257,
            19.947612
          ],
          [
            73.585166,
            19.947734
          ],
          [
            73.585094,
            19.94786
          ],
          [
            73.585051,
            19.947914
          ],
          [
            73.585055,
            19.947991
          ],
          [
            73.585099,
            19.948113
          ],
          [
            73.585108,
            19.948167
          ],
          [
            73.585041,
            19.948275
          ],
          [
            73.584887,
            19.948424
          ],
          [
            73.5847,
            19.948582
          ],
          [
            73.584561,
            19.948659
          ],
          [
            73.584479,
            19.948722
          ],
          [
            73.584402,
            19.94883
          ],
          [
            73.58434,
            19.948934
          ],
          [
            73.58422,
            19.949088
          ],
          [
            73.584114,
            19.949191
          ],
          [
            73.584009,
            19.949318
          ],
          [
            73.583884,
            19.949449
          ],
          [
            73.58374,
            19.949516
          ],
          [
            73.58349,
            19.94962
          ],
          [
            73.583413,
            19.949679
          ],
          [
            73.583394,
            19.949733
          ],
          [
            73.583418,
            19.94981
          ],
          [
            73.583457,
            19.949859
          ],
          [
            73.583524,
            19.949909
          ],
          [
            73.583653,
            19.949927
          ],
          [
            73.583879,
            19.949972
          ],
          [
            73.584345,
            19.950017
          ],
          [
            73.584484,
            19.95004
          ],
          [
            73.584671,
            19.950072
          ],
          [
            73.584849,
            19.95009
          ],
          [
            73.584993,
            19.950094
          ],
          [
            73.585161,
            19.950121
          ],
          [
            73.585367,
            19.950207
          ],
          [
            73.585483,
            19.950293
          ],
          [
            73.585848,
            19.950582
          ],
          [
            73.586025,
            19.950749
          ],
          [
            73.586049,
            19.950839
          ],
          [
            73.586025,
            19.950902
          ],
          [
            73.585891,
            19.951037
          ],
          [
            73.58579,
            19.951222
          ],
          [
            73.585689,
            19.951439
          ],
          [
            73.585646,
            19.951579
          ],
          [
            73.585593,
            19.95185
          ],
          [
            73.58556,
            19.952048
          ],
          [
            73.585521,
            19.952166
          ],
          [
            73.585439,
            19.95231
          ],
          [
            73.585348,
            19.952495
          ],
          [
            73.585267,
            19.952721
          ],
          [
            73.585209,
            19.952942
          ],
          [
            73.585119,
            19.953217
          ],
          [
            73.584672,
            19.953188
          ],
          [
            73.584157,
            19.953193
          ],
          [
            73.583309,
            19.953132
          ],
          [
            73.582736,
            19.953052
          ],
          [
            73.58053,
            19.952744
          ],
          [
            73.578218,
            19.952472
          ],
          [
            73.575461,
            19.952079
          ],
          [
            73.574899,
            19.952011
          ],
          [
            73.573347,
            19.951826
          ],
          [
            73.572419,
            19.951796
          ],
          [
            73.572051,
            19.951823
          ],
          [
            73.569533,
            19.952003
          ],
          [
            73.568809,
            19.951978
          ],
          [
            73.567768,
            19.951791
          ],
          [
            73.56676,
            19.951489
          ],
          [
            73.565,
            19.950858
          ],
          [
            73.5649,
            19.950825
          ],
          [
            73.564118,
            19.950567
          ],
          [
            73.564099,
            19.950561
          ],
          [
            73.562071,
            19.949668
          ],
          [
            73.558821,
            19.948226
          ],
          [
            73.556991,
            19.947359
          ],
          [
            73.555382,
            19.946406
          ],
          [
            73.554947,
            19.946116
          ],
          [
            73.554545,
            19.945881
          ],
          [
            73.553703,
            19.945377
          ],
          [
            73.553518,
            19.945269
          ],
          [
            73.553275,
            19.945145
          ],
          [
            73.552743,
            19.944968
          ],
          [
            73.552017,
            19.944879
          ],
          [
            73.551285,
            19.944805
          ],
          [
            73.550222,
            19.944724
          ],
          [
            73.549705,
            19.94467
          ],
          [
            73.549229,
            19.944556
          ],
          [
            73.54877,
            19.9444
          ],
          [
            73.54774,
            19.943891
          ],
          [
            73.547768,
            19.943835
          ],
          [
            73.547775,
            19.943806
          ],
          [
            73.547827,
            19.943613
          ],
          [
            73.547946,
            19.943211
          ],
          [
            73.547947,
            19.94309
          ],
          [
            73.547882,
            19.942964
          ],
          [
            73.547802,
            19.942899
          ],
          [
            73.547609,
            19.942803
          ],
          [
            73.547394,
            19.942702
          ],
          [
            73.547212,
            19.942611
          ],
          [
            73.54696,
            19.942445
          ],
          [
            73.546745,
            19.942283
          ],
          [
            73.54653,
            19.942162
          ],
          [
            73.546305,
            19.942001
          ],
          [
            73.54608,
            19.941774
          ],
          [
            73.545774,
            19.941441
          ],
          [
            73.545484,
            19.941073
          ],
          [
            73.545152,
            19.940715
          ],
          [
            73.545082,
            19.940624
          ],
          [
            73.544937,
            19.940549
          ],
          [
            73.544755,
            19.940448
          ],
          [
            73.544578,
            19.940317
          ],
          [
            73.544438,
            19.940155
          ],
          [
            73.544277,
            19.939974
          ],
          [
            73.544116,
            19.939833
          ],
          [
            73.543988,
            19.939691
          ],
          [
            73.543693,
            19.939374
          ],
          [
            73.543656,
            19.939349
          ],
          [
            73.543317,
            19.939121
          ],
          [
            73.542786,
            19.938738
          ],
          [
            73.542609,
            19.938557
          ],
          [
            73.54248,
            19.938415
          ],
          [
            73.542335,
            19.938163
          ],
          [
            73.541971,
            19.937755
          ],
          [
            73.541649,
            19.937462
          ],
          [
            73.541102,
            19.937009
          ],
          [
            73.540662,
            19.936651
          ],
          [
            73.540388,
            19.936464
          ],
          [
            73.540077,
            19.936298
          ],
          [
            73.539787,
            19.936121
          ],
          [
            73.539476,
            19.935819
          ],
          [
            73.53953,
            19.935732
          ],
          [
            73.540244,
            19.935097
          ],
          [
            73.540691,
            19.934338
          ],
          [
            73.540772,
            19.934277
          ],
          [
            73.540885,
            19.93426
          ],
          [
            73.542483,
            19.934396
          ]
        ]
      }
    },
    {
      "type": "Feature",
      "properties": {
        "type": "yellow-route"
      },
      "geometry": {
        "type": "LineString",
        "coordinates": [
          [
            73.451944,
            19.769966
          ],
          [
            73.451944,
            19.769966
          ],
          [
            73.45203,
            19.769941
          ],
          [
            73.452213,
            19.769884
          ],
          [
            73.452433,
            19.76986
          ],
          [
            73.452669,
            19.769864
          ],
          [
            73.452836,
            19.769879
          ],
          [
            73.452991,
            19.769855
          ],
          [
            73.453136,
            19.769834
          ],
          [
            73.453388,
            19.769769
          ],
          [
            73.453624,
            19.769714
          ],
          [
            73.45401,
            19.769648
          ],
          [
            73.454493,
            19.769628
          ],
          [
            73.454755,
            19.769648
          ],
          [
            73.454922,
            19.769682
          ],
          [
            73.455093,
            19.769719
          ],
          [
            73.455313,
            19.769759
          ],
          [
            73.455448,
            19.769803
          ],
          [
            73.455657,
            19.76988
          ],
          [
            73.45584,
            19.76999
          ],
          [
            73.45599,
            19.770066
          ],
          [
            73.456123,
            19.770143
          ],
          [
            73.456274,
            19.770258
          ],
          [
            73.456392,
            19.770394
          ],
          [
            73.456558,
            19.770531
          ],
          [
            73.456768,
            19.770616
          ],
          [
            73.456939,
            19.770708
          ],
          [
            73.457159,
            19.770764
          ],
          [
            73.457363,
            19.770834
          ],
          [
            73.457642,
            19.770924
          ],
          [
            73.457915,
            19.771016
          ],
          [
            73.458205,
            19.771112
          ],
          [
            73.458473,
            19.771294
          ],
          [
            73.458645,
            19.771481
          ],
          [
            73.458774,
            19.771686
          ],
          [
            73.459053,
            19.772045
          ],
          [
            73.45953,
            19.772626
          ],
          [
            73.459782,
            19.772934
          ],
          [
            73.459922,
            19.77309
          ],
          [
            73.460115,
            19.773232
          ],
          [
            73.460796,
            19.773811
          ],
          [
            73.46101,
            19.77405
          ],
          [
            73.461172,
            19.774175
          ],
          [
            73.461316,
            19.774282
          ],
          [
            73.461424,
            19.774347
          ],
          [
            73.461655,
            19.774579
          ],
          [
            73.461778,
            19.774836
          ],
          [
            73.461944,
            19.775114
          ],
          [
            73.462014,
            19.77526
          ],
          [
            73.462019,
            19.775386
          ],
          [
            73.462068,
            19.775669
          ],
          [
            73.462095,
            19.775846
          ],
          [
            73.46217,
            19.776149
          ],
          [
            73.462298,
            19.776396
          ],
          [
            73.462352,
            19.776542
          ],
          [
            73.462379,
            19.776729
          ],
          [
            73.462368,
            19.776877
          ],
          [
            73.462266,
            19.777256
          ],
          [
            73.462132,
            19.777774
          ],
          [
            73.462137,
            19.778037
          ],
          [
            73.4621,
            19.77834
          ],
          [
            73.462051,
            19.778603
          ],
          [
            73.461987,
            19.778733
          ],
          [
            73.461928,
            19.779066
          ],
          [
            73.461917,
            19.779536
          ],
          [
            73.461934,
            19.779692
          ],
          [
            73.462014,
            19.779889
          ],
          [
            73.462191,
            19.780289
          ],
          [
            73.462298,
            19.780562
          ],
          [
            73.462336,
            19.780783
          ],
          [
            73.462314,
            19.780924
          ],
          [
            73.462357,
            19.781096
          ],
          [
            73.462443,
            19.781262
          ],
          [
            73.462561,
            19.781373
          ],
          [
            73.462733,
            19.781444
          ],
          [
            73.462894,
            19.78158
          ],
          [
            73.462996,
            19.781762
          ],
          [
            73.46306,
            19.781919
          ],
          [
            73.463087,
            19.78205
          ],
          [
            73.463167,
            19.782307
          ],
          [
            73.463248,
            19.782423
          ],
          [
            73.463318,
            19.782595
          ],
          [
            73.463366,
            19.782812
          ],
          [
            73.463371,
            19.783115
          ],
          [
            73.463425,
            19.783317
          ],
          [
            73.463468,
            19.783453
          ],
          [
            73.463527,
            19.783827
          ],
          [
            73.463597,
            19.784114
          ],
          [
            73.463629,
            19.784306
          ],
          [
            73.463602,
            19.784503
          ],
          [
            73.463527,
            19.784776
          ],
          [
            73.463395,
            19.785109
          ],
          [
            73.463361,
            19.785195
          ],
          [
            73.463204,
            19.785514
          ],
          [
            73.463114,
            19.78572
          ],
          [
            73.462974,
            19.785866
          ],
          [
            73.462808,
            19.786032
          ],
          [
            73.46277,
            19.786144
          ],
          [
            73.462787,
            19.786356
          ],
          [
            73.462888,
            19.786593
          ],
          [
            73.463253,
            19.787175
          ],
          [
            73.463376,
            19.787371
          ],
          [
            73.46342,
            19.787481
          ],
          [
            73.46342,
            19.787592
          ],
          [
            73.46335,
            19.787658
          ],
          [
            73.463253,
            19.787715
          ],
          [
            73.463092,
            19.787795
          ],
          [
            73.463001,
            19.787835
          ],
          [
            73.462915,
            19.78789
          ],
          [
            73.462866,
            19.787967
          ],
          [
            73.462829,
            19.788154
          ],
          [
            73.462791,
            19.788442
          ],
          [
            73.4628,
            19.788696
          ],
          [
            73.462741,
            19.788904
          ],
          [
            73.462652,
            19.789046
          ],
          [
            73.462593,
            19.789152
          ],
          [
            73.46254,
            19.789263
          ],
          [
            73.462577,
            19.789359
          ],
          [
            73.462663,
            19.789475
          ],
          [
            73.462792,
            19.789702
          ],
          [
            73.46284,
            19.789904
          ],
          [
            73.462867,
            19.790066
          ],
          [
            73.46291,
            19.790222
          ],
          [
            73.462894,
            19.790313
          ],
          [
            73.462775,
            19.790794
          ],
          [
            73.462668,
            19.791213
          ],
          [
            73.46263,
            19.791399
          ],
          [
            73.46255,
            19.791642
          ],
          [
            73.462491,
            19.791933
          ],
          [
            73.462481,
            19.792145
          ],
          [
            73.462508,
            19.792362
          ],
          [
            73.462475,
            19.792504
          ],
          [
            73.46255,
            19.792611
          ],
          [
            73.462577,
            19.792762
          ],
          [
            73.462679,
            19.792893
          ],
          [
            73.462818,
            19.792944
          ],
          [
            73.463081,
            19.792984
          ],
          [
            73.463344,
            19.79301
          ],
          [
            73.463575,
            19.79301
          ],
          [
            73.463805,
            19.792994
          ],
          [
            73.464052,
            19.792984
          ],
          [
            73.464342,
            19.792909
          ],
          [
            73.46454,
            19.792909
          ],
          [
            73.464653,
            19.792909
          ],
          [
            73.464846,
            19.792883
          ],
          [
            73.465071,
            19.792873
          ],
          [
            73.465318,
            19.792904
          ],
          [
            73.465613,
            19.792944
          ],
          [
            73.465897,
            19.793015
          ],
          [
            73.466133,
            19.79305
          ],
          [
            73.466219,
            19.79308
          ],
          [
            73.466659,
            19.793121
          ],
          [
            73.467131,
            19.793161
          ],
          [
            73.467405,
            19.793191
          ],
          [
            73.467593,
            19.793191
          ],
          [
            73.467732,
            19.793171
          ],
          [
            73.467888,
            19.793111
          ],
          [
            73.468156,
            19.79301
          ],
          [
            73.468547,
            19.792899
          ],
          [
            73.468746,
            19.792868
          ],
          [
            73.46895,
            19.792818
          ],
          [
            73.469084,
            19.792798
          ],
          [
            73.469518,
            19.792727
          ],
          [
            73.46984,
            19.792737
          ],
          [
            73.470071,
            19.792772
          ],
          [
            73.470328,
            19.792828
          ],
          [
            73.471423,
            19.793146
          ],
          [
            73.4716,
            19.79322
          ],
          [
            73.471697,
            19.793291
          ],
          [
            73.471777,
            19.793427
          ],
          [
            73.472056,
            19.793811
          ],
          [
            73.472282,
            19.794149
          ],
          [
            73.472373,
            19.794366
          ],
          [
            73.472565,
            19.794801
          ],
          [
            73.472646,
            19.795002
          ],
          [
            73.472716,
            19.795199
          ],
          [
            73.472759,
            19.795295
          ],
          [
            73.472807,
            19.795321
          ],
          [
            73.473082,
            19.795454
          ],
          [
            73.473467,
            19.795765
          ],
          [
            73.473665,
            19.795957
          ],
          [
            73.473805,
            19.796052
          ],
          [
            73.474014,
            19.796087
          ],
          [
            73.474314,
            19.796137
          ],
          [
            73.474599,
            19.796239
          ],
          [
            73.47491,
            19.796351
          ],
          [
            73.475516,
            19.796629
          ],
          [
            73.475779,
            19.79673
          ],
          [
            73.475972,
            19.79683
          ],
          [
            73.476122,
            19.796916
          ],
          [
            73.476342,
            19.797451
          ],
          [
            73.476471,
            19.797672
          ],
          [
            73.476648,
            19.797808
          ],
          [
            73.47675,
            19.797901
          ],
          [
            73.476954,
            19.798015
          ],
          [
            73.477093,
            19.798097
          ],
          [
            73.47727,
            19.798152
          ],
          [
            73.477544,
            19.798298
          ],
          [
            73.477709,
            19.79845
          ],
          [
            73.477872,
            19.798603
          ],
          [
            73.478025,
            19.798719
          ],
          [
            73.478148,
            19.798787
          ],
          [
            73.47824,
            19.798821
          ],
          [
            73.478429,
            19.798889
          ],
          [
            73.478648,
            19.798969
          ],
          [
            73.478695,
            19.799005
          ],
          [
            73.478747,
            19.799063
          ],
          [
            73.478783,
            19.799161
          ],
          [
            73.478799,
            19.799353
          ],
          [
            73.478852,
            19.799565
          ],
          [
            73.478936,
            19.799725
          ],
          [
            73.479028,
            19.799883
          ],
          [
            73.479089,
            19.800049
          ],
          [
            73.479105,
            19.800186
          ],
          [
            73.479094,
            19.800454
          ],
          [
            73.479298,
            19.800293
          ],
          [
            73.479459,
            19.800251
          ],
          [
            73.479636,
            19.800338
          ],
          [
            73.47991,
            19.800494
          ],
          [
            73.48014,
            19.80063
          ],
          [
            73.480269,
            19.800677
          ],
          [
            73.480441,
            19.800685
          ],
          [
            73.480666,
            19.800702
          ],
          [
            73.480779,
            19.800746
          ],
          [
            73.480993,
            19.800877
          ],
          [
            73.481256,
            19.801089
          ],
          [
            73.481411,
            19.801237
          ],
          [
            73.481626,
            19.801367
          ],
          [
            73.481846,
            19.801488
          ],
          [
            73.482001,
            19.80157
          ],
          [
            73.48219,
            19.801735
          ],
          [
            73.482291,
            19.801903
          ],
          [
            73.482404,
            19.80221
          ],
          [
            73.482533,
            19.802618
          ],
          [
            73.482651,
            19.802941
          ],
          [
            73.482753,
            19.803118
          ],
          [
            73.483037,
            19.803618
          ],
          [
            73.483316,
            19.803976
          ],
          [
            73.483466,
            19.80421
          ],
          [
            73.483633,
            19.804334
          ],
          [
            73.483804,
            19.804456
          ],
          [
            73.483928,
            19.804587
          ],
          [
            73.483963,
            19.804652
          ],
          [
            73.484014,
            19.804743
          ],
          [
            73.484046,
            19.80497
          ],
          [
            73.484056,
            19.805218
          ],
          [
            73.484051,
            19.80544
          ],
          [
            73.484121,
            19.805627
          ],
          [
            73.484217,
            19.805884
          ],
          [
            73.484517,
            19.80641
          ],
          [
            73.484657,
            19.806768
          ],
          [
            73.484791,
            19.807035
          ],
          [
            73.484866,
            19.807277
          ],
          [
            73.484995,
            19.807504
          ],
          [
            73.485182,
            19.807712
          ],
          [
            73.485403,
            19.807842
          ],
          [
            73.485553,
            19.807908
          ],
          [
            73.485725,
            19.807984
          ],
          [
            73.485816,
            19.80812
          ],
          [
            73.485848,
            19.808246
          ],
          [
            73.485843,
            19.808423
          ],
          [
            73.485832,
            19.808599
          ],
          [
            73.485891,
            19.808741
          ],
          [
            73.485955,
            19.808902
          ],
          [
            73.486433,
            19.809821
          ],
          [
            73.486663,
            19.810246
          ],
          [
            73.486765,
            19.810527
          ],
          [
            73.486792,
            19.810684
          ],
          [
            73.486765,
            19.81088
          ],
          [
            73.486723,
            19.811072
          ],
          [
            73.486664,
            19.811158
          ],
          [
            73.486556,
            19.811254
          ],
          [
            73.486374,
            19.81137
          ],
          [
            73.486245,
            19.811402
          ],
          [
            73.4861,
            19.811497
          ],
          [
            73.486009,
            19.811567
          ],
          [
            73.485907,
            19.811688
          ],
          [
            73.485784,
            19.811809
          ],
          [
            73.485628,
            19.811942
          ],
          [
            73.485376,
            19.812078
          ],
          [
            73.485151,
            19.812253
          ],
          [
            73.485021,
            19.81234
          ],
          [
            73.484748,
            19.812672
          ],
          [
            73.484593,
            19.812871
          ],
          [
            73.484555,
            19.812921
          ],
          [
            73.484413,
            19.813104
          ],
          [
            73.484271,
            19.813288
          ],
          [
            73.483997,
            19.813702
          ],
          [
            73.483901,
            19.813924
          ],
          [
            73.483866,
            19.81404
          ],
          [
            73.483957,
            19.813964
          ],
          [
            73.484145,
            19.813868
          ],
          [
            73.484395,
            19.813762
          ],
          [
            73.484708,
            19.813679
          ],
          [
            73.484832,
            19.813671
          ],
          [
            73.485028,
            19.813694
          ],
          [
            73.485293,
            19.813742
          ],
          [
            73.485507,
            19.813828
          ],
          [
            73.485701,
            19.813941
          ],
          [
            73.485827,
            19.814047
          ],
          [
            73.485937,
            19.814166
          ],
          [
            73.486017,
            19.81428
          ],
          [
            73.486169,
            19.814408
          ],
          [
            73.48632,
            19.814509
          ],
          [
            73.486581,
            19.814671
          ],
          [
            73.486849,
            19.814812
          ],
          [
            73.486999,
            19.814837
          ],
          [
            73.487211,
            19.814873
          ],
          [
            73.487426,
            19.814842
          ],
          [
            73.487573,
            19.814804
          ],
          [
            73.487672,
            19.814764
          ],
          [
            73.487871,
            19.814658
          ],
          [
            73.488144,
            19.814514
          ],
          [
            73.488445,
            19.814345
          ],
          [
            73.488861,
            19.814108
          ],
          [
            73.489011,
            19.814022
          ],
          [
            73.489241,
            19.813972
          ],
          [
            73.489437,
            19.813926
          ],
          [
            73.489643,
            19.813919
          ],
          [
            73.489717,
            19.813918
          ],
          [
            73.489858,
            19.813896
          ],
          [
            73.490167,
            19.81387
          ],
          [
            73.490357,
            19.813843
          ],
          [
            73.490532,
            19.813775
          ],
          [
            73.490623,
            19.813717
          ],
          [
            73.490821,
            19.813535
          ],
          [
            73.491114,
            19.813273
          ],
          [
            73.491409,
            19.81298
          ],
          [
            73.491747,
            19.81266
          ],
          [
            73.491978,
            19.812553
          ],
          [
            73.492186,
            19.812485
          ],
          [
            73.49253,
            19.812354
          ],
          [
            73.492844,
            19.812246
          ],
          [
            73.493157,
            19.812157
          ],
          [
            73.493452,
            19.812056
          ],
          [
            73.493643,
            19.812008
          ],
          [
            73.493833,
            19.811983
          ],
          [
            73.494064,
            19.811986
          ],
          [
            73.494393,
            19.812024
          ],
          [
            73.494697,
            19.812056
          ],
          [
            73.494858,
            19.812079
          ],
          [
            73.49501,
            19.812069
          ],
          [
            73.495183,
            19.812031
          ],
          [
            73.495408,
            19.8119
          ],
          [
            73.495598,
            19.811781
          ],
          [
            73.495813,
            19.81161
          ],
          [
            73.496137,
            19.811375
          ],
          [
            73.496349,
            19.811294
          ],
          [
            73.496588,
            19.811246
          ],
          [
            73.496789,
            19.811236
          ],
          [
            73.497001,
            19.811239
          ],
          [
            73.497287,
            19.811282
          ],
          [
            73.497457,
            19.811398
          ],
          [
            73.497543,
            19.811562
          ],
          [
            73.497637,
            19.811844
          ],
          [
            73.497736,
            19.812122
          ],
          [
            73.497841,
            19.812273
          ],
          [
            73.497953,
            19.812412
          ],
          [
            73.498084,
            19.812516
          ],
          [
            73.498774,
            19.812914
          ],
          [
            73.49993,
            19.813586
          ],
          [
            73.500582,
            19.813969
          ],
          [
            73.500821,
            19.814166
          ],
          [
            73.501035,
            19.814398
          ],
          [
            73.501258,
            19.814714
          ],
          [
            73.501451,
            19.814991
          ],
          [
            73.501553,
            19.815158
          ],
          [
            73.501703,
            19.815349
          ],
          [
            73.501786,
            19.815413
          ],
          [
            73.501899,
            19.815471
          ],
          [
            73.502038,
            19.815501
          ],
          [
            73.502231,
            19.815513
          ],
          [
            73.502398,
            19.815524
          ],
          [
            73.502687,
            19.815529
          ],
          [
            73.503401,
            19.815541
          ],
          [
            73.504004,
            19.815549
          ],
          [
            73.504361,
            19.815539
          ],
          [
            73.504562,
            19.815529
          ],
          [
            73.505335,
            19.815382
          ],
          [
            73.505522,
            19.815349
          ],
          [
            73.50564,
            19.815307
          ],
          [
            73.505761,
            19.815228
          ],
          [
            73.505858,
            19.815112
          ],
          [
            73.505921,
            19.814953
          ],
          [
            73.505927,
            19.814827
          ],
          [
            73.5059,
            19.814648
          ],
          [
            73.505842,
            19.814492
          ],
          [
            73.505773,
            19.814309
          ],
          [
            73.505959,
            19.814355
          ],
          [
            73.506064,
            19.814367
          ],
          [
            73.506232,
            19.814494
          ],
          [
            73.506408,
            19.814621
          ],
          [
            73.50652,
            19.814655
          ],
          [
            73.506599,
            19.814648
          ],
          [
            73.506737,
            19.814578
          ],
          [
            73.506893,
            19.814535
          ],
          [
            73.507074,
            19.814542
          ],
          [
            73.507197,
            19.814576
          ],
          [
            73.507375,
            19.814684
          ],
          [
            73.507546,
            19.814885
          ],
          [
            73.50788,
            19.815243
          ],
          [
            73.508118,
            19.815486
          ],
          [
            73.508202,
            19.815642
          ],
          [
            73.508342,
            19.816086
          ],
          [
            73.508424,
            19.816304
          ],
          [
            73.5085,
            19.816412
          ],
          [
            73.508962,
            19.81672
          ],
          [
            73.509156,
            19.816806
          ],
          [
            73.50923,
            19.81689
          ],
          [
            73.509238,
            19.816967
          ],
          [
            73.509228,
            19.817075
          ],
          [
            73.509144,
            19.817339
          ],
          [
            73.509137,
            19.817568
          ],
          [
            73.509005,
            19.817818
          ],
          [
            73.50889,
            19.818249
          ],
          [
            73.508879,
            19.818347
          ],
          [
            73.508914,
            19.818378
          ],
          [
            73.509161,
            19.818529
          ],
          [
            73.509405,
            19.818678
          ],
          [
            73.509628,
            19.818824
          ],
          [
            73.509759,
            19.818928
          ],
          [
            73.509843,
            19.819031
          ],
          [
            73.509883,
            19.819132
          ],
          [
            73.509928,
            19.819278
          ],
          [
            73.509944,
            19.819432
          ],
          [
            73.509984,
            19.819688
          ],
          [
            73.509837,
            19.820339
          ],
          [
            73.509491,
            19.821453
          ],
          [
            73.509488,
            19.821549
          ],
          [
            73.509515,
            19.821688
          ],
          [
            73.509574,
            19.821776
          ],
          [
            73.510143,
            19.822344
          ],
          [
            73.510183,
            19.82241
          ],
          [
            73.510207,
            19.822521
          ],
          [
            73.510205,
            19.822619
          ],
          [
            73.510178,
            19.823664
          ],
          [
            73.51013,
            19.824057
          ],
          [
            73.510044,
            19.824194
          ],
          [
            73.509987,
            19.824242
          ],
          [
            73.509902,
            19.824302
          ],
          [
            73.50981,
            19.824441
          ],
          [
            73.509759,
            19.824595
          ],
          [
            73.509682,
            19.824719
          ],
          [
            73.509505,
            19.824799
          ],
          [
            73.50918,
            19.824895
          ],
          [
            73.50903,
            19.824971
          ],
          [
            73.508906,
            19.825102
          ],
          [
            73.508796,
            19.825294
          ],
          [
            73.508695,
            19.825592
          ],
          [
            73.508558,
            19.825937
          ],
          [
            73.508383,
            19.826417
          ],
          [
            73.508311,
            19.826553
          ],
          [
            73.508217,
            19.826674
          ],
          [
            73.507981,
            19.826926
          ],
          [
            73.507882,
            19.827065
          ],
          [
            73.507834,
            19.827229
          ],
          [
            73.507783,
            19.827439
          ],
          [
            73.507673,
            19.827953
          ],
          [
            73.507686,
            19.828125
          ],
          [
            73.507713,
            19.828513
          ],
          [
            73.507732,
            19.828892
          ],
          [
            73.507732,
            19.829455
          ],
          [
            73.50775,
            19.830032
          ],
          [
            73.507785,
            19.830376
          ],
          [
            73.507772,
            19.830883
          ],
          [
            73.507742,
            19.831218
          ],
          [
            73.507683,
            19.831468
          ],
          [
            73.507611,
            19.831857
          ],
          [
            73.507579,
            19.832028
          ],
          [
            73.507477,
            19.832561
          ],
          [
            73.507466,
            19.832833
          ],
          [
            73.507514,
            19.833063
          ],
          [
            73.507549,
            19.833179
          ],
          [
            73.507635,
            19.833492
          ],
          [
            73.507791,
            19.833799
          ],
          [
            73.508016,
            19.834122
          ],
          [
            73.508139,
            19.83436
          ],
          [
            73.508145,
            19.834521
          ],
          [
            73.508096,
            19.834713
          ],
          [
            73.508027,
            19.834819
          ],
          [
            73.507968,
            19.83498
          ],
          [
            73.507962,
            19.835086
          ],
          [
            73.507887,
            19.835268
          ],
          [
            73.50785,
            19.835445
          ],
          [
            73.507815,
            19.835608
          ],
          [
            73.507837,
            19.835822
          ],
          [
            73.507877,
            19.836105
          ],
          [
            73.507893,
            19.836357
          ],
          [
            73.507845,
            19.836637
          ],
          [
            73.507866,
            19.836859
          ],
          [
            73.507901,
            19.837064
          ],
          [
            73.507901,
            19.837233
          ],
          [
            73.507907,
            19.837366
          ],
          [
            73.507941,
            19.837518
          ],
          [
            73.508019,
            19.83765
          ],
          [
            73.50807,
            19.837722
          ],
          [
            73.508145,
            19.837819
          ],
          [
            73.508207,
            19.837959
          ],
          [
            73.508231,
            19.838026
          ],
          [
            73.508231,
            19.838134
          ],
          [
            73.508223,
            19.838222
          ],
          [
            73.508116,
            19.838561
          ],
          [
            73.507963,
            19.83903
          ],
          [
            73.50781,
            19.839471
          ],
          [
            73.507775,
            19.839551
          ],
          [
            73.507762,
            19.839643
          ],
          [
            73.507762,
            19.839701
          ],
          [
            73.507783,
            19.839874
          ],
          [
            73.507826,
            19.840116
          ],
          [
            73.507845,
            19.840369
          ],
          [
            73.507802,
            19.841618
          ],
          [
            73.507783,
            19.842153
          ],
          [
            73.507781,
            19.842619
          ],
          [
            73.507665,
            19.843535
          ],
          [
            73.507625,
            19.843874
          ],
          [
            73.507644,
            19.844272
          ],
          [
            73.50766,
            19.844492
          ],
          [
            73.507695,
            19.844867
          ],
          [
            73.507714,
            19.845085
          ],
          [
            73.507689,
            19.845198
          ],
          [
            73.507633,
            19.845297
          ],
          [
            73.507596,
            19.84537
          ],
          [
            73.507185,
            19.845753
          ],
          [
            73.507083,
            19.845854
          ],
          [
            73.506981,
            19.845973
          ],
          [
            73.506928,
            19.846069
          ],
          [
            73.50689,
            19.84615
          ],
          [
            73.506826,
            19.846457
          ],
          [
            73.506744,
            19.847561
          ],
          [
            73.506627,
            19.847572
          ],
          [
            73.506451,
            19.847577
          ],
          [
            73.506244,
            19.847569
          ],
          [
            73.505989,
            19.847546
          ],
          [
            73.505739,
            19.847522
          ],
          [
            73.505493,
            19.847488
          ],
          [
            73.505255,
            19.847467
          ],
          [
            73.505003,
            19.847456
          ],
          [
            73.50483,
            19.847459
          ],
          [
            73.504716,
            19.847467
          ],
          [
            73.504593,
            19.847491
          ],
          [
            73.504457,
            19.847537
          ],
          [
            73.50435,
            19.847601
          ],
          [
            73.50426,
            19.847682
          ],
          [
            73.504097,
            19.847824
          ],
          [
            73.503915,
            19.84796
          ],
          [
            73.503727,
            19.848102
          ],
          [
            73.50357,
            19.848201
          ],
          [
            73.503459,
            19.848247
          ],
          [
            73.503373,
            19.848264
          ],
          [
            73.503311,
            19.84827
          ],
          [
            73.503225,
            19.84827
          ],
          [
            73.503086,
            19.848259
          ],
          [
            73.502843,
            19.848247
          ],
          [
            73.502735,
            19.84825
          ],
          [
            73.50259,
            19.84825
          ],
          [
            73.502489,
            19.848227
          ],
          [
            73.502402,
            19.848198
          ],
          [
            73.502313,
            19.848157
          ],
          [
            73.502214,
            19.848114
          ],
          [
            73.502116,
            19.848076
          ],
          [
            73.502014,
            19.848047
          ],
          [
            73.501903,
            19.848059
          ],
          [
            73.501795,
            19.848102
          ],
          [
            73.501703,
            19.848151
          ],
          [
            73.50162,
            19.848221
          ],
          [
            73.501577,
            19.848288
          ],
          [
            73.501534,
            19.848386
          ],
          [
            73.5015,
            19.84845
          ],
          [
            73.501503,
            19.848534
          ],
          [
            73.501487,
            19.84865
          ],
          [
            73.501472,
            19.848769
          ],
          [
            73.501438,
            19.848829
          ],
          [
            73.501416,
            19.848882
          ],
          [
            73.501361,
            19.84896
          ],
          [
            73.501287,
            19.84905
          ],
          [
            73.501207,
            19.849134
          ],
          [
            73.501139,
            19.849232
          ],
          [
            73.501056,
            19.849342
          ],
          [
            73.500957,
            19.849479
          ],
          [
            73.50088,
            19.849597
          ],
          [
            73.500816,
            19.849722
          ],
          [
            73.500742,
            19.849829
          ],
          [
            73.500643,
            19.849989
          ],
          [
            73.500578,
            19.850102
          ],
          [
            73.500504,
            19.850241
          ],
          [
            73.500504,
            19.850241
          ],
          [
            73.500431,
            19.850383
          ],
          [
            73.500378,
            19.850507
          ],
          [
            73.50031,
            19.850673
          ],
          [
            73.500267,
            19.850829
          ],
          [
            73.500236,
            19.850893
          ],
          [
            73.500196,
            19.851026
          ],
          [
            73.500129,
            19.8512
          ],
          [
            73.500082,
            19.851339
          ],
          [
            73.500024,
            19.851464
          ],
          [
            73.499962,
            19.851594
          ],
          [
            73.499904,
            19.85169
          ],
          [
            73.499814,
            19.851803
          ],
          [
            73.499719,
            19.851916
          ],
          [
            73.49962,
            19.852009
          ],
          [
            73.499534,
            19.852078
          ],
          [
            73.499454,
            19.852122
          ],
          [
            73.499371,
            19.852142
          ],
          [
            73.499303,
            19.852148
          ],
          [
            73.499223,
            19.852136
          ],
          [
            73.499143,
            19.852098
          ],
          [
            73.499075,
            19.852052
          ],
          [
            73.498998,
            19.851982
          ],
          [
            73.498912,
            19.851922
          ],
          [
            73.498847,
            19.851884
          ],
          [
            73.498776,
            19.851852
          ],
          [
            73.498693,
            19.851838
          ],
          [
            73.498607,
            19.851835
          ],
          [
            73.498496,
            19.851849
          ],
          [
            73.4984,
            19.851872
          ],
          [
            73.498295,
            19.851924
          ],
          [
            73.498225,
            19.852011
          ],
          [
            73.498172,
            19.852081
          ],
          [
            73.49812,
            19.852136
          ],
          [
            73.498033,
            19.852226
          ],
          [
            73.497919,
            19.85229
          ],
          [
            73.497836,
            19.852356
          ],
          [
            73.497747,
            19.852411
          ],
          [
            73.497685,
            19.852487
          ],
          [
            73.497627,
            19.852577
          ],
          [
            73.497599,
            19.852678
          ],
          [
            73.497537,
            19.852774
          ],
          [
            73.497454,
            19.852829
          ],
          [
            73.497343,
            19.852866
          ],
          [
            73.497226,
            19.852858
          ],
          [
            73.497085,
            19.852823
          ],
          [
            73.496949,
            19.852794
          ],
          [
            73.496783,
            19.852756
          ],
          [
            73.496656,
            19.85273
          ],
          [
            73.496444,
            19.852681
          ],
          [
            73.496228,
            19.852632
          ],
          [
            73.496009,
            19.852571
          ],
          [
            73.495871,
            19.852542
          ],
          [
            73.495701,
            19.852495
          ],
          [
            73.495541,
            19.852455
          ],
          [
            73.49539,
            19.852426
          ],
          [
            73.495251,
            19.852461
          ],
          [
            73.495113,
            19.852495
          ],
          [
            73.494922,
            19.852507
          ],
          [
            73.494795,
            19.852498
          ],
          [
            73.49462,
            19.852492
          ],
          [
            73.494484,
            19.852484
          ],
          [
            73.494342,
            19.852487
          ],
          [
            73.494222,
            19.852487
          ],
          [
            73.49408,
            19.852516
          ],
          [
            73.493997,
            19.852542
          ],
          [
            73.493917,
            19.852571
          ],
          [
            73.493816,
            19.852588
          ],
          [
            73.49372,
            19.852623
          ],
          [
            73.493612,
            19.852666
          ],
          [
            73.493526,
            19.852733
          ],
          [
            73.493443,
            19.852817
          ],
          [
            73.493344,
            19.852898
          ],
          [
            73.493289,
            19.852976
          ],
          [
            73.493172,
            19.853087
          ],
          [
            73.493027,
            19.853234
          ],
          [
            73.492962,
            19.853292
          ],
          [
            73.492857,
            19.853408
          ],
          [
            73.492753,
            19.853521
          ],
          [
            73.492666,
            19.85362
          ],
          [
            73.492568,
            19.85373
          ],
          [
            73.492497,
            19.853802
          ],
          [
            73.492426,
            19.853883
          ],
          [
            73.49238,
            19.853968
          ],
          [
            73.492346,
            19.854052
          ],
          [
            73.492324,
            19.854141
          ],
          [
            73.492281,
            19.85426
          ],
          [
            73.492241,
            19.854408
          ],
          [
            73.492216,
            19.854541
          ],
          [
            73.492183,
            19.854649
          ],
          [
            73.492146,
            19.854799
          ],
          [
            73.492112,
            19.854938
          ],
          [
            73.492081,
            19.855063
          ],
          [
            73.492065,
            19.855098
          ],
          [
            73.49205,
            19.855161
          ],
          [
            73.492013,
            19.85524
          ],
          [
            73.491948,
            19.855312
          ],
          [
            73.491871,
            19.855373
          ],
          [
            73.49177,
            19.855431
          ],
          [
            73.491668,
            19.855477
          ],
          [
            73.491548,
            19.855501
          ],
          [
            73.491418,
            19.855524
          ],
          [
            73.491326,
            19.855527
          ],
          [
            73.491234,
            19.855532
          ],
          [
            73.491138,
            19.855501
          ],
          [
            73.491055,
            19.855466
          ],
          [
            73.490941,
            19.855434
          ],
          [
            73.490824,
            19.855408
          ],
          [
            73.490691,
            19.855367
          ],
          [
            73.490568,
            19.855335
          ],
          [
            73.490408,
            19.855292
          ],
          [
            73.490198,
            19.855234
          ],
          [
            73.49002,
            19.855173
          ],
          [
            73.489859,
            19.85513
          ],
          [
            73.489715,
            19.855046
          ],
          [
            73.48957,
            19.854964
          ],
          [
            73.48944,
            19.854866
          ],
          [
            73.48933,
            19.854802
          ],
          [
            73.489225,
            19.854744
          ],
          [
            73.489098,
            19.854666
          ],
          [
            73.489009,
            19.854608
          ],
          [
            73.488923,
            19.854538
          ],
          [
            73.488855,
            19.854451
          ],
          [
            73.488846,
            19.854385
          ],
          [
            73.488858,
            19.854301
          ],
          [
            73.488877,
            19.854208
          ],
          [
            73.488907,
            19.854075
          ],
          [
            73.488935,
            19.85395
          ],
          [
            73.488954,
            19.853834
          ],
          [
            73.488963,
            19.85377
          ],
          [
            73.488972,
            19.853695
          ],
          [
            73.488988,
            19.853594
          ],
          [
            73.489028,
            19.853469
          ],
          [
            73.489065,
            19.853379
          ],
          [
            73.489108,
            19.853292
          ],
          [
            73.48916,
            19.8532
          ],
          [
            73.489212,
            19.853101
          ],
          [
            73.48924,
            19.852991
          ],
          [
            73.489249,
            19.852924
          ],
          [
            73.489228,
            19.852855
          ],
          [
            73.489188,
            19.852791
          ],
          [
            73.489148,
            19.852727
          ],
          [
            73.489068,
            19.852655
          ],
          [
            73.488981,
            19.852579
          ],
          [
            73.488898,
            19.852498
          ],
          [
            73.488824,
            19.852429
          ],
          [
            73.488763,
            19.852356
          ],
          [
            73.488692,
            19.852269
          ],
          [
            73.488646,
            19.852217
          ],
          [
            73.488578,
            19.852133
          ],
          [
            73.488513,
            19.852052
          ],
          [
            73.488442,
            19.851962
          ],
          [
            73.488381,
            19.851898
          ],
          [
            73.4883,
            19.851849
          ],
          [
            73.488186,
            19.851826
          ],
          [
            73.488079,
            19.851835
          ],
          [
            73.487958,
            19.851881
          ],
          [
            73.487792,
            19.851936
          ],
          [
            73.487653,
            19.851988
          ],
          [
            73.48749,
            19.852032
          ],
          [
            73.487373,
            19.852081
          ],
          [
            73.487256,
            19.852116
          ],
          [
            73.487133,
            19.852148
          ],
          [
            73.487046,
            19.852182
          ],
          [
            73.486948,
            19.852243
          ],
          [
            73.486825,
            19.852304
          ],
          [
            73.486735,
            19.852368
          ],
          [
            73.486652,
            19.852414
          ],
          [
            73.486575,
            19.852455
          ],
          [
            73.486507,
            19.852469
          ],
          [
            73.486406,
            19.852466
          ],
          [
            73.48631,
            19.852429
          ],
          [
            73.486205,
            19.852388
          ],
          [
            73.486067,
            19.852362
          ],
          [
            73.485928,
            19.852353
          ],
          [
            73.485792,
            19.852348
          ],
          [
            73.485642,
            19.852336
          ],
          [
            73.485528,
            19.852324
          ],
          [
            73.485407,
            19.852313
          ],
          [
            73.485253,
            19.85229
          ],
          [
            73.485108,
            19.852258
          ],
          [
            73.484945,
            19.852223
          ],
          [
            73.484766,
            19.852177
          ],
          [
            73.484646,
            19.852148
          ],
          [
            73.484495,
            19.852104
          ],
          [
            73.484335,
            19.852072
          ],
          [
            73.484141,
            19.852035
          ],
          [
            73.484049,
            19.852009
          ],
          [
            73.483922,
            19.852006
          ],
          [
            73.483811,
            19.852006
          ],
          [
            73.483679,
            19.852009
          ],
          [
            73.48354,
            19.852
          ],
          [
            73.483439,
            19.851974
          ],
          [
            73.483272,
            19.851919
          ],
          [
            73.483118,
            19.851875
          ],
          [
            73.483072,
            19.851898
          ],
          [
            73.483053,
            19.852029
          ],
          [
            73.483029,
            19.852177
          ],
          [
            73.482995,
            19.852336
          ],
          [
            73.482958,
            19.852464
          ],
          [
            73.482906,
            19.852684
          ],
          [
            73.482869,
            19.852855
          ],
          [
            73.482816,
            19.853046
          ],
          [
            73.482773,
            19.853231
          ],
          [
            73.482739,
            19.853452
          ],
          [
            73.482708,
            19.853614
          ],
          [
            73.482681,
            19.853857
          ],
          [
            73.482671,
            19.853936
          ],
          [
            73.482662,
            19.854014
          ],
          [
            73.482653,
            19.854124
          ],
          [
            73.482634,
            19.854249
          ],
          [
            73.482619,
            19.85435
          ],
          [
            73.482594,
            19.854434
          ],
          [
            73.482548,
            19.854512
          ],
          [
            73.48249,
            19.854588
          ],
          [
            73.482413,
            19.854657
          ],
          [
            73.482332,
            19.854721
          ],
          [
            73.482215,
            19.854817
          ],
          [
            73.482086,
            19.854918
          ],
          [
            73.48195,
            19.855025
          ],
          [
            73.481809,
            19.855161
          ],
          [
            73.481667,
            19.855298
          ],
          [
            73.481528,
            19.855428
          ],
          [
            73.481365,
            19.855596
          ],
          [
            73.481239,
            19.855761
          ],
          [
            73.481094,
            19.85599
          ],
          [
            73.481051,
            19.856051
          ],
          [
            73.480989,
            19.856167
          ],
          [
            73.480924,
            19.856309
          ],
          [
            73.480863,
            19.856442
          ],
          [
            73.480792,
            19.856552
          ],
          [
            73.480699,
            19.856683
          ],
          [
            73.480607,
            19.856822
          ],
          [
            73.480493,
            19.85697
          ],
          [
            73.480373,
            19.857138
          ],
          [
            73.480284,
            19.857271
          ],
          [
            73.480182,
            19.857428
          ],
          [
            73.480083,
            19.857616
          ],
          [
            73.479972,
            19.857848
          ],
          [
            73.479871,
            19.858054
          ],
          [
            73.479824,
            19.858152
          ],
          [
            73.479744,
            19.858332
          ],
          [
            73.479674,
            19.858503
          ],
          [
            73.479615,
            19.858653
          ],
          [
            73.47956,
            19.858769
          ],
          [
            73.479504,
            19.858914
          ],
          [
            73.479452,
            19.859036
          ],
          [
            73.479412,
            19.85914
          ],
          [
            73.479368,
            19.859213
          ],
          [
            73.479316,
            19.859262
          ],
          [
            73.479221,
            19.859311
          ],
          [
            73.479091,
            19.859363
          ],
          [
            73.478885,
            19.859436
          ],
          [
            73.478703,
            19.859497
          ],
          [
            73.478444,
            19.859592
          ],
          [
            73.47821,
            19.859676
          ],
          [
            73.478004,
            19.859752
          ],
          [
            73.477797,
            19.859833
          ],
          [
            73.477572,
            19.859911
          ],
          [
            73.477366,
            19.86001
          ],
          [
            73.47719,
            19.860091
          ],
          [
            73.477085,
            19.860149
          ],
          [
            73.476965,
            19.860212
          ],
          [
            73.476799,
            19.860302
          ],
          [
            73.476633,
            19.860389
          ],
          [
            73.476491,
            19.860531
          ],
          [
            73.476355,
            19.860688
          ],
          [
            73.476217,
            19.860879
          ],
          [
            73.476066,
            19.861061
          ],
          [
            73.47593,
            19.861241
          ],
          [
            73.475754,
            19.861453
          ],
          [
            73.475582,
            19.861641
          ],
          [
            73.475403,
            19.861815
          ],
          [
            73.475203,
            19.862009
          ],
          [
            73.475061,
            19.862128
          ],
          [
            73.474987,
            19.862192
          ],
          [
            73.474858,
            19.862313
          ],
          [
            73.474747,
            19.862412
          ],
          [
            73.474627,
            19.86249
          ],
          [
            73.474485,
            19.862606
          ],
          [
            73.474337,
            19.862739
          ],
          [
            73.474162,
            19.862893
          ],
          [
            73.474051,
            19.863009
          ],
          [
            73.473955,
            19.863101
          ],
          [
            73.473853,
            19.863206
          ],
          [
            73.473764,
            19.863293
          ],
          [
            73.473665,
            19.863383
          ],
          [
            73.473576,
            19.863475
          ],
          [
            73.473505,
            19.86353
          ],
          [
            73.473447,
            19.863588
          ],
          [
            73.473364,
            19.863643
          ],
          [
            73.47328,
            19.863719
          ],
          [
            73.473188,
            19.863785
          ],
          [
            73.473105,
            19.863858
          ],
          [
            73.473028,
            19.863904
          ],
          [
            73.472963,
            19.863971
          ],
          [
            73.472874,
            19.864046
          ],
          [
            73.472821,
            19.86411
          ],
          [
            73.472732,
            19.864223
          ],
          [
            73.472649,
            19.864353
          ],
          [
            73.472566,
            19.86449
          ],
          [
            73.472485,
            19.8646
          ],
          [
            73.472433,
            19.864678
          ],
          [
            73.472381,
            19.86475
          ],
          [
            73.472297,
            19.864858
          ],
          [
            73.47222,
            19.864936
          ],
          [
            73.472189,
            19.864974
          ],
          [
            73.472075,
            19.865081
          ],
          [
            73.471921,
            19.865191
          ],
          [
            73.47173,
            19.865304
          ],
          [
            73.471526,
            19.865397
          ],
          [
            73.471345,
            19.865455
          ],
          [
            73.471107,
            19.865536
          ],
          [
            73.470913,
            19.865611
          ],
          [
            73.470655,
            19.865681
          ],
          [
            73.470457,
            19.865736
          ],
          [
            73.470276,
            19.865782
          ],
          [
            73.470066,
            19.865837
          ],
          [
            73.46989,
            19.865889
          ],
          [
            73.469712,
            19.865953
          ],
          [
            73.469539,
            19.866023
          ],
          [
            73.469419,
            19.866069
          ],
          [
            73.46929,
            19.866121
          ],
          [
            73.469086,
            19.866223
          ],
          [
            73.468895,
            19.866315
          ],
          [
            73.468781,
            19.866379
          ],
          [
            73.468569,
            19.866515
          ],
          [
            73.468341,
            19.86664
          ],
          [
            73.468162,
            19.86673
          ],
          [
            73.46802,
            19.866817
          ],
          [
            73.467872,
            19.866915
          ],
          [
            73.467752,
            19.866988
          ],
          [
            73.467626,
            19.867083
          ],
          [
            73.467512,
            19.867159
          ],
          [
            73.467404,
            19.867251
          ],
          [
            73.467265,
            19.867364
          ],
          [
            73.467151,
            19.867472
          ],
          [
            73.467047,
            19.867559
          ],
          [
            73.466954,
            19.86764
          ],
          [
            73.466852,
            19.86775
          ],
          [
            73.466745,
            19.867851
          ],
          [
            73.466643,
            19.867967
          ],
          [
            73.466529,
            19.8681
          ],
          [
            73.466458,
            19.868202
          ],
          [
            73.466387,
            19.868344
          ],
          [
            73.466335,
            19.868468
          ],
          [
            73.466249,
            19.86866
          ],
          [
            73.466178,
            19.868845
          ],
          [
            73.466095,
            19.869045
          ],
          [
            73.466036,
            19.869222
          ],
          [
            73.465944,
            19.869462
          ],
          [
            73.465863,
            19.869691
          ],
          [
            73.465783,
            19.86992
          ],
          [
            73.465709,
            19.870085
          ],
          [
            73.465642,
            19.870253
          ],
          [
            73.465586,
            19.870392
          ],
          [
            73.465531,
            19.870526
          ],
          [
            73.465463,
            19.870688
          ],
          [
            73.465411,
            19.870859
          ],
          [
            73.465352,
            19.870963
          ],
          [
            73.4653,
            19.871044
          ],
          [
            73.465241,
            19.871114
          ],
          [
            73.465161,
            19.871175
          ],
          [
            73.464976,
            19.871294
          ],
          [
            73.464834,
            19.871404
          ],
          [
            73.464671,
            19.871511
          ],
          [
            73.464495,
            19.871627
          ],
          [
            73.464326,
            19.871731
          ],
          [
            73.464212,
            19.871818
          ],
          [
            73.464117,
            19.871885
          ],
          [
            73.463966,
            19.871992
          ],
          [
            73.463818,
            19.87209
          ],
          [
            73.463673,
            19.872189
          ],
          [
            73.463568,
            19.872267
          ],
          [
            73.463473,
            19.872351
          ],
          [
            73.463365,
            19.872464
          ],
          [
            73.463263,
            19.872574
          ],
          [
            73.463199,
            19.872663
          ],
          [
            73.463171,
            19.872702
          ],
          [
            73.463091,
            19.872824
          ],
          [
            73.462992,
            19.872939
          ],
          [
            73.462896,
            19.87307
          ],
          [
            73.462804,
            19.873206
          ],
          [
            73.462718,
            19.873345
          ],
          [
            73.462653,
            19.873449
          ],
          [
            73.462601,
            19.873594
          ],
          [
            73.462564,
            19.873719
          ],
          [
            73.462548,
            19.873791
          ],
          [
            73.462524,
            19.873919
          ],
          [
            73.462508,
            19.87402
          ],
          [
            73.46249,
            19.874145
          ],
          [
            73.462462,
            19.874313
          ],
          [
            73.462425,
            19.87449
          ],
          [
            73.462388,
            19.874675
          ],
          [
            73.462354,
            19.874898
          ],
          [
            73.462333,
            19.875072
          ],
          [
            73.462317,
            19.875281
          ],
          [
            73.462314,
            19.875489
          ],
          [
            73.462317,
            19.875701
          ],
          [
            73.462305,
            19.875889
          ],
          [
            73.462289,
            19.876043
          ],
          [
            73.46228,
            19.876179
          ],
          [
            73.462271,
            19.876338
          ],
          [
            73.462259,
            19.876579
          ],
          [
            73.462252,
            19.876845
          ],
          [
            73.462246,
            19.877045
          ],
          [
            73.462237,
            19.877213
          ],
          [
            73.462225,
            19.877312
          ],
          [
            73.462197,
            19.877402
          ],
          [
            73.462166,
            19.877494
          ],
          [
            73.462135,
            19.877584
          ],
          [
            73.462114,
            19.877651
          ],
          [
            73.462083,
            19.877744
          ],
          [
            73.462061,
            19.877822
          ],
          [
            73.462037,
            19.877894
          ],
          [
            73.462021,
            19.877967
          ],
          [
            73.462021,
            19.878033
          ],
          [
            73.462018,
            19.878094
          ],
          [
            73.462015,
            19.878149
          ],
          [
            73.462006,
            19.878245
          ],
          [
            73.461994,
            19.878346
          ],
          [
            73.461975,
            19.878427
          ],
          [
            73.461951,
            19.8785
          ],
          [
            73.461907,
            19.878662
          ],
          [
            73.461864,
            19.878813
          ],
          [
            73.461846,
            19.878943
          ],
          [
            73.461855,
            19.879044
          ],
          [
            73.461867,
            19.879146
          ],
          [
            73.461889,
            19.879265
          ],
          [
            73.461917,
            19.879418
          ],
          [
            73.461944,
            19.879537
          ],
          [
            73.461994,
            19.879667
          ],
          [
            73.46204,
            19.879795
          ],
          [
            73.462095,
            19.879902
          ],
          [
            73.462157,
            19.880035
          ],
          [
            73.462283,
            19.880253
          ],
          [
            73.462428,
            19.880502
          ],
          [
            73.462567,
            19.880734
          ],
          [
            73.462675,
            19.880939
          ],
          [
            73.462792,
            19.881151
          ],
          [
            73.462903,
            19.881339
          ],
          [
            73.463035,
            19.881548
          ],
          [
            73.463152,
            19.881696
          ],
          [
            73.463259,
            19.881811
          ],
          [
            73.463306,
            19.881667
          ],
          [
            73.463327,
            19.881561
          ],
          [
            73.463353,
            19.881414
          ],
          [
            73.463326,
            19.881294
          ],
          [
            73.463288,
            19.881147
          ],
          [
            73.463299,
            19.881093
          ],
          [
            73.46332,
            19.881047
          ],
          [
            73.463373,
            19.881025
          ],
          [
            73.46344,
            19.881034
          ],
          [
            73.463563,
            19.881163
          ],
          [
            73.463717,
            19.881253
          ],
          [
            73.463881,
            19.881282
          ],
          [
            73.463955,
            19.8813
          ],
          [
            73.464014,
            19.881337
          ],
          [
            73.46416,
            19.881476
          ],
          [
            73.464247,
            19.881507
          ],
          [
            73.464336,
            19.881506
          ],
          [
            73.464427,
            19.881488
          ],
          [
            73.464518,
            19.881425
          ],
          [
            73.464599,
            19.881406
          ],
          [
            73.464668,
            19.881425
          ],
          [
            73.464733,
            19.881506
          ],
          [
            73.464843,
            19.881632
          ],
          [
            73.465012,
            19.881748
          ],
          [
            73.465139,
            19.881779
          ],
          [
            73.465269,
            19.881778
          ],
          [
            73.465623,
            19.881778
          ],
          [
            73.465789,
            19.881784
          ],
          [
            73.466055,
            19.881836
          ],
          [
            73.46646,
            19.882101
          ],
          [
            73.466594,
            19.882217
          ],
          [
            73.466661,
            19.88237
          ],
          [
            73.466654,
            19.88271
          ],
          [
            73.466693,
            19.882785
          ],
          [
            73.466752,
            19.882821
          ],
          [
            73.46683,
            19.882815
          ],
          [
            73.466885,
            19.882771
          ],
          [
            73.467114,
            19.882212
          ],
          [
            73.467159,
            19.882073
          ],
          [
            73.467163,
            19.882
          ],
          [
            73.467096,
            19.881905
          ],
          [
            73.46698,
            19.881812
          ],
          [
            73.466759,
            19.881729
          ],
          [
            73.466377,
            19.881567
          ],
          [
            73.465936,
            19.881349
          ],
          [
            73.465747,
            19.881273
          ],
          [
            73.46563,
            19.881205
          ],
          [
            73.465512,
            19.88114
          ],
          [
            73.465482,
            19.88108
          ],
          [
            73.465481,
            19.881032
          ],
          [
            73.465517,
            19.880969
          ],
          [
            73.465578,
            19.880945
          ],
          [
            73.465662,
            19.88096
          ],
          [
            73.46581,
            19.881024
          ],
          [
            73.466143,
            19.881188
          ],
          [
            73.466495,
            19.881329
          ],
          [
            73.466719,
            19.881425
          ],
          [
            73.466811,
            19.881442
          ],
          [
            73.466923,
            19.881427
          ],
          [
            73.467038,
            19.881373
          ],
          [
            73.467112,
            19.881317
          ],
          [
            73.467212,
            19.881176
          ],
          [
            73.467279,
            19.880944
          ],
          [
            73.467363,
            19.880629
          ],
          [
            73.467436,
            19.880449
          ],
          [
            73.46754,
            19.880321
          ],
          [
            73.46768,
            19.880212
          ],
          [
            73.467878,
            19.880107
          ],
          [
            73.468063,
            19.879976
          ],
          [
            73.468157,
            19.879862
          ],
          [
            73.468245,
            19.879686
          ],
          [
            73.468312,
            19.879529
          ],
          [
            73.468403,
            19.879433
          ],
          [
            73.468513,
            19.879398
          ],
          [
            73.468663,
            19.879395
          ],
          [
            73.46882,
            19.879415
          ],
          [
            73.46894,
            19.879464
          ],
          [
            73.46905,
            19.879562
          ],
          [
            73.469082,
            19.87965
          ],
          [
            73.469074,
            19.879779
          ],
          [
            73.469009,
            19.880006
          ],
          [
            73.469031,
            19.880193
          ],
          [
            73.469071,
            19.88028
          ],
          [
            73.469138,
            19.880344
          ],
          [
            73.469299,
            19.88048
          ],
          [
            73.469416,
            19.880507
          ],
          [
            73.46957,
            19.88047
          ],
          [
            73.469675,
            19.880493
          ],
          [
            73.469787,
            19.880599
          ],
          [
            73.469819,
            19.88077
          ],
          [
            73.469876,
            19.881229
          ],
          [
            73.46991,
            19.88148
          ],
          [
            73.469929,
            19.881622
          ],
          [
            73.469944,
            19.88168
          ],
          [
            73.469982,
            19.881731
          ],
          [
            73.470033,
            19.881773
          ],
          [
            73.470092,
            19.881794
          ],
          [
            73.470138,
            19.881796
          ],
          [
            73.470214,
            19.881765
          ],
          [
            73.4703,
            19.881702
          ],
          [
            73.470381,
            19.881618
          ],
          [
            73.470589,
            19.881376
          ],
          [
            73.470752,
            19.881149
          ],
          [
            73.470831,
            19.881011
          ],
          [
            73.470889,
            19.88094
          ],
          [
            73.471011,
            19.880869
          ],
          [
            73.471138,
            19.880776
          ],
          [
            73.471199,
            19.880704
          ],
          [
            73.471244,
            19.880612
          ],
          [
            73.471318,
            19.880503
          ],
          [
            73.471434,
            19.880343
          ],
          [
            73.471519,
            19.880209
          ],
          [
            73.471556,
            19.880126
          ],
          [
            73.471567,
            19.880004
          ],
          [
            73.472758,
            19.878207
          ],
          [
            73.473144,
            19.877985
          ],
          [
            73.473444,
            19.877743
          ],
          [
            73.473793,
            19.877168
          ],
          [
            73.474002,
            19.876835
          ],
          [
            73.474057,
            19.876689
          ],
          [
            73.474131,
            19.876532
          ],
          [
            73.474263,
            19.876482
          ],
          [
            73.474367,
            19.876471
          ],
          [
            73.47447,
            19.876562
          ],
          [
            73.474539,
            19.876653
          ],
          [
            73.474689,
            19.876996
          ],
          [
            73.47493,
            19.87741
          ],
          [
            73.475145,
            19.87769
          ],
          [
            73.475225,
            19.877919
          ],
          [
            73.475223,
            19.878182
          ],
          [
            73.475263,
            19.878431
          ],
          [
            73.475461,
            19.878752
          ],
          [
            73.475633,
            19.878953
          ],
          [
            73.475697,
            19.879175
          ],
          [
            73.475783,
            19.879337
          ],
          [
            73.476255,
            19.879438
          ],
          [
            73.47662,
            19.879498
          ],
          [
            73.477006,
            19.879438
          ],
          [
            73.477436,
            19.879296
          ],
          [
            73.478165,
            19.878994
          ],
          [
            73.478959,
            19.878772
          ],
          [
            73.479624,
            19.878691
          ],
          [
            73.479946,
            19.878691
          ],
          [
            73.480568,
            19.878974
          ],
          [
            73.481019,
            19.879256
          ],
          [
            73.481555,
            19.879579
          ],
          [
            73.481934,
            19.879783
          ],
          [
            73.482006,
            19.879821
          ],
          [
            73.482414,
            19.879841
          ],
          [
            73.482821,
            19.87972
          ],
          [
            73.483079,
            19.879357
          ],
          [
            73.483358,
            19.879074
          ],
          [
            73.483787,
            19.878853
          ],
          [
            73.484323,
            19.878711
          ],
          [
            73.485117,
            19.878469
          ],
          [
            73.48589,
            19.878267
          ],
          [
            73.486426,
            19.878126
          ],
          [
            73.487006,
            19.877823
          ],
          [
            73.487349,
            19.877561
          ],
          [
            73.487778,
            19.877279
          ],
          [
            73.487986,
            19.877167
          ],
          [
            73.488384,
            19.877181
          ],
          [
            73.488758,
            19.877202
          ],
          [
            73.489142,
            19.877177
          ],
          [
            73.489316,
            19.877175
          ],
          [
            73.490061,
            19.87712
          ],
          [
            73.490605,
            19.87705
          ],
          [
            73.491121,
            19.876987
          ],
          [
            73.49237,
            19.876693
          ],
          [
            73.493143,
            19.876411
          ],
          [
            73.494001,
            19.876169
          ],
          [
            73.49473,
            19.876088
          ],
          [
            73.496569,
            19.876261
          ],
          [
            73.496838,
            19.876299
          ],
          [
            73.497149,
            19.876295
          ],
          [
            73.497544,
            19.876262
          ],
          [
            73.497826,
            19.876262
          ],
          [
            73.498106,
            19.876377
          ],
          [
            73.498636,
            19.876814
          ],
          [
            73.49883,
            19.877022
          ],
          [
            73.499151,
            19.877218
          ],
          [
            73.499357,
            19.877273
          ],
          [
            73.499532,
            19.877254
          ],
          [
            73.499775,
            19.87718
          ],
          [
            73.500653,
            19.877137
          ],
          [
            73.501144,
            19.877225
          ],
          [
            73.501635,
            19.877448
          ],
          [
            73.501735,
            19.87751
          ],
          [
            73.502018,
            19.877689
          ],
          [
            73.502357,
            19.87807
          ],
          [
            73.502806,
            19.878799
          ],
          [
            73.502938,
            19.879179
          ],
          [
            73.502927,
            19.879478
          ],
          [
            73.503099,
            19.880003
          ],
          [
            73.503341,
            19.880378
          ],
          [
            73.503614,
            19.880608
          ],
          [
            73.504081,
            19.880977
          ],
          [
            73.504518,
            19.88142
          ],
          [
            73.504657,
            19.881575
          ],
          [
            73.505469,
            19.882355
          ],
          [
            73.505562,
            19.882296
          ],
          [
            73.505777,
            19.882029
          ],
          [
            73.50623,
            19.881459
          ],
          [
            73.506391,
            19.881252
          ],
          [
            73.5066,
            19.881042
          ],
          [
            73.507236,
            19.88044
          ],
          [
            73.507663,
            19.880013
          ],
          [
            73.507797,
            19.879867
          ],
          [
            73.507867,
            19.879769
          ],
          [
            73.50792,
            19.879648
          ],
          [
            73.507944,
            19.879544
          ],
          [
            73.507926,
            19.879481
          ],
          [
            73.507899,
            19.879443
          ],
          [
            73.508007,
            19.879293
          ],
          [
            73.508162,
            19.879262
          ],
          [
            73.508274,
            19.879231
          ],
          [
            73.508365,
            19.879199
          ],
          [
            73.508513,
            19.879206
          ],
          [
            73.508639,
            19.879231
          ],
          [
            73.50877,
            19.879261
          ],
          [
            73.508977,
            19.879214
          ],
          [
            73.509098,
            19.879148
          ],
          [
            73.509226,
            19.879006
          ],
          [
            73.509299,
            19.878873
          ],
          [
            73.509433,
            19.878661
          ],
          [
            73.509554,
            19.878555
          ],
          [
            73.509712,
            19.878371
          ],
          [
            73.509926,
            19.878117
          ],
          [
            73.510125,
            19.877861
          ],
          [
            73.510189,
            19.877763
          ],
          [
            73.51027,
            19.877718
          ],
          [
            73.510353,
            19.877678
          ],
          [
            73.510833,
            19.87741
          ],
          [
            73.511109,
            19.877272
          ],
          [
            73.511278,
            19.877201
          ],
          [
            73.511391,
            19.877166
          ],
          [
            73.511597,
            19.877057
          ],
          [
            73.512067,
            19.876766
          ],
          [
            73.512212,
            19.876676
          ],
          [
            73.512295,
            19.876636
          ],
          [
            73.512421,
            19.876633
          ],
          [
            73.512571,
            19.876615
          ],
          [
            73.512703,
            19.876575
          ],
          [
            73.512888,
            19.876525
          ],
          [
            73.513014,
            19.876477
          ],
          [
            73.513159,
            19.876389
          ],
          [
            73.513252,
            19.876283
          ],
          [
            73.513405,
            19.876106
          ],
          [
            73.51347,
            19.875957
          ],
          [
            73.513518,
            19.875687
          ],
          [
            73.513545,
            19.875463
          ],
          [
            73.513566,
            19.875344
          ],
          [
            73.513647,
            19.875274
          ],
          [
            73.51377,
            19.875228
          ],
          [
            73.513893,
            19.875173
          ],
          [
            73.513974,
            19.875132
          ],
          [
            73.514044,
            19.875042
          ],
          [
            73.51411,
            19.874985
          ],
          [
            73.514226,
            19.874923
          ],
          [
            73.514411,
            19.874832
          ],
          [
            73.51454,
            19.874737
          ],
          [
            73.514636,
            19.874641
          ],
          [
            73.514789,
            19.874403
          ],
          [
            73.514886,
            19.874247
          ],
          [
            73.514972,
            19.874136
          ],
          [
            73.515079,
            19.87405
          ],
          [
            73.515159,
            19.87402
          ],
          [
            73.515843,
            19.87368
          ],
          [
            73.51638,
            19.873437
          ],
          [
            73.516975,
            19.873258
          ],
          [
            73.517262,
            19.87318
          ],
          [
            73.517611,
            19.873054
          ],
          [
            73.517807,
            19.872973
          ],
          [
            73.518002,
            19.872882
          ],
          [
            73.518177,
            19.872821
          ],
          [
            73.51833,
            19.872804
          ],
          [
            73.51844,
            19.872799
          ],
          [
            73.518665,
            19.872814
          ],
          [
            73.518898,
            19.872822
          ],
          [
            73.519175,
            19.872827
          ],
          [
            73.519279,
            19.872801
          ],
          [
            73.5194,
            19.872734
          ],
          [
            73.519548,
            19.872658
          ],
          [
            73.519679,
            19.872726
          ],
          [
            73.519826,
            19.872807
          ],
          [
            73.519918,
            19.872827
          ],
          [
            73.52006,
            19.872839
          ],
          [
            73.520183,
            19.872872
          ],
          [
            73.520347,
            19.872892
          ],
          [
            73.52061,
            19.87298
          ],
          [
            73.520768,
            19.873046
          ],
          [
            73.520894,
            19.873114
          ],
          [
            73.52102,
            19.873157
          ],
          [
            73.52102,
            19.873157
          ],
          [
            73.521154,
            19.873163
          ],
          [
            73.521304,
            19.873132
          ],
          [
            73.521457,
            19.873097
          ],
          [
            73.521618,
            19.873076
          ],
          [
            73.521884,
            19.873052
          ],
          [
            73.52208,
            19.873036
          ],
          [
            73.522356,
            19.873064
          ],
          [
            73.522565,
            19.873121
          ],
          [
            73.522736,
            19.873192
          ],
          [
            73.522887,
            19.87323
          ],
          [
            73.523048,
            19.873263
          ],
          [
            73.523233,
            19.873293
          ],
          [
            73.523413,
            19.873304
          ],
          [
            73.52363,
            19.873293
          ],
          [
            73.52389,
            19.873266
          ],
          [
            73.524115,
            19.873233
          ],
          [
            73.524327,
            19.873215
          ],
          [
            73.524853,
            19.87312
          ],
          [
            73.525081,
            19.873072
          ],
          [
            73.525261,
            19.873006
          ],
          [
            73.525475,
            19.872935
          ],
          [
            73.525663,
            19.87289
          ],
          [
            73.525781,
            19.87285
          ],
          [
            73.525966,
            19.872839
          ],
          [
            73.526087,
            19.87283
          ],
          [
            73.526226,
            19.872857
          ],
          [
            73.526358,
            19.87293
          ],
          [
            73.526465,
            19.872991
          ],
          [
            73.526599,
            19.873054
          ],
          [
            73.526771,
            19.873114
          ],
          [
            73.52694,
            19.873175
          ],
          [
            73.527127,
            19.873205
          ],
          [
            73.527261,
            19.873207
          ],
          [
            73.527361,
            19.873185
          ],
          [
            73.527383,
            19.873266
          ],
          [
            73.527447,
            19.8734
          ],
          [
            73.527468,
            19.873492
          ],
          [
            73.527474,
            19.873759
          ],
          [
            73.527506,
            19.87389
          ],
          [
            73.527612,
            19.874075
          ],
          [
            73.527703,
            19.87421
          ],
          [
            73.527885,
            19.874365
          ],
          [
            73.52811,
            19.874535
          ],
          [
            73.528283,
            19.874714
          ],
          [
            73.528448,
            19.874902
          ],
          [
            73.528569,
            19.875097
          ],
          [
            73.528664,
            19.875309
          ],
          [
            73.52875,
            19.875488
          ],
          [
            73.528872,
            19.875569
          ],
          [
            73.528973,
            19.875673
          ],
          [
            73.529261,
            19.875975
          ],
          [
            73.529507,
            19.876254
          ],
          [
            73.529787,
            19.876597
          ],
          [
            73.530152,
            19.876996
          ],
          [
            73.530364,
            19.877163
          ],
          [
            73.530516,
            19.877386
          ],
          [
            73.53066,
            19.877586
          ],
          [
            73.530813,
            19.877801
          ],
          [
            73.531067,
            19.87808
          ],
          [
            73.531406,
            19.878415
          ],
          [
            73.531618,
            19.878662
          ],
          [
            73.531712,
            19.878861
          ],
          [
            73.53172,
            19.879053
          ],
          [
            73.531644,
            19.879268
          ],
          [
            73.531576,
            19.879443
          ],
          [
            73.531525,
            19.879642
          ],
          [
            73.531519,
            19.87977
          ],
          [
            73.531482,
            19.879968
          ],
          [
            73.531451,
            19.880223
          ],
          [
            73.531396,
            19.88045
          ],
          [
            73.531309,
            19.88067
          ],
          [
            73.531192,
            19.880845
          ],
          [
            73.531073,
            19.881017
          ],
          [
            73.530792,
            19.881346
          ],
          [
            73.530596,
            19.881546
          ],
          [
            73.53046,
            19.881778
          ],
          [
            73.530392,
            19.881978
          ],
          [
            73.530332,
            19.882194
          ],
          [
            73.530298,
            19.88237
          ],
          [
            73.530272,
            19.882571
          ],
          [
            73.53017,
            19.882779
          ],
          [
            73.530019,
            19.883022
          ],
          [
            73.529802,
            19.883199
          ],
          [
            73.52948,
            19.883546
          ],
          [
            73.52931,
            19.883804
          ],
          [
            73.529215,
            19.884089
          ],
          [
            73.529272,
            19.884346
          ],
          [
            73.5293,
            19.884702
          ],
          [
            73.529282,
            19.884853
          ],
          [
            73.529187,
            19.88504
          ],
          [
            73.528998,
            19.88528
          ],
          [
            73.52896,
            19.885502
          ],
          [
            73.529026,
            19.885742
          ],
          [
            73.52914,
            19.886027
          ],
          [
            73.529168,
            19.886249
          ],
          [
            73.529187,
            19.886383
          ],
          [
            73.529168,
            19.886569
          ],
          [
            73.529111,
            19.886774
          ],
          [
            73.528941,
            19.887058
          ],
          [
            73.528913,
            19.887236
          ],
          [
            73.528865,
            19.887556
          ],
          [
            73.528761,
            19.887743
          ],
          [
            73.528658,
            19.887983
          ],
          [
            73.528515,
            19.888252
          ],
          [
            73.528484,
            19.888374
          ],
          [
            73.528448,
            19.888521
          ],
          [
            73.528413,
            19.888647
          ],
          [
            73.528364,
            19.888789
          ],
          [
            73.528314,
            19.888903
          ],
          [
            73.528238,
            19.889041
          ],
          [
            73.528163,
            19.889201
          ],
          [
            73.52806,
            19.88939
          ],
          [
            73.527997,
            19.889558
          ],
          [
            73.528002,
            19.889718
          ],
          [
            73.528055,
            19.889793
          ],
          [
            73.528131,
            19.889852
          ],
          [
            73.528216,
            19.889894
          ],
          [
            73.528274,
            19.889932
          ],
          [
            73.528404,
            19.89002
          ],
          [
            73.528631,
            19.890137
          ],
          [
            73.528862,
            19.890257
          ],
          [
            73.529102,
            19.890392
          ],
          [
            73.529185,
            19.890456
          ],
          [
            73.529259,
            19.890531
          ],
          [
            73.529317,
            19.890625
          ],
          [
            73.529367,
            19.890736
          ],
          [
            73.529413,
            19.890863
          ],
          [
            73.529484,
            19.891053
          ],
          [
            73.529637,
            19.891471
          ],
          [
            73.529666,
            19.891787
          ],
          [
            73.529735,
            19.89212
          ],
          [
            73.529833,
            19.892545
          ],
          [
            73.529774,
            19.892777
          ],
          [
            73.529646,
            19.893017
          ],
          [
            73.529502,
            19.893264
          ],
          [
            73.529433,
            19.893632
          ],
          [
            73.529333,
            19.893798
          ],
          [
            73.529089,
            19.894082
          ],
          [
            73.528778,
            19.894367
          ],
          [
            73.528601,
            19.894644
          ],
          [
            73.528475,
            19.89496
          ],
          [
            73.528466,
            19.895229
          ],
          [
            73.528517,
            19.895561
          ],
          [
            73.528525,
            19.895822
          ],
          [
            73.528475,
            19.896099
          ],
          [
            73.528475,
            19.896288
          ],
          [
            73.528516,
            19.896747
          ],
          [
            73.528607,
            19.896832
          ],
          [
            73.528985,
            19.897099
          ],
          [
            73.529063,
            19.897154
          ],
          [
            73.52948,
            19.897228
          ],
          [
            73.530093,
            19.897194
          ],
          [
            73.530641,
            19.897079
          ],
          [
            73.531552,
            19.896549
          ],
          [
            73.532684,
            19.896128
          ],
          [
            73.534319,
            19.895714
          ],
          [
            73.534649,
            19.895672
          ],
          [
            73.534596,
            19.895963
          ],
          [
            73.534378,
            19.896077
          ],
          [
            73.53426,
            19.896105
          ],
          [
            73.534208,
            19.89631
          ],
          [
            73.534157,
            19.896609
          ],
          [
            73.533932,
            19.896675
          ],
          [
            73.533695,
            19.896671
          ],
          [
            73.533544,
            19.89664
          ],
          [
            73.533492,
            19.896768
          ],
          [
            73.533429,
            19.897008
          ],
          [
            73.533359,
            19.897258
          ],
          [
            73.533297,
            19.897508
          ],
          [
            73.533337,
            19.897733
          ],
          [
            73.533621,
            19.897869
          ],
          [
            73.53374,
            19.898098
          ],
          [
            73.53398,
            19.898278
          ],
          [
            73.533972,
            19.898494
          ],
          [
            73.533943,
            19.898737
          ],
          [
            73.533998,
            19.898993
          ],
          [
            73.53402,
            19.89933
          ],
          [
            73.533971,
            19.899404
          ],
          [
            73.533872,
            19.899556
          ],
          [
            73.533695,
            19.899601
          ],
          [
            73.533548,
            19.899337
          ],
          [
            73.533333,
            19.899337
          ],
          [
            73.53313,
            19.899355
          ],
          [
            73.532968,
            19.899469
          ],
          [
            73.533079,
            19.899698
          ],
          [
            73.533053,
            19.89991
          ],
          [
            73.533042,
            19.900118
          ],
          [
            73.532794,
            19.900361
          ],
          [
            73.532459,
            19.900507
          ],
          [
            73.532193,
            19.900635
          ],
          [
            73.531967,
            19.900823
          ],
          [
            73.531739,
            19.900927
          ],
          [
            73.531598,
            19.900875
          ],
          [
            73.53141,
            19.900962
          ],
          [
            73.531285,
            19.901125
          ],
          [
            73.531225,
            19.901326
          ],
          [
            73.530937,
            19.901587
          ],
          [
            73.530827,
            19.901764
          ],
          [
            73.530701,
            19.902038
          ],
          [
            73.530565,
            19.902163
          ],
          [
            73.530568,
            19.901968
          ],
          [
            73.530653,
            19.901837
          ],
          [
            73.530675,
            19.901583
          ],
          [
            73.530568,
            19.901521
          ],
          [
            73.530262,
            19.901639
          ],
          [
            73.530125,
            19.901583
          ],
          [
            73.529996,
            19.901194
          ],
          [
            73.529944,
            19.901021
          ],
          [
            73.529815,
            19.901007
          ],
          [
            73.52969,
            19.901163
          ],
          [
            73.529623,
            19.901295
          ],
          [
            73.529712,
            19.901364
          ],
          [
            73.52966,
            19.901538
          ],
          [
            73.529494,
            19.901562
          ],
          [
            73.529317,
            19.901528
          ],
          [
            73.529512,
            19.901746
          ],
          [
            73.529409,
            19.901923
          ],
          [
            73.529221,
            19.901903
          ],
          [
            73.529136,
            19.902021
          ],
          [
            73.529055,
            19.902267
          ],
          [
            73.528907,
            19.902472
          ],
          [
            73.528796,
            19.902697
          ],
          [
            73.528855,
            19.902906
          ],
          [
            73.528763,
            19.903131
          ],
          [
            73.528667,
            19.903388
          ],
          [
            73.528715,
            19.903544
          ],
          [
            73.528973,
            19.903819
          ],
          [
            73.529088,
            19.904003
          ],
          [
            73.529069,
            19.904225
          ],
          [
            73.529029,
            19.90445
          ],
          [
            73.528877,
            19.904732
          ],
          [
            73.528763,
            19.904905
          ],
          [
            73.528733,
            19.905103
          ],
          [
            73.528634,
            19.905054
          ],
          [
            73.528619,
            19.904874
          ],
          [
            73.528634,
            19.9047
          ],
          [
            73.528516,
            19.904548
          ],
          [
            73.528368,
            19.904523
          ],
          [
            73.528217,
            19.904627
          ],
          [
            73.527995,
            19.904693
          ],
          [
            73.527807,
            19.904659
          ],
          [
            73.527714,
            19.904287
          ],
          [
            73.527552,
            19.904055
          ],
          [
            73.527386,
            19.903853
          ],
          [
            73.52726,
            19.903572
          ],
          [
            73.527146,
            19.903597
          ],
          [
            73.526954,
            19.903812
          ],
          [
            73.526954,
            19.90394
          ],
          [
            73.526954,
            19.904124
          ],
          [
            73.526851,
            19.904322
          ],
          [
            73.52681,
            19.904509
          ],
          [
            73.526721,
            19.904693
          ],
          [
            73.526537,
            19.904881
          ],
          [
            73.52633,
            19.905002
          ],
          [
            73.526282,
            19.905176
          ],
          [
            73.526226,
            19.905505
          ],
          [
            73.526182,
            19.905759
          ],
          [
            73.52616,
            19.905988
          ],
          [
            73.526168,
            19.906294
          ],
          [
            73.526145,
            19.906561
          ],
          [
            73.526116,
            19.906853
          ],
          [
            73.525946,
            19.907057
          ],
          [
            73.52588,
            19.907203
          ],
          [
            73.52581,
            19.907464
          ],
          [
            73.525758,
            19.907713
          ],
          [
            73.525762,
            19.907977
          ],
          [
            73.525758,
            19.907713
          ],
          [
            73.52581,
            19.907464
          ],
          [
            73.52588,
            19.907203
          ],
          [
            73.525946,
            19.907057
          ],
          [
            73.526116,
            19.906853
          ],
          [
            73.526145,
            19.906561
          ],
          [
            73.526168,
            19.906294
          ],
          [
            73.52616,
            19.905988
          ],
          [
            73.526182,
            19.905759
          ],
          [
            73.526226,
            19.905505
          ],
          [
            73.526282,
            19.905176
          ],
          [
            73.52633,
            19.905002
          ],
          [
            73.526537,
            19.904881
          ],
          [
            73.526721,
            19.904693
          ],
          [
            73.52681,
            19.904509
          ],
          [
            73.526851,
            19.904322
          ],
          [
            73.526954,
            19.904124
          ],
          [
            73.526954,
            19.90394
          ],
          [
            73.526954,
            19.903812
          ],
          [
            73.527146,
            19.903597
          ],
          [
            73.52726,
            19.903572
          ],
          [
            73.527386,
            19.903853
          ],
          [
            73.527552,
            19.904055
          ],
          [
            73.527714,
            19.904287
          ],
          [
            73.527807,
            19.904659
          ],
          [
            73.527995,
            19.904693
          ],
          [
            73.528217,
            19.904627
          ],
          [
            73.528368,
            19.904523
          ],
          [
            73.528516,
            19.904548
          ],
          [
            73.528634,
            19.9047
          ],
          [
            73.528619,
            19.904874
          ],
          [
            73.528634,
            19.905054
          ],
          [
            73.528733,
            19.905103
          ],
          [
            73.528763,
            19.904905
          ],
          [
            73.528877,
            19.904732
          ],
          [
            73.529029,
            19.90445
          ],
          [
            73.529069,
            19.904225
          ],
          [
            73.529088,
            19.904003
          ],
          [
            73.528973,
            19.903819
          ],
          [
            73.528715,
            19.903544
          ],
          [
            73.528667,
            19.903388
          ],
          [
            73.528763,
            19.903131
          ],
          [
            73.528855,
            19.902906
          ],
          [
            73.528796,
            19.902697
          ],
          [
            73.528907,
            19.902472
          ],
          [
            73.529055,
            19.902267
          ],
          [
            73.529136,
            19.902021
          ],
          [
            73.529221,
            19.901903
          ],
          [
            73.529409,
            19.901923
          ],
          [
            73.529512,
            19.901746
          ],
          [
            73.529317,
            19.901528
          ],
          [
            73.529494,
            19.901562
          ],
          [
            73.52966,
            19.901538
          ],
          [
            73.529712,
            19.901364
          ],
          [
            73.529623,
            19.901295
          ],
          [
            73.52969,
            19.901163
          ],
          [
            73.529815,
            19.901007
          ],
          [
            73.529944,
            19.901021
          ],
          [
            73.529996,
            19.901194
          ],
          [
            73.530125,
            19.901583
          ],
          [
            73.530262,
            19.901639
          ],
          [
            73.530568,
            19.901521
          ],
          [
            73.530675,
            19.901583
          ],
          [
            73.530653,
            19.901837
          ],
          [
            73.530568,
            19.901968
          ],
          [
            73.530565,
            19.902163
          ],
          [
            73.530701,
            19.902038
          ],
          [
            73.530827,
            19.901764
          ],
          [
            73.530937,
            19.901587
          ],
          [
            73.531225,
            19.901326
          ],
          [
            73.531285,
            19.901125
          ],
          [
            73.53141,
            19.900962
          ],
          [
            73.531598,
            19.900875
          ],
          [
            73.531739,
            19.900927
          ],
          [
            73.531967,
            19.900823
          ],
          [
            73.532193,
            19.900635
          ],
          [
            73.532459,
            19.900507
          ],
          [
            73.532794,
            19.900361
          ],
          [
            73.533042,
            19.900118
          ],
          [
            73.533053,
            19.89991
          ],
          [
            73.533079,
            19.899698
          ],
          [
            73.532968,
            19.899469
          ],
          [
            73.53313,
            19.899355
          ],
          [
            73.533333,
            19.899337
          ],
          [
            73.533548,
            19.899337
          ],
          [
            73.533695,
            19.899601
          ],
          [
            73.533872,
            19.899556
          ],
          [
            73.53402,
            19.89933
          ],
          [
            73.533998,
            19.898993
          ],
          [
            73.533943,
            19.898737
          ],
          [
            73.533972,
            19.898494
          ],
          [
            73.53398,
            19.898278
          ],
          [
            73.53374,
            19.898098
          ],
          [
            73.533621,
            19.897869
          ],
          [
            73.533337,
            19.897733
          ],
          [
            73.533297,
            19.897508
          ],
          [
            73.533359,
            19.897258
          ],
          [
            73.533429,
            19.897008
          ],
          [
            73.533492,
            19.896768
          ],
          [
            73.533544,
            19.89664
          ],
          [
            73.533695,
            19.896671
          ],
          [
            73.533932,
            19.896675
          ],
          [
            73.534157,
            19.896609
          ],
          [
            73.534208,
            19.89631
          ],
          [
            73.53426,
            19.896105
          ],
          [
            73.534378,
            19.896077
          ],
          [
            73.534596,
            19.895963
          ],
          [
            73.534649,
            19.895672
          ],
          [
            73.535672,
            19.89554
          ],
          [
            73.536821,
            19.895831
          ],
          [
            73.537036,
            19.895904
          ],
          [
            73.537871,
            19.896135
          ],
          [
            73.538804,
            19.896428
          ],
          [
            73.540264,
            19.897154
          ],
          [
            73.54095,
            19.897356
          ],
          [
            73.541662,
            19.897424
          ],
          [
            73.541888,
            19.897505
          ],
          [
            73.542006,
            19.897591
          ],
          [
            73.542152,
            19.897759
          ],
          [
            73.54271,
            19.898364
          ],
          [
            73.543182,
            19.899091
          ],
          [
            73.543697,
            19.90018
          ],
          [
            73.543856,
            19.900572
          ],
          [
            73.544083,
            19.900786
          ],
          [
            73.54465,
            19.901182
          ],
          [
            73.545047,
            19.901399
          ],
          [
            73.545413,
            19.901512
          ],
          [
            73.545667,
            19.90152
          ],
          [
            73.545843,
            19.901431
          ],
          [
            73.546179,
            19.900668
          ],
          [
            73.546658,
            19.900261
          ],
          [
            73.547402,
            19.899824
          ],
          [
            73.547688,
            19.899656
          ],
          [
            73.548127,
            19.899374
          ],
          [
            73.5483,
            19.899322
          ],
          [
            73.54837,
            19.899334
          ],
          [
            73.548594,
            19.899653
          ],
          [
            73.549072,
            19.900301
          ],
          [
            73.549607,
            19.900981
          ],
          [
            73.549809,
            19.90163
          ],
          [
            73.550109,
            19.902177
          ],
          [
            73.550583,
            19.903681
          ],
          [
            73.550649,
            19.903893
          ],
          [
            73.550974,
            19.904815
          ],
          [
            73.551121,
            19.905093
          ],
          [
            73.551206,
            19.905253
          ],
          [
            73.551568,
            19.905988
          ],
          [
            73.551838,
            19.906544
          ],
          [
            73.552012,
            19.9069
          ],
          [
            73.552074,
            19.907231
          ],
          [
            73.552101,
            19.907902
          ],
          [
            73.552175,
            19.90842
          ],
          [
            73.55219,
            19.908693
          ],
          [
            73.552237,
            19.908856
          ],
          [
            73.552414,
            19.909226
          ],
          [
            73.552589,
            19.909409
          ],
          [
            73.553121,
            19.909995
          ],
          [
            73.553324,
            19.910211
          ],
          [
            73.553439,
            19.910793
          ],
          [
            73.553573,
            19.91113
          ],
          [
            73.553782,
            19.911277
          ],
          [
            73.554125,
            19.911559
          ],
          [
            73.554259,
            19.911684
          ],
          [
            73.554327,
            19.911932
          ],
          [
            73.55434,
            19.91394
          ],
          [
            73.554313,
            19.914365
          ],
          [
            73.554442,
            19.914722
          ],
          [
            73.554636,
            19.914983
          ],
          [
            73.554874,
            19.915244
          ],
          [
            73.555077,
            19.915552
          ],
          [
            73.55594,
            19.91763
          ],
          [
            73.556054,
            19.917903
          ],
          [
            73.556183,
            19.918286
          ],
          [
            73.556145,
            19.918482
          ],
          [
            73.556128,
            19.918735
          ],
          [
            73.556092,
            19.918927
          ],
          [
            73.555983,
            19.919037
          ],
          [
            73.555633,
            19.919319
          ],
          [
            73.555469,
            19.919637
          ],
          [
            73.555413,
            19.920719
          ],
          [
            73.555336,
            19.921438
          ],
          [
            73.555049,
            19.922385
          ],
          [
            73.554862,
            19.922942
          ],
          [
            73.554693,
            19.92326
          ],
          [
            73.554597,
            19.923825
          ],
          [
            73.554683,
            19.924849
          ],
          [
            73.554623,
            19.925403
          ],
          [
            73.554168,
            19.926044
          ],
          [
            73.554297,
            19.927174
          ],
          [
            73.554383,
            19.92899
          ],
          [
            73.554297,
            19.93016
          ],
          [
            73.554297,
            19.931007
          ],
          [
            73.554383,
            19.931733
          ],
          [
            73.554168,
            19.932217
          ],
          [
            73.553954,
            19.932903
          ],
          [
            73.553868,
            19.933428
          ],
          [
            73.553794,
            19.93421
          ],
          [
            73.553744,
            19.934794
          ],
          [
            73.553499,
            19.935248
          ],
          [
            73.553368,
            19.935561
          ],
          [
            73.553342,
            19.935899
          ],
          [
            73.553578,
            19.937361
          ],
          [
            73.5536,
            19.937724
          ],
          [
            73.553524,
            19.938228
          ],
          [
            73.553288,
            19.938652
          ],
          [
            73.552977,
            19.938965
          ],
          [
            73.552912,
            19.939034
          ],
          [
            73.552612,
            19.939348
          ],
          [
            73.552398,
            19.939721
          ],
          [
            73.552269,
            19.940175
          ],
          [
            73.551593,
            19.942737
          ],
          [
            73.551379,
            19.944219
          ],
          [
            73.551285,
            19.944805
          ],
          [
            73.550222,
            19.944724
          ],
          [
            73.549705,
            19.94467
          ],
          [
            73.549229,
            19.944556
          ],
          [
            73.54877,
            19.9444
          ],
          [
            73.54774,
            19.943891
          ],
          [
            73.547768,
            19.943835
          ],
          [
            73.547775,
            19.943806
          ],
          [
            73.548108,
            19.943836
          ],
          [
            73.548274,
            19.943771
          ],
          [
            73.548408,
            19.943751
          ],
          [
            73.548553,
            19.943741
          ],
          [
            73.548698,
            19.9437
          ],
          [
            73.54888,
            19.943615
          ],
          [
            73.548966,
            19.943544
          ],
          [
            73.549025,
            19.943347
          ],
          [
            73.549105,
            19.943035
          ],
          [
            73.54918,
            19.942904
          ],
          [
            73.549309,
            19.942672
          ],
          [
            73.549481,
            19.942344
          ],
          [
            73.549599,
            19.942127
          ],
          [
            73.549658,
            19.942006
          ],
          [
            73.549663,
            19.941895
          ],
          [
            73.54962,
            19.941759
          ],
          [
            73.54961,
            19.941643
          ],
          [
            73.549647,
            19.941466
          ],
          [
            73.549695,
            19.94133
          ],
          [
            73.549776,
            19.941239
          ],
          [
            73.549813,
            19.941129
          ],
          [
            73.549835,
            19.940871
          ],
          [
            73.549851,
            19.940533
          ],
          [
            73.549771,
            19.94013
          ],
          [
            73.549631,
            19.939611
          ],
          [
            73.549551,
            19.939308
          ],
          [
            73.54954,
            19.939086
          ],
          [
            73.549465,
            19.938905
          ],
          [
            73.549416,
            19.938784
          ],
          [
            73.549449,
            19.938506
          ],
          [
            73.549475,
            19.938244
          ],
          [
            73.549502,
            19.938108
          ],
          [
            73.549475,
            19.938012
          ],
          [
            73.549422,
            19.937906
          ],
          [
            73.549438,
            19.937725
          ],
          [
            73.549481,
            19.937483
          ],
          [
            73.549518,
            19.937382
          ],
          [
            73.549626,
            19.937397
          ],
          [
            73.549712,
            19.937412
          ],
          [
            73.549776,
            19.937346
          ],
          [
            73.549722,
            19.937266
          ],
          [
            73.549497,
            19.937049
          ],
          [
            73.549336,
            19.936868
          ],
          [
            73.549325,
            19.936797
          ],
          [
            73.549368,
            19.936742
          ],
          [
            73.549427,
            19.936731
          ],
          [
            73.549524,
            19.936757
          ],
          [
            73.549588,
            19.936752
          ],
          [
            73.54961,
            19.936691
          ],
          [
            73.549529,
            19.936595
          ],
          [
            73.549443,
            19.936515
          ],
          [
            73.549427,
            19.936424
          ],
          [
            73.54947,
            19.936308
          ],
          [
            73.549481,
            19.936197
          ],
          [
            73.549443,
            19.936131
          ],
          [
            73.549395,
            19.936071
          ],
          [
            73.549223,
            19.935889
          ],
          [
            73.549175,
            19.935748
          ],
          [
            73.549138,
            19.935531
          ],
          [
            73.549132,
            19.93535
          ],
          [
            73.549073,
            19.935203
          ],
          [
            73.548987,
            19.935133
          ],
          [
            73.548896,
            19.935037
          ],
          [
            73.548907,
            19.934921
          ],
          [
            73.548928,
            19.934825
          ],
          [
            73.548939,
            19.93476
          ],
          [
            73.54895,
            19.934432
          ],
          [
            73.548939,
            19.934013
          ],
          [
            73.548918,
            19.933625
          ],
          [
            73.548977,
            19.933206
          ],
          [
            73.548977,
            19.933075
          ],
          [
            73.548944,
            19.932919
          ],
          [
            73.548934,
            19.932465
          ],
          [
            73.548975,
            19.931969
          ],
          [
            73.54905,
            19.9315
          ],
          [
            73.549077,
            19.931293
          ],
          [
            73.549044,
            19.931152
          ],
          [
            73.549039,
            19.931021
          ],
          [
            73.549039,
            19.930895
          ],
          [
            73.549007,
            19.930602
          ],
          [
            73.549002,
            19.930461
          ],
          [
            73.549018,
            19.93033
          ],
          [
            73.549061,
            19.930239
          ],
          [
            73.549066,
            19.930113
          ],
          [
            73.549012,
            19.930007
          ],
          [
            73.548862,
            19.929952
          ],
          [
            73.548712,
            19.929932
          ],
          [
            73.54854,
            19.929972
          ],
          [
            73.548272,
            19.930033
          ],
          [
            73.548041,
            19.930058
          ],
          [
            73.547778,
            19.930123
          ],
          [
            73.547612,
            19.930128
          ],
          [
            73.547457,
            19.930078
          ],
          [
            73.547253,
            19.929922
          ],
          [
            73.547119,
            19.92972
          ],
          [
            73.547033,
            19.929548
          ],
          [
            73.546952,
            19.929221
          ],
          [
            73.546952,
            19.928888
          ],
          [
            73.547044,
            19.928545
          ],
          [
            73.547092,
            19.928146
          ],
          [
            73.547103,
            19.927884
          ],
          [
            73.54714,
            19.927692
          ],
          [
            73.547124,
            19.92738
          ],
          [
            73.547076,
            19.926875
          ],
          [
            73.546968,
            19.926593
          ],
          [
            73.546877,
            19.926084
          ],
          [
            73.54685,
            19.925862
          ],
          [
            73.546727,
            19.925499
          ],
          [
            73.546529,
            19.924999
          ],
          [
            73.546389,
            19.924752
          ],
          [
            73.546293,
            19.924606
          ],
          [
            73.546158,
            19.924465
          ],
          [
            73.546132,
            19.924298
          ],
          [
            73.546089,
            19.924157
          ],
          [
            73.546067,
            19.923976
          ],
          [
            73.545971,
            19.923784
          ],
          [
            73.545992,
            19.923612
          ],
          [
            73.545869,
            19.923522
          ],
          [
            73.545788,
            19.923386
          ],
          [
            73.545778,
            19.923275
          ],
          [
            73.545756,
            19.923143
          ],
          [
            73.545719,
            19.923053
          ],
          [
            73.545622,
            19.922972
          ],
          [
            73.545493,
            19.922942
          ],
          [
            73.545327,
            19.922891
          ],
          [
            73.54523,
            19.922886
          ],
          [
            73.54508,
            19.922811
          ],
          [
            73.544909,
            19.922705
          ],
          [
            73.544705,
            19.922609
          ],
          [
            73.54456,
            19.922478
          ],
          [
            73.544292,
            19.922301
          ],
          [
            73.544088,
            19.922175
          ],
          [
            73.544034,
            19.922054
          ],
          [
            73.543986,
            19.921948
          ],
          [
            73.543873,
            19.921898
          ],
          [
            73.543718,
            19.921847
          ],
          [
            73.543524,
            19.921883
          ],
          [
            73.543272,
            19.921913
          ],
          [
            73.543026,
            19.921918
          ],
          [
            73.542843,
            19.921908
          ],
          [
            73.542693,
            19.921827
          ],
          [
            73.542564,
            19.921741
          ],
          [
            73.542462,
            19.921676
          ],
          [
            73.542376,
            19.92156
          ],
          [
            73.542296,
            19.921459
          ],
          [
            73.542028,
            19.921373
          ],
          [
            73.541867,
            19.921383
          ],
          [
            73.541727,
            19.921419
          ],
          [
            73.541588,
            19.921444
          ],
          [
            73.541459,
            19.921459
          ],
          [
            73.541373,
            19.921398
          ],
          [
            73.541309,
            19.921318
          ],
          [
            73.541089,
            19.921217
          ],
          [
            73.540933,
            19.921136
          ],
          [
            73.540837,
            19.921076
          ],
          [
            73.540665,
            19.920904
          ],
          [
            73.540526,
            19.920768
          ],
          [
            73.540386,
            19.920682
          ],
          [
            73.540306,
            19.920536
          ],
          [
            73.540338,
            19.92041
          ],
          [
            73.540338,
            19.920329
          ],
          [
            73.540295,
            19.920238
          ],
          [
            73.540177,
            19.920168
          ],
          [
            73.540091,
            19.920057
          ],
          [
            73.540054,
            19.919951
          ],
          [
            73.539989,
            19.919845
          ],
          [
            73.539957,
            19.919734
          ],
          [
            73.53993,
            19.919658
          ],
          [
            73.539812,
            19.919558
          ],
          [
            73.53971,
            19.919487
          ],
          [
            73.539641,
            19.919391
          ],
          [
            73.539625,
            19.919275
          ],
          [
            73.539582,
            19.919129
          ],
          [
            73.539528,
            19.918897
          ],
          [
            73.539523,
            19.918751
          ],
          [
            73.539555,
            19.91865
          ],
          [
            73.539378,
            19.918473
          ],
          [
            73.539303,
            19.918387
          ],
          [
            73.539206,
            19.918261
          ],
          [
            73.539093,
            19.918191
          ],
          [
            73.538847,
            19.918045
          ],
          [
            73.538632,
            19.917944
          ],
          [
            73.538396,
            19.917813
          ],
          [
            73.538203,
            19.917742
          ],
          [
            73.538015,
            19.917676
          ],
          [
            73.537779,
            19.917621
          ],
          [
            73.537591,
            19.917636
          ],
          [
            73.537382,
            19.917666
          ],
          [
            73.537307,
            19.917626
          ],
          [
            73.537307,
            19.917626
          ]
        ]
      }
    },
    {
      "type": "Feature",
      "properties": {
        "type": "yellow-route"
      },
      "geometry": {
        "type": "LineString",
        "coordinates": [
          [
            73.297555,
            19.852132
          ],
          [
            73.297555,
            19.852132
          ],
          [
            73.297922,
            19.852704
          ],
          [
            73.298231,
            19.853156
          ],
          [
            73.298339,
            19.853312
          ],
          [
            73.298709,
            19.85366
          ],
          [
            73.299015,
            19.854114
          ],
          [
            73.299267,
            19.854548
          ],
          [
            73.29939,
            19.854937
          ],
          [
            73.299503,
            19.855204
          ],
          [
            73.299546,
            19.855426
          ],
          [
            73.299631,
            19.855618
          ],
          [
            73.299698,
            19.855812
          ],
          [
            73.299741,
            19.855903
          ],
          [
            73.300095,
            19.855989
          ],
          [
            73.300261,
            19.856024
          ],
          [
            73.300411,
            19.856044
          ],
          [
            73.300533,
            19.856092
          ],
          [
            73.30062,
            19.856175
          ],
          [
            73.300661,
            19.856294
          ],
          [
            73.300679,
            19.856412
          ],
          [
            73.300667,
            19.856516
          ],
          [
            73.300626,
            19.856877
          ],
          [
            73.300624,
            19.857006
          ],
          [
            73.300645,
            19.857147
          ],
          [
            73.300656,
            19.857359
          ],
          [
            73.300631,
            19.857598
          ],
          [
            73.300658,
            19.85786
          ],
          [
            73.300763,
            19.857994
          ],
          [
            73.30123,
            19.858393
          ],
          [
            73.301302,
            19.858441
          ],
          [
            73.301536,
            19.858549
          ],
          [
            73.301783,
            19.858655
          ],
          [
            73.301967,
            19.858678
          ],
          [
            73.302519,
            19.858567
          ],
          [
            73.303093,
            19.858415
          ],
          [
            73.30385,
            19.858279
          ],
          [
            73.304027,
            19.858279
          ],
          [
            73.304172,
            19.858299
          ],
          [
            73.30542,
            19.858862
          ],
          [
            73.306151,
            19.859162
          ],
          [
            73.306353,
            19.859281
          ],
          [
            73.306536,
            19.859392
          ],
          [
            73.306763,
            19.859657
          ],
          [
            73.306938,
            19.859836
          ],
          [
            73.307136,
            19.860008
          ],
          [
            73.308018,
            19.860585
          ],
          [
            73.308445,
            19.860936
          ],
          [
            73.308917,
            19.861289
          ],
          [
            73.309434,
            19.861619
          ],
          [
            73.309604,
            19.861748
          ],
          [
            73.309885,
            19.86225
          ],
          [
            73.310285,
            19.862858
          ],
          [
            73.310618,
            19.863403
          ],
          [
            73.310693,
            19.863575
          ],
          [
            73.310738,
            19.863748
          ],
          [
            73.310802,
            19.863849
          ],
          [
            73.310891,
            19.863948
          ],
          [
            73.311052,
            19.864034
          ],
          [
            73.311219,
            19.864094
          ],
          [
            73.31144,
            19.864107
          ],
          [
            73.31165,
            19.864107
          ],
          [
            73.311998,
            19.864086
          ],
          [
            73.31239,
            19.864051
          ],
          [
            73.31283,
            19.863965
          ],
          [
            73.312948,
            19.86391
          ],
          [
            73.313066,
            19.863854
          ],
          [
            73.313195,
            19.863799
          ],
          [
            73.313275,
            19.863799
          ],
          [
            73.313436,
            19.863814
          ],
          [
            73.31381,
            19.863933
          ],
          [
            73.314053,
            19.864031
          ],
          [
            73.31463,
            19.864281
          ],
          [
            73.315078,
            19.864379
          ],
          [
            73.315351,
            19.864394
          ],
          [
            73.315555,
            19.864349
          ],
          [
            73.31577,
            19.864298
          ],
          [
            73.315925,
            19.864233
          ],
          [
            73.31614,
            19.864122
          ],
          [
            73.316307,
            19.864023
          ],
          [
            73.316365,
            19.864197
          ],
          [
            73.316449,
            19.864347
          ],
          [
            73.316504,
            19.864515
          ],
          [
            73.316524,
            19.86468
          ],
          [
            73.316515,
            19.864732
          ],
          [
            73.316397,
            19.864853
          ],
          [
            73.316258,
            19.864959
          ],
          [
            73.316086,
            19.865302
          ],
          [
            73.316004,
            19.865643
          ],
          [
            73.315882,
            19.866231
          ],
          [
            73.31578,
            19.866412
          ],
          [
            73.315705,
            19.867194
          ],
          [
            73.315725,
            19.867485
          ],
          [
            73.315711,
            19.867689
          ],
          [
            73.31556,
            19.868032
          ],
          [
            73.315539,
            19.868153
          ],
          [
            73.315582,
            19.868249
          ],
          [
            73.315681,
            19.868313
          ],
          [
            73.315799,
            19.868307
          ],
          [
            73.316011,
            19.868208
          ],
          [
            73.316209,
            19.868178
          ],
          [
            73.316344,
            19.868087
          ],
          [
            73.31644,
            19.868062
          ],
          [
            73.316953,
            19.868388
          ],
          [
            73.316948,
            19.868539
          ],
          [
            73.316848,
            19.868607
          ],
          [
            73.316692,
            19.868652
          ],
          [
            73.316504,
            19.868667
          ],
          [
            73.316354,
            19.868743
          ],
          [
            73.316156,
            19.868864
          ],
          [
            73.315973,
            19.869011
          ],
          [
            73.315711,
            19.869162
          ],
          [
            73.315485,
            19.869222
          ],
          [
            73.315212,
            19.869323
          ],
          [
            73.314992,
            19.869712
          ],
          [
            73.314986,
            19.869954
          ],
          [
            73.314911,
            19.870211
          ],
          [
            73.314788,
            19.870378
          ],
          [
            73.314643,
            19.870509
          ],
          [
            73.31452,
            19.870564
          ],
          [
            73.313881,
            19.870721
          ],
          [
            73.313608,
            19.870766
          ],
          [
            73.313264,
            19.870781
          ],
          [
            73.313071,
            19.870847
          ],
          [
            73.312968,
            19.870869
          ],
          [
            73.312615,
            19.870958
          ],
          [
            73.312106,
            19.870928
          ],
          [
            73.311827,
            19.870928
          ],
          [
            73.311376,
            19.870993
          ],
          [
            73.311178,
            19.871054
          ],
          [
            73.310867,
            19.871129
          ],
          [
            73.31084,
            19.871225
          ],
          [
            73.310694,
            19.871338
          ],
          [
            73.310458,
            19.871731
          ],
          [
            73.310254,
            19.87214
          ],
          [
            73.310116,
            19.872325
          ],
          [
            73.309959,
            19.872745
          ],
          [
            73.30981,
            19.873173
          ],
          [
            73.309767,
            19.873258
          ],
          [
            73.309708,
            19.873314
          ],
          [
            73.309643,
            19.873319
          ],
          [
            73.309579,
            19.873294
          ],
          [
            73.309492,
            19.873245
          ],
          [
            73.309422,
            19.873189
          ],
          [
            73.309331,
            19.873184
          ],
          [
            73.309267,
            19.87322
          ],
          [
            73.309251,
            19.873265
          ],
          [
            73.309263,
            19.873334
          ],
          [
            73.309311,
            19.8734
          ],
          [
            73.309358,
            19.873442
          ],
          [
            73.309429,
            19.873501
          ],
          [
            73.309477,
            19.873576
          ],
          [
            73.309499,
            19.873637
          ],
          [
            73.309515,
            19.873734
          ],
          [
            73.309509,
            19.873798
          ],
          [
            73.309481,
            19.874198
          ],
          [
            73.309456,
            19.874651
          ],
          [
            73.30944,
            19.875216
          ],
          [
            73.309434,
            19.875957
          ],
          [
            73.309406,
            19.876796
          ],
          [
            73.309418,
            19.876982
          ],
          [
            73.309498,
            19.877084
          ],
          [
            73.309524,
            19.877165
          ],
          [
            73.309558,
            19.877249
          ],
          [
            73.309669,
            19.877382
          ],
          [
            73.309718,
            19.877483
          ],
          [
            73.30974,
            19.877748
          ],
          [
            73.309852,
            19.878386
          ],
          [
            73.310007,
            19.879077
          ],
          [
            73.31004,
            19.879216
          ],
          [
            73.309998,
            19.879388
          ],
          [
            73.309837,
            19.879827
          ],
          [
            73.309589,
            19.880383
          ],
          [
            73.309439,
            19.880641
          ],
          [
            73.309412,
            19.880767
          ],
          [
            73.309413,
            19.881053
          ],
          [
            73.309338,
            19.881729
          ],
          [
            73.309338,
            19.882087
          ],
          [
            73.309353,
            19.88226
          ],
          [
            73.309304,
            19.882441
          ],
          [
            73.309123,
            19.882813
          ],
          [
            73.308968,
            19.883272
          ],
          [
            73.308854,
            19.883698
          ],
          [
            73.308753,
            19.883888
          ],
          [
            73.308619,
            19.884029
          ],
          [
            73.308339,
            19.884333
          ],
          [
            73.307937,
            19.884681
          ],
          [
            73.307679,
            19.884828
          ],
          [
            73.30747,
            19.884944
          ],
          [
            73.307341,
            19.88512
          ],
          [
            73.307144,
            19.885547
          ],
          [
            73.307036,
            19.885764
          ],
          [
            73.307003,
            19.886064
          ],
          [
            73.307094,
            19.886649
          ],
          [
            73.307127,
            19.887315
          ],
          [
            73.307058,
            19.887656
          ],
          [
            73.306886,
            19.888009
          ],
          [
            73.30689,
            19.888424
          ],
          [
            73.306908,
            19.888569
          ],
          [
            73.30702,
            19.888715
          ],
          [
            73.307246,
            19.888907
          ],
          [
            73.307975,
            19.889482
          ],
          [
            73.308689,
            19.890163
          ],
          [
            73.308914,
            19.890309
          ],
          [
            73.30945,
            19.890572
          ],
          [
            73.309692,
            19.890668
          ],
          [
            73.309885,
            19.890794
          ],
          [
            73.309971,
            19.891041
          ],
          [
            73.310024,
            19.891233
          ],
          [
            73.310105,
            19.891349
          ],
          [
            73.3102,
            19.891451
          ],
          [
            73.31033,
            19.89153
          ],
          [
            73.310781,
            19.891767
          ],
          [
            73.311102,
            19.892071
          ],
          [
            73.311221,
            19.892171
          ],
          [
            73.311262,
            19.892278
          ],
          [
            73.311252,
            19.89246
          ],
          [
            73.311155,
            19.892647
          ],
          [
            73.311166,
            19.892712
          ],
          [
            73.311205,
            19.892791
          ],
          [
            73.311242,
            19.892867
          ],
          [
            73.311306,
            19.892922
          ],
          [
            73.311343,
            19.892995
          ],
          [
            73.31137,
            19.893055
          ],
          [
            73.311348,
            19.893141
          ],
          [
            73.311236,
            19.893383
          ],
          [
            73.311123,
            19.893544
          ],
          [
            73.310994,
            19.89362
          ],
          [
            73.310818,
            19.893699
          ],
          [
            73.310673,
            19.893724
          ],
          [
            73.310266,
            19.893951
          ],
          [
            73.310034,
            19.894089
          ],
          [
            73.309777,
            19.894251
          ],
          [
            73.309456,
            19.894461
          ],
          [
            73.309133,
            19.894649
          ],
          [
            73.308854,
            19.894992
          ],
          [
            73.308789,
            19.895143
          ],
          [
            73.3088,
            19.895305
          ],
          [
            73.308823,
            19.895465
          ],
          [
            73.308838,
            19.895799
          ],
          [
            73.308764,
            19.896206
          ],
          [
            73.308596,
            19.89651
          ],
          [
            73.308356,
            19.896832
          ],
          [
            73.307845,
            19.897207
          ],
          [
            73.307482,
            19.897382
          ],
          [
            73.307315,
            19.897412
          ],
          [
            73.307143,
            19.897423
          ],
          [
            73.307025,
            19.897413
          ],
          [
            73.306864,
            19.897408
          ],
          [
            73.306735,
            19.897393
          ],
          [
            73.306645,
            19.897361
          ],
          [
            73.306537,
            19.897296
          ],
          [
            73.306359,
            19.89698
          ],
          [
            73.305608,
            19.895749
          ],
          [
            73.305529,
            19.895641
          ],
          [
            73.305313,
            19.895557
          ],
          [
            73.304917,
            19.895687
          ],
          [
            73.304376,
            19.895793
          ],
          [
            73.303957,
            19.895878
          ],
          [
            73.303212,
            19.89606
          ],
          [
            73.302873,
            19.896117
          ],
          [
            73.302454,
            19.896339
          ],
          [
            73.301044,
            19.897281
          ],
          [
            73.300889,
            19.897412
          ],
          [
            73.300807,
            19.89755
          ],
          [
            73.300755,
            19.897896
          ],
          [
            73.300669,
            19.898168
          ],
          [
            73.300621,
            19.898254
          ],
          [
            73.300459,
            19.898362
          ],
          [
            73.300283,
            19.898441
          ],
          [
            73.299965,
            19.898604
          ],
          [
            73.299658,
            19.898833
          ],
          [
            73.299623,
            19.898859
          ],
          [
            73.299419,
            19.899086
          ],
          [
            73.299092,
            19.89949
          ],
          [
            73.298807,
            19.899969
          ],
          [
            73.298561,
            19.900353
          ],
          [
            73.298431,
            19.900465
          ],
          [
            73.298298,
            19.900534
          ],
          [
            73.298137,
            19.900595
          ],
          [
            73.297766,
            19.900747
          ],
          [
            73.297283,
            19.901025
          ],
          [
            73.296876,
            19.901291
          ],
          [
            73.296683,
            19.901366
          ],
          [
            73.29656,
            19.901442
          ],
          [
            73.296452,
            19.901533
          ],
          [
            73.296313,
            19.90174
          ],
          [
            73.295818,
            19.902417
          ],
          [
            73.295616,
            19.902759
          ],
          [
            73.295551,
            19.902885
          ],
          [
            73.295455,
            19.902965
          ],
          [
            73.295337,
            19.903006
          ],
          [
            73.295207,
            19.903017
          ],
          [
            73.294579,
            19.903053
          ],
          [
            73.294295,
            19.903063
          ],
          [
            73.294124,
            19.903086
          ],
          [
            73.293582,
            19.903374
          ],
          [
            73.293346,
            19.903586
          ],
          [
            73.293282,
            19.903712
          ],
          [
            73.293249,
            19.903804
          ],
          [
            73.293243,
            19.90391
          ],
          [
            73.293254,
            19.904152
          ],
          [
            73.293303,
            19.904862
          ],
          [
            73.293298,
            19.905341
          ],
          [
            73.293281,
            19.905595
          ],
          [
            73.293212,
            19.905755
          ],
          [
            73.293131,
            19.905867
          ],
          [
            73.292895,
            19.906054
          ],
          [
            73.292702,
            19.906256
          ],
          [
            73.292542,
            19.906592
          ],
          [
            73.292433,
            19.906962
          ],
          [
            73.292434,
            19.907172
          ],
          [
            73.292455,
            19.907491
          ],
          [
            73.292814,
            19.908848
          ],
          [
            73.292933,
            19.909094
          ],
          [
            73.293078,
            19.909326
          ],
          [
            73.293286,
            19.909463
          ],
          [
            73.293582,
            19.909643
          ],
          [
            73.293785,
            19.909887
          ],
          [
            73.293936,
            19.910037
          ],
          [
            73.294162,
            19.910269
          ],
          [
            73.294446,
            19.910612
          ],
          [
            73.294532,
            19.910814
          ],
          [
            73.29465,
            19.911424
          ],
          [
            73.294784,
            19.911812
          ],
          [
            73.294842,
            19.911935
          ],
          [
            73.294881,
            19.912034
          ],
          [
            73.294863,
            19.912111
          ],
          [
            73.294778,
            19.912237
          ],
          [
            73.294735,
            19.912313
          ],
          [
            73.294692,
            19.912389
          ],
          [
            73.294703,
            19.912555
          ],
          [
            73.294708,
            19.912702
          ],
          [
            73.294697,
            19.912939
          ],
          [
            73.294645,
            19.913199
          ],
          [
            73.294559,
            19.914147
          ],
          [
            73.294354,
            19.915218
          ],
          [
            73.294257,
            19.915955
          ],
          [
            73.294064,
            19.916883
          ],
          [
            73.293851,
            19.917375
          ],
          [
            73.2937,
            19.917567
          ],
          [
            73.293486,
            19.917592
          ],
          [
            73.293555,
            19.918097
          ],
          [
            73.293534,
            19.918929
          ],
          [
            73.293502,
            19.919141
          ],
          [
            73.293503,
            19.919306
          ],
          [
            73.293551,
            19.919467
          ],
          [
            73.293701,
            19.919725
          ],
          [
            73.293931,
            19.920028
          ],
          [
            73.294157,
            19.920214
          ],
          [
            73.294442,
            19.92036
          ],
          [
            73.294747,
            19.920481
          ],
          [
            73.294966,
            19.920578
          ],
          [
            73.295192,
            19.920694
          ],
          [
            73.295433,
            19.920911
          ],
          [
            73.295674,
            19.921199
          ],
          [
            73.295969,
            19.921486
          ],
          [
            73.296131,
            19.921576
          ],
          [
            73.296341,
            19.921641
          ],
          [
            73.296512,
            19.921646
          ],
          [
            73.297939,
            19.921253
          ],
          [
            73.298181,
            19.921212
          ],
          [
            73.299451,
            19.921264
          ],
          [
            73.300536,
            19.921293
          ],
          [
            73.300905,
            19.921294
          ],
          [
            73.301096,
            19.921269
          ],
          [
            73.301249,
            19.92122
          ],
          [
            73.301371,
            19.921138
          ],
          [
            73.301489,
            19.921062
          ],
          [
            73.301689,
            19.92091
          ],
          [
            73.301839,
            19.920819
          ],
          [
            73.302047,
            19.920745
          ],
          [
            73.302311,
            19.920678
          ],
          [
            73.30245,
            19.920614
          ],
          [
            73.302621,
            19.920477
          ],
          [
            73.302954,
            19.919998
          ],
          [
            73.303079,
            19.919858
          ],
          [
            73.30328,
            19.91971
          ],
          [
            73.303445,
            19.919607
          ],
          [
            73.3035,
            19.919576
          ],
          [
            73.303557,
            19.919572
          ],
          [
            73.303612,
            19.919572
          ],
          [
            73.303662,
            19.919595
          ],
          [
            73.303779,
            19.919687
          ],
          [
            73.303861,
            19.919766
          ],
          [
            73.304043,
            19.919897
          ],
          [
            73.304284,
            19.919968
          ],
          [
            73.304574,
            19.920028
          ],
          [
            73.305309,
            19.920331
          ],
          [
            73.305464,
            19.920427
          ],
          [
            73.305631,
            19.920508
          ],
          [
            73.305777,
            19.920542
          ],
          [
            73.305982,
            19.920581
          ],
          [
            73.30614,
            19.920603
          ],
          [
            73.306345,
            19.920622
          ],
          [
            73.306624,
            19.920567
          ],
          [
            73.30746,
            19.920155
          ],
          [
            73.307579,
            19.920133
          ],
          [
            73.307751,
            19.920138
          ],
          [
            73.308244,
            19.920255
          ],
          [
            73.308421,
            19.920305
          ],
          [
            73.308533,
            19.920306
          ],
          [
            73.308667,
            19.92025
          ],
          [
            73.308801,
            19.920139
          ],
          [
            73.309107,
            19.919802
          ],
          [
            73.309768,
            19.919099
          ],
          [
            73.310202,
            19.918681
          ],
          [
            73.310346,
            19.918569
          ],
          [
            73.311371,
            19.917774
          ],
          [
            73.311725,
            19.917441
          ],
          [
            73.311865,
            19.917238
          ],
          [
            73.31201,
            19.916875
          ],
          [
            73.312234,
            19.916528
          ],
          [
            73.312787,
            19.915928
          ],
          [
            73.312992,
            19.915745
          ],
          [
            73.313121,
            19.915584
          ],
          [
            73.3132,
            19.915353
          ],
          [
            73.313298,
            19.91511
          ],
          [
            73.313463,
            19.914864
          ],
          [
            73.315223,
            19.913607
          ],
          [
            73.315585,
            19.913421
          ],
          [
            73.315814,
            19.913304
          ],
          [
            73.315937,
            19.913138
          ],
          [
            73.316151,
            19.9128
          ],
          [
            73.316468,
            19.912149
          ],
          [
            73.316554,
            19.911932
          ],
          [
            73.31681,
            19.911767
          ],
          [
            73.317003,
            19.911661
          ],
          [
            73.317137,
            19.911535
          ],
          [
            73.317262,
            19.911398
          ],
          [
            73.317428,
            19.911282
          ],
          [
            73.31798,
            19.911031
          ],
          [
            73.318092,
            19.910925
          ],
          [
            73.318142,
            19.910752
          ],
          [
            73.318292,
            19.910459
          ],
          [
            73.318544,
            19.910076
          ],
          [
            73.318977,
            19.909447
          ],
          [
            73.319132,
            19.909189
          ],
          [
            73.319519,
            19.908649
          ],
          [
            73.319616,
            19.908514
          ],
          [
            73.319956,
            19.908227
          ],
          [
            73.320077,
            19.908125
          ],
          [
            73.320386,
            19.907971
          ],
          [
            73.320541,
            19.907894
          ],
          [
            73.320695,
            19.907817
          ],
          [
            73.320946,
            19.907732
          ],
          [
            73.321205,
            19.907645
          ],
          [
            73.32135,
            19.90761
          ],
          [
            73.321548,
            19.90761
          ],
          [
            73.321747,
            19.90765
          ],
          [
            73.321918,
            19.907675
          ],
          [
            73.322031,
            19.90768
          ],
          [
            73.322192,
            19.907625
          ],
          [
            73.322412,
            19.907534
          ],
          [
            73.322872,
            19.907318
          ],
          [
            73.323001,
            19.907258
          ],
          [
            73.32313,
            19.907197
          ],
          [
            73.32329,
            19.907182
          ],
          [
            73.323372,
            19.907247
          ],
          [
            73.323533,
            19.907393
          ],
          [
            73.323661,
            19.907475
          ],
          [
            73.323768,
            19.907475
          ],
          [
            73.324032,
            19.907418
          ],
          [
            73.324224,
            19.907364
          ],
          [
            73.324348,
            19.907373
          ],
          [
            73.324487,
            19.907434
          ],
          [
            73.324814,
            19.907692
          ],
          [
            73.325035,
            19.907847
          ],
          [
            73.325282,
            19.908023
          ],
          [
            73.325404,
            19.908191
          ],
          [
            73.325549,
            19.908453
          ],
          [
            73.325679,
            19.908523
          ],
          [
            73.32585,
            19.908518
          ],
          [
            73.326076,
            19.908402
          ],
          [
            73.326268,
            19.908302
          ],
          [
            73.326423,
            19.908206
          ],
          [
            73.326513,
            19.908184
          ],
          [
            73.32659,
            19.908166
          ],
          [
            73.326761,
            19.908156
          ],
          [
            73.326847,
            19.908196
          ],
          [
            73.326907,
            19.908225
          ],
          [
            73.327728,
            19.908845
          ],
          [
            73.327888,
            19.909119
          ],
          [
            73.32798,
            19.909229
          ],
          [
            73.328119,
            19.909299
          ],
          [
            73.328339,
            19.90932
          ],
          [
            73.328581,
            19.909299
          ],
          [
            73.329428,
            19.909163
          ],
          [
            73.329799,
            19.909183
          ],
          [
            73.330146,
            19.9092
          ],
          [
            73.330672,
            19.90917
          ],
          [
            73.330929,
            19.909159
          ],
          [
            73.331182,
            19.909185
          ],
          [
            73.331386,
            19.90933
          ],
          [
            73.331633,
            19.909496
          ],
          [
            73.331943,
            19.909654
          ],
          [
            73.332223,
            19.909733
          ],
          [
            73.332357,
            19.909809
          ],
          [
            73.332549,
            19.910002
          ],
          [
            73.332674,
            19.910187
          ],
          [
            73.332796,
            19.91038
          ],
          [
            73.332968,
            19.910612
          ],
          [
            73.333189,
            19.910762
          ],
          [
            73.333322,
            19.910874
          ],
          [
            73.333472,
            19.91093
          ],
          [
            73.333737,
            19.910858
          ],
          [
            73.333912,
            19.910738
          ],
          [
            73.334019,
            19.910648
          ],
          [
            73.334255,
            19.910284
          ],
          [
            73.334429,
            19.910149
          ],
          [
            73.334652,
            19.910063
          ],
          [
            73.334963,
            19.909851
          ],
          [
            73.335393,
            19.909387
          ],
          [
            73.335575,
            19.909215
          ],
          [
            73.335725,
            19.909225
          ],
          [
            73.33609,
            19.909518
          ],
          [
            73.336262,
            19.909447
          ],
          [
            73.336465,
            19.909296
          ],
          [
            73.336723,
            19.909306
          ],
          [
            73.337045,
            19.909417
          ],
          [
            73.337249,
            19.909518
          ],
          [
            73.337442,
            19.909588
          ],
          [
            73.337989,
            19.90973
          ],
          [
            73.338579,
            19.90981
          ],
          [
            73.338987,
            19.909861
          ],
          [
            73.33918,
            19.910103
          ],
          [
            73.339309,
            19.910466
          ],
          [
            73.339319,
            19.910688
          ],
          [
            73.339405,
            19.91089
          ],
          [
            73.339373,
            19.911162
          ],
          [
            73.339459,
            19.911485
          ],
          [
            73.339534,
            19.911727
          ],
          [
            73.339716,
            19.911798
          ],
          [
            73.339899,
            19.911687
          ],
          [
            73.340103,
            19.911576
          ],
          [
            73.340381,
            19.911344
          ],
          [
            73.340542,
            19.911213
          ],
          [
            73.341036,
            19.91097
          ],
          [
            73.341347,
            19.910839
          ],
          [
            73.341605,
            19.910759
          ],
          [
            73.341884,
            19.910728
          ],
          [
            73.342194,
            19.910769
          ],
          [
            73.342419,
            19.910849
          ],
          [
            73.342587,
            19.911095
          ],
          [
            73.342859,
            19.911313
          ],
          [
            73.343117,
            19.911475
          ],
          [
            73.343503,
            19.911666
          ],
          [
            73.343879,
            19.911818
          ],
          [
            73.344318,
            19.91204
          ],
          [
            73.344755,
            19.912366
          ],
          [
            73.346411,
            19.913603
          ],
          [
            73.347061,
            19.914071
          ],
          [
            73.347451,
            19.914279
          ],
          [
            73.348116,
            19.91441
          ],
          [
            73.348642,
            19.914551
          ],
          [
            73.349089,
            19.914928
          ],
          [
            73.349393,
            19.915237
          ],
          [
            73.349694,
            19.915389
          ],
          [
            73.35008,
            19.91549
          ],
          [
            73.350477,
            19.915742
          ],
          [
            73.351389,
            19.916468
          ],
          [
            73.352001,
            19.91698
          ],
          [
            73.353107,
            19.917887
          ],
          [
            73.353807,
            19.918462
          ],
          [
            73.354229,
            19.918821
          ],
          [
            73.354735,
            19.919307
          ],
          [
            73.355094,
            19.91968
          ],
          [
            73.355522,
            19.920167
          ],
          [
            73.355912,
            19.920655
          ],
          [
            73.356182,
            19.921026
          ],
          [
            73.356724,
            19.921728
          ],
          [
            73.35745,
            19.922627
          ],
          [
            73.357718,
            19.923126
          ],
          [
            73.357832,
            19.923485
          ],
          [
            73.357866,
            19.924068
          ],
          [
            73.357883,
            19.924365
          ],
          [
            73.357902,
            19.924691
          ],
          [
            73.357991,
            19.924993
          ],
          [
            73.358117,
            19.925319
          ],
          [
            73.359058,
            19.926731
          ],
          [
            73.359223,
            19.926955
          ],
          [
            73.360161,
            19.92784
          ],
          [
            73.360543,
            19.92817
          ],
          [
            73.360935,
            19.928437
          ],
          [
            73.361376,
            19.928677
          ],
          [
            73.362385,
            19.929167
          ],
          [
            73.363015,
            19.929438
          ],
          [
            73.363533,
            19.929702
          ],
          [
            73.363898,
            19.929871
          ],
          [
            73.365053,
            19.930144
          ],
          [
            73.365365,
            19.930218
          ],
          [
            73.365853,
            19.930463
          ],
          [
            73.3662,
            19.930739
          ],
          [
            73.366401,
            19.930918
          ],
          [
            73.366807,
            19.93119
          ],
          [
            73.367227,
            19.93142
          ],
          [
            73.367514,
            19.931628
          ],
          [
            73.367881,
            19.931995
          ],
          [
            73.368147,
            19.932337
          ],
          [
            73.368317,
            19.932513
          ],
          [
            73.368582,
            19.932674
          ],
          [
            73.368921,
            19.932748
          ],
          [
            73.369604,
            19.932741
          ],
          [
            73.370141,
            19.93272
          ],
          [
            73.370502,
            19.932724
          ],
          [
            73.370652,
            19.932774
          ],
          [
            73.370735,
            19.93286
          ],
          [
            73.370872,
            19.933031
          ],
          [
            73.371168,
            19.933538
          ],
          [
            73.371213,
            19.933802
          ],
          [
            73.371264,
            19.934727
          ],
          [
            73.371375,
            19.935219
          ],
          [
            73.371552,
            19.935809
          ],
          [
            73.371775,
            19.93622
          ],
          [
            73.372147,
            19.936658
          ],
          [
            73.372506,
            19.9369
          ],
          [
            73.372971,
            19.93709
          ],
          [
            73.373252,
            19.937212
          ],
          [
            73.374107,
            19.937559
          ],
          [
            73.374896,
            19.937799
          ],
          [
            73.375433,
            19.937866
          ],
          [
            73.376262,
            19.937866
          ],
          [
            73.377603,
            19.93783
          ],
          [
            73.378064,
            19.937787
          ],
          [
            73.378934,
            19.937597
          ],
          [
            73.379536,
            19.937485
          ],
          [
            73.380153,
            19.937419
          ],
          [
            73.380697,
            19.937423
          ],
          [
            73.381318,
            19.937406
          ],
          [
            73.38136,
            19.937404
          ],
          [
            73.381496,
            19.937396
          ],
          [
            73.382242,
            19.93735
          ],
          [
            73.383318,
            19.937209
          ],
          [
            73.383947,
            19.937126
          ],
          [
            73.384299,
            19.937138
          ],
          [
            73.384795,
            19.937262
          ],
          [
            73.385678,
            19.937521
          ],
          [
            73.386768,
            19.937859
          ],
          [
            73.387529,
            19.938108
          ],
          [
            73.388081,
            19.938291
          ],
          [
            73.388148,
            19.938324
          ],
          [
            73.388458,
            19.938477
          ],
          [
            73.389586,
            19.939214
          ],
          [
            73.389753,
            19.939438
          ],
          [
            73.389793,
            19.939721
          ],
          [
            73.389796,
            19.94003
          ],
          [
            73.389682,
            19.940275
          ],
          [
            73.38951,
            19.940484
          ],
          [
            73.38884,
            19.941069
          ],
          [
            73.38862,
            19.941304
          ],
          [
            73.388516,
            19.941518
          ],
          [
            73.388359,
            19.942018
          ],
          [
            73.388048,
            19.942983
          ],
          [
            73.388002,
            19.943257
          ],
          [
            73.388126,
            19.943433
          ],
          [
            73.388291,
            19.94358
          ],
          [
            73.388589,
            19.943715
          ],
          [
            73.388759,
            19.943744
          ],
          [
            73.388921,
            19.943711
          ],
          [
            73.389062,
            19.943587
          ],
          [
            73.389543,
            19.943073
          ],
          [
            73.38996,
            19.942774
          ],
          [
            73.390451,
            19.942362
          ],
          [
            73.390676,
            19.942051
          ],
          [
            73.390972,
            19.941742
          ],
          [
            73.391304,
            19.94164
          ],
          [
            73.39208,
            19.941518
          ],
          [
            73.392313,
            19.941459
          ],
          [
            73.392513,
            19.941359
          ],
          [
            73.392713,
            19.94115
          ],
          [
            73.392882,
            19.940936
          ],
          [
            73.393006,
            19.940845
          ],
          [
            73.393171,
            19.940852
          ],
          [
            73.393312,
            19.940926
          ],
          [
            73.393507,
            19.941181
          ],
          [
            73.393836,
            19.941758
          ],
          [
            73.394033,
            19.942272
          ],
          [
            73.394233,
            19.942522
          ],
          [
            73.39443,
            19.942655
          ],
          [
            73.394789,
            19.94275
          ],
          [
            73.395806,
            19.942924
          ],
          [
            73.396176,
            19.942958
          ],
          [
            73.39636,
            19.942975
          ],
          [
            73.39691,
            19.943054
          ],
          [
            73.397236,
            19.943205
          ],
          [
            73.397464,
            19.943402
          ],
          [
            73.397924,
            19.943942
          ],
          [
            73.398951,
            19.945202
          ],
          [
            73.399695,
            19.946149
          ],
          [
            73.399852,
            19.946391
          ],
          [
            73.400203,
            19.94705
          ],
          [
            73.400616,
            19.947706
          ],
          [
            73.400823,
            19.947982
          ],
          [
            73.401152,
            19.948258
          ],
          [
            73.401865,
            19.948821
          ],
          [
            73.402414,
            19.949221
          ],
          [
            73.402639,
            19.949318
          ],
          [
            73.403019,
            19.949371
          ],
          [
            73.403262,
            19.949482
          ],
          [
            73.403436,
            19.949706
          ],
          [
            73.403686,
            19.950343
          ],
          [
            73.404023,
            19.951482
          ],
          [
            73.404326,
            19.952077
          ],
          [
            73.404574,
            19.952512
          ],
          [
            73.405106,
            19.953144
          ],
          [
            73.405293,
            19.953441
          ],
          [
            73.40569,
            19.954255
          ],
          [
            73.406064,
            19.954894
          ],
          [
            73.406186,
            19.955134
          ],
          [
            73.406231,
            19.955351
          ],
          [
            73.406274,
            19.95609
          ],
          [
            73.406274,
            19.956791
          ],
          [
            73.40654,
            19.957301
          ],
          [
            73.40681,
            19.957631
          ],
          [
            73.407103,
            19.958071
          ],
          [
            73.407215,
            19.958376
          ],
          [
            73.407326,
            19.958613
          ],
          [
            73.407482,
            19.958946
          ],
          [
            73.407707,
            19.959174
          ],
          [
            73.408159,
            19.959164
          ],
          [
            73.409118,
            19.958899
          ],
          [
            73.413282,
            19.957696
          ],
          [
            73.41424,
            19.957406
          ],
          [
            73.414524,
            19.957404
          ],
          [
            73.414744,
            19.957538
          ],
          [
            73.416655,
            19.959282
          ],
          [
            73.416848,
            19.959884
          ],
          [
            73.41696,
            19.960333
          ],
          [
            73.417429,
            19.961072
          ],
          [
            73.417595,
            19.961525
          ],
          [
            73.417653,
            19.962151
          ],
          [
            73.417677,
            19.96254
          ],
          [
            73.417749,
            19.962785
          ],
          [
            73.418221,
            19.96294
          ],
          [
            73.418932,
            19.963085
          ],
          [
            73.419751,
            19.963111
          ],
          [
            73.420706,
            19.963153
          ],
          [
            73.421498,
            19.963255
          ],
          [
            73.42179,
            19.963369
          ],
          [
            73.423074,
            19.964968
          ],
          [
            73.423346,
            19.96549
          ],
          [
            73.423534,
            19.965738
          ],
          [
            73.423779,
            19.965963
          ],
          [
            73.424128,
            19.966158
          ],
          [
            73.424377,
            19.966477
          ],
          [
            73.424782,
            19.967341
          ],
          [
            73.425068,
            19.967793
          ],
          [
            73.425343,
            19.968022
          ],
          [
            73.425595,
            19.968
          ],
          [
            73.426008,
            19.968004
          ],
          [
            73.426337,
            19.967978
          ],
          [
            73.426683,
            19.968093
          ],
          [
            73.426798,
            19.968322
          ],
          [
            73.427091,
            19.969749
          ],
          [
            73.42736,
            19.97012
          ],
          [
            73.427553,
            19.970352
          ],
          [
            73.427821,
            19.970647
          ],
          [
            73.428014,
            19.970745
          ],
          [
            73.428197,
            19.970785
          ],
          [
            73.429752,
            19.970765
          ],
          [
            73.43002,
            19.970755
          ],
          [
            73.430171,
            19.970667
          ],
          [
            73.430289,
            19.970566
          ],
          [
            73.430396,
            19.970435
          ],
          [
            73.430482,
            19.970281
          ],
          [
            73.430557,
            19.970183
          ],
          [
            73.430707,
            19.970122
          ],
          [
            73.430868,
            19.970122
          ],
          [
            73.431029,
            19.970342
          ],
          [
            73.431072,
            19.970432
          ],
          [
            73.431168,
            19.970566
          ],
          [
            73.431265,
            19.970715
          ],
          [
            73.43134,
            19.970785
          ],
          [
            73.431469,
            19.970765
          ],
          [
            73.431512,
            19.970657
          ],
          [
            73.43149,
            19.970516
          ],
          [
            73.431426,
            19.970385
          ],
          [
            73.431362,
            19.970203
          ],
          [
            73.431297,
            19.969951
          ],
          [
            73.431265,
            19.9698
          ],
          [
            73.431211,
            19.969658
          ],
          [
            73.431168,
            19.969477
          ],
          [
            73.431168,
            19.969269
          ],
          [
            73.431222,
            19.969084
          ],
          [
            73.431297,
            19.96896
          ],
          [
            73.431447,
            19.968872
          ],
          [
            73.431555,
            19.968822
          ],
          [
            73.431909,
            19.96888
          ],
          [
            73.432059,
            19.969041
          ],
          [
            73.43222,
            19.969253
          ],
          [
            73.432874,
            19.970616
          ],
          [
            73.432982,
            19.971
          ],
          [
            73.433035,
            19.971221
          ],
          [
            73.432939,
            19.971663
          ],
          [
            73.432788,
            19.971925
          ],
          [
            73.432746,
            19.972119
          ],
          [
            73.432756,
            19.972328
          ],
          [
            73.432885,
            19.972421
          ],
          [
            73.433421,
            19.972429
          ],
          [
            73.433561,
            19.972439
          ],
          [
            73.435983,
            19.972564
          ],
          [
            73.436651,
            19.972762
          ],
          [
            73.436844,
            19.972782
          ],
          [
            73.437409,
            19.972757
          ],
          [
            73.437769,
            19.972616
          ],
          [
            73.438056,
            19.972449
          ],
          [
            73.438224,
            19.972249
          ],
          [
            73.4384,
            19.971874
          ],
          [
            73.438711,
            19.971471
          ],
          [
            73.43884,
            19.971302
          ],
          [
            73.439985,
            19.969867
          ],
          [
            73.440073,
            19.96981
          ],
          [
            73.440191,
            19.969779
          ],
          [
            73.440975,
            19.970173
          ],
          [
            73.440985,
            19.970422
          ],
          [
            73.440749,
            19.970836
          ],
          [
            73.440717,
            19.97102
          ],
          [
            73.440631,
            19.971229
          ],
          [
            73.440588,
            19.971383
          ],
          [
            73.440556,
            19.971511
          ],
          [
            73.440524,
            19.971736
          ],
          [
            73.44047,
            19.971895
          ],
          [
            73.440363,
            19.972068
          ],
          [
            73.440277,
            19.97229
          ],
          [
            73.440245,
            19.972492
          ],
          [
            73.440234,
            19.972764
          ],
          [
            73.440309,
            19.972883
          ],
          [
            73.44046,
            19.972916
          ],
          [
            73.44061,
            19.972905
          ],
          [
            73.440728,
            19.972832
          ],
          [
            73.440975,
            19.97231
          ],
          [
            73.441039,
            19.972048
          ],
          [
            73.441189,
            19.971816
          ],
          [
            73.441318,
            19.971582
          ],
          [
            73.441382,
            19.971501
          ],
          [
            73.441586,
            19.971463
          ],
          [
            73.441715,
            19.971564
          ],
          [
            73.441833,
            19.971736
          ],
          [
            73.441919,
            19.971905
          ],
          [
            73.442015,
            19.9722
          ],
          [
            73.442112,
            19.972389
          ],
          [
            73.442337,
            19.972802
          ],
          [
            73.442429,
            19.97314
          ],
          [
            73.442507,
            19.973311
          ],
          [
            73.442631,
            19.973374
          ],
          [
            73.442803,
            19.973332
          ],
          [
            73.442991,
            19.973123
          ],
          [
            73.443067,
            19.972913
          ],
          [
            73.44326,
            19.972563
          ],
          [
            73.443346,
            19.972351
          ],
          [
            73.443389,
            19.972129
          ],
          [
            73.443432,
            19.971988
          ],
          [
            73.443507,
            19.971847
          ],
          [
            73.443657,
            19.971705
          ],
          [
            73.44385,
            19.971665
          ],
          [
            73.443968,
            19.971723
          ],
          [
            73.444065,
            19.971874
          ],
          [
            73.444054,
            19.972086
          ],
          [
            73.443904,
            19.972348
          ],
          [
            73.443743,
            19.972651
          ],
          [
            73.443582,
            19.972963
          ],
          [
            73.443442,
            19.973195
          ],
          [
            73.443313,
            19.97341
          ],
          [
            73.443174,
            19.973652
          ],
          [
            73.443142,
            19.973853
          ],
          [
            73.443002,
            19.974005
          ],
          [
            73.442798,
            19.974136
          ],
          [
            73.442498,
            19.974236
          ],
          [
            73.442112,
            19.974277
          ],
          [
            73.441693,
            19.974448
          ],
          [
            73.441425,
            19.974569
          ],
          [
            73.441329,
            19.97467
          ],
          [
            73.441296,
            19.974872
          ],
          [
            73.441468,
            19.97502
          ],
          [
            73.44164,
            19.975101
          ],
          [
            73.442284,
            19.975396
          ],
          [
            73.442402,
            19.975525
          ],
          [
            73.442477,
            19.975749
          ],
          [
            73.442466,
            19.975991
          ],
          [
            73.442423,
            19.976172
          ],
          [
            73.442359,
            19.976324
          ],
          [
            73.442047,
            19.976785
          ],
          [
            73.441983,
            19.976987
          ],
          [
            73.44209,
            19.97739
          ],
          [
            73.442144,
            19.977907
          ],
          [
            73.442251,
            19.978257
          ],
          [
            73.442294,
            19.978522
          ],
          [
            73.442391,
            19.979003
          ],
          [
            73.442487,
            19.979144
          ],
          [
            73.44267,
            19.979318
          ],
          [
            73.442788,
            19.979447
          ],
          [
            73.443002,
            19.979487
          ],
          [
            73.443174,
            19.979507
          ],
          [
            73.443313,
            19.979601
          ],
          [
            73.443603,
            19.979903
          ],
          [
            73.444097,
            19.979911
          ],
          [
            73.444258,
            19.980153
          ],
          [
            73.444386,
            19.980274
          ],
          [
            73.444483,
            19.980385
          ],
          [
            73.444644,
            19.980932
          ],
          [
            73.444858,
            19.981184
          ],
          [
            73.445052,
            19.981292
          ],
          [
            73.445202,
            19.981393
          ],
          [
            73.445352,
            19.981446
          ],
          [
            73.445695,
            19.981607
          ],
          [
            73.445845,
            19.981668
          ],
          [
            73.446457,
            19.981799
          ],
          [
            73.446618,
            19.98199
          ],
          [
            73.446639,
            19.98221
          ],
          [
            73.446575,
            19.982434
          ],
          [
            73.446521,
            19.982626
          ],
          [
            73.446328,
            19.982989
          ],
          [
            73.446157,
            19.98318
          ],
          [
            73.445867,
            19.983299
          ],
          [
            73.445556,
            19.983329
          ],
          [
            73.445384,
            19.983311
          ],
          [
            73.445159,
            19.983291
          ],
          [
            73.445009,
            19.983231
          ],
          [
            73.444912,
            19.98314
          ],
          [
            73.444805,
            19.983069
          ],
          [
            73.444601,
            19.983069
          ],
          [
            73.444483,
            19.98318
          ],
          [
            73.444483,
            19.983301
          ],
          [
            73.444794,
            19.983904
          ],
          [
            73.444955,
            19.984178
          ],
          [
            73.445052,
            19.98435
          ],
          [
            73.445148,
            19.984572
          ],
          [
            73.445202,
            19.984723
          ],
          [
            73.445255,
            19.984882
          ],
          [
            73.445352,
            19.985066
          ],
          [
            73.445502,
            19.985184
          ],
          [
            73.44562,
            19.985235
          ],
          [
            73.445717,
            19.985124
          ],
          [
            73.44577,
            19.984993
          ],
          [
            73.445899,
            19.984804
          ],
          [
            73.445996,
            19.984632
          ],
          [
            73.446103,
            19.984501
          ],
          [
            73.446403,
            19.984289
          ],
          [
            73.447423,
            19.983833
          ],
          [
            73.447702,
            19.983765
          ],
          [
            73.44797,
            19.983684
          ],
          [
            73.448141,
            19.983573
          ],
          [
            73.448206,
            19.983442
          ],
          [
            73.44856,
            19.983089
          ],
          [
            73.448667,
            19.982999
          ],
          [
            73.448839,
            19.982936
          ],
          [
            73.448968,
            19.982948
          ],
          [
            73.449279,
            19.983644
          ],
          [
            73.449375,
            19.983896
          ],
          [
            73.449493,
            19.984085
          ],
          [
            73.449633,
            19.984289
          ],
          [
            73.449869,
            19.98438
          ],
          [
            73.450266,
            19.984428
          ],
          [
            73.450598,
            19.984471
          ],
          [
            73.450845,
            19.98434
          ],
          [
            73.451124,
            19.984146
          ],
          [
            73.451285,
            19.984098
          ],
          [
            73.451382,
            19.984055
          ],
          [
            73.451596,
            19.983997
          ],
          [
            73.451768,
            19.983977
          ],
          [
            73.45209,
            19.983957
          ],
          [
            73.452283,
            19.983926
          ],
          [
            73.452412,
            19.983873
          ],
          [
            73.452551,
            19.983813
          ],
          [
            73.452712,
            19.983722
          ],
          [
            73.452862,
            19.983594
          ],
          [
            73.452991,
            19.983432
          ],
          [
            73.453077,
            19.983301
          ],
          [
            73.45313,
            19.98321
          ],
          [
            73.453248,
            19.9831
          ],
          [
            73.453334,
            19.983047
          ],
          [
            73.453549,
            19.983029
          ],
          [
            73.453731,
            19.983026
          ],
          [
            73.453903,
            19.983087
          ],
          [
            73.454053,
            19.98317
          ],
          [
            73.454246,
            19.983279
          ],
          [
            73.454332,
            19.98343
          ],
          [
            73.454353,
            19.983561
          ],
          [
            73.454353,
            19.983725
          ],
          [
            73.454375,
            19.983926
          ],
          [
            73.454429,
            19.984055
          ],
          [
            73.454547,
            19.984178
          ],
          [
            73.454675,
            19.984216
          ],
          [
            73.454922,
            19.984219
          ],
          [
            73.455169,
            19.984148
          ],
          [
            73.455437,
            19.984037
          ],
          [
            73.456167,
            19.983725
          ],
          [
            73.456435,
            19.983591
          ],
          [
            73.456703,
            19.983412
          ],
          [
            73.456875,
            19.983281
          ],
          [
            73.457036,
            19.98317
          ],
          [
            73.45725,
            19.98312
          ],
          [
            73.457433,
            19.983248
          ],
          [
            73.4574,
            19.98346
          ],
          [
            73.457336,
            19.983644
          ],
          [
            73.457282,
            19.983853
          ],
          [
            73.457197,
            19.984108
          ],
          [
            73.457186,
            19.984461
          ],
          [
            73.457186,
            19.98463
          ],
          [
            73.457218,
            19.984824
          ],
          [
            73.457304,
            19.984983
          ],
          [
            73.457486,
            19.984993
          ],
          [
            73.457754,
            19.984841
          ],
          [
            73.457937,
            19.984753
          ],
          [
            73.458173,
            19.984683
          ],
          [
            73.458355,
            19.984592
          ],
          [
            73.458495,
            19.984539
          ],
          [
            73.458827,
            19.984501
          ],
          [
            73.458892,
            19.984713
          ],
          [
            73.458956,
            19.984945
          ],
          [
            73.458988,
            19.985235
          ],
          [
            73.458988,
            19.985416
          ],
          [
            73.458999,
            19.985598
          ],
          [
            73.459063,
            19.985799
          ],
          [
            73.459128,
            19.985971
          ],
          [
            73.459235,
            19.986044
          ],
          [
            73.45945,
            19.986071
          ],
          [
            73.459696,
            19.986064
          ],
          [
            73.459857,
            19.985981
          ],
          [
            73.460104,
            19.985822
          ],
          [
            73.460265,
            19.98562
          ],
          [
            73.46078,
            19.985227
          ],
          [
            73.460973,
            19.985146
          ],
          [
            73.461156,
            19.985106
          ],
          [
            73.461338,
            19.985086
          ],
          [
            73.461445,
            19.985056
          ],
          [
            73.462025,
            19.984851
          ],
          [
            73.462239,
            19.984771
          ],
          [
            73.4624,
            19.984652
          ],
          [
            73.462604,
            19.984531
          ],
          [
            73.462743,
            19.984501
          ],
          [
            73.462883,
            19.984488
          ],
          [
            73.463055,
            19.984529
          ],
          [
            73.463183,
            19.984612
          ],
          [
            73.463913,
            19.985134
          ],
          [
            73.46416,
            19.985288
          ],
          [
            73.464385,
            19.985406
          ],
          [
            73.464664,
            19.985396
          ],
          [
            73.464857,
            19.985378
          ],
          [
            73.465061,
            19.985257
          ],
          [
            73.465232,
            19.985126
          ],
          [
            73.465458,
            19.985015
          ],
          [
            73.46681,
            19.985167
          ],
          [
            73.46814,
            19.985356
          ],
          [
            73.468494,
            19.985449
          ],
          [
            73.468719,
            19.985527
          ],
          [
            73.469073,
            19.985681
          ],
          [
            73.469417,
            19.985749
          ],
          [
            73.469706,
            19.985782
          ],
          [
            73.469814,
            19.985741
          ],
          [
            73.469964,
            19.985661
          ],
          [
            73.470125,
            19.98561
          ],
          [
            73.470339,
            19.98556
          ],
          [
            73.470511,
            19.98555
          ],
          [
            73.470704,
            19.985499
          ],
          [
            73.470887,
            19.985409
          ],
          [
            73.470951,
            19.985285
          ],
          [
            73.470962,
            19.985106
          ],
          [
            73.470983,
            19.984914
          ],
          [
            73.470972,
            19.984834
          ],
          [
            73.470897,
            19.984743
          ],
          [
            73.470811,
            19.984632
          ],
          [
            73.470618,
            19.984562
          ],
          [
            73.470221,
            19.984309
          ],
          [
            73.470136,
            19.984148
          ],
          [
            73.47005,
            19.983947
          ],
          [
            73.47005,
            19.983795
          ],
          [
            73.470254,
            19.98314
          ],
          [
            73.470318,
            19.982968
          ],
          [
            73.470472,
            19.982773
          ],
          [
            73.470833,
            19.982374
          ],
          [
            73.471159,
            19.982081
          ],
          [
            73.471383,
            19.981967
          ],
          [
            73.47152,
            19.98191
          ],
          [
            73.472159,
            19.981754
          ],
          [
            73.474878,
            19.981214
          ],
          [
            73.476981,
            19.980831
          ],
          [
            73.477324,
            19.98074
          ],
          [
            73.478105,
            19.980486
          ],
          [
            73.479463,
            19.979844
          ],
          [
            73.483239,
            19.978152
          ],
          [
            73.483953,
            19.977883
          ],
          [
            73.485544,
            19.977428
          ],
          [
            73.488377,
            19.97662
          ],
          [
            73.490138,
            19.976045
          ],
          [
            73.490546,
            19.975709
          ],
          [
            73.491936,
            19.974122
          ],
          [
            73.497279,
            19.969198
          ],
          [
            73.498694,
            19.967941
          ],
          [
            73.500686,
            19.967388
          ],
          [
            73.500971,
            19.967309
          ],
          [
            73.501844,
            19.967112
          ],
          [
            73.502626,
            19.96678
          ],
          [
            73.503065,
            19.966483
          ],
          [
            73.504636,
            19.965418
          ],
          [
            73.504996,
            19.965178
          ],
          [
            73.506668,
            19.964127
          ],
          [
            73.508644,
            19.962657
          ],
          [
            73.511064,
            19.960346
          ],
          [
            73.511778,
            19.95961
          ],
          [
            73.512062,
            19.959351
          ],
          [
            73.512328,
            19.959139
          ],
          [
            73.512601,
            19.958955
          ],
          [
            73.513143,
            19.958693
          ],
          [
            73.513999,
            19.958298
          ],
          [
            73.51399,
            19.958208
          ],
          [
            73.513965,
            19.958009
          ],
          [
            73.513922,
            19.957797
          ],
          [
            73.51391,
            19.957615
          ],
          [
            73.513987,
            19.957169
          ],
          [
            73.514113,
            19.956659
          ],
          [
            73.514295,
            19.95617
          ],
          [
            73.514347,
            19.95608
          ],
          [
            73.514399,
            19.956016
          ],
          [
            73.514621,
            19.955753
          ],
          [
            73.514726,
            19.955648
          ],
          [
            73.51488,
            19.955457
          ],
          [
            73.515077,
            19.955252
          ],
          [
            73.515142,
            19.955162
          ],
          [
            73.515432,
            19.954866
          ],
          [
            73.515595,
            19.954713
          ],
          [
            73.515697,
            19.954597
          ],
          [
            73.515817,
            19.954371
          ],
          [
            73.515891,
            19.954157
          ],
          [
            73.515903,
            19.95407
          ],
          [
            73.515894,
            19.953983
          ],
          [
            73.515814,
            19.953777
          ],
          [
            73.515746,
            19.953667
          ],
          [
            73.515653,
            19.953462
          ],
          [
            73.515567,
            19.953195
          ],
          [
            73.515527,
            19.952938
          ],
          [
            73.515493,
            19.952807
          ],
          [
            73.515475,
            19.952503
          ],
          [
            73.515481,
            19.952248
          ],
          [
            73.515506,
            19.952034
          ],
          [
            73.515502,
            19.951909
          ],
          [
            73.51549,
            19.951823
          ],
          [
            73.515447,
            19.951733
          ],
          [
            73.515425,
            19.951634
          ],
          [
            73.51533,
            19.951432
          ],
          [
            73.514991,
            19.95096
          ],
          [
            73.514886,
            19.950789
          ],
          [
            73.514803,
            19.95058
          ],
          [
            73.514791,
            19.950482
          ],
          [
            73.514815,
            19.950322
          ],
          [
            73.514233,
            19.949499
          ],
          [
            73.513581,
            19.948747
          ],
          [
            73.513391,
            19.948432
          ],
          [
            73.51272,
            19.946639
          ],
          [
            73.512584,
            19.945975
          ],
          [
            73.512471,
            19.945681
          ],
          [
            73.512258,
            19.945323
          ],
          [
            73.512132,
            19.944977
          ],
          [
            73.511942,
            19.944656
          ],
          [
            73.511874,
            19.944432
          ],
          [
            73.511823,
            19.943773
          ],
          [
            73.511745,
            19.943446
          ],
          [
            73.511661,
            19.943237
          ],
          [
            73.511507,
            19.943033
          ],
          [
            73.511007,
            19.942542
          ],
          [
            73.510506,
            19.941823
          ],
          [
            73.509726,
            19.940525
          ],
          [
            73.509619,
            19.940246
          ],
          [
            73.509284,
            19.939616
          ],
          [
            73.509122,
            19.939494
          ],
          [
            73.508558,
            19.938961
          ],
          [
            73.508471,
            19.93883
          ],
          [
            73.508287,
            19.938542
          ],
          [
            73.507893,
            19.938105
          ],
          [
            73.507555,
            19.937793
          ],
          [
            73.507274,
            19.937444
          ],
          [
            73.507067,
            19.937144
          ],
          [
            73.506832,
            19.936741
          ],
          [
            73.506719,
            19.936625
          ],
          [
            73.506477,
            19.936434
          ],
          [
            73.506358,
            19.936267
          ],
          [
            73.506216,
            19.935888
          ],
          [
            73.50608,
            19.935664
          ],
          [
            73.506012,
            19.935603
          ],
          [
            73.505919,
            19.935533
          ],
          [
            73.505758,
            19.935473
          ],
          [
            73.505658,
            19.935473
          ],
          [
            73.505554,
            19.935436
          ],
          [
            73.505487,
            19.935364
          ],
          [
            73.505448,
            19.935242
          ],
          [
            73.505403,
            19.935072
          ],
          [
            73.505309,
            19.93473
          ],
          [
            73.505203,
            19.934469
          ],
          [
            73.50507,
            19.934217
          ],
          [
            73.504909,
            19.933941
          ],
          [
            73.504819,
            19.933759
          ],
          [
            73.504816,
            19.933644
          ],
          [
            73.504838,
            19.933495
          ],
          [
            73.504835,
            19.933356
          ],
          [
            73.504796,
            19.933192
          ],
          [
            73.504609,
            19.932758
          ],
          [
            73.504499,
            19.93251
          ],
          [
            73.504345,
            19.931927
          ],
          [
            73.504296,
            19.931688
          ],
          [
            73.50427,
            19.931463
          ],
          [
            73.504161,
            19.931242
          ],
          [
            73.504115,
            19.931133
          ],
          [
            73.504125,
            19.93099
          ],
          [
            73.504174,
            19.930869
          ],
          [
            73.504261,
            19.930666
          ],
          [
            73.503576,
            19.930618
          ],
          [
            73.503221,
            19.931225
          ],
          [
            73.503221,
            19.931225
          ],
          [
            73.503009,
            19.931965
          ],
          [
            73.503016,
            19.932365
          ],
          [
            73.502581,
            19.933193
          ],
          [
            73.50252,
            19.933708
          ],
          [
            73.502495,
            19.934206
          ],
          [
            73.503108,
            19.93496
          ],
          [
            73.503756,
            19.935156
          ],
          [
            73.5042,
            19.935311
          ],
          [
            73.504744,
            19.935254
          ],
          [
            73.505448,
            19.935242
          ],
          [
            73.505487,
            19.935364
          ],
          [
            73.505554,
            19.935436
          ],
          [
            73.505658,
            19.935473
          ],
          [
            73.505758,
            19.935473
          ],
          [
            73.505919,
            19.935533
          ],
          [
            73.506012,
            19.935603
          ],
          [
            73.50608,
            19.935664
          ],
          [
            73.506216,
            19.935888
          ],
          [
            73.506358,
            19.936267
          ],
          [
            73.506477,
            19.936434
          ],
          [
            73.506719,
            19.936625
          ],
          [
            73.506832,
            19.936741
          ],
          [
            73.507067,
            19.937144
          ],
          [
            73.507274,
            19.937444
          ],
          [
            73.507555,
            19.937793
          ],
          [
            73.507893,
            19.938105
          ],
          [
            73.508287,
            19.938542
          ],
          [
            73.508471,
            19.93883
          ],
          [
            73.508558,
            19.938961
          ],
          [
            73.509122,
            19.939494
          ],
          [
            73.509284,
            19.939616
          ],
          [
            73.509619,
            19.940246
          ],
          [
            73.509726,
            19.940525
          ],
          [
            73.510506,
            19.941823
          ],
          [
            73.511007,
            19.942542
          ],
          [
            73.511507,
            19.943033
          ],
          [
            73.511661,
            19.943237
          ],
          [
            73.511745,
            19.943446
          ],
          [
            73.511823,
            19.943773
          ],
          [
            73.511874,
            19.944432
          ],
          [
            73.511942,
            19.944656
          ],
          [
            73.512132,
            19.944977
          ],
          [
            73.512258,
            19.945323
          ],
          [
            73.512471,
            19.945681
          ],
          [
            73.512584,
            19.945975
          ],
          [
            73.51272,
            19.946639
          ],
          [
            73.513391,
            19.948432
          ],
          [
            73.513581,
            19.948747
          ],
          [
            73.514233,
            19.949499
          ],
          [
            73.514815,
            19.950322
          ],
          [
            73.514868,
            19.95027
          ],
          [
            73.51496,
            19.950247
          ],
          [
            73.515185,
            19.950215
          ],
          [
            73.515284,
            19.950224
          ],
          [
            73.515385,
            19.95027
          ],
          [
            73.515607,
            19.950401
          ],
          [
            73.515709,
            19.950479
          ],
          [
            73.515952,
            19.950635
          ],
          [
            73.516014,
            19.950586
          ],
          [
            73.516054,
            19.950322
          ],
          [
            73.516116,
            19.950123
          ],
          [
            73.516236,
            19.949891
          ],
          [
            73.516334,
            19.949743
          ],
          [
            73.516371,
            19.94972
          ],
          [
            73.516408,
            19.94974
          ],
          [
            73.516433,
            19.949781
          ],
          [
            73.516442,
            19.949876
          ],
          [
            73.516445,
            19.950146
          ],
          [
            73.516476,
            19.950273
          ],
          [
            73.516525,
            19.950331
          ],
          [
            73.516575,
            19.950354
          ],
          [
            73.516627,
            19.950334
          ],
          [
            73.516682,
            19.950282
          ],
          [
            73.516806,
            19.950097
          ],
          [
            73.516901,
            19.950015
          ],
          [
            73.516951,
            19.949943
          ],
          [
            73.516987,
            19.949859
          ],
          [
            73.517003,
            19.94972
          ],
          [
            73.516969,
            19.94963
          ],
          [
            73.516947,
            19.94954
          ],
          [
            73.516966,
            19.949485
          ],
          [
            73.516997,
            19.949442
          ],
          [
            73.517061,
            19.949433
          ],
          [
            73.51708,
            19.949462
          ],
          [
            73.517339,
            19.949613
          ],
          [
            73.517391,
            19.949624
          ],
          [
            73.517453,
            19.949619
          ],
          [
            73.517505,
            19.949587
          ],
          [
            73.517521,
            19.949526
          ],
          [
            73.517514,
            19.94948
          ],
          [
            73.517477,
            19.949341
          ],
          [
            73.517422,
            19.94906
          ],
          [
            73.517345,
            19.94857
          ],
          [
            73.517293,
            19.948037
          ],
          [
            73.517296,
            19.94789
          ],
          [
            73.517274,
            19.947562
          ],
          [
            73.517256,
            19.947455
          ],
          [
            73.517252,
            19.947157
          ],
          [
            73.517256,
            19.946792
          ],
          [
            73.517289,
            19.946485
          ],
          [
            73.517419,
            19.945734
          ],
          [
            73.517465,
            19.945555
          ]
        ]
      }
    },
    {
      "type": "Feature",
      "properties": {
        "name": "Dharampur Peth",
        "type": "direction",
        "icon": "pin-red"
      },
      "geometry": {
        "type": "Point",
        "coordinates": [
          73.49,
          19.985
        ]
      }
    },
    {
      "type": "Feature",
      "properties": {
        "name": "Dhondegaon",
        "type": "direction",
        "icon": "pin-red"
      },
      "geometry": {
        "type": "Point",
        "coordinates": [
          73.55,
          20
        ]
      }
    },
    {
      "type": "Feature",
      "properties": {
        "name": "Nashik",
        "type": "direction",
        "icon": "pin-red"
      },
      "geometry": {
        "type": "Point",
        "coordinates": [
          73.78,
          19.99
        ]
      }
    },
    {
      "type": "Feature",
      "properties": {
        "name": "Pune/Chh. Sambhaji Nagar",
        "type": "direction",
        "icon": "pin-red"
      },
      "geometry": {
        "type": "Point",
        "coordinates": [
          73.68,
          19.86
        ]
      }
    },
    {
      "type": "Feature",
      "properties": {
        "name": "Mumbai",
        "type": "direction",
        "icon": "pin-red"
      },
      "geometry": {
        "type": "Point",
        "coordinates": [
          73.45,
          19.78
        ]
      }
    },
    {
      "type": "Feature",
      "properties": {
        "name": "Jawahar Mokhada",
        "type": "direction",
        "icon": "pin-red"
      },
      "geometry": {
        "type": "Point",
        "coordinates": [
          73.3,
          19.85
        ]
      }
    },
    {
      "type": "Feature",
      "properties": {
        "name": "Waghera",
        "type": "holding"
      },
      "geometry": {
        "type": "Point",
        "coordinates": [
          73.52,
          19.98
        ]
      }
    },
    {
      "type": "Feature",
      "properties": {
        "name": "Gorthan",
        "type": "holding"
      },
      "geometry": {
        "type": "Point",
        "coordinates": [
          73.5,
          19.965
        ]
      }
    },
    {
      "type": "Feature",
      "properties": {
        "name": "Nandgaon Koli",
        "type": "holding"
      },
      "geometry": {
        "type": "Point",
        "coordinates": [
          73.51,
          19.955
        ]
      }
    },
    {
      "type": "Feature",
      "properties": {
        "name": "Velunie",
        "type": "holding"
      },
      "geometry": {
        "type": "Point",
        "coordinates": [
          73.49,
          19.945
        ]
      }
    },
    {
      "type": "Feature",
      "properties": {
        "name": "Ambai",
        "type": "holding"
      },
      "geometry": {
        "type": "Point",
        "coordinates": [
          73.5,
          19.935
        ]
      }
    },
    {
      "type": "Feature",
      "properties": {
        "name": "Khadakwadi",
        "type": "holding"
      },
      "geometry": {
        "type": "Point",
        "coordinates": [
          73.5,
          19.85
        ]
      }
    },
    {
      "type": "Feature",
      "properties": {
        "name": "Gayatri",
        "type": "holding"
      },
      "geometry": {
        "type": "Point",
        "coordinates": [
          73.6,
          19.95
        ]
      }
    },
    {
      "type": "Feature",
      "properties": {
        "name": "Jategaon",
        "type": "holding"
      },
      "geometry": {
        "type": "Point",
        "coordinates": [
          73.6,
          19.905
        ]
      }
    },
    {
      "type": "Feature",
      "properties": {
        "name": "Jategaon T Junction",
        "type": "holding"
      },
      "geometry": {
        "type": "Point",
        "coordinates": [
          73.6,
          19.895
        ]
      }
    },
    {
      "type": "Feature",
      "properties": {
        "name": "Pimpalad",
        "type": "holding"
      },
      "geometry": {
        "type": "Point",
        "coordinates": [
          73.65,
          19.885
        ]
      }
    },
    {
      "type": "Feature",
      "properties": {
        "name": "Rohile",
        "type": "outer-parking"
      },
      "geometry": {
        "type": "Point",
        "coordinates": [
          73.555,
          19.98
        ]
      }
    },
    {
      "type": "Feature",
      "properties": {
        "name": "Sandip Foundation",
        "type": "outer-parking"
      },
      "geometry": {
        "type": "Point",
        "coordinates": [
          73.65,
          19.96
        ]
      }
    },
    {
      "type": "Feature",
      "properties": {
        "name": "Khambale",
        "type": "outer-parking"
      },
      "geometry": {
        "type": "Point",
        "coordinates": [
          73.58,
          19.92
        ]
      }
    },
    {
      "type": "Feature",
      "properties": {
        "name": "Samundi Shivar",
        "type": "outer-parking"
      },
      "geometry": {
        "type": "Point",
        "coordinates": [
          73.52,
          19.88
        ]
      }
    },
    {
      "type": "Feature",
      "properties": {
        "name": "Bhilmal & Pahine",
        "type": "outer-parking"
      },
      "geometry": {
        "type": "Point",
        "coordinates": [
          73.535,
          19.89
        ]
      }
    },
    {
      "type": "Feature",
      "properties": {
        "name": "Amboli",
        "type": "outer-parking"
      },
      "geometry": {
        "type": "Point",
        "coordinates": [
          73.51,
          19.93
        ]
      }
    },
    {
      "type": "Feature",
      "properties": {
        "name": "Talwade",
        "type": "inner-parking"
      },
      "geometry": {
        "type": "Point",
        "coordinates": [
          73.555,
          19.955
        ]
      }
    },
    {
      "type": "Feature",
      "properties": {
        "name": "Chinoy",
        "type": "inner-parking"
      },
      "geometry": {
        "type": "Point",
        "coordinates": [
          73.58,
          19.945
        ]
      }
    },
    {
      "type": "Feature",
      "properties": {
        "name": "Laddha",
        "type": "inner-parking"
      },
      "geometry": {
        "type": "Point",
        "coordinates": [
          73.545,
          19.935
        ]
      }
    },
    {
      "type": "Feature",
      "properties": {
        "name": "BG Farm",
        "type": "inner-parking"
      },
      "geometry": {
        "type": "Point",
        "coordinates": [
          73.535,
          19.92
        ]
      }
    },
    {
      "type": "Feature",
      "properties": {
        "name": "Sapgaon",
        "type": "inner-parking"
      },
      "geometry": {
        "type": "Point",
        "coordinates": [
          73.515,
          19.945
        ]
      }
    },
    {
      "type": "Feature",
      "properties": {
        "type": "info-block",
        "text": "Outer Parking for Dhule"
      },
      "geometry": {
        "type": "Point",
        "coordinates": [
          73.535,
          19.97
        ]
      }
    },
    {
      "type": "Feature",
      "properties": {
        "type": "info-block",
        "text": "Inner Parking for Dhule"
      },
      "geometry": {
        "type": "Point",
        "coordinates": [
          73.535,
          19.955
        ]
      }
    },
    {
      "type": "Feature",
      "properties": {
        "type": "info-block",
        "text": "Inner Parking for Nashik, Pune, Chh. Sambhaji Nagar"
      },
      "geometry": {
        "type": "Point",
        "coordinates": [
          73.6,
          19.97
        ]
      }
    },
    {
      "type": "Feature",
      "properties": {
        "type": "info-block",
        "text": "Outer Parking for Nashik, Pune, Chh. Sambhaji Nagar"
      },
      "geometry": {
        "type": "Point",
        "coordinates": [
          73.68,
          19.97
        ]
      }
    },
    {
      "type": "Feature",
      "properties": {
        "type": "info-block",
        "text": "Inner Parking for Jawahar, Dharampur & Peth"
      },
      "geometry": {
        "type": "Point",
        "coordinates": [
          73.49,
          19.94
        ]
      }
    },
    {
      "type": "Feature",
      "properties": {
        "type": "info-block",
        "text": "Inner Parking for Mumbai Side"
      },
      "geometry": {
        "type": "Point",
        "coordinates": [
          73.51,
          19.91
        ]
      }
    },
    {
      "type": "Feature",
      "properties": {
        "type": "info-block",
        "text": "Outer Parking for Mumbai Side"
      },
      "geometry": {
        "type": "Point",
        "coordinates": [
          73.535,
          19.87
        ]
      }
    }
  ]
}